country,pathogen,ISO_WEEK,mean_relative_activity,median_relative_activity,sd_relative_activity,number_of_years,number_of_observations
Brunei Darussalam,Influenza,1,0.00975106318617769,0.013986013986013986,0.008468929607589522,3,3
Brunei Darussalam,Influenza,2,0.0139101192598599,0.005565045641381519,0.020637392988663777,4,4
Brunei Darussalam,Influenza,3,0.02140825287924751,0.014626594779266535,0.024318212625377245,4,4
Brunei Darussalam,Influenza,4,0.01483679525222552,0.0,0.02967359050445104,4,4
Brunei Darussalam,Influenza,5,0.02159275250312014,0.017962953077456895,0.021678585435957957,4,4
Brunei Darussalam,Influenza,6,0.01936723321528631,0.017962953077456895,0.01784775165307192,4,4
Brunei Darussalam,Influenza,7,0.01785919926450427,0.014946885175892809,0.018469490009712444,4,4
Brunei Darussalam,Influenza,8,0.013565137831792418,0.010809800886136764,0.01394345700762764,4,4
Brunei Darussalam,Influenza,9,0.011579836341428295,0.011290236481076176,0.011598664455909959,4,4
Brunei Darussalam,Influenza,10,0.013961996166336213,0.015686230094910186,0.012125835724324628,4,4
Brunei Darussalam,Influenza,11,0.019314683097046564,0.022895100459827393,0.013849924539738644,4,4
Brunei Darussalam,Influenza,12,0.007020866079805533,0.005300473418352323,0.007649511045573722,4,4
Brunei Darussalam,Influenza,13,0.013007461087172054,0.006784152943574874,0.017282036015458236,4,4
Brunei Darussalam,Influenza,14,0.006359098916350825,0.0057251908396946565,0.0074154629369746995,4,4
Brunei Darussalam,Influenza,15,0.008055137152244544,0.008476686518229545,0.007701937391493981,4,4
Brunei Darussalam,Influenza,16,0.013303397058238837,0.009431221597393704,0.014853342326773896,4,4
Brunei Darussalam,Influenza,17,0.007922851040729945,0.00821211429520035,0.006512835653649019,4,4
Brunei Darussalam,Influenza,18,0.008427641061228848,0.0034965034965034965,0.012631039504406142,4,4
Brunei Darussalam,Influenza,19,0.0034965034965034965,0.0,0.006056121704786285,3,3
Brunei Darussalam,Influenza,20,0.012241266899001287,0.013993023308492083,0.009732586642169493,4,4
Brunei Darussalam,Influenza,21,0.01099780517124844,0.006728434769977797,0.013752269819358875,4,4
Brunei Darussalam,Influenza,22,0.010865519059733842,0.0064638625469486,0.013468872853608482,4,4
Brunei Darussalam,Influenza,23,0.009089408224683555,0.006728434769977797,0.010211278812483226,4,4
Brunei Darussalam,Influenza,24,0.02258047296215235,0.006993006993006993,0.03643836714001736,4,4
Brunei Darussalam,Influenza,25,0.012032076243687451,0.004980183021726049,0.01765800568076836,4,4
Brunei Darussalam,Influenza,26,0.012798270431858218,0.012237762237762238,0.014806487988638576,4,4
Brunei Darussalam,Influenza,27,0.017517049285912405,0.010224938266481295,0.022723213642626784,4,4
Brunei Darussalam,Influenza,28,0.01656285081262996,0.010224938266481295,0.02093570617194582,4,4
Brunei Darussalam,Influenza,29,0.02051193081727433,0.01048951048951049,0.0287897464225349,4,4
Brunei Darussalam,Influenza,30,0.008158508158508158,0.0,0.01413095064450133,3,3
Brunei Darussalam,Influenza,31,0.01632591327247816,0.006993006993006993,0.02249459495747109,3,3
Brunei Darussalam,Influenza,32,0.009381839534511289,0.0034965034965034965,0.014481863306074282,4,4
Brunei Darussalam,Influenza,33,0.008115847934391943,0.00600675760230259,0.006651562281768095,4,4
Brunei Darussalam,Influenza,34,0.009671102788981693,0.010600946836704647,0.008161393463649223,4,4
Brunei Darussalam,Influenza,35,0.00983124798729483,0.00821211429520035,0.009713940561732358,4,4
Brunei Darussalam,Influenza,36,0.023168297518809427,0.024008434313777825,0.010112176448401155,4,4
Brunei Darussalam,Influenza,37,0.019492287006983623,0.01467597684214895,0.01488458476819317,4,4
Brunei Darussalam,Influenza,38,0.02825450912110533,0.012558052634388512,0.03616852149800575,4,4
Brunei Darussalam,Influenza,39,0.036848425373006255,0.014411404619119753,0.05217785059097739,4,4
Brunei Darussalam,Influenza,40,0.0688555092651021,0.04154302670623145,0.06919739829127225,3,3
Brunei Darussalam,Influenza,41,0.0647161399288607,0.036726632146479476,0.0609235200901346,4,4
Brunei Darussalam,Influenza,42,0.04663232489032991,0.04217592496524247,0.04062925992844742,4,4
Brunei Darussalam,Influenza,43,0.04489143302805891,0.044982465605611005,0.030349205336805476,4,4
Brunei Darussalam,Influenza,44,0.046339092802575275,0.05388454275694632,0.030641066641273168,4,4
Brunei Darussalam,Influenza,45,0.054069853870408434,0.055944055944055944,0.012257088981497117,3,3
Brunei Darussalam,Influenza,46,0.025398809415193575,0.027910200904801282,0.019100031601583627,4,4
Brunei Darussalam,Influenza,47,0.02558284486702102,0.02303351656370093,0.020789843689158816,4,4
Brunei Darussalam,Influenza,48,0.027006614388023074,0.03271391740039889,0.012959010787303516,4,4
Brunei Darussalam,Influenza,49,0.024419792344306458,0.020434483549237648,0.012129865961124883,4,4
Brunei Darussalam,Influenza,50,0.01894534724341959,0.0226235189143201,0.013255802961774525,4,4
Brunei Darussalam,Influenza,51,0.02125943640019936,0.02210003736721294,0.01071182472663297,4,4
Brunei Darussalam,Influenza,52,0.012862485875244667,0.008549399231405361,0.014884670097520885,4,4
Brunei Darussalam,RSV,1,0.06704805491990846,0.03409610983981693,0.09031724791347152,4,4
Brunei Darussalam,RSV,2,0.029443173150266972,0.017391304347826087,0.033171220030209086,5,5
Brunei Darussalam,RSV,3,0.04548560001649246,0.010526315789473684,0.06978519719053558,5,5
Brunei Darussalam,RSV,4,0.05928299008390542,0.008695652173913044,0.11625142387063217,5,5
Brunei Darussalam,RSV,5,0.035386439070649596,0.006756756756756757,0.05683258728354135,5,5
Brunei Darussalam,RSV,6,0.018879955470344486,0.006756756756756757,0.03380714242729678,5,5
Brunei Darussalam,RSV,7,0.026217865462716722,0.02608695652173913,0.026129366030739558,5,5
Brunei Darussalam,RSV,8,0.026390624033644627,0.008695652173913044,0.037881966010419155,5,5
Brunei Darussalam,RSV,9,0.009317211948790895,0.0,0.012935923236858785,5,5
Brunei Darussalam,RSV,10,0.02018554023130682,0.013513513513513514,0.023050205234982798,5,5
Brunei Darussalam,RSV,11,0.025292225864308245,0.033783783783783786,0.025022445037331066,5,5
Brunei Darussalam,RSV,12,0.026806440307584473,0.02631578947368421,0.022904282864499918,5,5
Brunei Darussalam,RSV,13,0.017027645494464717,0.013513513513513514,0.018028325490395347,5,5
Brunei Darussalam,RSV,14,0.022155977487785267,0.02702702702702703,0.022334785743819828,5,5
Brunei Darussalam,RSV,15,0.01217638691322902,0.0,0.020524743416155223,5,5
Brunei Darussalam,RSV,16,0.012318634423897582,0.0,0.018220901139693466,5,5
Brunei Darussalam,RSV,17,0.011376708516296616,0.010526315789473684,0.011779951168964513,5,5
Brunei Darussalam,RSV,18,0.009338858309110026,0.013513513513513514,0.00863580657835209,5,5
Brunei Darussalam,RSV,19,0.012393314366998578,0.007894736842105263,0.01608596243081542,4,4
Brunei Darussalam,RSV,20,0.009338858309110026,0.013513513513513514,0.00863580657835209,5,5
Brunei Darussalam,RSV,21,0.03010658255509514,0.03333333333333333,0.023329307864117816,5,5
Brunei Darussalam,RSV,22,0.013094192590760095,0.017391304347826087,0.01243826309435599,5,5
Brunei Darussalam,RSV,23,0.013094192590760095,0.017391304347826087,0.01243826309435599,5,5
Brunei Darussalam,RSV,24,0.019318448883666274,0.0,0.030429292319510772,5,5
Brunei Darussalam,RSV,25,0.01591646566474942,0.010526315789473684,0.013796010252736355,5,5
Brunei Darussalam,RSV,26,0.011099635104211764,0.005263157894736842,0.018355545918765426,5,5
Brunei Darussalam,RSV,27,0.010690209660461377,0.015789473684210527,0.009889968276614761,5,5
Brunei Darussalam,RSV,28,0.008972725585997897,0.005263157894736842,0.011048712106664789,5,5
Brunei Darussalam,RSV,29,0.006956521739130435,0.0,0.015555255495650712,5,5
Brunei Darussalam,RSV,30,0.0030049786628733996,0.002631578947368421,0.003523019814383262,4,4
Brunei Darussalam,RSV,31,0.007837528604118993,0.002631578947368421,0.012416691898549373,4,4
Brunei Darussalam,RSV,32,0.011077988743892634,0.013513513513513514,0.011167392871909914,5,5
Brunei Darussalam,RSV,33,0.005195744944028697,0.006756756756756757,0.004926779502940559,5,5
Brunei Darussalam,RSV,34,0.013602572824540787,0.005263157894736842,0.022912911317631207,5,5
Brunei Darussalam,RSV,35,0.012152266683159132,0.006756756756756757,0.01808610189149786,5,5
Brunei Darussalam,RSV,36,0.00549446471643268,0.005263157894736842,0.005809142205048511,5,5
Brunei Darussalam,RSV,37,0.012476446698414662,0.006756756756756757,0.01663408743847846,5,5
Brunei Darussalam,RSV,38,0.012088667614983404,0.005263157894736842,0.017433785920506564,5,5
Brunei Darussalam,RSV,39,0.020695260477869175,0.02702702702702703,0.01958910499149559,5,5
Brunei Darussalam,RSV,40,0.006009957325746799,0.005263157894736842,0.007046039628766524,4,4
Brunei Darussalam,RSV,41,0.01730605891933123,0.013513513513513514,0.016803704305794018,5,5
Brunei Darussalam,RSV,42,0.016231780980064732,0.010526315789473684,0.01593784089710993,5,5
Brunei Darussalam,RSV,43,0.02058455480652277,0.008695652173913044,0.022123749442516227,5,5
Brunei Darussalam,RSV,44,0.0075106685633001425,0.0,0.011823840352024457,5,5
Brunei Darussalam,RSV,45,0.016800023707918443,0.012766714082503556,0.018670231319932427,4,4
Brunei Darussalam,RSV,46,0.016530500752468716,0.008695652173913044,0.017346463783351678,5,5
Brunei Darussalam,RSV,47,0.03674284123940875,0.02027027027027027,0.050078370351942944,5,5
Brunei Darussalam,RSV,48,0.021108499804151977,0.008695652173913044,0.03526623753232195,5,5
Brunei Darussalam,RSV,49,0.036952501700785456,0.010526315789473684,0.051544922660762264,5,5
Brunei Darussalam,RSV,50,0.024565114313398063,0.010526315789473684,0.0336322828022128,5,5
Brunei Darussalam,RSV,51,0.016530500752468716,0.008695652173913044,0.017346463783351678,5,5
Brunei Darussalam,RSV,52,0.057008369925990066,0.017391304347826087,0.08718515588577476,5,5
Brunei Darussalam,SARS-CoV-2,1,0.043645867474772226,0.0005300353356890459,0.07668270961409077,5,5
Brunei Darussalam,SARS-CoV-2,2,0.044621841645370426,6.524434005350036e-05,0.09919973446220931,5,5
Brunei Darussalam,SARS-CoV-2,3,0.02971543844449223,0.0009854731056144483,0.05254344311300268,5,5
Brunei Darussalam,SARS-CoV-2,4,0.017104250106733714,0.0011032587357675697,0.02904126966545171,5,5
Brunei Darussalam,SARS-CoV-2,5,0.00944046730972532,0.005382803297997644,0.011727717479712378,5,5
Brunei Darussalam,SARS-CoV-2,6,0.009054409823392676,0.012512999983492085,0.008476489775610373,5,5
Brunei Darussalam,SARS-CoV-2,7,0.013104776894727183,0.006353761016601763,0.02049290786225867,5,5
Brunei Darussalam,SARS-CoV-2,8,0.022767077427168683,0.00860832137733142,0.041212291062121875,5,5
Brunei Darussalam,SARS-CoV-2,9,0.026515963299395852,0.005226480836236934,0.04993398346362756,5,5
Brunei Darussalam,SARS-CoV-2,10,0.022655709771773534,0.005533920885427342,0.038877130685931495,5,5
Brunei Darussalam,SARS-CoV-2,11,0.061021358833994496,0.018637436650874094,0.09783174957128253,5,5
Brunei Darussalam,SARS-CoV-2,12,0.059789946273667294,0.019248229526057745,0.10688433172720628,5,5
Brunei Darussalam,SARS-CoV-2,13,0.05181246568172589,0.017946603847663917,0.0917976517225579,5,5
Brunei Darussalam,SARS-CoV-2,14,0.023968269437185323,0.010035335689045936,0.03635352988556359,5,5
Brunei Darussalam,SARS-CoV-2,15,0.0063883302163987455,0.005813953488372093,0.0071077585478072575,5,5
Brunei Darussalam,SARS-CoV-2,16,0.005838402739077836,0.004303101688260699,0.00699178365846509,5,5
Brunei Darussalam,SARS-CoV-2,17,0.006805239074692632,0.004355400696864111,0.007915838018684361,5,5
Brunei Darussalam,SARS-CoV-2,18,0.01680776990689865,0.003718099725166863,0.03304801412268156,5,5
Brunei Darussalam,SARS-CoV-2,19,0.028861844544917182,0.00707106399685905,0.04758739305326965,5,5
Brunei Darussalam,SARS-CoV-2,20,0.017193095956002696,0.007173144876325088,0.02955129493522047,5,5
Brunei Darussalam,SARS-CoV-2,21,0.01166853549501034,0.006293678837848449,0.01798198980760382,5,5
Brunei Darussalam,SARS-CoV-2,22,0.007918330357025733,0.008044681287149006,0.009118185710310284,5,5
Brunei Darussalam,SARS-CoV-2,23,0.007371586837550945,0.007890961262553802,0.007528464507807448,5,5
Brunei Darussalam,SARS-CoV-2,24,0.007331315431205752,0.005579675454380375,0.007669849847067013,5,5
Brunei Darussalam,SARS-CoV-2,25,0.004116515332067044,0.00026097736021400144,0.006801054340999743,5,5
Brunei Darussalam,SARS-CoV-2,26,0.01000481492615371,0.0028228535582811957,0.012455428588009042,5,5
Brunei Darussalam,SARS-CoV-2,27,0.012882671626360564,0.004159994717467025,0.016443819171494296,5,5
Brunei Darussalam,SARS-CoV-2,28,0.014251566489531844,0.001931426118823976,0.02017933746031186,5,5
Brunei Darussalam,SARS-CoV-2,29,0.014526909767941845,0.0019573302016050106,0.020896633390533808,5,5
Brunei Darussalam,SARS-CoV-2,30,0.01112673932472362,0.001436188652458854,0.015123132164636692,5,5
Brunei Darussalam,SARS-CoV-2,31,0.010847305456401954,0.0019644419499149843,0.015158841964427952,5,5
Brunei Darussalam,SARS-CoV-2,32,0.011100925399880059,0.011684334511189635,0.007972687195290836,5,5
Brunei Darussalam,SARS-CoV-2,33,0.01680728593820972,0.007797408716136631,0.02902468574834454,5,5
Brunei Darussalam,SARS-CoV-2,34,0.014277151049345385,0.0057086768747546136,0.021084867005467786,5,5
Brunei Darussalam,SARS-CoV-2,35,0.013810308603518565,0.005813953488372093,0.020253313655831523,5,5
Brunei Darussalam,SARS-CoV-2,36,0.01520069740114487,0.006089517078916373,0.021995385222434372,5,5
Brunei Darussalam,SARS-CoV-2,37,0.014848127265235284,0.006148800983808158,0.024078120323631682,5,5
Brunei Darussalam,SARS-CoV-2,38,0.02272011791938336,0.00596387907341971,0.04183390976688321,5,5
Brunei Darussalam,SARS-CoV-2,39,0.019827547312303382,0.005813953488372093,0.03183929643456816,5,5
Brunei Darussalam,SARS-CoV-2,40,0.019878453535010814,0.005687640910022546,0.03513391542460099,5,5
Brunei Darussalam,SARS-CoV-2,41,0.0288502667186466,0.005995080959212954,0.05258121643748839,5,5
Brunei Darussalam,SARS-CoV-2,42,0.021864808171625682,0.005813953488372093,0.03361296362622881,5,5
Brunei Darussalam,SARS-CoV-2,43,0.01930042883567664,0.005813953488372093,0.026513520658104615,5,5
Brunei Darussalam,SARS-CoV-2,44,0.01322147607489246,0.006074912920745497,0.017173926439373058,5,5
Brunei Darussalam,SARS-CoV-2,45,0.011581574933061308,0.008055862786205986,0.011136008601140536,5,5
Brunei Darussalam,SARS-CoV-2,46,0.011013184382804481,0.008897766479026693,0.01009128686651424,5,5
Brunei Darussalam,SARS-CoV-2,47,0.01258655181324941,0.011406969641943312,0.011378879304200899,5,5
Brunei Darussalam,SARS-CoV-2,48,0.011737648469275592,0.011627906976744186,0.005022014576062621,5,5
Brunei Darussalam,SARS-CoV-2,49,0.013063569082781227,0.010569583088667059,0.010157622408247934,5,5
Brunei Darussalam,SARS-CoV-2,50,0.01719563920259739,0.007276081164172986,0.024139565913903274,5,5
Brunei Darussalam,SARS-CoV-2,51,0.020205408792920727,0.007051433058500196,0.03535793299684136,5,5
Brunei Darussalam,SARS-CoV-2,52,0.01849419923886273,0.006219081272084806,0.03136096396756424,5,5
Brunei Darussalam,SARS-CoV-2,53,0.11627906976744186,0.11627906976744186,,1,1
Cambodia,Influenza,1,0.00847765171416393,0.007538657764620666,0.008651121468222176,18,18
Cambodia,Influenza,2,0.006707562409017055,0.006825037707390649,0.006385135372047204,18,18
Cambodia,Influenza,3,0.0073859370963825595,0.003585855128029577,0.008294679915986102,18,18
Cambodia,Influenza,4,0.006864173759478743,0.0034470802319313014,0.009175090612282633,18,18
Cambodia,Influenza,5,0.006489420093685236,0.0031936539991432593,0.01060524285097032,18,18
Cambodia,Influenza,6,0.005078339095958523,0.003049513440674981,0.008271867118654994,18,18
Cambodia,Influenza,7,0.005230021442090466,0.003349351167013597,0.0061895010784194055,18,18
Cambodia,Influenza,8,0.005919008299889513,0.003585855128029577,0.00762793662116393,18,18
Cambodia,Influenza,9,0.0054027383271507586,0.002496067272144768,0.00949027945202741,18,18
Cambodia,Influenza,10,0.012494503829622673,0.003503641580225116,0.026740936595073362,18,18
Cambodia,Influenza,11,0.005278777162699357,0.004109753144849079,0.0064037182001472955,18,18
Cambodia,Influenza,12,0.006009467734484673,0.001641568636952861,0.009895941946314617,18,18
Cambodia,Influenza,13,0.004173121283240767,0.0033374357862905827,0.00471760351592297,18,18
Cambodia,Influenza,14,0.005029347099611694,0.0034466584159459942,0.006045700336473149,18,18
Cambodia,Influenza,15,0.002441437613784008,0.0003977724741447892,0.004008461645019537,18,18
Cambodia,Influenza,16,0.003972329675579979,0.0013689394437024225,0.005412933514605664,18,18
Cambodia,Influenza,17,0.006789019932454488,0.0009711669695576333,0.009623013196671987,18,18
Cambodia,Influenza,18,0.00932420600634372,0.003082216653956495,0.013143490041309089,18,18
Cambodia,Influenza,19,0.00996889090880803,0.003058989064225412,0.013484671655982827,18,18
Cambodia,Influenza,20,0.012842778573853528,0.0034567615383702018,0.021494335465315588,18,18
Cambodia,Influenza,21,0.011017864805239388,0.003370449327184139,0.01649831756255824,18,18
Cambodia,Influenza,22,0.013670652594397302,0.006343126180223488,0.018155653933167402,18,18
Cambodia,Influenza,23,0.018457528218551573,0.011095268559605805,0.022737117182894423,18,18
Cambodia,Influenza,24,0.018865497255280597,0.010204258340476748,0.0203171125469632,18,18
Cambodia,Influenza,25,0.021203722409754436,0.014545646884586903,0.020817300006613068,18,18
Cambodia,Influenza,26,0.022255663179074733,0.02201085201214392,0.015575183755227314,18,18
Cambodia,Influenza,27,0.020853585836514487,0.02175838257860198,0.015281982333013564,18,18
Cambodia,Influenza,28,0.024808598575247816,0.02814533835176037,0.017155404793623555,18,18
Cambodia,Influenza,29,0.023510808265079775,0.019570135746606335,0.01745422130436272,18,18
Cambodia,Influenza,30,0.02519339206450486,0.02030456852791878,0.018340161286259312,17,17
Cambodia,Influenza,31,0.030434720878436405,0.027202915527788623,0.016082775069790427,18,18
Cambodia,Influenza,32,0.026747291864375192,0.022466197860879555,0.017950568162398473,18,18
Cambodia,Influenza,33,0.02811703419603257,0.024430874431456556,0.01861593752274439,18,18
Cambodia,Influenza,34,0.0297674753688243,0.02564102564102564,0.01963594341535221,17,17
Cambodia,Influenza,35,0.03134079638033367,0.028915830546265328,0.02205182761007529,18,18
Cambodia,Influenza,36,0.027020822760866106,0.02427765021048603,0.016845202489583194,18,18
Cambodia,Influenza,37,0.03226334140277072,0.03182708651436144,0.018110978683833465,18,18
Cambodia,Influenza,38,0.03666266455898052,0.030772350115415813,0.026678377407699346,18,18
Cambodia,Influenza,39,0.03177185901767451,0.02296813587871982,0.023133721087122902,18,18
Cambodia,Influenza,40,0.04000980656245015,0.030626268936436045,0.03299861553346886,18,18
Cambodia,Influenza,41,0.043847506601375805,0.03327147401908802,0.03515527517815932,18,18
Cambodia,Influenza,42,0.04576441288472541,0.034077084715770846,0.03323158409723026,18,18
Cambodia,Influenza,43,0.04466029540155563,0.03434726795780543,0.035020034440066176,18,18
Cambodia,Influenza,44,0.041809163140998674,0.025398575305291722,0.03160490763777156,18,18
Cambodia,Influenza,45,0.030136452652011925,0.022849210805415188,0.025312647765357424,18,18
Cambodia,Influenza,46,0.02614505466957255,0.024340120663650076,0.015191379136702073,18,18
Cambodia,Influenza,47,0.027648652891126377,0.02581684697672728,0.01854793089910379,18,18
Cambodia,Influenza,48,0.021906112913094467,0.015968269995716294,0.014977972866292747,18,18
Cambodia,Influenza,49,0.02271463326529454,0.023374116013709922,0.012389767244932544,18,18
Cambodia,Influenza,50,0.02025098770369666,0.017596782302664656,0.012494550552046345,18,18
Cambodia,Influenza,51,0.014918015728000202,0.014014566320900463,0.011784827153396737,18,18
Cambodia,Influenza,52,0.013310521436733062,0.014492753623188406,0.011045600504791659,17,17
Cambodia,Influenza,53,0.007462686567164179,0.007462686567164179,0.010553832555023098,2,2
Indonesia,Influenza,1,0.023983069782237614,0.025138734348646434,0.014842262669465945,16,16
Indonesia,Influenza,2,0.032905802571404054,0.03250988693560784,0.02535307472667672,16,16
Indonesia,Influenza,3,0.040495131780794655,0.03835474368262912,0.03576418669541036,16,16
Indonesia,Influenza,4,0.036860938089708764,0.027924168744431606,0.027052214241095992,16,16
Indonesia,Influenza,5,0.036273897293825616,0.02225912447443734,0.039746499920800156,16,16
Indonesia,Influenza,6,0.031883067019149745,0.028738223590894618,0.026639008409405914,16,16
Indonesia,Influenza,7,0.02926737152590414,0.030940163837934784,0.01676164360040514,16,16
Indonesia,Influenza,8,0.029929976525519618,0.028693239997765903,0.01935842902783258,16,16
Indonesia,Influenza,9,0.02716212326405012,0.027315547446614415,0.021382843409116798,16,16
Indonesia,Influenza,10,0.0320957922749213,0.028197410268059973,0.021095469476825286,16,16
Indonesia,Influenza,11,0.025470861959031012,0.02182844322922144,0.017083293747629073,16,16
Indonesia,Influenza,12,0.023188735711225945,0.02068614476229258,0.011750936785843186,16,16
Indonesia,Influenza,13,0.020433171410066543,0.019961876522291644,0.012950604602117239,16,16
Indonesia,Influenza,14,0.026434744014787476,0.02166396598169039,0.018767566242278173,16,16
Indonesia,Influenza,15,0.021989027835033054,0.02073632026134426,0.019438648421652042,16,16
Indonesia,Influenza,16,0.01863477274826358,0.016750792175110857,0.011342633447491297,16,16
Indonesia,Influenza,17,0.01648202049441826,0.015225771976029619,0.01154913584615377,16,16
Indonesia,Influenza,18,0.01820285188146083,0.017758616294778894,0.010704862703600732,16,16
Indonesia,Influenza,19,0.014953705895430084,0.015533270366872236,0.010089997313575648,16,16
Indonesia,Influenza,20,0.015241902936586393,0.016171846214808928,0.009645318719275998,16,16
Indonesia,Influenza,21,0.013471599025087749,0.013560093868623814,0.006929404852994349,16,16
Indonesia,Influenza,22,0.010107139514110563,0.010707292148366361,0.0064234827375801076,16,16
Indonesia,Influenza,23,0.009516061834903784,0.007176254988267936,0.00930662161019469,16,16
Indonesia,Influenza,24,0.012769115813565697,0.013387478737452685,0.005328447498576503,16,16
Indonesia,Influenza,25,0.00901550658998865,0.00857187291306456,0.005205967279991354,16,16
Indonesia,Influenza,26,0.006900749709220787,0.006131336973193778,0.00557388297949651,16,16
Indonesia,Influenza,27,0.008968169153079108,0.008134216642268152,0.0067381120496232535,16,16
Indonesia,Influenza,28,0.006764531771223252,0.006076075542283333,0.004928428698399562,16,16
Indonesia,Influenza,29,0.006390602803077427,0.006373475845037814,0.00436025164899116,16,16
Indonesia,Influenza,30,0.010554220414946943,0.009571487279112341,0.008385890647364726,16,16
Indonesia,Influenza,31,0.00870948786166228,0.0070466348484937,0.005919088712732697,16,16
Indonesia,Influenza,32,0.009968184235185728,0.007896401000229349,0.010486955897245492,16,16
Indonesia,Influenza,33,0.009164057229279024,0.008197270679351366,0.005887682887827865,16,16
Indonesia,Influenza,34,0.011147338322300632,0.010460376781187167,0.008897430744044083,16,16
Indonesia,Influenza,35,0.00984306924313985,0.009797220323536113,0.008334142083343096,16,16
Indonesia,Influenza,36,0.01407912569376824,0.008312413706539476,0.016349118164875432,16,16
Indonesia,Influenza,37,0.01651202677326032,0.011859353890859878,0.01680363677132983,16,16
Indonesia,Influenza,38,0.018159712685110904,0.014101753659360661,0.014718218732781715,16,16
Indonesia,Influenza,39,0.019257872968687396,0.013246091769011974,0.01848471001663924,16,16
Indonesia,Influenza,40,0.022081482920481378,0.016090996572984774,0.02382477817412853,16,16
Indonesia,Influenza,41,0.020108539035686407,0.014357282502443792,0.018265561388417582,16,16
Indonesia,Influenza,42,0.024387336280660657,0.018315085605114263,0.023680203351556656,16,16
Indonesia,Influenza,43,0.02045152523130751,0.016741322296813483,0.01581293897725923,16,16
Indonesia,Influenza,44,0.023870301746181977,0.023447050414498426,0.014954300286875001,16,16
Indonesia,Influenza,45,0.018248729751290573,0.01433843482036253,0.016584686021781883,16,16
Indonesia,Influenza,46,0.018602563649333197,0.014608698380820887,0.01502208611872574,16,16
Indonesia,Influenza,47,0.020699743892229946,0.01585226536645114,0.020558471553979243,16,16
Indonesia,Influenza,48,0.02091640410368803,0.015784076759686516,0.024758237670881967,16,16
Indonesia,Influenza,49,0.020228541581092774,0.01553604988301227,0.023408800447089945,16,16
Indonesia,Influenza,50,0.01646603448176833,0.010493908340161793,0.015943001567576297,16,16
Indonesia,Influenza,51,0.021543268755883957,0.014379456990320307,0.021672303559223,16,16
Indonesia,Influenza,52,0.01798609553179142,0.010861259441755835,0.020621202357683322,16,16
Indonesia,Influenza,53,0.009775171065493646,0.009775171065493646,0.013824179495338172,2,2
Indonesia,SARS-CoV-2,1,0.058326297058882294,0.01791859953834076,0.10210518286661623,5,5
Indonesia,SARS-CoV-2,2,0.05251232969736991,0.022843669967962884,0.09016444830825432,5,5
Indonesia,SARS-CoV-2,3,0.03881375942285231,0.019480455561133588,0.060306754186276686,5,5
Indonesia,SARS-CoV-2,4,0.03472576756020033,0.02312034979057905,0.04335560913418304,5,5
Indonesia,SARS-CoV-2,5,0.036094525683140845,0.022735030810636804,0.0330663064669857,5,5
Indonesia,SARS-CoV-2,6,0.031788166130656784,0.016379726151453406,0.04901738588937787,5,5
Indonesia,SARS-CoV-2,7,0.04751226478169572,0.015715425378757506,0.0744543233672431,4,4
Indonesia,SARS-CoV-2,8,0.034795683583865644,0.013908986209136815,0.05869904129911468,5,5
Indonesia,SARS-CoV-2,9,0.03320501758388703,0.01507052928958844,0.03512578684901725,5,5
Indonesia,SARS-CoV-2,10,0.018723384693853328,0.011376521019675696,0.022868021106105235,5,5
Indonesia,SARS-CoV-2,11,0.013392672274610901,0.011644116417720991,0.012402595590552323,5,5
Indonesia,SARS-CoV-2,12,0.011238776374087291,0.010263827334641196,0.01009244720301519,5,5
Indonesia,SARS-CoV-2,13,0.011203104585900537,0.008558359276080346,0.012726692846785933,5,5
Indonesia,SARS-CoV-2,14,0.011016822578816903,0.005179459774938106,0.015127409359378277,5,5
Indonesia,SARS-CoV-2,15,0.015734912358766274,0.0029165494850861597,0.02602651678526086,5,5
Indonesia,SARS-CoV-2,16,0.015995582107535506,0.003049585157117659,0.02707437519642256,5,5
Indonesia,SARS-CoV-2,17,0.030157307180653813,0.0066646546376569315,0.050797817042173704,4,4
Indonesia,SARS-CoV-2,18,0.028245153157956487,0.003018226954987914,0.05385407463602997,5,5
Indonesia,SARS-CoV-2,19,0.022482897875605375,0.0037107205853531065,0.04243151069852135,5,5
Indonesia,SARS-CoV-2,20,0.012900662151857995,0.004549552492323773,0.01928104562016251,5,5
Indonesia,SARS-CoV-2,21,0.01498800473690198,0.008942937754980564,0.018114839060558864,4,4
Indonesia,SARS-CoV-2,22,0.008678354572754472,0.00549029855621611,0.0084653303566256,5,5
Indonesia,SARS-CoV-2,23,0.009320393101736425,0.007554862693368509,0.006235737037446595,5,5
Indonesia,SARS-CoV-2,24,0.01118556471643126,0.009598609916994124,0.008121578501084154,4,4
Indonesia,SARS-CoV-2,25,0.014313227541406754,0.00818320366221403,0.014505689224458763,4,4
Indonesia,SARS-CoV-2,26,0.015847140832899516,0.010608218462141505,0.01847520984778444,5,5
Indonesia,SARS-CoV-2,27,0.019439421121239524,0.007076885633083748,0.028225127489451964,5,5
Indonesia,SARS-CoV-2,28,0.02670825491668269,0.009624694700435041,0.04133596317902488,5,5
Indonesia,SARS-CoV-2,29,0.023514673225019708,0.013589264688465223,0.0334779089722719,5,5
Indonesia,SARS-CoV-2,30,0.02788718952563924,0.015894259730694846,0.03429307859111662,4,4
Indonesia,SARS-CoV-2,31,0.02065483751739089,0.01541709384525031,0.025358287287192846,5,5
Indonesia,SARS-CoV-2,32,0.019835894922897293,0.015382905991950389,0.02013760272978975,5,5
Indonesia,SARS-CoV-2,33,0.014225652475390088,0.013342623746801502,0.014107030483262797,5,5
Indonesia,SARS-CoV-2,34,0.011999475566107835,0.012513975302531977,0.011196648524737455,5,5
Indonesia,SARS-CoV-2,35,0.010764074550592782,0.01067882017718262,0.009693351721977337,5,5
Indonesia,SARS-CoV-2,36,0.012012592828810988,0.00956195205915279,0.01211490335629122,4,4
Indonesia,SARS-CoV-2,37,0.009748413039992363,0.006639769508749038,0.012546805702175454,5,5
Indonesia,SARS-CoV-2,38,0.011218101651989852,0.005258441495656716,0.01562513774712969,4,4
Indonesia,SARS-CoV-2,39,0.010421137089997007,0.004077227485309989,0.016583458572412047,5,5
Indonesia,SARS-CoV-2,40,0.009065185517288143,0.0024723985067261933,0.015665635598340926,5,5
Indonesia,SARS-CoV-2,41,0.011484162796331413,0.0034014607595799235,0.0185404912422212,4,4
Indonesia,SARS-CoV-2,42,0.009929408695287589,0.0052764120398129275,0.015400709429522345,5,5
Indonesia,SARS-CoV-2,43,0.009988318426018614,0.004317064396210577,0.01507505050923128,5,5
Indonesia,SARS-CoV-2,44,0.010062445857679351,0.006595515049766159,0.01227802783314975,5,5
Indonesia,SARS-CoV-2,45,0.010661752791745888,0.003597553663508814,0.013912352035315653,5,5
Indonesia,SARS-CoV-2,46,0.012770046313741113,0.005636167406163808,0.016248342107037742,5,5
Indonesia,SARS-CoV-2,47,0.012712874797385523,0.005876004317064396,0.016668041186258118,5,5
Indonesia,SARS-CoV-2,48,0.012941815540009522,0.004197145940760283,0.020097957200149775,5,5
Indonesia,SARS-CoV-2,49,0.01709601903020813,0.007564876539114771,0.021612257896141924,5,5
Indonesia,SARS-CoV-2,50,0.017505823225981258,0.008154454970619979,0.022110258759795505,5,5
Indonesia,SARS-CoV-2,51,0.01923504425062194,0.0052764120398129275,0.02582533923752792,5,5
Indonesia,SARS-CoV-2,52,0.017486660652641362,0.002997961386257345,0.026704871913977288,5,5
Indonesia,SARS-CoV-2,53,0.06792317240478213,0.06792317240478213,,1,1
Lao People's Democratic Republic,Influenza,1,0.01757735036284054,0.014526013487525321,0.015581863354754807,14,14
Lao People's Democratic Republic,Influenza,2,0.015580281922213,0.01,0.015995137293143814,15,15
Lao People's Democratic Republic,Influenza,3,0.017079079221357575,0.01,0.015113008822285817,15,15
Lao People's Democratic Republic,Influenza,4,0.021319871741008835,0.01762068965517241,0.01796435103719466,14,14
Lao People's Democratic Republic,Influenza,5,0.01574877347559209,0.01276595744680851,0.011748379062919851,15,15
Lao People's Democratic Republic,Influenza,6,0.02189542031432485,0.012102874432677761,0.03185004892117958,15,15
Lao People's Democratic Republic,Influenza,7,0.016973500531641317,0.013959390862944163,0.0158171939053632,15,15
Lao People's Democratic Republic,Influenza,8,0.018822993464334126,0.012461059190031152,0.02525329828216565,15,15
Lao People's Democratic Republic,Influenza,9,0.030406263150498256,0.010903426791277258,0.06278362125101201,15,15
Lao People's Democratic Republic,Influenza,10,0.01454576735965785,0.006779661016949152,0.018041411273923866,15,15
Lao People's Democratic Republic,Influenza,11,0.010501731723833454,0.004310344827586207,0.012804534200680145,15,15
Lao People's Democratic Republic,Influenza,12,0.013677505246739486,0.009345794392523364,0.013051053789790637,15,15
Lao People's Democratic Republic,Influenza,13,0.01664698686121444,0.014336917562724014,0.016600464102356292,15,15
Lao People's Democratic Republic,Influenza,14,0.01359325017272162,0.011037527593818985,0.013012188395763504,15,15
Lao People's Democratic Republic,Influenza,15,0.009560743774982793,0.00425531914893617,0.01212273490966163,15,15
Lao People's Democratic Republic,Influenza,16,0.0038176906975690623,0.0,0.0064346004805433486,15,15
Lao People's Democratic Republic,Influenza,17,0.008017735840194757,0.007564296520423601,0.007439120943699913,15,15
Lao People's Democratic Republic,Influenza,18,0.00829267570536935,0.004310344827586207,0.008086199432547484,15,15
Lao People's Democratic Republic,Influenza,19,0.014939354899840763,0.012254901960784314,0.014784848383595315,15,15
Lao People's Democratic Republic,Influenza,20,0.009555077834811574,0.00851063829787234,0.008439510666407126,15,15
Lao People's Democratic Republic,Influenza,21,0.008836646423959834,0.007352941176470588,0.009782682585468605,15,15
Lao People's Democratic Republic,Influenza,22,0.0072037026536975095,0.007564296520423601,0.006428552187012617,15,15
Lao People's Democratic Republic,Influenza,23,0.007823860499037268,0.004310344827586207,0.00855210958668253,15,15
Lao People's Democratic Republic,Influenza,24,0.007958462490795837,0.007168458781362007,0.007224914951339698,15,15
Lao People's Democratic Republic,Influenza,25,0.00927589801472532,0.00425531914893617,0.01209324471728643,15,15
Lao People's Democratic Republic,Influenza,26,0.007359950162782011,0.0045385779122541605,0.007559294093756874,15,15
Lao People's Democratic Republic,Influenza,27,0.00840528111871572,0.004,0.011448430728778991,15,15
Lao People's Democratic Republic,Influenza,28,0.009055143801212447,0.006230529595015576,0.009861482126537048,15,15
Lao People's Democratic Republic,Influenza,29,0.008160579013007773,0.006779661016949152,0.0075628177360065165,15,15
Lao People's Democratic Republic,Influenza,30,0.00872379604798307,0.005242463958060288,0.00883915716355156,15,15
Lao People's Democratic Republic,Influenza,31,0.00808516360583614,0.006779661016949152,0.007540935354433957,15,15
Lao People's Democratic Republic,Influenza,32,0.013705101348265037,0.012102874432677761,0.011637181723617988,15,15
Lao People's Democratic Republic,Influenza,33,0.01532034014976921,0.014240506329113924,0.011705490457171064,15,15
Lao People's Democratic Republic,Influenza,34,0.01739335144484298,0.014,0.01603717104127534,15,15
Lao People's Democratic Republic,Influenza,35,0.01619343396777375,0.009174311926605505,0.019730272756381798,15,15
Lao People's Democratic Republic,Influenza,36,0.023785941776899786,0.017660044150110375,0.022013663708717882,15,15
Lao People's Democratic Republic,Influenza,37,0.030218861072901324,0.020969855832241154,0.028990923252198694,15,15
Lao People's Democratic Republic,Influenza,38,0.04364799986126973,0.03898305084745763,0.028221531215545218,15,15
Lao People's Democratic Republic,Influenza,39,0.04469937216944893,0.04430379746835443,0.025947239931643197,15,15
Lao People's Democratic Republic,Influenza,40,0.04349053179920144,0.04067796610169491,0.029765776287372054,15,15
Lao People's Democratic Republic,Influenza,41,0.040578840034260245,0.043010752688172046,0.021074163253154584,15,15
Lao People's Democratic Republic,Influenza,42,0.03332092375002605,0.029411764705882353,0.024859196826545516,15,15
Lao People's Democratic Republic,Influenza,43,0.031882883452346675,0.02918781725888325,0.020117401218007622,15,15
Lao People's Democratic Republic,Influenza,44,0.03518708058201299,0.032,0.021642191789004134,15,15
Lao People's Democratic Republic,Influenza,45,0.02719651126143565,0.026771653543307086,0.01924643814897733,15,15
Lao People's Democratic Republic,Influenza,46,0.030270987915453167,0.02723146747352496,0.020511273772973244,15,15
Lao People's Democratic Republic,Influenza,47,0.03935454577340501,0.03779527559055118,0.0277313286102373,15,15
Lao People's Democratic Republic,Influenza,48,0.030989117557096456,0.024922118380062305,0.025766285779972625,15,15
Lao People's Democratic Republic,Influenza,49,0.023539347690214575,0.017766497461928935,0.023556381492034515,15,15
Lao People's Democratic Republic,Influenza,50,0.022470081424070778,0.015228426395939087,0.02178062831596827,15,15
Lao People's Democratic Republic,Influenza,51,0.03140720241584038,0.019343803452029233,0.0489098859926708,14,14
Lao People's Democratic Republic,Influenza,52,0.017951567397152278,0.013235047746691238,0.01424442400211977,14,14
Lao People's Democratic Republic,Influenza,53,0.028793788637032677,0.028793788637032677,0.025056808591501518,2,2
Malaysia,Influenza,1,0.027370828128572364,0.015926090263691683,0.03552237152721326,28,28
Malaysia,Influenza,2,0.03535726782266235,0.014480144715307088,0.06780963019927516,28,28
Malaysia,Influenza,3,0.024385292428597275,0.014018691588785047,0.035517886416932515,27,27
Malaysia,Influenza,4,0.031723835301225564,0.019637462235649546,0.035548738030844684,27,27
Malaysia,Influenza,5,0.027248356522746684,0.015023115722439962,0.03841304301012924,28,28
Malaysia,Influenza,6,0.026458567787998957,0.022013853069044284,0.02596852057482835,28,28
Malaysia,Influenza,7,0.027862150565621833,0.015725895796404155,0.04192416038464885,28,28
Malaysia,Influenza,8,0.012143400393645785,0.005083777608530084,0.0165982928309256,28,28
Malaysia,Influenza,9,0.01452982774541045,0.007675941080196399,0.01804883793921149,28,28
Malaysia,Influenza,10,0.012545313491977628,0.005116336830158367,0.017169745987765373,28,28
Malaysia,Influenza,11,0.01477643629408855,0.009660123925364804,0.017218924268225296,28,28
Malaysia,Influenza,12,0.01148141508372313,0.003880727141540065,0.01420834469759171,28,28
Malaysia,Influenza,13,0.01590522302338337,0.009372680956136584,0.019880410483965206,28,28
Malaysia,Influenza,14,0.01804121115705924,0.009963416539603347,0.025171786642318995,28,28
Malaysia,Influenza,15,0.021370095551302176,0.005148785310582264,0.03306506383732345,28,28
Malaysia,Influenza,16,0.013733126140563202,0.005593387393037947,0.017892734185016537,28,28
Malaysia,Influenza,17,0.023458378171962533,0.012058134551539632,0.04503398982320876,28,28
Malaysia,Influenza,18,0.01699361488229485,0.00524208638986986,0.02702797356434049,28,28
Malaysia,Influenza,19,0.016122724401587244,0.01018900932906549,0.024025339330045244,28,28
Malaysia,Influenza,20,0.010226409010690916,0.003880727141540065,0.01273916221813024,28,28
Malaysia,Influenza,21,0.02023017545663113,0.013250414277730226,0.03597402985061737,28,28
Malaysia,Influenza,22,0.021668520767748712,0.014590633641818163,0.025622879746607513,28,28
Malaysia,Influenza,23,0.018344406577123683,0.00863573895925417,0.031770488908802255,28,28
Malaysia,Influenza,24,0.011972139096635139,0.0,0.02423720673868265,28,28
Malaysia,Influenza,25,0.021364725816618586,0.003548154404828696,0.029745940012613017,28,28
Malaysia,Influenza,26,0.016083542105599206,0.008454040111523323,0.024323081828808976,28,28
Malaysia,Influenza,27,0.012625691189192925,0.0067846804018492635,0.015318985609246986,28,28
Malaysia,Influenza,28,0.012615963705318289,0.008014768649404851,0.015699941576118568,28,28
Malaysia,Influenza,29,0.016996354632983903,0.004461715601611974,0.025824367132337638,28,28
Malaysia,Influenza,30,0.01995751345457488,0.012080339709199826,0.03360003363923118,28,28
Malaysia,Influenza,31,0.013253372505927017,0.002028397565922921,0.021547835375336232,28,28
Malaysia,Influenza,32,0.019947299810016056,0.007569560490505535,0.031183261644692487,28,28
Malaysia,Influenza,33,0.01271102876337953,0.0,0.022645591340071408,28,28
Malaysia,Influenza,34,0.012078675716813996,0.0,0.023439155635194085,28,28
Malaysia,Influenza,35,0.011674079440600935,0.0,0.015562950845943212,28,28
Malaysia,Influenza,36,0.018468757612930434,0.007077943168099618,0.032742446631822845,28,28
Malaysia,Influenza,37,0.02295994515749476,0.006322656159036174,0.05375028510164219,28,28
Malaysia,Influenza,38,0.02059238036633092,0.007894736842105263,0.04138385047631272,28,28
Malaysia,Influenza,39,0.012997350346448593,0.012977058354922712,0.018355248494321182,28,28
Malaysia,Influenza,40,0.010666707671850083,0.001519756838905775,0.018859143031779536,28,28
Malaysia,Influenza,41,0.011309088834541728,0.002979784041121882,0.016775735267890578,28,28
Malaysia,Influenza,42,0.01892902948850308,0.008999078045456368,0.02865171553671729,28,28
Malaysia,Influenza,43,0.016681924981640513,0.00930843238043829,0.022867502040503584,28,28
Malaysia,Influenza,44,0.019505774238811828,0.012252832942253763,0.024264288152899473,28,28
Malaysia,Influenza,45,0.023259595347581312,0.014781141114982578,0.036415334785722904,28,28
Malaysia,Influenza,46,0.01967621201564764,0.011023369543432075,0.02971613286477678,28,28
Malaysia,Influenza,47,0.014980101663325128,0.002336448598130841,0.027163109850176087,28,28
Malaysia,Influenza,48,0.024412626540364638,0.016394284228928472,0.03101866376397719,28,28
Malaysia,Influenza,49,0.028885737790480703,0.016446923597025015,0.04508449420031533,28,28
Malaysia,Influenza,50,0.03435733254176141,0.01894652016447792,0.03844637909093282,28,28
Malaysia,Influenza,51,0.02899014711003241,0.020131678906052164,0.03449903347391866,27,27
Malaysia,Influenza,52,0.02725209465272998,0.015852510129146617,0.037513321846807314,28,28
Malaysia,Influenza,53,0.03280194686135281,0.037037037037037035,0.026091331324063022,5,5
Malaysia,RSV,1,0.018586654843600888,0.013571837669775814,0.017819995859471055,8,8
Malaysia,RSV,2,0.020404591363460893,0.0194773585795995,0.01609685894232118,8,8
Malaysia,RSV,3,0.021626021809726552,0.018231631382316316,0.017974148113806206,8,8
Malaysia,RSV,4,0.029799181558241374,0.026217656012176557,0.018749936831864628,8,8
Malaysia,RSV,5,0.02756152893787474,0.015807710965834276,0.037167917401354486,8,8
Malaysia,RSV,6,0.018495643274370983,0.013888888888888888,0.01890783942538702,9,9
Malaysia,RSV,7,0.02112571984502251,0.014545454545454545,0.019300185073235845,9,9
Malaysia,RSV,8,0.021856713649318377,0.013888888888888888,0.024628604118839784,9,9
Malaysia,RSV,9,0.020957166971256297,0.01282051282051282,0.02589168097563617,9,9
Malaysia,RSV,10,0.02443383425914232,0.02040816326530612,0.020193297209241796,9,9
Malaysia,RSV,11,0.022978276781259806,0.013490725126475547,0.028259700357521532,9,9
Malaysia,RSV,12,0.021410874475534483,0.010958904109589041,0.023825034562841598,9,9
Malaysia,RSV,13,0.0182009680415691,0.01854974704890388,0.01358366400504753,9,9
Malaysia,RSV,14,0.018371755464292233,0.01011804384485666,0.03067355015308945,9,9
Malaysia,RSV,15,0.010859438847843288,0.008771929824561403,0.010517459504417626,9,9
Malaysia,RSV,16,0.013170334592539816,0.010309278350515464,0.01797982970252209,9,9
Malaysia,RSV,17,0.020230881644328107,0.014545454545454545,0.0208901055736826,9,9
Malaysia,RSV,18,0.02083744106737938,0.01643835616438356,0.024941211366509168,9,9
Malaysia,RSV,19,0.018508240720613585,0.020618556701030927,0.01993751744223445,9,9
Malaysia,RSV,20,0.02467294264018517,0.020618556701030927,0.025031516219490214,9,9
Malaysia,RSV,21,0.0354299615056721,0.022091310751104567,0.03841683069087191,9,9
Malaysia,RSV,22,0.02703991163458878,0.030927835051546393,0.018065796005727264,9,9
Malaysia,RSV,23,0.023512537585655306,0.021917808219178082,0.021704043934596684,9,9
Malaysia,RSV,24,0.011719137057866237,0.01090909090909091,0.013041102842100465,9,9
Malaysia,RSV,25,0.015029902996312676,0.016200294550810016,0.016155510451414435,9,9
Malaysia,RSV,26,0.013262530505980197,0.011782032400589101,0.010207622870862812,9,9
Malaysia,RSV,27,0.024564173049602227,0.02909090909090909,0.015450683113024213,9,9
Malaysia,RSV,28,0.021246296671249443,0.020618556701030927,0.01845118170774787,9,9
Malaysia,RSV,29,0.020317459124752545,0.020618556701030927,0.019124516455521375,9,9
Malaysia,RSV,30,0.022007308225177227,0.021922428330522766,0.015516782761506179,9,9
Malaysia,RSV,31,0.017877159145389915,0.016863406408094434,0.01327724952957284,9,9
Malaysia,RSV,32,0.022372357231259268,0.02564102564102564,0.022990782324317404,9,9
Malaysia,RSV,33,0.025603221498622722,0.023608768971332208,0.025618605546399945,9,9
Malaysia,RSV,34,0.021384386359796517,0.01643835616438356,0.0172398508140457,9,9
Malaysia,RSV,35,0.022707637716765497,0.020618556701030927,0.019855642987313408,9,9
Malaysia,RSV,36,0.016507949900024424,0.020618556701030927,0.012601243780131582,9,9
Malaysia,RSV,37,0.021531266496085777,0.01090909090909091,0.02464720733078949,9,9
Malaysia,RSV,38,0.01571967841027816,0.006745362563237774,0.019150618291556117,9,9
Malaysia,RSV,39,0.023365536804630563,0.017543859649122806,0.018342592470515368,9,9
Malaysia,RSV,40,0.020888794523690725,0.02040816326530612,0.018687984057074815,9,9
Malaysia,RSV,41,0.017146992039028915,0.016200294550810016,0.015523731972531183,9,9
Malaysia,RSV,42,0.018158058227533407,0.01643835616438356,0.01453501097029313,9,9
Malaysia,RSV,43,0.016022810084577357,0.01020408163265306,0.01900568181998277,9,9
Malaysia,RSV,44,0.017199248568428773,0.016200294550810016,0.012506792906323694,9,9
Malaysia,RSV,45,0.01143929389367191,0.01020408163265306,0.011655464722300819,9,9
Malaysia,RSV,46,0.013162553504739091,0.014727540500736377,0.010990839415251204,9,9
Malaysia,RSV,47,0.008949601998269349,0.008771929824561403,0.0069894575619097975,9,9
Malaysia,RSV,48,0.020063486312944193,0.014122042341220423,0.013955872686706849,8,8
Malaysia,RSV,49,0.013899283740084981,0.010581492871121052,0.01036533192588129,8,8
Malaysia,RSV,50,0.01736524859929414,0.00921162985742242,0.02291311354165422,8,8
Malaysia,RSV,51,0.018707085272961187,0.017476808905380333,0.01764419943987786,8,8
Malaysia,RSV,52,0.014176420898218403,0.017148526077097506,0.01086413238269953,8,8
Malaysia,RSV,53,0.0,0.0,,1,1
Malaysia,SARS-CoV-2,1,0.008040581877641784,0.0080296299517998,0.006708271664703292,4,4
Malaysia,SARS-CoV-2,2,0.06408780522809195,0.00978109668690103,0.12614672123066673,5,5
Malaysia,SARS-CoV-2,3,0.022479841107345955,0.010406439233472052,0.03331272731110488,5,5
Malaysia,SARS-CoV-2,4,0.015603311391206113,0.011778728654881889,0.01727324121179373,5,5
Malaysia,SARS-CoV-2,5,0.013231436504170949,0.01039324048105359,0.009961430082192697,5,5
Malaysia,SARS-CoV-2,6,0.017225764203722974,0.008247529464778169,0.022103555461139054,5,5
Malaysia,SARS-CoV-2,7,0.020541320905117528,0.007450970619751302,0.033507175910976836,5,5
Malaysia,SARS-CoV-2,8,0.021880782842892126,0.006813027984749184,0.036827592397364356,5,5
Malaysia,SARS-CoV-2,9,0.021601179185823445,0.006291823555807012,0.03817816119780282,5,5
Malaysia,SARS-CoV-2,10,0.02132845563026793,0.005540706635191291,0.03782694080481218,5,5
Malaysia,SARS-CoV-2,11,0.018933198570772657,0.00578457576526133,0.0314511841830202,5,5
Malaysia,SARS-CoV-2,12,0.01836450093816816,0.007936041384986185,0.025915519248027884,5,5
Malaysia,SARS-CoV-2,13,0.015984112726782913,0.009548443444157981,0.01829117972413649,5,5
Malaysia,SARS-CoV-2,14,0.015237752889942714,0.009766789556337497,0.013430430388991877,5,5
Malaysia,SARS-CoV-2,15,0.01315399701140652,0.008792629978921203,0.010952141725878946,5,5
Malaysia,SARS-CoV-2,16,0.01343622766606146,0.006925883293989113,0.00981466876512385,5,5
Malaysia,SARS-CoV-2,17,0.010265780176957657,0.008148261764566775,0.007908363364465347,5,5
Malaysia,SARS-CoV-2,18,0.005076322753781564,0.004147064764845692,0.003448347692161239,5,5
Malaysia,SARS-CoV-2,19,0.014279449431052794,0.01044735353220048,0.013517447088416918,5,5
Malaysia,SARS-CoV-2,20,0.019386431163011565,0.01199836119944593,0.023764257809718033,5,5
Malaysia,SARS-CoV-2,21,0.014750930851021754,0.013344518797432545,0.011886585748467782,5,5
Malaysia,SARS-CoV-2,22,0.015096414021968225,0.01736348206098679,0.010270451475717885,5,5
Malaysia,SARS-CoV-2,23,0.013530059842238967,0.015383266100298758,0.00840320110761351,5,5
Malaysia,SARS-CoV-2,24,0.010811563829631185,0.00632712481816257,0.01088717055341062,5,5
Malaysia,SARS-CoV-2,25,0.01337693575592081,0.014229133659726372,0.010111456213704486,5,5
Malaysia,SARS-CoV-2,26,0.012205009792303281,0.006493767689229169,0.015517861904312712,5,5
Malaysia,SARS-CoV-2,27,0.01616600780243212,0.013446634603404022,0.013414911165553196,5,5
Malaysia,SARS-CoV-2,28,0.015542256097334003,0.011631849209860838,0.01295717543047766,5,5
Malaysia,SARS-CoV-2,29,0.01515789475969943,0.013219155708534987,0.013955794153732878,5,5
Malaysia,SARS-CoV-2,30,0.015658603023090224,0.012526504835958437,0.016845874245954438,5,5
Malaysia,SARS-CoV-2,31,0.015754623342542344,0.010583920245039702,0.019674142574998325,5,5
Malaysia,SARS-CoV-2,32,0.016009867817998225,0.009071931638605459,0.02155313663473353,5,5
Malaysia,SARS-CoV-2,33,0.015733576936035425,0.007472150145346001,0.023216840558983324,5,5
Malaysia,SARS-CoV-2,34,0.015504284809727728,0.007940378875080477,0.023456588864632113,5,5
Malaysia,SARS-CoV-2,35,0.014558224779443008,0.0068185808767582965,0.021348829254806297,5,5
Malaysia,SARS-CoV-2,36,0.013501011612330508,0.006220155123737857,0.021083076586723773,5,5
Malaysia,SARS-CoV-2,37,0.012829723876096596,0.005833349591275338,0.017824299390657262,5,5
Malaysia,SARS-CoV-2,38,0.01078079692050785,0.004262832393624285,0.015237489827128161,5,5
Malaysia,SARS-CoV-2,39,0.010181222809138505,0.005432911215595651,0.011112643014629135,5,5
Malaysia,SARS-CoV-2,40,0.010391432372728115,0.007911114579472071,0.007755138917415602,5,5
Malaysia,SARS-CoV-2,41,0.012681087721144266,0.008301305187584134,0.009103073866566287,5,5
Malaysia,SARS-CoV-2,42,0.01487470305871369,0.008750024386913007,0.013525703245679043,5,5
Malaysia,SARS-CoV-2,43,0.017843101867264753,0.008691495795696197,0.01902620492524645,5,5
Malaysia,SARS-CoV-2,44,0.017970229987579606,0.011838716222219374,0.01735860179744112,5,5
Malaysia,SARS-CoV-2,45,0.02202894235510151,0.010281522523752853,0.024459068822132342,5,5
Malaysia,SARS-CoV-2,46,0.020816234208343498,0.01148795135687408,0.020671793694335083,5,5
Malaysia,SARS-CoV-2,47,0.023054188612567743,0.014068469956076433,0.022462432499077836,5,5
Malaysia,SARS-CoV-2,48,0.029329827996848624,0.01337378309304095,0.030007512779524875,5,5
Malaysia,SARS-CoV-2,49,0.03307242224686826,0.01580271962853854,0.030509954165628968,5,5
Malaysia,SARS-CoV-2,50,0.044980769667079076,0.0167977056792243,0.04816952584995753,5,5
Malaysia,SARS-CoV-2,51,0.04727721300030908,0.014407788204537917,0.055802084544989625,5,5
Malaysia,SARS-CoV-2,52,0.04450963359308209,0.009442612716311919,0.05205916497073075,5,5
Malaysia,SARS-CoV-2,53,0.1274553440210956,0.1274553440210956,,1,1
Myanmar,Influenza,1,0.00669902223417809,0.0,0.019242302657687217,9,9
Myanmar,Influenza,2,0.0,0.0,0.0,9,9
Myanmar,Influenza,3,0.0005335083547792178,0.0,0.0010594146405208773,9,9
Myanmar,Influenza,4,0.0016666666666666666,0.0,0.005,9,9
Myanmar,Influenza,5,0.0,0.0,0.0,9,9
Myanmar,Influenza,6,0.02394323277175569,0.0,0.06998790364839966,9,9
Myanmar,Influenza,7,0.0,0.0,0.0,9,9
Myanmar,Influenza,8,0.0,0.0,0.0,9,9
Myanmar,Influenza,9,0.0011304108078301627,0.0,0.002593945703981261,9,9
Myanmar,Influenza,10,0.005847953216374269,0.0,0.017543859649122806,9,9
Myanmar,Influenza,11,0.020402420149148726,0.0,0.05765595974322962,9,9
Myanmar,Influenza,12,0.11711987338834111,0.0,0.3312320793132185,9,9
Myanmar,Influenza,13,0.0008547008547008547,0.0,0.002564102564102564,9,9
Myanmar,Influenza,14,0.011695906432748537,0.0,0.03508771929824561,9,9
Myanmar,Influenza,15,0.0010787486515641855,0.0,0.0032362459546925564,9,9
Myanmar,Influenza,16,0.003236245954692557,0.0,0.009708737864077669,9,9
Myanmar,Influenza,17,0.0008547008547008547,0.0,0.002564102564102564,9,9
Myanmar,Influenza,18,0.0019871794871794872,0.0,0.0050916162672591265,9,9
Myanmar,Influenza,19,0.002788150360965895,0.0,0.00571163220462999,9,9
Myanmar,Influenza,20,0.0008547008547008547,0.0,0.002564102564102564,9,9
Myanmar,Influenza,21,0.0008547008547008547,0.0,0.002564102564102564,9,9
Myanmar,Influenza,22,0.00013785497656465398,0.0,0.00041356492969396195,9,9
Myanmar,Influenza,23,0.0002777777777777778,0.0,0.0008333333333333334,9,9
Myanmar,Influenza,24,0.004183218859328432,0.0,0.006085242597281003,9,9
Myanmar,Influenza,25,0.01228908188585608,0.0,0.02059290713171314,9,9
Myanmar,Influenza,26,0.024326738271338553,0.0,0.042280344920405034,9,9
Myanmar,Influenza,27,0.021791055809288626,0.0,0.0342641303391187,9,9
Myanmar,Influenza,28,0.04004645113340766,0.0,0.05612388783274245,9,9
Myanmar,Influenza,29,0.050469860185043576,0.007692307692307693,0.07511818169169161,9,9
Myanmar,Influenza,30,0.04591845668380066,0.015384615384615385,0.06706308149898267,9,9
Myanmar,Influenza,31,0.050158207927209535,0.038461538461538464,0.055775831751273625,9,9
Myanmar,Influenza,32,0.05476268759421825,0.019417475728155338,0.07780830641974074,9,9
Myanmar,Influenza,33,0.052020506167650846,0.0,0.07989248154684743,9,9
Myanmar,Influenza,34,0.054967600757802715,0.009708737864077669,0.07752755893850341,9,9
Myanmar,Influenza,35,0.029817859814795178,0.0325,0.03350173215459374,9,9
Myanmar,Influenza,36,0.022160627880866396,0.015,0.028021317128372983,9,9
Myanmar,Influenza,37,0.014042826733855108,0.0069605568445475635,0.02039294759125369,9,9
Myanmar,Influenza,38,0.011125049639498662,0.004640371229698376,0.014159917541096839,9,9
Myanmar,Influenza,39,0.03746411376565397,0.002320185614849188,0.068164291987033,9,9
Myanmar,Influenza,40,0.03510167139121101,0.0,0.09975343760103729,9,9
Myanmar,Influenza,41,0.004549214226633582,0.0,0.01274357232268867,9,9
Myanmar,Influenza,42,0.16823975842717498,0.0,0.3345508693960664,9,9
Myanmar,Influenza,43,0.0284496049961266,0.0037220843672456576,0.04653699363369714,9,9
Myanmar,Influenza,44,0.004755350472017514,0.0,0.010264430033649283,9,9
Myanmar,Influenza,45,0.002571062232822333,0.0,0.006436216150085662,9,9
Myanmar,Influenza,46,0.015562816363787238,0.0,0.03566965584374891,9,9
Myanmar,Influenza,47,0.0019851116625310174,0.0,0.005091385739127343,9,9
Myanmar,Influenza,48,0.002447634299853445,0.0,0.004943776577012672,9,9
Myanmar,Influenza,49,0.0011304108078301627,0.0,0.002593945703981261,9,9
Myanmar,Influenza,50,0.0013544586046934934,0.0,0.003238554116915853,9,9
Myanmar,Influenza,51,0.004962779156327543,0.0,0.013542503718463715,8,8
Myanmar,Influenza,52,0.0021751306945481702,0.0,0.00406345455140937,8,8
Myanmar,Influenza,53,0.0,0.0,,1,1
Philippines,Influenza,1,0.006348843371781121,0.0017953321364452424,0.011102977295253037,23,23
Philippines,Influenza,2,0.014589269007128447,0.010087209302325581,0.016787758678031322,24,24
Philippines,Influenza,3,0.017646979689288685,0.008091808399861159,0.02455086952493529,24,24
Philippines,Influenza,4,0.02919488248013283,0.008579167918795285,0.08136400903393808,24,24
Philippines,Influenza,5,0.02000594795891686,0.00925575584508299,0.03593763662720669,24,24
Philippines,Influenza,6,0.014762196020046942,0.005672070681077371,0.024173790364460206,24,24
Philippines,Influenza,7,0.013354526475774751,0.006638320027768136,0.020892885509082557,24,24
Philippines,Influenza,8,0.014580288893896254,0.007601719248651002,0.019653315583257083,24,24
Philippines,Influenza,9,0.008458011713279688,0.004173363949483352,0.010869873411990657,24,24
Philippines,Influenza,10,0.0074563781838012195,0.0036175532924528665,0.00872854574088972,24,24
Philippines,Influenza,11,0.009657545507870033,0.005483772035096141,0.011709170342549017,24,24
Philippines,Influenza,12,0.008128792364070683,0.002798507462686567,0.011304183999402717,24,24
Philippines,Influenza,13,0.006318291615911963,0.003427202280757624,0.006775135232139019,24,24
Philippines,Influenza,14,0.008059350883873813,0.0030407899593946105,0.012546724684293731,24,24
Philippines,Influenza,15,0.0041589120184352055,0.003076923076923077,0.004629560263450969,24,24
Philippines,Influenza,16,0.00476579136415341,0.001970987910176602,0.01015212215285336,24,24
Philippines,Influenza,17,0.003024849355990518,0.0016870630696207332,0.004411860665325995,24,24
Philippines,Influenza,18,0.008461049749449653,0.00174982928494781,0.016557761607690673,24,24
Philippines,Influenza,19,0.008903787948689014,0.0020512820512820513,0.02001793023874502,23,23
Philippines,Influenza,20,0.006793144703260624,0.0005592841163310962,0.013851054670669289,24,24
Philippines,Influenza,21,0.012649623913931428,0.004508477158965778,0.0257636118906042,24,24
Philippines,Influenza,22,0.014838693679270612,0.010354745925215725,0.01513045767548435,24,24
Philippines,Influenza,23,0.01817335184826546,0.008490867033580601,0.024078579195886754,24,24
Philippines,Influenza,24,0.020840347559104924,0.008490867033580601,0.032920614198114304,24,24
Philippines,Influenza,25,0.036444935852304135,0.016838598369920875,0.057470858038889704,24,24
Philippines,Influenza,26,0.03565089767823023,0.022638245553839996,0.042984928005350614,24,24
Philippines,Influenza,27,0.03474349354279957,0.02113573695437282,0.03326675984616413,24,24
Philippines,Influenza,28,0.03308221228819389,0.029528522486268964,0.02578609298075308,24,24
Philippines,Influenza,29,0.05114542795423671,0.03820470717022441,0.05587670439411791,24,24
Philippines,Influenza,30,0.03366837914886277,0.02326179298010284,0.03153865261125714,24,24
Philippines,Influenza,31,0.05795675466236563,0.03827838827838828,0.08986554494382347,24,24
Philippines,Influenza,32,0.05069592721069705,0.04011494252873563,0.05839684904170741,24,24
Philippines,Influenza,33,0.04724133320345066,0.04083333333333333,0.05540778255671479,24,24
Philippines,Influenza,34,0.03005092197720842,0.029140103502587566,0.023594230454540455,24,24
Philippines,Influenza,35,0.023777815865708946,0.021305451991138487,0.021247550221178132,24,24
Philippines,Influenza,36,0.025701007108976753,0.025120003000075,0.018654180053106782,24,24
Philippines,Influenza,37,0.027518636765324567,0.027106227106227107,0.023227349035195567,24,24
Philippines,Influenza,38,0.03106322844605906,0.027426280589755284,0.025373166530728367,24,24
Philippines,Influenza,39,0.022172414038921312,0.02401454267125909,0.015653616797840615,24,24
Philippines,Influenza,40,0.02016544289491765,0.0182759953614225,0.016729732002380038,24,24
Philippines,Influenza,41,0.02079739641043936,0.016768457672980287,0.021723137504576173,24,24
Philippines,Influenza,42,0.017593142024182818,0.012419316059109656,0.017453236335882114,24,24
Philippines,Influenza,43,0.0162110673547995,0.005597014925373134,0.02360257756113786,23,23
Philippines,Influenza,44,0.014304366040443627,0.00418048645660586,0.02040544750620171,24,24
Philippines,Influenza,45,0.012558727926297497,0.010509031198686371,0.01222077244508138,24,24
Philippines,Influenza,46,0.016011253643100316,0.014125772990225414,0.014018095682600562,24,24
Philippines,Influenza,47,0.014428441251262901,0.011516357206012379,0.014561135805583988,24,24
Philippines,Influenza,48,0.01183581580271755,0.005521166203392415,0.013699226554914479,24,24
Philippines,Influenza,49,0.010014106082834656,0.008422018125713731,0.010655113555992555,24,24
Philippines,Influenza,50,0.015497752840057813,0.011755772201578222,0.018335908928647206,24,24
Philippines,Influenza,51,0.0058514393148483045,0.0010256410256410256,0.007004077351183108,21,21
Philippines,Influenza,52,0.007603129170758917,0.0012391573729863693,0.015438244738241782,14,14
Philippines,Influenza,53,0.003048780487804878,0.003048780487804878,0.0043116267145521196,2,2
Philippines,RSV,1,0.004642881659775607,0.0018115942028985507,0.007869771759333288,5,5
Philippines,RSV,2,0.007651384102196099,0.0036231884057971015,0.012846180201612238,5,5
Philippines,RSV,3,0.004382625667485868,0.0014265335235378032,0.007132670066246412,5,5
Philippines,RSV,4,0.0036579879863264477,0.0,0.007407852135366136,5,5
Philippines,RSV,5,0.005731698180133422,0.0014265335235378032,0.0101029035964753,5,5
Philippines,RSV,6,0.005756748892551245,0.0014265335235378032,0.009306770851710802,5,5
Philippines,RSV,7,0.004072268250360486,0.0,0.00813108457740761,5,5
Philippines,RSV,8,0.0009848936734491594,0.0014265335235378032,0.0009097442589263097,5,5
Philippines,RSV,9,0.004382625667485868,0.0014265335235378032,0.007132670066246412,5,5
Philippines,RSV,10,0.004409985253540473,0.0,0.006285295119003462,5,5
Philippines,RSV,11,0.003268758434710231,0.0,0.005846275470134404,5,5
Philippines,RSV,12,0.00090788153757701,0.0,0.0013098179167911417,5,5
Philippines,RSV,13,0.00090788153757701,0.0,0.0013098179167911417,5,5
Philippines,RSV,14,0.0003372681281618887,0.0,0.0007541544612140943,5,5
Philippines,RSV,15,0.0006745362563237774,0.0,0.0015083089224281886,5,5
Philippines,RSV,16,0.0012971110891932267,0.0,0.00219181516196322,5,5
Philippines,RSV,17,0.0016343792173551155,0.0,0.002923137735067202,5,5
Philippines,RSV,18,0.0,0.0,0.0,5,5
Philippines,RSV,19,0.0016863406408094434,0.0,0.0037707723060704714,5,5
Philippines,RSV,20,0.0003372681281618887,0.0,0.0007541544612140943,5,5
Philippines,RSV,21,0.0006225748328694493,0.0,0.0008574301047331308,5,5
Philippines,RSV,22,0.0014784949469921313,0.0,0.0024735588994338783,5,5
Philippines,RSV,23,0.0011412268188302425,0.0,0.0025518607446502594,5,5
Philippines,RSV,24,0.0,0.0,0.0,5,5
Philippines,RSV,25,0.004483985593739243,0.0018115942028985507,0.005310693940341196,5,5
Philippines,RSV,26,0.007880565790721255,0.0028530670470756064,0.011165056388168667,5,5
Philippines,RSV,27,0.007437514817032026,0.0036231884057971015,0.011023327854966274,5,5
Philippines,RSV,28,0.004458934881321421,0.003372681281618887,0.00545855690341891,5,5
Philippines,RSV,29,0.005754272414077927,0.0042796005706134095,0.006930675772281644,5,5
Philippines,RSV,30,0.007959351483030126,0.0042796005706134095,0.009601067122467133,5,5
Philippines,RSV,31,0.011406395537683916,0.01011804384485666,0.012344513144119,5,5
Philippines,RSV,32,0.01459513004084862,0.011804384485666104,0.01808278782547559,5,5
Philippines,RSV,33,0.022323975153934965,0.028530670470756064,0.019558077187302254,5,5
Philippines,RSV,34,0.01703479263029071,0.018544935805991442,0.017269357771225808,5,5
Philippines,RSV,35,0.019059915629152872,0.022026431718061675,0.01664436461754228,5,5
Philippines,RSV,36,0.03256082203815155,0.03035413153456998,0.030262742570802796,5,5
Philippines,RSV,37,0.03603273864133184,0.03709949409780776,0.024387438600528562,5,5
Philippines,RSV,38,0.03680207063583477,0.043478260869565216,0.025697313552761444,5,5
Philippines,RSV,39,0.03882524719389628,0.03524229074889868,0.03109735722886204,5,5
Philippines,RSV,40,0.03972673742776301,0.039647577092511016,0.02855979640216199,5,5
Philippines,RSV,41,0.037267258353031296,0.02643171806167401,0.03209207821356538,5,5
Philippines,RSV,42,0.06191366588393384,0.06702898550724638,0.04542164287138574,5,5
Philippines,RSV,43,0.07217191408693066,0.07929515418502203,0.043883786199135744,5,5
Philippines,RSV,44,0.05799318891480805,0.05991440798858773,0.03619216426079736,5,5
Philippines,RSV,45,0.03816226556147837,0.03541315345699832,0.040486819456385,5,5
Philippines,RSV,46,0.03619893929636402,0.03138373751783167,0.02756890212482598,5,5
Philippines,RSV,47,0.03080884572148449,0.025677603423680456,0.029044619356929105,5,5
Philippines,RSV,48,0.03277846546354628,0.03372681281618887,0.023456428888545527,5,5
Philippines,RSV,49,0.23026416411041511,0.048903878583473864,0.43073429876820835,5,5
Philippines,RSV,50,0.02656405001092782,0.03524229074889868,0.021865768463012098,5,5
Philippines,RSV,51,0.007077672454925634,0.005434782608695652,0.006312394017192287,5,5
Philippines,RSV,52,0.002490299331477797,0.0,0.003429720418932523,5,5
Philippines,SARS-CoV-2,1,0.03295263501119106,0.01898820503729635,0.04328985125053364,4,4
Philippines,SARS-CoV-2,2,0.05608876874519081,0.013103194261574531,0.0951144294617293,4,4
Philippines,SARS-CoV-2,3,0.04799332505748108,0.008526991209861579,0.084748902682123,4,4
Philippines,SARS-CoV-2,4,0.029993582872289953,0.006912819212510187,0.05089721175787304,4,4
Philippines,SARS-CoV-2,5,0.01636393500628053,0.006343664908191719,0.0244791179086925,4,4
Philippines,SARS-CoV-2,6,0.008220696701531085,0.0050182699340363,0.010030072773486253,4,4
Philippines,SARS-CoV-2,7,0.006033838268320087,0.005920717685382788,0.005070532268133474,4,4
Philippines,SARS-CoV-2,8,0.004815859305331747,0.0059374322640389325,0.003303627594819939,4,4
Philippines,SARS-CoV-2,9,0.004612426910329743,0.005420407781112456,0.0032437921733683124,4,4
Philippines,SARS-CoV-2,10,0.005167866654218318,0.004628557635141643,0.004967414648630204,4,4
Philippines,SARS-CoV-2,11,0.00720909486267937,0.00540241574726965,0.00774784646344059,4,4
Philippines,SARS-CoV-2,12,0.008940891001746437,0.005438546403062278,0.010941366417896264,4,4
Philippines,SARS-CoV-2,13,0.011419947913540859,0.006626134565140891,0.013724657407963423,4,4
Philippines,SARS-CoV-2,14,0.012485640675435127,0.009496546705670019,0.01264085805088843,4,4
Philippines,SARS-CoV-2,15,0.012304080015589941,0.008917146441623164,0.013312530655111638,4,4
Philippines,SARS-CoV-2,16,0.012156437988267332,0.010791192885980148,0.011816600274756709,4,4
Philippines,SARS-CoV-2,17,0.014192160845128327,0.013367671543673772,0.01441153954952128,4,4
Philippines,SARS-CoV-2,18,0.022775922654653294,0.01161120370162277,0.03062245856283022,4,4
Philippines,SARS-CoV-2,19,0.02823045546853581,0.01059906169176621,0.042365731294790085,4,4
Philippines,SARS-CoV-2,20,0.02835386014717293,0.009323454879388971,0.04403855896561984,4,4
Philippines,SARS-CoV-2,21,0.02742900053449754,0.010771060339472806,0.040524411602806544,4,4
Philippines,SARS-CoV-2,22,0.024891618018222924,0.013263691565598852,0.0322899096763867,4,4
Philippines,SARS-CoV-2,23,0.02047401300968503,0.014029907327366517,0.02257322644531611,4,4
Philippines,SARS-CoV-2,24,0.01547421850510183,0.013372359508887937,0.013158238665948438,4,4
Philippines,SARS-CoV-2,25,0.013928512696251602,0.01240715890322853,0.010207742426643287,4,4
Philippines,SARS-CoV-2,26,0.013404749027111243,0.013735541148629973,0.0068832584804648005,4,4
Philippines,SARS-CoV-2,27,0.01026909851930692,0.011277548148258258,0.005844920215705931,4,4
Philippines,SARS-CoV-2,28,0.017682393516947774,0.016669417142711092,0.006097567079423601,4,4
Philippines,SARS-CoV-2,29,0.017498299178193667,0.016203798422216933,0.0039841113053459025,4,4
Philippines,SARS-CoV-2,30,0.019985757052474705,0.02003247958752436,0.006161874511876366,4,4
Philippines,SARS-CoV-2,31,0.025813691068522656,0.02398718506256862,0.011581898449160197,4,4
Philippines,SARS-CoV-2,32,0.029825384588861508,0.029096704159281353,0.024462667060151648,4,4
Philippines,SARS-CoV-2,33,0.042195046332692894,0.0413145611101914,0.022496661789221824,3,3
Philippines,SARS-CoV-2,34,0.032191244821309604,0.03244577894231689,0.027249114016516616,4,4
Philippines,SARS-CoV-2,35,0.03282642632643232,0.03369182498219961,0.024344020320403722,4,4
Philippines,SARS-CoV-2,36,0.030421963976388473,0.029494362269429808,0.027762074535481688,4,4
Philippines,SARS-CoV-2,37,0.03121241833839089,0.029404588351186384,0.026380330300198828,4,4
Philippines,SARS-CoV-2,38,0.03161253881571204,0.03289620443502684,0.024720395849328346,4,4
Philippines,SARS-CoV-2,39,0.025753466253911873,0.025681905800423614,0.017027833825764078,4,4
Philippines,SARS-CoV-2,40,0.022373021518070337,0.02120241650525923,0.014140118690515227,4,4
Philippines,SARS-CoV-2,41,0.019833424800253022,0.017479898109168376,0.012870086337678725,4,4
Philippines,SARS-CoV-2,42,0.018250670418420597,0.013156189594168253,0.012344412006805264,4,4
Philippines,SARS-CoV-2,43,0.014378732183074994,0.010843170984501733,0.009590260073643803,4,4
Philippines,SARS-CoV-2,44,0.011787241186375612,0.007433625106117885,0.010226005548759638,4,4
Philippines,SARS-CoV-2,45,0.011745911492410957,0.006743385015737494,0.010647781137499599,4,4
Philippines,SARS-CoV-2,46,0.010846051620712657,0.006887528077787586,0.010116898094620876,4,4
Philippines,SARS-CoV-2,47,0.010155305425133695,0.008048607643122254,0.0085002428697853,4,4
Philippines,SARS-CoV-2,48,0.0099204336461983,0.007781599136098131,0.009278382126443665,4,4
Philippines,SARS-CoV-2,49,0.009393021675290767,0.007646777472889946,0.008739550503372665,4,4
Philippines,SARS-CoV-2,50,0.009554545946612827,0.008152571884092586,0.00890936818789648,4,4
Philippines,SARS-CoV-2,51,0.010675626656168918,0.010983270910298663,0.010221208580466353,4,4
Philippines,SARS-CoV-2,52,0.013829613829288894,0.01427060193498298,0.011245583665752356,4,4
Philippines,SARS-CoV-2,53,0.018415578000929255,0.018415578000929255,,1,1
Singapore,Influenza,1,0.019577156925561022,0.018404907975460124,0.017062043680845913,19,19
Singapore,Influenza,2,0.03881743638391713,0.02976190476190476,0.05280947327315527,19,19
Singapore,Influenza,3,0.03554191552781021,0.025435838811088882,0.05745075603576549,19,19
Singapore,Influenza,4,0.03342076760019158,0.024864246927693626,0.041161612192714477,19,19
Singapore,Influenza,5,0.025536973210524692,0.019064124783362217,0.021971832572945382,19,19
Singapore,Influenza,6,0.024333034793405938,0.017994858611825194,0.020610833629320088,19,19
Singapore,Influenza,7,0.01876990579939982,0.020327868852459016,0.013519925937620426,19,19
Singapore,Influenza,8,0.018389479149542,0.0189873417721519,0.013861459712773222,19,19
Singapore,Influenza,9,0.01824562148449015,0.017075773745997867,0.012374215184432973,19,19
Singapore,Influenza,10,0.014420132470641958,0.013340448239060833,0.009915430215150928,19,19
Singapore,Influenza,11,0.014091328109113793,0.010638297872340425,0.010330375000343187,19,19
Singapore,Influenza,12,0.014727058020996518,0.01559792027729636,0.009168600185836638,19,19
Singapore,Influenza,13,0.01263000868996066,0.01002004008016032,0.009496184492860521,19,19
Singapore,Influenza,14,0.01269034503290747,0.011568123393316195,0.008894333170862391,19,19
Singapore,Influenza,15,0.011797913460384729,0.010282776349614395,0.009122822432775785,19,19
Singapore,Influenza,16,0.015478193987724154,0.011754068716094032,0.015083801484459005,19,19
Singapore,Influenza,17,0.01575444056754687,0.012755102040816327,0.013673697848552989,19,19
Singapore,Influenza,18,0.017167387604300692,0.008016032064128256,0.02114966039571469,19,19
Singapore,Influenza,19,0.02149253035684207,0.015630956919557758,0.02211426155806021,19,19
Singapore,Influenza,20,0.02103771696611383,0.018083182640144666,0.01917536004566654,19,19
Singapore,Influenza,21,0.02221774910189502,0.017179023508137433,0.019434481305949717,19,19
Singapore,Influenza,22,0.021118366174960747,0.017075773745997867,0.017106640710506736,19,19
Singapore,Influenza,23,0.021565240677457777,0.017049180327868854,0.016335920768580446,19,19
Singapore,Influenza,24,0.021727382551377374,0.02037201062887511,0.018420147328359067,19,19
Singapore,Influenza,25,0.023053045795599515,0.019719919977136326,0.020041156954129936,19,19
Singapore,Influenza,26,0.02641863265748776,0.0231023102310231,0.02433289388450926,19,19
Singapore,Influenza,27,0.07433549284993976,0.02029151186053158,0.22463414380592744,19,19
Singapore,Influenza,28,0.02723953431497614,0.02098360655737705,0.022287099141046013,19,19
Singapore,Influenza,29,0.027741465075300065,0.02056555269922879,0.025548640958550806,19,19
Singapore,Influenza,30,0.0239895907159836,0.01639344262295082,0.024619587083734375,19,19
Singapore,Influenza,31,0.022840165908456587,0.012962256957682043,0.02495551610257446,19,19
Singapore,Influenza,32,0.017956678461391297,0.009202453987730062,0.024210841966739748,19,19
Singapore,Influenza,33,0.01702406222500109,0.013026052104208416,0.015495602855009333,19,19
Singapore,Influenza,34,0.014227442343363764,0.010491803278688525,0.014359758345100742,19,19
Singapore,Influenza,35,0.012212989299191516,0.007128309572301426,0.012826634635297414,19,19
Singapore,Influenza,36,0.012412124677683095,0.007971656333038087,0.011776726104323515,19,19
Singapore,Influenza,37,0.01459334000781492,0.00943126607602172,0.014622219517293622,19,19
Singapore,Influenza,38,0.013868300799664775,0.009202453987730062,0.017312394043568817,19,19
Singapore,Influenza,39,0.015783491011042438,0.009532062391681109,0.0216120669758781,19,19
Singapore,Influenza,40,0.01174333907786852,0.007868852459016393,0.012731318908760869,19,19
Singapore,Influenza,41,0.014544778980054442,0.009018036072144289,0.017918665523764286,19,19
Singapore,Influenza,42,0.0118130110523619,0.0070140280561122245,0.015200368709386838,19,19
Singapore,Influenza,43,0.009729888066025504,0.008387342737323675,0.010100234556410742,19,19
Singapore,Influenza,44,0.011906272554919717,0.0108499095840868,0.01080355353156456,19,19
Singapore,Influenza,45,0.013017879170353493,0.014301430143014302,0.009986010776115105,19,19
Singapore,Influenza,46,0.01278470445134827,0.008387342737323675,0.013093059806726079,19,19
Singapore,Influenza,47,0.01159707353668714,0.007624857033930614,0.011634649192649959,19,19
Singapore,Influenza,48,0.014091446253500235,0.010613251041961223,0.012433680564077646,18,18
Singapore,Influenza,49,0.01689043335351548,0.014751488034767508,0.015104238506820989,18,18
Singapore,Influenza,50,0.01348168554543646,0.011310552741338974,0.012205923059307544,18,18
Singapore,Influenza,51,0.017151575092105444,0.015474919957310566,0.01587165514724807,17,17
Singapore,Influenza,52,0.01208270291526532,0.008016032064128256,0.010789428366186325,17,17
Singapore,Influenza,53,0.003213367609254499,0.003213367609254499,0.00454438805389812,2,2
Singapore,SARS-CoV-2,1,0.002822158006270525,0.0018674972070845991,0.0033598781997286804,4,4
Singapore,SARS-CoV-2,2,0.002380697698375106,0.0020783034447800506,0.0024085005704930786,4,4
Singapore,SARS-CoV-2,3,0.003943217896957182,0.002183036491964858,0.005191221211074028,4,4
Singapore,SARS-CoV-2,4,0.005401161840650479,0.001777780423096271,0.00844731235594264,4,4
Singapore,SARS-CoV-2,5,0.00771705299053969,0.002438950101119372,0.012147705870728989,4,4
Singapore,SARS-CoV-2,6,0.010527758952924009,0.002222216212648996,0.017922060810445797,4,4
Singapore,SARS-CoV-2,7,0.0150160042962395,0.00044149098652591814,0.02923595306073287,4,4
Singapore,SARS-CoV-2,8,0.018161656485994257,0.002815579743633702,0.0324629356269253,4,4
Singapore,SARS-CoV-2,9,0.01757412850500854,0.003313839832131372,0.030706803201880843,4,4
Singapore,SARS-CoV-2,10,0.015634733944060102,0.0033704792789861697,0.026692759011395083,4,4
Singapore,SARS-CoV-2,11,0.01383226157453319,0.007796343482423733,0.018150740278260784,4,4
Singapore,SARS-CoV-2,12,0.012088990714750085,0.00911754863246523,0.013150174516244076,4,4
Singapore,SARS-CoV-2,13,0.011692982923878015,0.012969805580665716,0.009664607927197094,4,4
Singapore,SARS-CoV-2,14,0.015354501320511919,0.010647818174905965,0.016973204925759218,4,4
Singapore,SARS-CoV-2,15,0.01337318438317112,0.015256556379152412,0.009474487472588725,4,4
Singapore,SARS-CoV-2,16,0.027795001427839708,0.023736968270565924,0.027696009199584745,4,4
Singapore,SARS-CoV-2,17,0.04068079816317047,0.023801960028453695,0.05157581679767024,4,4
Singapore,SARS-CoV-2,18,0.03132039054916583,0.02096617251361651,0.03678543651485594,4,4
Singapore,SARS-CoV-2,19,0.03225351015703114,0.022155074261274586,0.03648132505481654,4,4
Singapore,SARS-CoV-2,20,0.033011445723300795,0.023777905503865625,0.03616989855116814,4,4
Singapore,SARS-CoV-2,21,0.026647051719690874,0.021213785438933833,0.02691691616315418,4,4
Singapore,SARS-CoV-2,22,0.022376539882356883,0.016280577452828827,0.023954488853757134,4,4
Singapore,SARS-CoV-2,23,0.019403278177788877,0.011699626511668233,0.023580337090658158,4,4
Singapore,SARS-CoV-2,24,0.018586051983067734,0.014116800112314552,0.019031089119844646,4,4
Singapore,SARS-CoV-2,25,0.014720291151872747,0.01521127545326028,0.012153288358536575,4,4
Singapore,SARS-CoV-2,26,0.0170240553976084,0.02016042720745414,0.012077702034945662,4,4
Singapore,SARS-CoV-2,27,0.015778612352560062,0.015056964753145496,0.015167367712592921,4,4
Singapore,SARS-CoV-2,28,0.016632226487108343,0.015437916811324968,0.01354791176945521,4,4
Singapore,SARS-CoV-2,29,0.019484160137001466,0.019853470485420244,0.015168022055506119,4,4
Singapore,SARS-CoV-2,30,0.01947226379371942,0.01784046550861356,0.01672334689545195,4,4
Singapore,SARS-CoV-2,31,0.01959760897362342,0.015349409129558596,0.019032059435778854,4,4
Singapore,SARS-CoV-2,32,0.0166787095869677,0.011848025996352521,0.01794125948459735,4,4
Singapore,SARS-CoV-2,33,0.008281646038026367,0.009637424680641781,0.005302049118115153,4,4
Singapore,SARS-CoV-2,34,0.008082299311213424,0.009147235974929377,0.0029954004617918886,4,4
Singapore,SARS-CoV-2,35,0.00750232467642366,0.0073416418805824675,0.0013042170904754003,4,4
Singapore,SARS-CoV-2,36,0.007813920425333586,0.006540395880701346,0.004041996571144135,4,4
Singapore,SARS-CoV-2,37,0.012931244260346725,0.00886578612739508,0.009897839498182853,4,4
Singapore,SARS-CoV-2,38,0.01656709406213951,0.008659553336344128,0.019463010929874718,4,4
Singapore,SARS-CoV-2,39,0.02651934061644794,0.015965193836613545,0.031224918655127498,4,4
Singapore,SARS-CoV-2,40,0.03669601524206973,0.020237941303279196,0.045924866574911405,4,4
Singapore,SARS-CoV-2,41,0.03731389522848956,0.026203058411629676,0.040808102636733797,4,4
Singapore,SARS-CoV-2,42,0.03988856614699056,0.02424862359691759,0.048409839330798406,4,4
Singapore,SARS-CoV-2,43,0.04000309942846161,0.021429693080660995,0.05167631783795635,4,4
Singapore,SARS-CoV-2,44,0.03153080141650315,0.017600419327848532,0.03999671369729093,4,4
Singapore,SARS-CoV-2,45,0.029268322668366577,0.01562637096688587,0.03835734796302935,4,4
Singapore,SARS-CoV-2,46,0.023934632356472682,0.013529140046514372,0.030396933676234587,4,4
Singapore,SARS-CoV-2,47,0.01714575331375603,0.011015034792511001,0.0201095091216355,4,4
Singapore,SARS-CoV-2,48,0.016737208959107498,0.01758224965675095,0.016191059202126896,4,4
Singapore,SARS-CoV-2,49,0.017072154822772155,0.01154273542938768,0.01976349392754818,4,4
Singapore,SARS-CoV-2,50,0.02364474997593665,0.0080006688369104,0.036227557033926806,4,4
Singapore,SARS-CoV-2,51,0.02336652274882684,0.005609260006248471,0.03834623729407012,4,4
Singapore,SARS-CoV-2,52,0.01795979036535812,0.00786517680999948,0.02444534549211772,4,4
Singapore,SARS-CoV-2,53,0.0030325229568802493,0.0030325229568802493,,1,1
Thailand,Influenza,1,0.00804502030198312,0.003081666599489653,0.012671199241984126,22,22
Thailand,Influenza,2,0.016669002052416573,0.01367324828882607,0.015363780023158694,22,22
Thailand,Influenza,3,0.01604097797540865,0.011325771437112477,0.015415333051164142,22,22
Thailand,Influenza,4,0.02140750126901727,0.016498313601321587,0.024307572530932513,22,22
Thailand,Influenza,5,0.02849561723137937,0.02229447282861124,0.023474863165187803,21,21
Thailand,Influenza,6,0.02736311445053311,0.020948362603262112,0.02800202691695847,22,22
Thailand,Influenza,7,0.02549547521305255,0.022532861430939473,0.019134869642504177,22,22
Thailand,Influenza,8,0.022798059606916457,0.01981176761858773,0.01956731891378595,22,22
Thailand,Influenza,9,0.02215766592295979,0.01783794601279252,0.023780597692302223,22,22
Thailand,Influenza,10,0.022340962044683717,0.020374060626530438,0.021742806182191522,22,22
Thailand,Influenza,11,0.0184459089718127,0.016561040256127646,0.015555677438495303,22,22
Thailand,Influenza,12,0.01634745695589655,0.014200721712101183,0.015574415036352695,22,22
Thailand,Influenza,13,0.013486755817357534,0.009127383326567953,0.012417267522514265,22,22
Thailand,Influenza,14,0.00931469330354528,0.006296690867003367,0.010070186350864988,22,22
Thailand,Influenza,15,0.006591563079260002,0.005272468694717125,0.0061875566145791145,22,22
Thailand,Influenza,16,0.007846406704607494,0.007657354100844754,0.011395943246809818,22,22
Thailand,Influenza,17,0.009447349640398027,0.006953571312159479,0.009782423461715442,22,22
Thailand,Influenza,18,0.005642403013844349,0.0031367443446778647,0.0060160554358981,22,22
Thailand,Influenza,19,0.006090446613481457,0.004108654987790945,0.0071304143970115745,22,22
Thailand,Influenza,20,0.008225073067629214,0.005703197003390633,0.0072738090702362986,22,22
Thailand,Influenza,21,0.008243182843230301,0.004658837275762651,0.010824174819264657,22,22
Thailand,Influenza,22,0.007179403677393629,0.005443372276122782,0.007452459682726397,22,22
Thailand,Influenza,23,0.00872248599516845,0.008186597680046733,0.008803882523222326,22,22
Thailand,Influenza,24,0.012857595867879757,0.013391579076520388,0.014475067619498428,22,22
Thailand,Influenza,25,0.012018936538233575,0.010736033495830008,0.008612951454503286,22,22
Thailand,Influenza,26,0.018759474755675423,0.01083385298278787,0.02737919232771133,22,22
Thailand,Influenza,27,0.05914609766664824,0.016332073689182804,0.19117328895271937,22,22
Thailand,Influenza,28,0.017650150381388143,0.01644299023957409,0.011191449030707951,22,22
Thailand,Influenza,29,0.026940115498464798,0.022984102662325225,0.02171031905310343,22,22
Thailand,Influenza,30,0.019746693077580726,0.017634932533733133,0.013911091858024603,22,22
Thailand,Influenza,31,0.021875701273487282,0.01611526125108024,0.01995170485704478,22,22
Thailand,Influenza,32,0.02077267911097503,0.015220700152207,0.017918523032363326,21,21
Thailand,Influenza,33,0.027765577418947654,0.023228554074815107,0.022751829343014774,22,22
Thailand,Influenza,34,0.030482478026775194,0.025710956167495788,0.021483107220749618,22,22
Thailand,Influenza,35,0.029952100977214194,0.02377179080824089,0.0258562039046283,21,21
Thailand,Influenza,36,0.03212538246132989,0.021676534194721254,0.027561298182435072,22,22
Thailand,Influenza,37,0.029508632606041828,0.026754926108374384,0.018577537882315448,22,22
Thailand,Influenza,38,0.02682502696413735,0.022810653346834527,0.017490979604417773,22,22
Thailand,Influenza,39,0.028400882275350314,0.025787968322577723,0.01847904660797488,22,22
Thailand,Influenza,40,0.030513296224817073,0.02865358967666272,0.021821774616997355,22,22
Thailand,Influenza,41,0.028894028260938665,0.0212111801242236,0.03617636751626715,22,22
Thailand,Influenza,42,0.028418932072987003,0.027134330712802038,0.022645393737387134,22,22
Thailand,Influenza,43,0.01829287796410923,0.011884158949923583,0.027203950797192757,22,22
Thailand,Influenza,44,0.020249291019322532,0.019565315112829273,0.013245706322776354,22,22
Thailand,Influenza,45,0.02006255659001091,0.016286644951140065,0.015154576107727472,21,21
Thailand,Influenza,46,0.025048458131822795,0.01566909328861805,0.022535930237293562,22,22
Thailand,Influenza,47,0.017251070841083307,0.011093502377179081,0.015147276382152842,21,21
Thailand,Influenza,48,0.02072939788639064,0.017401778369697207,0.017207204624509802,20,20
Thailand,Influenza,49,0.01455674966990123,0.013114036862443605,0.011605236308792849,20,20
Thailand,Influenza,50,0.012915083905169792,0.01020408163265306,0.011433390129212127,19,19
Thailand,Influenza,51,0.014528889126442918,0.013468013468013467,0.009819288185586375,19,19
Thailand,Influenza,52,0.012064435077673763,0.009771986970684038,0.009805378588038366,17,17
Thailand,Influenza,53,0.0017599436818021823,0.0,0.0030483118753412133,3,3
Thailand,RSV,1,0.006178524104613178,0.00234192037470726,0.006744812066978057,3,3
Thailand,RSV,2,0.005096966836591948,0.00468384074941452,0.003097093121654357,3,3
Thailand,RSV,3,0.0048571053457001434,0.0022271714922048997,0.005495319475971789,3,3
Thailand,RSV,4,0.003737298450178126,0.004454342984409799,0.0022934834028090676,3,3
Thailand,RSV,5,0.0029949079527764933,0.0022271714922048997,0.002305757126319958,3,3
Thailand,RSV,6,0.0016926140076138517,0.00117096018735363,0.0009536502191459179,3,3
Thailand,RSV,7,0.000931098696461825,0.0,0.0016127102491330328,3,3
Thailand,RSV,8,0.002044684442564275,0.002793296089385475,0.0017917810356299119,3,3
Thailand,RSV,9,0.0016926140076138517,0.00117096018735363,0.0009536502191459179,3,3
Thailand,RSV,10,0.0061402744771123915,0.004454342984409799,0.007134242620430423,3,3
Thailand,RSV,11,0.000931098696461825,0.0,0.0016127102491330328,3,3
Thailand,RSV,12,0.0037243947858473,0.0,0.006450840996532131,3,3
Thailand,RSV,13,0.0013022939451626415,0.0011135857461024498,0.001406177033320646,3,3
Thailand,RSV,14,0.002793296089385475,0.0,0.004838130747399099,3,3
Thailand,RSV,15,0.004485910096999326,0.00117096018735363,0.005791420441775371,3,3
Thailand,RSV,16,0.00558659217877095,0.0,0.009676261494798197,3,3
Thailand,RSV,17,0.0029949079527764933,0.0022271714922048997,0.002305757126319958,3,3
Thailand,RSV,18,0.0031836161518366845,0.00117096018735363,0.0045380303954715125,3,3
Thailand,RSV,19,0.0013022939451626415,0.0011135857461024498,0.001406177033320646,3,3
Thailand,RSV,20,0.0016734891938634583,0.0022271714922048997,0.001476668150386722,3,3
Thailand,RSV,21,0.0011327105598528432,0.00117096018735363,0.0011140783138655522,3,3
Thailand,RSV,22,0.002882699008717875,0.002793296089385475,0.0029284241775713042,3,3
Thailand,RSV,23,0.002787074939965908,0.002793296089385475,0.0027839695785049474,3,3
Thailand,RSV,24,0.008921128267658734,0.0111731843575419,0.008035384555588478,3,3
Thailand,RSV,25,0.008475973702400086,0.008379888268156424,0.0015005643065859886,3,3
Thailand,RSV,26,0.013640678706130296,0.013966480446927373,0.00879846234059313,3,3
Thailand,RSV,27,0.01461002703009291,0.01675977653631285,0.006770394403989091,3,3
Thailand,RSV,28,0.02885207865696913,0.026726057906458798,0.02880303657992029,3,3
Thailand,RSV,29,0.02894816409121279,0.036748329621380846,0.018154896614053586,3,3
Thailand,RSV,30,0.019403536785122306,0.0223463687150838,0.013491186740180567,3,3
Thailand,RSV,31,0.02164247066912595,0.02927400468384075,0.013910447968326592,3,3
Thailand,RSV,32,0.03915132021775169,0.042316258351893093,0.007632979809207179,3,3
Thailand,RSV,33,0.037758943446216255,0.044543429844097995,0.01593629521165546,3,3
Thailand,RSV,34,0.040808685901800194,0.04215456674473068,0.012258323625054291,3,3
Thailand,RSV,35,0.04051398990810095,0.0467706013363029,0.010895543479411154,3,3
Thailand,RSV,36,0.05962951321443527,0.05737704918032787,0.021737303764881324,3,3
Thailand,RSV,37,0.04777453264622705,0.04800936768149883,0.016932079557996988,3,3
Thailand,RSV,38,0.06339101635525128,0.06792873051224944,0.02236398915427697,3,3
Thailand,RSV,39,0.054735556907145995,0.061247216035634745,0.03793474622470203,3,3
Thailand,RSV,40,0.05562726470357495,0.051224944320712694,0.05238076368397199,3,3
Thailand,RSV,41,0.058757406166684976,0.0670391061452514,0.017207048538624082,3,3
Thailand,RSV,42,0.03524121853677963,0.04332552693208431,0.02121445028063791,3,3
Thailand,RSV,43,0.03380412816438085,0.03278688524590164,0.0076376683992987315,3,3
Thailand,RSV,44,0.04704112177823742,0.03395784543325527,0.02711075183676156,3,3
Thailand,RSV,45,0.03516379655079468,0.03629976580796253,0.01014473875110407,3,3
Thailand,RSV,46,0.03602461714167449,0.03161592505854801,0.015326830764207072,3,3
Thailand,RSV,47,0.024397055765518944,0.02576112412177986,0.007110058623981837,3,3
Thailand,RSV,48,0.0239327763865099,0.027932960893854747,0.010284272550596692,3,3
Thailand,RSV,49,0.01351188488676503,0.012249443207126948,0.0058660033002880885,3,3
Thailand,RSV,50,0.010452919977826094,0.013966480446927373,0.0061594603783157705,3,3
Thailand,RSV,51,0.019316212438741955,0.00936768149882904,0.019603712506799948,3,3
Thailand,RSV,52,0.008325515130840679,0.00936768149882904,0.0023944511460420206,3,3
Thailand,SARS-CoV-2,1,0.009958801482184842,0.00831106135470245,0.01046947196479711,6,6
Thailand,SARS-CoV-2,2,0.010778378366862696,0.008329318868475509,0.011109442806704633,6,6
Thailand,SARS-CoV-2,3,0.009406660196830062,0.008985462622310845,0.009334294869326937,6,6
Thailand,SARS-CoV-2,4,0.008737206661081796,0.007325525320281796,0.008604964864596073,6,6
Thailand,SARS-CoV-2,5,0.008863497835528257,0.004309163281805861,0.009897442034785996,6,6
Thailand,SARS-CoV-2,6,0.01065467224104321,0.00594154807057488,0.014522861757835936,6,6
Thailand,SARS-CoV-2,7,0.01088888181164157,0.0031132829530984016,0.018487792392333745,6,6
Thailand,SARS-CoV-2,8,0.013387773302465066,0.003161989837053285,0.024667615617586264,6,6
Thailand,SARS-CoV-2,9,0.013150183026180907,0.002401407656766454,0.02467824085725229,6,6
Thailand,SARS-CoV-2,10,0.013093504398244228,0.0021061140420544967,0.024884641453445596,6,6
Thailand,SARS-CoV-2,11,0.015521315801156394,0.006473418265289728,0.02593456274621224,6,6
Thailand,SARS-CoV-2,12,0.0254494237174064,0.008786366692998588,0.03231310463665022,6,6
Thailand,SARS-CoV-2,13,0.03292729352558277,0.010070789654201969,0.04389824544087998,6,6
Thailand,SARS-CoV-2,14,0.03250536958328235,0.010582934303007526,0.04247403206247725,6,6
Thailand,SARS-CoV-2,15,0.024138985043280548,0.014868253943344638,0.024121677509305665,6,6
Thailand,SARS-CoV-2,16,0.024005805211209954,0.024801274117489246,0.01804469726209219,6,6
Thailand,SARS-CoV-2,17,0.027266071236559306,0.028345510227902642,0.015824810437813804,6,6
Thailand,SARS-CoV-2,18,0.024485784757662946,0.02562948176832098,0.015879465019098815,6,6
Thailand,SARS-CoV-2,19,0.0319530087141961,0.03022110130235163,0.02442735295375243,6,6
Thailand,SARS-CoV-2,20,0.039877871150525886,0.02796807227922137,0.03784996459994277,6,6
Thailand,SARS-CoV-2,21,0.049472664935098144,0.02578741075915704,0.05866836032489559,6,6
Thailand,SARS-CoV-2,22,0.054558177531158124,0.0254271225983379,0.0682615057806884,6,6
Thailand,SARS-CoV-2,23,0.04836659065209294,0.034120387451189005,0.05352471781653823,6,6
Thailand,SARS-CoV-2,24,0.03913489574703758,0.03305879647969837,0.03876933281808479,6,6
Thailand,SARS-CoV-2,25,0.027521976782446906,0.025703299887925354,0.024560454452889024,6,6
Thailand,SARS-CoV-2,26,0.02592293725552843,0.019859509252829147,0.025183757613226405,6,6
Thailand,SARS-CoV-2,27,0.021454443055665975,0.026937064154088412,0.013327444578992093,6,6
Thailand,SARS-CoV-2,28,0.01553101485458071,0.016059767280599026,0.00996803678219122,6,6
Thailand,SARS-CoV-2,29,0.016871224799794908,0.012449275985796485,0.014112867879434454,6,6
Thailand,SARS-CoV-2,30,0.016845762078760564,0.008310166749703985,0.018610721920851378,6,6
Thailand,SARS-CoV-2,31,0.016140099586340995,0.006578079642507794,0.023419138676674587,6,6
Thailand,SARS-CoV-2,32,0.016865783808380306,0.0071044942857027595,0.02511172036197832,6,6
Thailand,SARS-CoV-2,33,0.015868892612600775,0.007477373700832634,0.023759636800371423,6,6
Thailand,SARS-CoV-2,34,0.012990877999090404,0.00525147049517527,0.021225272489616122,6,6
Thailand,SARS-CoV-2,35,0.012336862041518001,0.004862834570756196,0.017831674416169705,6,6
Thailand,SARS-CoV-2,36,0.011425968627786437,0.005316985037579229,0.016914335958128347,6,6
Thailand,SARS-CoV-2,37,0.010349689871955161,0.004640982312370579,0.015836558274380196,6,6
Thailand,SARS-CoV-2,38,0.009527158246518919,0.004727049525872467,0.014228474199599273,6,6
Thailand,SARS-CoV-2,39,0.00838961657823621,0.003575112684695533,0.012755568257066923,6,6
Thailand,SARS-CoV-2,40,0.00881998035301351,0.004752356576157662,0.012186028252969562,6,6
Thailand,SARS-CoV-2,41,0.008715673325937584,0.004926503021841956,0.01211071724031146,6,6
Thailand,SARS-CoV-2,42,0.00871080560179059,0.005732642760760305,0.010882672561228613,6,6
Thailand,SARS-CoV-2,43,0.008698865137984653,0.0059276708448044065,0.01002172369264157,6,6
Thailand,SARS-CoV-2,44,0.00885519040992417,0.00707188292093526,0.009048500782298534,6,6
Thailand,SARS-CoV-2,45,0.008624465113313776,0.007175779608078484,0.00808593995879646,6,6
Thailand,SARS-CoV-2,46,0.008163650276754683,0.007475201201523058,0.007491384805306958,6,6
Thailand,SARS-CoV-2,47,0.008381523366444129,0.008068416684261233,0.00704462563231879,6,6
Thailand,SARS-CoV-2,48,0.008540780084857747,0.009758164842442098,0.006238121836314162,6,6
Thailand,SARS-CoV-2,49,0.009407777361878974,0.012428105706154057,0.006583990763144576,6,6
Thailand,SARS-CoV-2,50,0.009549287211249346,0.011832242410524215,0.007016951861623058,6,6
Thailand,SARS-CoV-2,51,0.022303063162052997,0.011366158108814455,0.034287813220450394,6,6
Thailand,SARS-CoV-2,52,0.03715545736687188,0.008816021142608188,0.06916957755825814,5,5
Thailand,SARS-CoV-2,53,0.20184559396932675,0.20184559396932675,,1,1
Viet Nam,Influenza,1,0.0298260131773053,0.008787451699698565,0.07837049572193747,20,20
Viet Nam,Influenza,2,0.024880002953304312,0.011546601081019247,0.050057847160685884,20,20
Viet Nam,Influenza,3,0.02915952640012474,0.011482254697286013,0.06245466269508773,19,19
Viet Nam,Influenza,4,0.016422657157938454,0.010438413361169102,0.019385002865207012,19,19
Viet Nam,Influenza,5,0.007382011863795689,0.004830917874396135,0.009630861440230482,19,19
Viet Nam,Influenza,6,0.008479215384541444,0.005009813347079127,0.010560270129883951,20,20
Viet Nam,Influenza,7,0.010421614001740503,0.00644122383252818,0.010886019419434524,19,19
Viet Nam,Influenza,8,0.013683539990914668,0.006681652868395563,0.014280043063940042,20,20
Viet Nam,Influenza,9,0.014062423274784172,0.01044663704150034,0.012463224519088498,20,20
Viet Nam,Influenza,10,0.01728598690663186,0.016143180948456036,0.013720582928664675,20,20
Viet Nam,Influenza,11,0.018957789516174484,0.01942301291942755,0.012935435600328117,20,20
Viet Nam,Influenza,12,0.015450117022000822,0.01642201441949295,0.010270464881117228,20,20
Viet Nam,Influenza,13,0.01736613171966809,0.01517076702515835,0.013665659220870142,20,20
Viet Nam,Influenza,14,0.014234096004461873,0.013549421139375123,0.010951706039747407,20,20
Viet Nam,Influenza,15,0.014713591490443611,0.016439227833530683,0.008455702662954806,20,20
Viet Nam,Influenza,16,0.0149592907652242,0.015192466519732831,0.009792869948080712,20,20
Viet Nam,Influenza,17,0.01339480278736237,0.015877016129032258,0.008083318499963528,20,20
Viet Nam,Influenza,18,0.012069248319920647,0.011900650477351584,0.011068133987870937,20,20
Viet Nam,Influenza,19,0.01518574281784102,0.012839354970402124,0.013191378923591648,20,20
Viet Nam,Influenza,20,0.018148133820435938,0.018322255809739958,0.01583482969784062,20,20
Viet Nam,Influenza,21,0.01892054985472438,0.019364858351630695,0.01662946944439709,20,20
Viet Nam,Influenza,22,0.019988795922076953,0.01463794514400359,0.017918130261149547,20,20
Viet Nam,Influenza,23,0.019613145585599255,0.01674718196457327,0.015914790877889946,20,20
Viet Nam,Influenza,24,0.019623908413095793,0.021131296636501783,0.015468574863877215,20,20
Viet Nam,Influenza,25,0.02044541795500992,0.020190186410814492,0.015813054649308194,20,20
Viet Nam,Influenza,26,0.020079965885012117,0.019071437541723676,0.014552245083919118,20,20
Viet Nam,Influenza,27,0.020694049990691903,0.020985396685869163,0.013780430723802903,20,20
Viet Nam,Influenza,28,0.020979646622742317,0.023797525633246604,0.0133509630125924,20,20
Viet Nam,Influenza,29,0.0210780766426598,0.020529091401956676,0.014032154544011879,20,20
Viet Nam,Influenza,30,0.019942171528934495,0.01999163373229192,0.013225134041338692,20,20
Viet Nam,Influenza,31,0.02002952242627326,0.02000957777955144,0.015490183674499131,20,20
Viet Nam,Influenza,32,0.022098609944149136,0.02627142672871653,0.016907734255094967,20,20
Viet Nam,Influenza,33,0.01970372116999432,0.01994607552416883,0.013964074928181884,20,20
Viet Nam,Influenza,34,0.01808353134172531,0.017040228906223386,0.014044488020521006,20,20
Viet Nam,Influenza,35,0.0156631016116005,0.010555926916221033,0.012789919934351189,20,20
Viet Nam,Influenza,36,0.013642665117535698,0.010109897252800825,0.011957659868385515,20,20
Viet Nam,Influenza,37,0.017261352730800667,0.01731634182908546,0.01004800939336288,20,20
Viet Nam,Influenza,38,0.02184634080577085,0.023007723530684174,0.012573868714677167,20,20
Viet Nam,Influenza,39,0.021112465447578225,0.019945661713640282,0.012841167218543177,20,20
Viet Nam,Influenza,40,0.02213265399566337,0.019699043290769887,0.011589190285797782,20,20
Viet Nam,Influenza,41,0.025351463957433356,0.018908106111897582,0.02261564484499098,20,20
Viet Nam,Influenza,42,0.025639417256574343,0.017820704506131047,0.02529099112399556,20,20
Viet Nam,Influenza,43,0.029356697660485532,0.023103945433662617,0.024855275105360123,20,20
Viet Nam,Influenza,44,0.027739299374063574,0.02074948094414602,0.02247101311135328,20,20
Viet Nam,Influenza,45,0.02897696328573418,0.02330232669901609,0.024562969102488442,20,20
Viet Nam,Influenza,46,0.024647155438405375,0.021030448091391957,0.01855164723494265,20,20
Viet Nam,Influenza,47,0.024906842149019337,0.01941587823940765,0.018669820883765557,20,20
Viet Nam,Influenza,48,0.02321896640538438,0.017608198253359544,0.017548599480603604,20,20
Viet Nam,Influenza,49,0.02246613261142353,0.021015594240746373,0.015328749372346146,20,20
Viet Nam,Influenza,50,0.017789967780013648,0.01601188132628295,0.012270012758322029,20,20
Viet Nam,Influenza,51,0.01664454991808262,0.015583286141897905,0.012734667529474185,20,20
Viet Nam,Influenza,52,0.016545560066297448,0.01394169835234474,0.015522142551243647,19,19
Viet Nam,Influenza,53,0.01691924205325039,0.01691924205325039,0.014818155474537756,2,2
Viet Nam,RSV,1,0.0,0.0,0.0,2,2
Viet Nam,RSV,2,0.0,0.0,0.0,2,2
Viet Nam,RSV,3,0.003676470588235294,0.003676470588235294,0.005199314567548144,2,2
Viet Nam,RSV,4,0.0,0.0,0.0,2,2
Viet Nam,RSV,5,0.0,0.0,,1,1
Viet Nam,RSV,6,0.0,0.0,0.0,2,2
Viet Nam,RSV,7,0.004,0.004,0.00565685424949238,2,2
Viet Nam,RSV,8,0.0,0.0,0.0,2,2
Viet Nam,RSV,9,0.0,0.0,0.0,2,2
Viet Nam,RSV,10,0.004,0.004,0.00565685424949238,2,2
Viet Nam,RSV,11,0.004,0.004,0.00565685424949238,2,2
Viet Nam,RSV,12,0.004,0.004,0.00565685424949238,2,2
Viet Nam,RSV,13,0.0,0.0,0.0,2,2
Viet Nam,RSV,14,0.0,0.0,0.0,2,2
Viet Nam,RSV,15,0.0,0.0,0.0,2,2
Viet Nam,RSV,16,0.004,0.004,0.00565685424949238,2,2
Viet Nam,RSV,17,0.0,0.0,0.0,2,2
Viet Nam,RSV,18,0.0,0.0,0.0,2,2
Viet Nam,RSV,19,0.0,0.0,0.0,2,2
Viet Nam,RSV,20,0.0,0.0,0.0,2,2
Viet Nam,RSV,21,0.004,0.004,0.00565685424949238,2,2
Viet Nam,RSV,22,0.004,0.004,0.00565685424949238,2,2
Viet Nam,RSV,23,0.0,0.0,0.0,2,2
Viet Nam,RSV,24,0.016,0.016,0.02262741699796952,2,2
Viet Nam,RSV,25,0.011676470588235295,0.011676470588235295,0.006114393931436618,2,2
Viet Nam,RSV,26,0.007676470588235294,0.007676470588235294,0.00045753968194423684,2,2
Viet Nam,RSV,27,0.015352941176470588,0.015352941176470588,0.0009150793638884737,2,2
Viet Nam,RSV,28,0.051029411764705886,0.051029411764705886,0.04097059879227937,2,2
Viet Nam,RSV,29,0.016,0.016,0.02262741699796952,2,2
Viet Nam,RSV,30,0.03038235294117647,0.03038235294117647,0.009026010089263577,2,2
Viet Nam,RSV,31,0.027352941176470587,0.027352941176470587,0.017885642112365614,2,2
Viet Nam,RSV,32,0.045735294117647055,0.045735294117647055,0.008110930725375104,2,2
Viet Nam,RSV,33,0.04973529411764706,0.04973529411764706,0.002454076475882721,2,2
Viet Nam,RSV,34,0.05341176470588235,0.05341176470588235,0.007653391043430866,2,2
Viet Nam,RSV,35,0.03038235294117647,0.03038235294117647,0.009026010089263577,2,2
Viet Nam,RSV,36,0.06314705882352942,0.06314705882352942,0.06667601001423738,2,2
Viet Nam,RSV,37,0.02638235294117647,0.02638235294117647,0.014682864338755958,2,2
Viet Nam,RSV,38,0.051029411764705886,0.051029411764705886,0.04097059879227937,2,2
Viet Nam,RSV,39,0.04270588235294118,0.04270588235294118,0.018800721476254088,2,2
Viet Nam,RSV,40,0.06811764705882353,0.06811764705882353,0.028450649313623445,2,2
Viet Nam,RSV,41,0.08379411764705882,0.08379411764705882,0.01667940113269444,2,2
Viet Nam,RSV,42,0.09947058823529412,0.09947058823529412,0.004908152951765442,2,2
Viet Nam,RSV,43,0.019676470588235295,0.019676470588235295,0.017428102430421376,2,2
Viet Nam,RSV,44,0.011352941176470588,0.011352941176470588,0.004741774885603907,2,2
Viet Nam,RSV,45,0.027029411764705885,0.027029411764705885,0.007029473295325091,2,2
Viet Nam,RSV,46,0.02302941176470588,0.02302941176470588,0.001372619045832708,2,2
Viet Nam,RSV,47,0.04108823529411765,0.04108823529411765,0.03548012260894853,2,2
Viet Nam,RSV,48,0.011352941176470588,0.011352941176470588,0.004741774885603907,2,2
Viet Nam,RSV,49,0.014705882352941176,0.014705882352941176,0.020797258270192576,2,2
Viet Nam,RSV,50,0.015029411764705883,0.015029411764705883,0.00994108945315205,2,2
Viet Nam,RSV,51,0.007676470588235294,0.007676470588235294,0.00045753968194423684,2,2
Viet Nam,RSV,52,0.008,0.008,0.01131370849898476,2,2
Viet Nam,SARS-CoV-2,1,0.004714320049340843,0.0024355890510224056,0.006591151143572256,4,4
Viet Nam,SARS-CoV-2,2,0.004208219695465706,0.0020668914257256504,0.0059836204151290226,4,4
Viet Nam,SARS-CoV-2,3,0.0035264799370300793,0.0010155856821395131,0.0057779948450374175,4,4
Viet Nam,SARS-CoV-2,4,0.0036828806752387294,0.0010591424613701492,0.0058709915093676564,4,4
Viet Nam,SARS-CoV-2,5,0.003149580895576121,0.0022043443138447948,0.003456843148736123,4,4
Viet Nam,SARS-CoV-2,6,0.005743370087492605,0.0027730011054555473,0.007959598294790333,4,4
Viet Nam,SARS-CoV-2,7,0.008000489344044478,0.001788675218445083,0.013582675960197835,4,4
Viet Nam,SARS-CoV-2,8,0.013887084906872947,0.0004487466582268108,0.027178744618517412,4,4
Viet Nam,SARS-CoV-2,9,0.02867904232252843,0.0003168425714281027,0.05693628446536505,4,4
Viet Nam,SARS-CoV-2,10,0.04385596991982453,0.0017588604069509314,0.08535811094676922,4,4
Viet Nam,SARS-CoV-2,11,0.05299358726877647,0.011464349028102203,0.09126831377501841,4,4
Viet Nam,SARS-CoV-2,12,0.034060850022904425,0.014161974467949454,0.05085146362188621,4,4
Viet Nam,SARS-CoV-2,13,0.03434133248969218,0.027345803548509462,0.040753439971735486,4,4
Viet Nam,SARS-CoV-2,14,0.021756963548824965,0.021407123981290983,0.02300572974502151,4,4
Viet Nam,SARS-CoV-2,15,0.015745376740360063,0.018025039616421386,0.012276909173926789,4,4
Viet Nam,SARS-CoV-2,16,0.037191482920486685,0.010053974763911566,0.06119883945463508,4,4
Viet Nam,SARS-CoV-2,17,0.04518508607342044,0.005280194209568007,0.08338440453454893,4,4
Viet Nam,SARS-CoV-2,18,0.03625498300247356,0.0012882263902907018,0.07079995735135686,4,4
Viet Nam,SARS-CoV-2,19,0.04322638181876509,0.00707129982583544,0.07689243909428979,4,4
Viet Nam,SARS-CoV-2,20,0.03634471688437112,0.010667939795836183,0.058761456517592195,4,4
Viet Nam,SARS-CoV-2,21,0.021341553144356266,0.0028800162609991407,0.03831215292280113,4,4
Viet Nam,SARS-CoV-2,22,0.013709136311154758,0.0014646909487051208,0.024925656839700668,4,4
Viet Nam,SARS-CoV-2,23,0.007972452384072584,0.0008586406479907259,0.014354896169820414,4,4
Viet Nam,SARS-CoV-2,24,0.005839047826569052,0.002419295779510073,0.008135369321474024,4,4
Viet Nam,SARS-CoV-2,25,0.004985328341937424,0.004653102158284547,0.00469382738489441,4,4
Viet Nam,SARS-CoV-2,26,0.003155070541770314,0.0032912799119951576,0.0021620667145354215,4,4
Viet Nam,SARS-CoV-2,27,0.002715434624615891,0.0025308598256913247,0.00283595152227101,4,4
Viet Nam,SARS-CoV-2,28,0.006977488095245687,0.006472965335813991,0.006382180203240384,4,4
Viet Nam,SARS-CoV-2,29,0.009335437126070706,0.005428450734566611,0.011351836922896846,4,4
Viet Nam,SARS-CoV-2,30,0.014714292474923278,0.013055593878719324,0.015726328210739198,4,4
Viet Nam,SARS-CoV-2,31,0.05211080089573792,0.04574679702512332,0.047986832082341384,4,4
Viet Nam,SARS-CoV-2,32,0.04662919734341942,0.01802811621865909,0.06959923707406745,4,4
Viet Nam,SARS-CoV-2,33,0.03458676170522646,0.021737156393321622,0.043192442265165075,4,4
Viet Nam,SARS-CoV-2,34,0.02411995888051161,0.02249672382693609,0.02525730007647438,4,4
Viet Nam,SARS-CoV-2,35,0.0179746194118436,0.009860743178243049,0.022902761414642637,4,4
Viet Nam,SARS-CoV-2,36,0.015354177344039367,0.004378873816195438,0.0235351635003117,4,4
Viet Nam,SARS-CoV-2,37,0.013255495609039523,0.004643232489129945,0.019223016644355325,4,4
Viet Nam,SARS-CoV-2,38,0.012102317881093736,0.0036847772789870615,0.018361436013636236,4,4
Viet Nam,SARS-CoV-2,39,0.00807541205921261,0.0010878963489303717,0.014256347855257612,4,4
Viet Nam,SARS-CoV-2,40,0.009438191259837173,0.009567092291987916,0.00973275990257571,4,4
Viet Nam,SARS-CoV-2,41,0.005838720067180209,0.004400241267187837,0.006113863055912092,4,4
Viet Nam,SARS-CoV-2,42,0.006860946593996741,0.006592117662266673,0.007599976978151309,4,4
Viet Nam,SARS-CoV-2,43,0.01039347131669776,0.0094080939051492,0.011830440196559714,4,4
Viet Nam,SARS-CoV-2,44,0.010184826198607697,0.006869579166087737,0.012824687763484895,4,4
Viet Nam,SARS-CoV-2,45,0.013803206973098515,0.011189584638304988,0.01636983992511559,4,4
Viet Nam,SARS-CoV-2,46,0.01842088910601655,0.01754282150014479,0.021166093601108805,4,4
Viet Nam,SARS-CoV-2,47,0.023375618445040647,0.013875002037287212,0.03104259096662845,4,4
Viet Nam,SARS-CoV-2,48,0.01995733313655652,0.011884742558376097,0.026447869801834552,4,4
Viet Nam,SARS-CoV-2,49,0.025126654447067822,0.01606425702811245,0.03038885948170638,3,3
Viet Nam,SARS-CoV-2,50,0.03088486611976672,0.020080321285140562,0.0372455358113487,3,3
Viet Nam,SARS-CoV-2,51,0.024660590259524055,0.0107095046854083,0.033725816445024606,3,3
Viet Nam,SARS-CoV-2,52,0.027579184800741733,0.019410977242302542,0.03234098981128586,3,3
Viet Nam,SARS-CoV-2,53,0.03614457831325301,0.03614457831325301,,1,1
