analysis_group,country,target_pathogen,forecast_horizon_weeks,model,ridge_lambda,validation_mae,status,message
exploratory_regional,Thailand,influenza,1,M1,1e-06,9.950791177846591,success,
exploratory_regional,Thailand,influenza,1,M1,1e-05,9.949121787212956,success,
exploratory_regional,Thailand,influenza,1,M1,0.0001,9.932890186212973,success,
exploratory_regional,Thailand,influenza,1,M1,0.001,9.806510446564685,success,
exploratory_regional,Thailand,influenza,1,M1,0.01,9.5753911599126,success,
exploratory_regional,Thailand,influenza,1,M1,0.1,9.6186002298018,success,
exploratory_regional,Thailand,influenza,1,M1,1.0,10.075486630230957,success,
exploratory_regional,Thailand,influenza,1,M1,10.0,11.572421081308823,success,
exploratory_regional,Thailand,influenza,1,M1,100.0,13.141738251507126,success,
exploratory_regional,Thailand,influenza,1,M1,1000.0,13.571994139511284,success,
exploratory_regional,Thailand,influenza,1,M2,1e-06,17.736388853292805,success,
exploratory_regional,Thailand,influenza,1,M2,1e-05,17.737376605598683,success,
exploratory_regional,Thailand,influenza,1,M2,0.0001,17.74696225108819,success,
exploratory_regional,Thailand,influenza,1,M2,0.001,17.819216767623512,success,
exploratory_regional,Thailand,influenza,1,M2,0.01,17.843506091733907,success,
exploratory_regional,Thailand,influenza,1,M2,0.1,15.975994372111627,success,
exploratory_regional,Thailand,influenza,1,M2,1.0,12.224949928647284,success,
exploratory_regional,Thailand,influenza,1,M2,10.0,11.671164661154215,success,
exploratory_regional,Thailand,influenza,1,M2,100.0,13.133537780664442,success,
exploratory_regional,Thailand,influenza,1,M2,1000.0,13.570197902749962,success,
exploratory_regional,Thailand,influenza,1,M3,1e-06,28.958180101377053,success,
exploratory_regional,Thailand,influenza,1,M3,1e-05,28.933876862403814,success,
exploratory_regional,Thailand,influenza,1,M3,0.0001,28.706552803111904,success,
exploratory_regional,Thailand,influenza,1,M3,0.001,27.3284399038919,success,
exploratory_regional,Thailand,influenza,1,M3,0.01,24.53202380099299,success,
exploratory_regional,Thailand,influenza,1,M3,0.1,19.65962608519128,success,
exploratory_regional,Thailand,influenza,1,M3,1.0,15.023295210191051,success,
exploratory_regional,Thailand,influenza,1,M3,10.0,13.099031059153358,success,
exploratory_regional,Thailand,influenza,1,M3,100.0,13.148682490672272,success,
exploratory_regional,Thailand,influenza,1,M3,1000.0,13.553666808749128,success,
exploratory_regional,Thailand,influenza,2,M1,1e-06,11.067055858580723,success,
exploratory_regional,Thailand,influenza,2,M1,1e-05,11.06363262041006,success,
exploratory_regional,Thailand,influenza,2,M1,0.0001,11.030450618987155,success,
exploratory_regional,Thailand,influenza,2,M1,0.001,10.778420669877633,success,
exploratory_regional,Thailand,influenza,2,M1,0.01,10.279753021507405,success,
exploratory_regional,Thailand,influenza,2,M1,0.1,10.331879138117445,success,
exploratory_regional,Thailand,influenza,2,M1,1.0,11.010995386596209,success,
exploratory_regional,Thailand,influenza,2,M1,10.0,12.332435545043088,success,
exploratory_regional,Thailand,influenza,2,M1,100.0,13.322397514981564,success,
exploratory_regional,Thailand,influenza,2,M1,1000.0,13.624833823882224,success,
exploratory_regional,Thailand,influenza,2,M2,1e-06,20.57841667507463,success,
exploratory_regional,Thailand,influenza,2,M2,1e-05,20.579859446417668,success,
exploratory_regional,Thailand,influenza,2,M2,0.0001,20.593882499649037,success,
exploratory_regional,Thailand,influenza,2,M2,0.001,20.726591337184793,success,
exploratory_regional,Thailand,influenza,2,M2,0.01,21.013347480841837,success,
exploratory_regional,Thailand,influenza,2,M2,0.1,18.706572465116228,success,
exploratory_regional,Thailand,influenza,2,M2,1.0,13.656540163612696,success,
exploratory_regional,Thailand,influenza,2,M2,10.0,12.319208850557443,success,
exploratory_regional,Thailand,influenza,2,M2,100.0,13.311807736964562,success,
exploratory_regional,Thailand,influenza,2,M2,1000.0,13.623188166393128,success,
exploratory_regional,Thailand,influenza,2,M3,1e-06,16.221331295300374,success,
exploratory_regional,Thailand,influenza,2,M3,1e-05,16.258398807856164,success,
exploratory_regional,Thailand,influenza,2,M3,0.0001,16.600548544828616,success,
exploratory_regional,Thailand,influenza,2,M3,0.001,18.651362827449322,success,
exploratory_regional,Thailand,influenza,2,M3,0.01,21.151544822848482,success,
exploratory_regional,Thailand,influenza,2,M3,0.1,19.657003720523953,success,
exploratory_regional,Thailand,influenza,2,M3,1.0,15.6252981925601,success,
exploratory_regional,Thailand,influenza,2,M3,10.0,13.542078106094964,success,
exploratory_regional,Thailand,influenza,2,M3,100.0,13.359319474755806,success,
exploratory_regional,Thailand,influenza,2,M3,1000.0,13.60961686041258,success,
exploratory_regional,Thailand,influenza,4,M1,1e-06,13.01871205938495,success,
exploratory_regional,Thailand,influenza,4,M1,1e-05,13.015512898681905,success,
exploratory_regional,Thailand,influenza,4,M1,0.0001,12.98451081463446,success,
exploratory_regional,Thailand,influenza,4,M1,0.001,12.750599855621118,success,
exploratory_regional,Thailand,influenza,4,M1,0.01,12.569765326334416,success,
exploratory_regional,Thailand,influenza,4,M1,0.1,12.764509538873812,success,
exploratory_regional,Thailand,influenza,4,M1,1.0,13.270205294974565,success,
exploratory_regional,Thailand,influenza,4,M1,10.0,13.699605568821381,success,
exploratory_regional,Thailand,influenza,4,M1,100.0,13.662555124028927,success,
exploratory_regional,Thailand,influenza,4,M1,1000.0,13.717274236634413,success,
exploratory_regional,Thailand,influenza,4,M2,1e-06,21.37932411433988,success,
exploratory_regional,Thailand,influenza,4,M2,1e-05,21.380984559010795,success,
exploratory_regional,Thailand,influenza,4,M2,0.0001,21.39716380115233,success,
exploratory_regional,Thailand,influenza,4,M2,0.001,21.55187211144725,success,
exploratory_regional,Thailand,influenza,4,M2,0.01,21.875255310427594,success,
exploratory_regional,Thailand,influenza,4,M2,0.1,20.331519620499588,success,
exploratory_regional,Thailand,influenza,4,M2,1.0,15.687687435995125,success,
exploratory_regional,Thailand,influenza,4,M2,10.0,13.45510821057335,success,
exploratory_regional,Thailand,influenza,4,M2,100.0,13.642796666112513,success,
exploratory_regional,Thailand,influenza,4,M2,1000.0,13.715693685533386,success,
exploratory_regional,Thailand,influenza,4,M3,1e-06,28.486079288447176,success,
exploratory_regional,Thailand,influenza,4,M3,1e-05,28.484573929648917,success,
exploratory_regional,Thailand,influenza,4,M3,0.0001,28.468248732692203,success,
exploratory_regional,Thailand,influenza,4,M3,0.001,28.22769408392835,success,
exploratory_regional,Thailand,influenza,4,M3,0.01,25.382774652064754,success,
exploratory_regional,Thailand,influenza,4,M3,0.1,18.621101818299127,success,
exploratory_regional,Thailand,influenza,4,M3,1.0,15.345616378272778,success,
exploratory_regional,Thailand,influenza,4,M3,10.0,13.802541648123203,success,
exploratory_regional,Thailand,influenza,4,M3,100.0,13.619987972997373,success,
exploratory_regional,Thailand,influenza,4,M3,1000.0,13.706947772801342,success,
exploratory_regional,Thailand,rsv,1,M1,1e-06,5.750770835862108,success,
exploratory_regional,Thailand,rsv,1,M1,1e-05,5.745855752659381,success,
exploratory_regional,Thailand,rsv,1,M1,0.0001,5.700909328294783,success,
exploratory_regional,Thailand,rsv,1,M1,0.001,5.596957726145398,success,
exploratory_regional,Thailand,rsv,1,M1,0.01,5.461210109301211,success,
exploratory_regional,Thailand,rsv,1,M1,0.1,5.082751384654929,success,
exploratory_regional,Thailand,rsv,1,M1,1.0,5.200892497652454,success,
exploratory_regional,Thailand,rsv,1,M1,10.0,9.167119433696802,success,
exploratory_regional,Thailand,rsv,1,M1,100.0,13.358875664764176,success,
exploratory_regional,Thailand,rsv,1,M1,1000.0,14.049974715707346,success,
exploratory_regional,Thailand,rsv,1,M2,1e-06,23.208218084165967,success,
exploratory_regional,Thailand,rsv,1,M2,1e-05,23.177324605563445,success,
exploratory_regional,Thailand,rsv,1,M2,0.0001,22.884527531456754,success,
exploratory_regional,Thailand,rsv,1,M2,0.001,20.71063330083243,success,
exploratory_regional,Thailand,rsv,1,M2,0.01,11.37501380536101,success,
exploratory_regional,Thailand,rsv,1,M2,0.1,5.090119860302625,success,
exploratory_regional,Thailand,rsv,1,M2,1.0,4.56992241898786,success,
exploratory_regional,Thailand,rsv,1,M2,10.0,8.50776610627518,success,
exploratory_regional,Thailand,rsv,1,M2,100.0,13.212543792474952,success,
exploratory_regional,Thailand,rsv,1,M2,1000.0,14.033848309583318,success,
exploratory_regional,Thailand,rsv,1,M3,1e-06,51.56306640770463,success,
exploratory_regional,Thailand,rsv,1,M3,1e-05,51.186579463799745,success,
exploratory_regional,Thailand,rsv,1,M3,0.0001,47.696456959129435,success,
exploratory_regional,Thailand,rsv,1,M3,0.001,28.41585962308911,success,
exploratory_regional,Thailand,rsv,1,M3,0.01,7.540418309810422,success,
exploratory_regional,Thailand,rsv,1,M3,0.1,4.273721315165238,success,
exploratory_regional,Thailand,rsv,1,M3,1.0,4.897459702272234,success,
exploratory_regional,Thailand,rsv,1,M3,10.0,8.653174619583055,success,
exploratory_regional,Thailand,rsv,1,M3,100.0,13.123396547442928,success,
exploratory_regional,Thailand,rsv,1,M3,1000.0,14.021357799407799,success,
exploratory_regional,Thailand,rsv,2,M1,1e-06,6.597230058928369,success,
exploratory_regional,Thailand,rsv,2,M1,1e-05,6.597128919873009,success,
exploratory_regional,Thailand,rsv,2,M1,0.0001,6.59611097131865,success,
exploratory_regional,Thailand,rsv,2,M1,0.001,6.585853664134934,success,
exploratory_regional,Thailand,rsv,2,M1,0.01,6.482873667337918,success,
exploratory_regional,Thailand,rsv,2,M1,0.1,5.894236719671932,success,
exploratory_regional,Thailand,rsv,2,M1,1.0,5.951895196900206,success,
exploratory_regional,Thailand,rsv,2,M1,10.0,10.025534234922317,success,
exploratory_regional,Thailand,rsv,2,M1,100.0,13.785338073477067,success,
exploratory_regional,Thailand,rsv,2,M1,1000.0,14.406351646922428,success,
exploratory_regional,Thailand,rsv,2,M2,1e-06,47.12827450541574,success,
exploratory_regional,Thailand,rsv,2,M2,1e-05,47.062638019086776,success,
exploratory_regional,Thailand,rsv,2,M2,0.0001,46.417327949021164,success,
exploratory_regional,Thailand,rsv,2,M2,0.001,40.843428284381055,success,
exploratory_regional,Thailand,rsv,2,M2,0.01,18.5784156778837,success,
exploratory_regional,Thailand,rsv,2,M2,0.1,5.868504894619011,success,
exploratory_regional,Thailand,rsv,2,M2,1.0,4.948426953143896,success,
exploratory_regional,Thailand,rsv,2,M2,10.0,9.22366661079088,success,
exploratory_regional,Thailand,rsv,2,M2,100.0,13.63051046194698,success,
exploratory_regional,Thailand,rsv,2,M2,1000.0,14.389486242871124,success,
exploratory_regional,Thailand,rsv,2,M3,1e-06,17.38844452155614,success,
exploratory_regional,Thailand,rsv,2,M3,1e-05,17.353221844820016,success,
exploratory_regional,Thailand,rsv,2,M3,0.0001,17.028869759913828,success,
exploratory_regional,Thailand,rsv,2,M3,0.001,14.933862744963934,success,
exploratory_regional,Thailand,rsv,2,M3,0.01,8.62333494383158,success,
exploratory_regional,Thailand,rsv,2,M3,0.1,5.548633886120425,success,
exploratory_regional,Thailand,rsv,2,M3,1.0,5.509362928653855,success,
exploratory_regional,Thailand,rsv,2,M3,10.0,9.394918232881382,success,
exploratory_regional,Thailand,rsv,2,M3,100.0,13.604075693124573,success,
exploratory_regional,Thailand,rsv,2,M3,1000.0,14.384783075183183,success,
exploratory_regional,Thailand,rsv,4,M1,1e-06,9.82002843672725,success,
exploratory_regional,Thailand,rsv,4,M1,1e-05,9.819774515429673,success,
exploratory_regional,Thailand,rsv,4,M1,0.0001,9.817210059224683,success,
exploratory_regional,Thailand,rsv,4,M1,0.001,9.789994268011688,success,
exploratory_regional,Thailand,rsv,4,M1,0.01,9.518971682696488,success,
exploratory_regional,Thailand,rsv,4,M1,0.1,8.281634369178958,success,
exploratory_regional,Thailand,rsv,4,M1,1.0,8.659941070521798,success,
exploratory_regional,Thailand,rsv,4,M1,10.0,12.225321477828347,success,
exploratory_regional,Thailand,rsv,4,M1,100.0,14.913626143891216,success,
exploratory_regional,Thailand,rsv,4,M1,1000.0,15.383832817003594,success,
exploratory_regional,Thailand,rsv,4,M2,1e-06,54.232582840215095,success,
exploratory_regional,Thailand,rsv,4,M2,1e-05,54.16562253998799,success,
exploratory_regional,Thailand,rsv,4,M2,0.0001,53.50953045210363,success,
exploratory_regional,Thailand,rsv,4,M2,0.001,47.95073902597788,success,
exploratory_regional,Thailand,rsv,4,M2,0.01,24.84934811605194,success,
exploratory_regional,Thailand,rsv,4,M2,0.1,8.166282367153691,success,
exploratory_regional,Thailand,rsv,4,M2,1.0,6.259703558567348,success,
exploratory_regional,Thailand,rsv,4,M2,10.0,11.11854461760658,success,
exploratory_regional,Thailand,rsv,4,M2,100.0,14.738262650498706,success,
exploratory_regional,Thailand,rsv,4,M2,1000.0,15.364658780659054,success,
exploratory_regional,Thailand,rsv,4,M3,1e-06,83.64156973039957,success,
exploratory_regional,Thailand,rsv,4,M3,1e-05,83.26411403808471,success,
exploratory_regional,Thailand,rsv,4,M3,0.0001,79.75014388891073,success,
exploratory_regional,Thailand,rsv,4,M3,0.001,57.68424641098627,success,
exploratory_regional,Thailand,rsv,4,M3,0.01,21.33713352998743,success,
exploratory_regional,Thailand,rsv,4,M3,0.1,8.855431701315743,success,
exploratory_regional,Thailand,rsv,4,M3,1.0,7.0895156556920815,success,
exploratory_regional,Thailand,rsv,4,M3,10.0,11.082022246240392,success,
exploratory_regional,Thailand,rsv,4,M3,100.0,14.760611808017023,success,
exploratory_regional,Thailand,rsv,4,M3,1000.0,15.368096882683862,success,
exploratory_regional,Thailand,sarscov2,1,M1,1e-06,295.2220028707876,success,
exploratory_regional,Thailand,sarscov2,1,M1,1e-05,295.0396209912846,success,
exploratory_regional,Thailand,sarscov2,1,M1,0.0001,293.332404518475,success,
exploratory_regional,Thailand,sarscov2,1,M1,0.001,283.84122965456595,success,
exploratory_regional,Thailand,sarscov2,1,M1,0.01,273.9634080464873,success,
exploratory_regional,Thailand,sarscov2,1,M1,0.1,287.7539720699957,success,
exploratory_regional,Thailand,sarscov2,1,M1,1.0,329.79002270378237,success,
exploratory_regional,Thailand,sarscov2,1,M1,10.0,414.0004739974207,success,
exploratory_regional,Thailand,sarscov2,1,M1,100.0,465.7550523076574,success,
exploratory_regional,Thailand,sarscov2,1,M1,1000.0,474.29067913275,success,
exploratory_regional,Thailand,sarscov2,1,M2,1e-06,262.43439625382894,success,
exploratory_regional,Thailand,sarscov2,1,M2,1e-05,262.35277298481805,success,
exploratory_regional,Thailand,sarscov2,1,M2,0.0001,261.5904239808479,success,
exploratory_regional,Thailand,sarscov2,1,M2,0.001,257.31530258420713,success,
exploratory_regional,Thailand,sarscov2,1,M2,0.01,253.14878379436948,success,
exploratory_regional,Thailand,sarscov2,1,M2,0.1,264.50006531279575,success,
exploratory_regional,Thailand,sarscov2,1,M2,1.0,308.05578477706683,success,
exploratory_regional,Thailand,sarscov2,1,M2,10.0,396.6779807308662,success,
exploratory_regional,Thailand,sarscov2,1,M2,100.0,462.3092390757981,success,
exploratory_regional,Thailand,sarscov2,1,M2,1000.0,473.92003289530993,success,
exploratory_regional,Thailand,sarscov2,1,M3,1e-06,647.4662477163108,success,
exploratory_regional,Thailand,sarscov2,1,M3,1e-05,646.6313267704586,success,
exploratory_regional,Thailand,sarscov2,1,M3,0.0001,638.817819957547,success,
exploratory_regional,Thailand,sarscov2,1,M3,0.001,595.864112150923,success,
exploratory_regional,Thailand,sarscov2,1,M3,0.01,528.7399815090529,success,
exploratory_regional,Thailand,sarscov2,1,M3,0.1,385.176505310093,success,
exploratory_regional,Thailand,sarscov2,1,M3,1.0,329.1517740343189,success,
exploratory_regional,Thailand,sarscov2,1,M3,10.0,384.8250503192539,success,
exploratory_regional,Thailand,sarscov2,1,M3,100.0,453.7103831290929,success,
exploratory_regional,Thailand,sarscov2,1,M3,1000.0,472.8174321677389,success,
exploratory_regional,Thailand,sarscov2,2,M1,1e-06,357.2480210684191,success,
exploratory_regional,Thailand,sarscov2,2,M1,1e-05,357.1171108277313,success,
exploratory_regional,Thailand,sarscov2,2,M1,0.0001,355.829025304451,success,
exploratory_regional,Thailand,sarscov2,2,M1,0.001,348.4425007601025,success,
exploratory_regional,Thailand,sarscov2,2,M1,0.01,341.2627940170606,success,
exploratory_regional,Thailand,sarscov2,2,M1,0.1,350.2736052658808,success,
exploratory_regional,Thailand,sarscov2,2,M1,1.0,369.6251321880103,success,
exploratory_regional,Thailand,sarscov2,2,M1,10.0,434.5568408941767,success,
exploratory_regional,Thailand,sarscov2,2,M1,100.0,471.18204385942045,success,
exploratory_regional,Thailand,sarscov2,2,M1,1000.0,476.72483376024115,success,
exploratory_regional,Thailand,sarscov2,2,M2,1e-06,328.73615614269477,success,
exploratory_regional,Thailand,sarscov2,2,M2,1e-05,328.6604064032578,success,
exploratory_regional,Thailand,sarscov2,2,M2,0.0001,327.94836388683115,success,
exploratory_regional,Thailand,sarscov2,2,M2,0.001,323.6962086477946,success,
exploratory_regional,Thailand,sarscov2,2,M2,0.01,318.38573538983377,success,
exploratory_regional,Thailand,sarscov2,2,M2,0.1,322.21162384771856,success,
exploratory_regional,Thailand,sarscov2,2,M2,1.0,337.96906524044323,success,
exploratory_regional,Thailand,sarscov2,2,M2,10.0,412.97227335172744,success,
exploratory_regional,Thailand,sarscov2,2,M2,100.0,467.5202908556882,success,
exploratory_regional,Thailand,sarscov2,2,M2,1000.0,476.34273284452166,success,
exploratory_regional,Thailand,sarscov2,2,M3,1e-06,613.0390995567403,success,
exploratory_regional,Thailand,sarscov2,2,M3,1e-05,612.573814665076,success,
exploratory_regional,Thailand,sarscov2,2,M3,0.0001,608.1963579658186,success,
exploratory_regional,Thailand,sarscov2,2,M3,0.001,578.267311745993,success,
exploratory_regional,Thailand,sarscov2,2,M3,0.01,499.12902746539197,success,
exploratory_regional,Thailand,sarscov2,2,M3,0.1,401.53839366895437,success,
exploratory_regional,Thailand,sarscov2,2,M3,1.0,351.47359857803053,success,
exploratory_regional,Thailand,sarscov2,2,M3,10.0,392.1370494011369,success,
exploratory_regional,Thailand,sarscov2,2,M3,100.0,457.72174033233574,success,
exploratory_regional,Thailand,sarscov2,2,M3,1000.0,475.20846536418253,success,
exploratory_regional,Thailand,sarscov2,4,M1,1e-06,431.66419932994273,success,
exploratory_regional,Thailand,sarscov2,4,M1,1e-05,431.7266240891659,success,
exploratory_regional,Thailand,sarscov2,4,M1,0.0001,432.33270047071403,success,
exploratory_regional,Thailand,sarscov2,4,M1,0.001,436.5612973655224,success,
exploratory_regional,Thailand,sarscov2,4,M1,0.01,444.7361665999511,success,
exploratory_regional,Thailand,sarscov2,4,M1,0.1,452.3218647521878,success,
exploratory_regional,Thailand,sarscov2,4,M1,1.0,439.6847953536989,success,
exploratory_regional,Thailand,sarscov2,4,M1,10.0,467.64426528669054,success,
exploratory_regional,Thailand,sarscov2,4,M1,100.0,482.22544284286295,success,
exploratory_regional,Thailand,sarscov2,4,M1,1000.0,484.151967718228,success,
exploratory_regional,Thailand,sarscov2,4,M2,1e-06,364.2079336799473,success,
exploratory_regional,Thailand,sarscov2,4,M2,1e-05,364.4247942959458,success,
exploratory_regional,Thailand,sarscov2,4,M2,0.0001,366.4556233476703,success,
exploratory_regional,Thailand,sarscov2,4,M2,0.001,378.54136679934646,success,
exploratory_regional,Thailand,sarscov2,4,M2,0.01,394.7869374800617,success,
exploratory_regional,Thailand,sarscov2,4,M2,0.1,396.8867409513814,success,
exploratory_regional,Thailand,sarscov2,4,M2,1.0,380.439257511871,success,
exploratory_regional,Thailand,sarscov2,4,M2,10.0,435.5256694325459,success,
exploratory_regional,Thailand,sarscov2,4,M2,100.0,478.1801308271774,success,
exploratory_regional,Thailand,sarscov2,4,M2,1000.0,483.73799146189964,success,
exploratory_regional,Thailand,sarscov2,4,M3,1e-06,652.953647581394,success,
exploratory_regional,Thailand,sarscov2,4,M3,1e-05,652.7960552762864,success,
exploratory_regional,Thailand,sarscov2,4,M3,0.0001,651.2728532914878,success,
exploratory_regional,Thailand,sarscov2,4,M3,0.001,637.1221831491567,success,
exploratory_regional,Thailand,sarscov2,4,M3,0.01,569.637090676975,success,
exploratory_regional,Thailand,sarscov2,4,M3,0.1,468.810404796655,success,
exploratory_regional,Thailand,sarscov2,4,M3,1.0,387.6436679470909,success,
exploratory_regional,Thailand,sarscov2,4,M3,10.0,408.1808649630057,success,
exploratory_regional,Thailand,sarscov2,4,M3,100.0,468.1525132555079,success,
exploratory_regional,Thailand,sarscov2,4,M3,1000.0,482.6280250885724,success,
primary_regional,Brunei Darussalam,influenza,1,M1,1e-06,2577.1938841558504,success,
primary_regional,Brunei Darussalam,influenza,1,M1,1e-05,951.6060068652272,success,
primary_regional,Brunei Darussalam,influenza,1,M1,0.0001,28.763595693963104,success,
primary_regional,Brunei Darussalam,influenza,1,M1,0.001,5.4267380908563325,success,
primary_regional,Brunei Darussalam,influenza,1,M1,0.01,3.8324718567987537,success,
primary_regional,Brunei Darussalam,influenza,1,M1,0.1,3.1209013692130747,success,
primary_regional,Brunei Darussalam,influenza,1,M1,1.0,3.9491643983411087,success,
primary_regional,Brunei Darussalam,influenza,1,M1,10.0,4.313100181183929,success,
primary_regional,Brunei Darussalam,influenza,1,M1,100.0,4.334745944812216,success,
primary_regional,Brunei Darussalam,influenza,1,M1,1000.0,4.336281637094705,success,
primary_regional,Brunei Darussalam,influenza,1,M2,1e-06,14.427391525333862,success,
primary_regional,Brunei Darussalam,influenza,1,M2,1e-05,11.862513120650219,success,
primary_regional,Brunei Darussalam,influenza,1,M2,0.0001,6.881996169808151,success,
primary_regional,Brunei Darussalam,influenza,1,M2,0.001,5.521062943486484,success,
primary_regional,Brunei Darussalam,influenza,1,M2,0.01,3.204907500317278,success,
primary_regional,Brunei Darussalam,influenza,1,M2,0.1,3.2530122242962825,success,
primary_regional,Brunei Darussalam,influenza,1,M2,1.0,4.088841346651422,success,
primary_regional,Brunei Darussalam,influenza,1,M2,10.0,4.330890947746467,success,
primary_regional,Brunei Darussalam,influenza,1,M2,100.0,4.336658716020615,success,
primary_regional,Brunei Darussalam,influenza,1,M2,1000.0,4.336464509831183,success,
primary_regional,Brunei Darussalam,influenza,1,M3,1e-06,5.292703299625047,success,
primary_regional,Brunei Darussalam,influenza,1,M3,1e-05,14.116565613809039,success,
primary_regional,Brunei Darussalam,influenza,1,M3,0.0001,14.856829174718284,success,
primary_regional,Brunei Darussalam,influenza,1,M3,0.001,4.503538071314898,success,
primary_regional,Brunei Darussalam,influenza,1,M3,0.01,4.027833592103499,success,
primary_regional,Brunei Darussalam,influenza,1,M3,0.1,3.7468145831020863,success,
primary_regional,Brunei Darussalam,influenza,1,M3,1.0,3.652433415161187,success,
primary_regional,Brunei Darussalam,influenza,1,M3,10.0,4.222619735690196,success,
primary_regional,Brunei Darussalam,influenza,1,M3,100.0,4.3251394743707845,success,
primary_regional,Brunei Darussalam,influenza,1,M3,1000.0,4.335310575250924,success,
primary_regional,Brunei Darussalam,influenza,2,M1,1e-06,146776.75124974208,success,
primary_regional,Brunei Darussalam,influenza,2,M1,1e-05,67592.5181444945,success,
primary_regional,Brunei Darussalam,influenza,2,M1,0.0001,2215.5970143910336,success,
primary_regional,Brunei Darussalam,influenza,2,M1,0.001,28.736878586250214,success,
primary_regional,Brunei Darussalam,influenza,2,M1,0.01,4.243659585137953,success,
primary_regional,Brunei Darussalam,influenza,2,M1,0.1,3.429165243270795,success,
primary_regional,Brunei Darussalam,influenza,2,M1,1.0,3.916299604471076,success,
primary_regional,Brunei Darussalam,influenza,2,M1,10.0,4.283347970899823,success,
primary_regional,Brunei Darussalam,influenza,2,M1,100.0,4.320953386240979,success,
primary_regional,Brunei Darussalam,influenza,2,M1,1000.0,4.324487819108682,success,
primary_regional,Brunei Darussalam,influenza,2,M2,1e-06,13.734053981920683,success,
primary_regional,Brunei Darussalam,influenza,2,M2,1e-05,13.7178537075897,success,
primary_regional,Brunei Darussalam,influenza,2,M2,0.0001,14.912735327143425,success,
primary_regional,Brunei Darussalam,influenza,2,M2,0.001,8.87953256457598,success,
primary_regional,Brunei Darussalam,influenza,2,M2,0.01,3.5082802920722975,success,
primary_regional,Brunei Darussalam,influenza,2,M2,0.1,3.5953420089919623,success,
primary_regional,Brunei Darussalam,influenza,2,M2,1.0,4.072137162126941,success,
primary_regional,Brunei Darussalam,influenza,2,M2,10.0,4.302332459197724,success,
primary_regional,Brunei Darussalam,influenza,2,M2,100.0,4.322917824839231,success,
primary_regional,Brunei Darussalam,influenza,2,M2,1000.0,4.324684616439127,success,
primary_regional,Brunei Darussalam,influenza,2,M3,1e-06,200621.76177716113,success,
primary_regional,Brunei Darussalam,influenza,2,M3,1e-05,4389.615216822729,success,
primary_regional,Brunei Darussalam,influenza,2,M3,0.0001,40.18469967384053,success,
primary_regional,Brunei Darussalam,influenza,2,M3,0.001,4.635633551887672,success,
primary_regional,Brunei Darussalam,influenza,2,M3,0.01,4.8799081111372375,success,
primary_regional,Brunei Darussalam,influenza,2,M3,0.1,4.517240647708563,success,
primary_regional,Brunei Darussalam,influenza,2,M3,1.0,3.81989478637873,success,
primary_regional,Brunei Darussalam,influenza,2,M3,10.0,4.197688562297469,success,
primary_regional,Brunei Darussalam,influenza,2,M3,100.0,4.311379522856655,success,
primary_regional,Brunei Darussalam,influenza,2,M3,1000.0,4.3235203503637205,success,
primary_regional,Brunei Darussalam,influenza,4,M1,1e-06,14402.034994163563,success,
primary_regional,Brunei Darussalam,influenza,4,M1,1e-05,10038.014129058805,success,
primary_regional,Brunei Darussalam,influenza,4,M1,0.0001,1426.8156444522087,success,
primary_regional,Brunei Darussalam,influenza,4,M1,0.001,38.223674103215195,success,
primary_regional,Brunei Darussalam,influenza,4,M1,0.01,3.8512056954708074,success,
primary_regional,Brunei Darussalam,influenza,4,M1,0.1,3.570497047127766,success,
primary_regional,Brunei Darussalam,influenza,4,M1,1.0,3.8977809994626,success,
primary_regional,Brunei Darussalam,influenza,4,M1,10.0,4.243464546523116,success,
primary_regional,Brunei Darussalam,influenza,4,M1,100.0,4.295006357773643,success,
primary_regional,Brunei Darussalam,influenza,4,M1,1000.0,4.300405627713316,success,
primary_regional,Brunei Darussalam,influenza,4,M2,1e-06,10541.899129236706,success,
primary_regional,Brunei Darussalam,influenza,4,M2,1e-05,5423.833026236742,success,
primary_regional,Brunei Darussalam,influenza,4,M2,0.0001,470.37548260859177,success,
primary_regional,Brunei Darussalam,influenza,4,M2,0.001,18.830015401250385,success,
primary_regional,Brunei Darussalam,influenza,4,M2,0.01,3.9213143013117415,success,
primary_regional,Brunei Darussalam,influenza,4,M2,0.1,4.155605403566789,success,
primary_regional,Brunei Darussalam,influenza,4,M2,1.0,4.099726423629803,success,
primary_regional,Brunei Darussalam,influenza,4,M2,10.0,4.264413904381616,success,
primary_regional,Brunei Darussalam,influenza,4,M2,100.0,4.297077099769535,success,
primary_regional,Brunei Darussalam,influenza,4,M2,1000.0,4.3006078866463655,success,
primary_regional,Brunei Darussalam,influenza,4,M3,1e-06,448812904.40755725,success,
primary_regional,Brunei Darussalam,influenza,4,M3,1e-05,11989.056880392836,success,
primary_regional,Brunei Darussalam,influenza,4,M3,0.0001,5.389433860342873,success,
primary_regional,Brunei Darussalam,influenza,4,M3,0.001,5.4849806959683765,success,
primary_regional,Brunei Darussalam,influenza,4,M3,0.01,5.4183703139153785,success,
primary_regional,Brunei Darussalam,influenza,4,M3,0.1,5.102038655891985,success,
primary_regional,Brunei Darussalam,influenza,4,M3,1.0,4.175785581906917,success,
primary_regional,Brunei Darussalam,influenza,4,M3,10.0,4.209522318980794,success,
primary_regional,Brunei Darussalam,influenza,4,M3,100.0,4.2901688061594605,success,
primary_regional,Brunei Darussalam,influenza,4,M3,1000.0,4.299901678607066,success,
primary_regional,Brunei Darussalam,rsv,1,M1,1e-06,1138.1817794276217,success,
primary_regional,Brunei Darussalam,rsv,1,M1,1e-05,1135.7826419495527,success,
primary_regional,Brunei Darussalam,rsv,1,M1,0.0001,1115.0048712432213,success,
primary_regional,Brunei Darussalam,rsv,1,M1,0.001,1001.2064635374783,success,
primary_regional,Brunei Darussalam,rsv,1,M1,0.01,633.9398862874789,success,
primary_regional,Brunei Darussalam,rsv,1,M1,0.1,95.45633075611703,success,
primary_regional,Brunei Darussalam,rsv,1,M1,1.0,1.9215947887467044,success,
primary_regional,Brunei Darussalam,rsv,1,M1,10.0,3.3050340096077706,success,
primary_regional,Brunei Darussalam,rsv,1,M1,100.0,3.4036908178040344,success,
primary_regional,Brunei Darussalam,rsv,1,M1,1000.0,3.412404619567927,success,
primary_regional,Brunei Darussalam,rsv,1,M2,1e-06,779.1427362187244,success,
primary_regional,Brunei Darussalam,rsv,1,M2,1e-05,780.7293018524189,success,
primary_regional,Brunei Darussalam,rsv,1,M2,0.0001,793.1038724513702,success,
primary_regional,Brunei Darussalam,rsv,1,M2,0.001,768.8525062162737,success,
primary_regional,Brunei Darussalam,rsv,1,M2,0.01,314.98643405955085,success,
primary_regional,Brunei Darussalam,rsv,1,M2,0.1,45.67845296656002,success,
primary_regional,Brunei Darussalam,rsv,1,M2,1.0,1.8276386257583042,success,
primary_regional,Brunei Darussalam,rsv,1,M2,10.0,3.3082160854975937,success,
primary_regional,Brunei Darussalam,rsv,1,M2,100.0,3.4038544612319614,success,
primary_regional,Brunei Darussalam,rsv,1,M2,1000.0,3.412419911331634,success,
primary_regional,Brunei Darussalam,rsv,1,M3,1e-06,5440.333703361879,success,
primary_regional,Brunei Darussalam,rsv,1,M3,1e-05,4813.297712843814,success,
primary_regional,Brunei Darussalam,rsv,1,M3,0.0001,2506.6084868874987,success,
primary_regional,Brunei Darussalam,rsv,1,M3,0.001,1287.820055803991,success,
primary_regional,Brunei Darussalam,rsv,1,M3,0.01,214.6600259636841,success,
primary_regional,Brunei Darussalam,rsv,1,M3,0.1,16.990754467420377,success,
primary_regional,Brunei Darussalam,rsv,1,M3,1.0,1.949176158316812,success,
primary_regional,Brunei Darussalam,rsv,1,M3,10.0,3.2919715726156857,success,
primary_regional,Brunei Darussalam,rsv,1,M3,100.0,3.4020834855639914,success,
primary_regional,Brunei Darussalam,rsv,1,M3,1000.0,3.4122420325428404,success,
primary_regional,Brunei Darussalam,rsv,2,M1,1e-06,2031.5865992350334,success,
primary_regional,Brunei Darussalam,rsv,2,M1,1e-05,2004.1702324516873,success,
primary_regional,Brunei Darussalam,rsv,2,M1,0.0001,1783.464443084461,success,
primary_regional,Brunei Darussalam,rsv,2,M1,0.001,1138.2277164464774,success,
primary_regional,Brunei Darussalam,rsv,2,M1,0.01,687.6116044571535,success,
primary_regional,Brunei Darussalam,rsv,2,M1,0.1,136.85045440816629,success,
primary_regional,Brunei Darussalam,rsv,2,M1,1.0,2.257476389538002,success,
primary_regional,Brunei Darussalam,rsv,2,M1,10.0,3.2928736337535827,success,
primary_regional,Brunei Darussalam,rsv,2,M1,100.0,3.4004206676772353,success,
primary_regional,Brunei Darussalam,rsv,2,M1,1000.0,3.4097776306075795,success,
primary_regional,Brunei Darussalam,rsv,2,M2,1e-06,150.14202750956952,success,
primary_regional,Brunei Darussalam,rsv,2,M2,1e-05,150.52342209329157,success,
primary_regional,Brunei Darussalam,rsv,2,M2,0.0001,153.7798257910881,success,
primary_regional,Brunei Darussalam,rsv,2,M2,0.001,164.1900597377282,success,
primary_regional,Brunei Darussalam,rsv,2,M2,0.01,143.95194732915317,success,
primary_regional,Brunei Darussalam,rsv,2,M2,0.1,52.08351333564107,success,
primary_regional,Brunei Darussalam,rsv,2,M2,1.0,2.01936630668003,success,
primary_regional,Brunei Darussalam,rsv,2,M2,10.0,3.2964031954057122,success,
primary_regional,Brunei Darussalam,rsv,2,M2,100.0,3.4005909165243358,success,
primary_regional,Brunei Darussalam,rsv,2,M2,1000.0,3.409793072350449,success,
primary_regional,Brunei Darussalam,rsv,2,M3,1e-06,199.08645044673665,success,
primary_regional,Brunei Darussalam,rsv,2,M3,1e-05,160.93441080101778,success,
primary_regional,Brunei Darussalam,rsv,2,M3,0.0001,64.11988585733263,success,
primary_regional,Brunei Darussalam,rsv,2,M3,0.001,11.796763296624038,success,
primary_regional,Brunei Darussalam,rsv,2,M3,0.01,6.730046932630606,success,
primary_regional,Brunei Darussalam,rsv,2,M3,0.1,5.647758858095164,success,
primary_regional,Brunei Darussalam,rsv,2,M3,1.0,2.186431597656401,success,
primary_regional,Brunei Darussalam,rsv,2,M3,10.0,3.283309812558286,success,
primary_regional,Brunei Darussalam,rsv,2,M3,100.0,3.398790927635817,success,
primary_regional,Brunei Darussalam,rsv,2,M3,1000.0,3.409609575335266,success,
primary_regional,Brunei Darussalam,rsv,4,M1,1e-06,215431.88986568883,success,
primary_regional,Brunei Darussalam,rsv,4,M1,1e-05,177328.6468890328,success,
primary_regional,Brunei Darussalam,rsv,4,M1,0.0001,54492.58713869277,success,
primary_regional,Brunei Darussalam,rsv,4,M1,0.001,4603.628429354629,success,
primary_regional,Brunei Darussalam,rsv,4,M1,0.01,1097.4897303849643,success,
primary_regional,Brunei Darussalam,rsv,4,M1,0.1,226.4290936282711,success,
primary_regional,Brunei Darussalam,rsv,4,M1,1.0,3.11861191648965,success,
primary_regional,Brunei Darussalam,rsv,4,M1,10.0,3.300163737007617,success,
primary_regional,Brunei Darussalam,rsv,4,M1,100.0,3.4048535695588615,success,
primary_regional,Brunei Darussalam,rsv,4,M1,1000.0,3.4137461852729416,success,
primary_regional,Brunei Darussalam,rsv,4,M2,1e-06,307178.28589682456,success,
primary_regional,Brunei Darussalam,rsv,4,M2,1e-05,217585.2538352334,success,
primary_regional,Brunei Darussalam,rsv,4,M2,0.0001,32212.242983519332,success,
primary_regional,Brunei Darussalam,rsv,4,M2,0.001,1178.3682876003838,success,
primary_regional,Brunei Darussalam,rsv,4,M2,0.01,222.129407160062,success,
primary_regional,Brunei Darussalam,rsv,4,M2,0.1,67.917482844375,success,
primary_regional,Brunei Darussalam,rsv,4,M2,1.0,2.5570540992461868,success,
primary_regional,Brunei Darussalam,rsv,4,M2,10.0,3.3041404691525647,success,
primary_regional,Brunei Darussalam,rsv,4,M2,100.0,3.4050404260809697,success,
primary_regional,Brunei Darussalam,rsv,4,M2,1000.0,3.41376135183413,success,
primary_regional,Brunei Darussalam,rsv,4,M3,1e-06,142.48315549585885,success,
primary_regional,Brunei Darussalam,rsv,4,M3,1e-05,52.12679117537938,success,
primary_regional,Brunei Darussalam,rsv,4,M3,0.0001,6.025757118090548,success,
primary_regional,Brunei Darussalam,rsv,4,M3,0.001,3.63086591483936,success,
primary_regional,Brunei Darussalam,rsv,4,M3,0.01,3.3786295664087262,success,
primary_regional,Brunei Darussalam,rsv,4,M3,0.1,2.4971532415351345,success,
primary_regional,Brunei Darussalam,rsv,4,M3,1.0,2.473908477155057,success,
primary_regional,Brunei Darussalam,rsv,4,M3,10.0,3.2974010065338386,success,
primary_regional,Brunei Darussalam,rsv,4,M3,100.0,3.4034052732232487,success,
primary_regional,Brunei Darussalam,rsv,4,M3,1000.0,3.4135903485908083,success,
primary_regional,Brunei Darussalam,sarscov2,1,M1,1e-06,2452.653788364995,success,
primary_regional,Brunei Darussalam,sarscov2,1,M1,1e-05,2420.107253666416,success,
primary_regional,Brunei Darussalam,sarscov2,1,M1,0.0001,2144.7636429148174,success,
primary_regional,Brunei Darussalam,sarscov2,1,M1,0.001,1262.5048832779069,success,
primary_regional,Brunei Darussalam,sarscov2,1,M1,0.01,1125.0426977946784,success,
primary_regional,Brunei Darussalam,sarscov2,1,M1,0.1,1254.8911802031064,success,
primary_regional,Brunei Darussalam,sarscov2,1,M1,1.0,1389.8908490552733,success,
primary_regional,Brunei Darussalam,sarscov2,1,M1,10.0,1921.1314605899508,success,
primary_regional,Brunei Darussalam,sarscov2,1,M1,100.0,2029.826114236469,success,
primary_regional,Brunei Darussalam,sarscov2,1,M1,1000.0,2041.6581998011125,success,
primary_regional,Brunei Darussalam,sarscov2,1,M2,1e-06,3476.936240547078,success,
primary_regional,Brunei Darussalam,sarscov2,1,M2,1e-05,3407.395137932874,success,
primary_regional,Brunei Darussalam,sarscov2,1,M2,0.0001,2835.103217468719,success,
primary_regional,Brunei Darussalam,sarscov2,1,M2,0.001,1262.5022677688612,success,
primary_regional,Brunei Darussalam,sarscov2,1,M2,0.01,1151.973798531995,success,
primary_regional,Brunei Darussalam,sarscov2,1,M2,0.1,1318.6905284500947,success,
primary_regional,Brunei Darussalam,sarscov2,1,M2,1.0,1391.7180809634895,success,
primary_regional,Brunei Darussalam,sarscov2,1,M2,10.0,1915.7573385190178,success,
primary_regional,Brunei Darussalam,sarscov2,1,M2,100.0,2029.1313148426123,success,
primary_regional,Brunei Darussalam,sarscov2,1,M2,1000.0,2041.5869294289669,success,
primary_regional,Brunei Darussalam,sarscov2,1,M3,1e-06,897.3099860410291,success,
primary_regional,Brunei Darussalam,sarscov2,1,M3,1e-05,895.491412831078,success,
primary_regional,Brunei Darussalam,sarscov2,1,M3,0.0001,880.7844778265905,success,
primary_regional,Brunei Darussalam,sarscov2,1,M3,0.001,844.6029693821326,success,
primary_regional,Brunei Darussalam,sarscov2,1,M3,0.01,887.1707373030781,success,
primary_regional,Brunei Darussalam,sarscov2,1,M3,0.1,915.2190981941344,success,
primary_regional,Brunei Darussalam,sarscov2,1,M3,1.0,949.2785070638687,success,
primary_regional,Brunei Darussalam,sarscov2,1,M3,10.0,1801.7752021220901,success,
primary_regional,Brunei Darussalam,sarscov2,1,M3,100.0,2016.4577452110716,success,
primary_regional,Brunei Darussalam,sarscov2,1,M3,1000.0,2040.30546528944,success,
primary_regional,Brunei Darussalam,sarscov2,2,M1,1e-06,62033.12004140657,success,
primary_regional,Brunei Darussalam,sarscov2,2,M1,1e-05,60196.34765761494,success,
primary_regional,Brunei Darussalam,sarscov2,2,M1,0.0001,45213.3996748096,success,
primary_regional,Brunei Darussalam,sarscov2,2,M1,0.001,7060.096749424084,success,
primary_regional,Brunei Darussalam,sarscov2,2,M1,0.01,1682.2155501020266,success,
primary_regional,Brunei Darussalam,sarscov2,2,M1,0.1,1743.9805592013274,success,
primary_regional,Brunei Darussalam,sarscov2,2,M1,1.0,1684.9503389454328,success,
primary_regional,Brunei Darussalam,sarscov2,2,M1,10.0,1993.363048884506,success,
primary_regional,Brunei Darussalam,sarscov2,2,M1,100.0,2056.723327116115,success,
primary_regional,Brunei Darussalam,sarscov2,2,M1,1000.0,2063.5989348788125,success,
primary_regional,Brunei Darussalam,sarscov2,2,M2,1e-06,50638.22504650191,success,
primary_regional,Brunei Darussalam,sarscov2,2,M2,1e-05,48952.67621680458,success,
primary_regional,Brunei Darussalam,sarscov2,2,M2,0.0001,35549.20244868677,success,
primary_regional,Brunei Darussalam,sarscov2,2,M2,0.001,5024.079136569662,success,
primary_regional,Brunei Darussalam,sarscov2,2,M2,0.01,1709.4506894771644,success,
primary_regional,Brunei Darussalam,sarscov2,2,M2,0.1,1826.2686086706174,success,
primary_regional,Brunei Darussalam,sarscov2,2,M2,1.0,1673.6352860836878,success,
primary_regional,Brunei Darussalam,sarscov2,2,M2,10.0,1986.937627814876,success,
primary_regional,Brunei Darussalam,sarscov2,2,M2,100.0,2055.9744568936617,success,
primary_regional,Brunei Darussalam,sarscov2,2,M2,1000.0,2063.522878042168,success,
primary_regional,Brunei Darussalam,sarscov2,2,M3,1e-06,1173.3164551820887,success,
primary_regional,Brunei Darussalam,sarscov2,2,M3,1e-05,1165.3003402640434,success,
primary_regional,Brunei Darussalam,sarscov2,2,M3,0.0001,1100.2599820429334,success,
primary_regional,Brunei Darussalam,sarscov2,2,M3,0.001,939.1843843468644,success,
primary_regional,Brunei Darussalam,sarscov2,2,M3,0.01,956.3410672629863,success,
primary_regional,Brunei Darussalam,sarscov2,2,M3,0.1,981.2591032941748,success,
primary_regional,Brunei Darussalam,sarscov2,2,M3,1.0,1017.7318846469135,success,
primary_regional,Brunei Darussalam,sarscov2,2,M3,10.0,1857.8849770912618,success,
primary_regional,Brunei Darussalam,sarscov2,2,M3,100.0,2042.0567239498357,success,
primary_regional,Brunei Darussalam,sarscov2,2,M3,1000.0,2062.122844705376,success,
primary_regional,Brunei Darussalam,sarscov2,4,M1,1e-06,445908.2920654883,success,
primary_regional,Brunei Darussalam,sarscov2,4,M1,1e-05,436194.3411452873,success,
primary_regional,Brunei Darussalam,sarscov2,4,M1,0.0001,352616.055362562,success,
primary_regional,Brunei Darussalam,sarscov2,4,M1,0.001,74029.0641657824,success,
primary_regional,Brunei Darussalam,sarscov2,4,M1,0.01,3538.425508761599,success,
primary_regional,Brunei Darussalam,sarscov2,4,M1,0.1,2476.330814025319,success,
primary_regional,Brunei Darussalam,sarscov2,4,M1,1.0,2081.752733423206,success,
primary_regional,Brunei Darussalam,sarscov2,4,M1,10.0,2094.0388314039715,success,
primary_regional,Brunei Darussalam,sarscov2,4,M1,100.0,2106.8471799434333,success,
primary_regional,Brunei Darussalam,sarscov2,4,M1,1000.0,2108.358219509083,success,
primary_regional,Brunei Darussalam,sarscov2,4,M2,1e-06,184110.2710747388,success,
primary_regional,Brunei Darussalam,sarscov2,4,M2,1e-05,179657.66121670124,success,
primary_regional,Brunei Darussalam,sarscov2,4,M2,0.0001,142109.53279999772,success,
primary_regional,Brunei Darussalam,sarscov2,4,M2,0.001,27992.855588345814,success,
primary_regional,Brunei Darussalam,sarscov2,4,M2,0.01,3116.6041985675224,success,
primary_regional,Brunei Darussalam,sarscov2,4,M2,0.1,2596.6315590963027,success,
primary_regional,Brunei Darussalam,sarscov2,4,M2,1.0,2037.9848604267254,success,
primary_regional,Brunei Darussalam,sarscov2,4,M2,10.0,2085.640191455287,success,
primary_regional,Brunei Darussalam,sarscov2,4,M2,100.0,2105.976215056083,success,
primary_regional,Brunei Darussalam,sarscov2,4,M2,1000.0,2108.251740272378,success,
primary_regional,Brunei Darussalam,sarscov2,4,M3,1e-06,1355.3528573335122,success,
primary_regional,Brunei Darussalam,sarscov2,4,M3,1e-05,1348.9527824609636,success,
primary_regional,Brunei Darussalam,sarscov2,4,M3,0.0001,1292.4166744352556,success,
primary_regional,Brunei Darussalam,sarscov2,4,M3,0.001,1067.5954911324227,success,
primary_regional,Brunei Darussalam,sarscov2,4,M3,0.01,1005.6992122032415,success,
primary_regional,Brunei Darussalam,sarscov2,4,M3,0.1,998.6304034015914,success,
primary_regional,Brunei Darussalam,sarscov2,4,M3,1.0,1134.3640211450386,success,
primary_regional,Brunei Darussalam,sarscov2,4,M3,10.0,1931.6256233467857,success,
primary_regional,Brunei Darussalam,sarscov2,4,M3,100.0,2089.6162621533927,success,
primary_regional,Brunei Darussalam,sarscov2,4,M3,1000.0,2106.6110028082153,success,
primary_regional,Indonesia,influenza,1,M1,1e-06,3.404375904206203,success,
primary_regional,Indonesia,influenza,1,M1,1e-05,3.4104368347979173,success,
primary_regional,Indonesia,influenza,1,M1,0.0001,3.4775392543839985,success,
primary_regional,Indonesia,influenza,1,M1,0.001,3.6744355790267784,success,
primary_regional,Indonesia,influenza,1,M1,0.01,3.7779719309937545,success,
primary_regional,Indonesia,influenza,1,M1,0.1,3.9080885425284793,success,
primary_regional,Indonesia,influenza,1,M1,1.0,4.3680022093227855,success,
primary_regional,Indonesia,influenza,1,M1,10.0,4.3360438912688215,success,
primary_regional,Indonesia,influenza,1,M1,100.0,4.312160994794003,success,
primary_regional,Indonesia,influenza,1,M1,1000.0,4.30883254427185,success,
primary_regional,Indonesia,influenza,1,M2,1e-06,3.409852969730151,success,
primary_regional,Indonesia,influenza,1,M2,1e-05,3.417884579987881,success,
primary_regional,Indonesia,influenza,1,M2,0.0001,3.479729020332346,success,
primary_regional,Indonesia,influenza,1,M2,0.001,3.7152398771041817,success,
primary_regional,Indonesia,influenza,1,M2,0.01,3.8228322875987475,success,
primary_regional,Indonesia,influenza,1,M2,0.1,3.9738179175205977,success,
primary_regional,Indonesia,influenza,1,M2,1.0,4.404458025500634,success,
primary_regional,Indonesia,influenza,1,M2,10.0,4.350916873765917,success,
primary_regional,Indonesia,influenza,1,M2,100.0,4.314132157638502,success,
primary_regional,Indonesia,influenza,1,M2,1000.0,4.309041820162297,success,
primary_regional,Indonesia,influenza,1,M3,1e-06,7.443539221836399,success,
primary_regional,Indonesia,influenza,1,M3,1e-05,7.09097363304782,success,
primary_regional,Indonesia,influenza,1,M3,0.0001,5.652717287953039,success,
primary_regional,Indonesia,influenza,1,M3,0.001,5.089088669242789,success,
primary_regional,Indonesia,influenza,1,M3,0.01,4.8847627307310635,success,
primary_regional,Indonesia,influenza,1,M3,0.1,4.969021352159642,success,
primary_regional,Indonesia,influenza,1,M3,1.0,4.266848622189233,success,
primary_regional,Indonesia,influenza,1,M3,10.0,4.311929130504428,success,
primary_regional,Indonesia,influenza,1,M3,100.0,4.310793923429162,success,
primary_regional,Indonesia,influenza,1,M3,1000.0,4.308748586729414,success,
primary_regional,Indonesia,influenza,2,M1,1e-06,4.06224624532016,success,
primary_regional,Indonesia,influenza,2,M1,1e-05,4.0692481504077005,success,
primary_regional,Indonesia,influenza,2,M1,0.0001,4.1160588044327735,success,
primary_regional,Indonesia,influenza,2,M1,0.001,4.255796037852973,success,
primary_regional,Indonesia,influenza,2,M1,0.01,4.216225179766391,success,
primary_regional,Indonesia,influenza,2,M1,0.1,4.131203624884441,success,
primary_regional,Indonesia,influenza,2,M1,1.0,4.523335480710136,success,
primary_regional,Indonesia,influenza,2,M1,10.0,4.491553766750295,success,
primary_regional,Indonesia,influenza,2,M1,100.0,4.458680695935443,success,
primary_regional,Indonesia,influenza,2,M1,1000.0,4.455421022699551,success,
primary_regional,Indonesia,influenza,2,M2,1e-06,3.912364812551025,success,
primary_regional,Indonesia,influenza,2,M2,1e-05,3.919119792910057,success,
primary_regional,Indonesia,influenza,2,M2,0.0001,3.972012815065646,success,
primary_regional,Indonesia,influenza,2,M2,0.001,4.176421000987977,success,
primary_regional,Indonesia,influenza,2,M2,0.01,4.258143816754163,success,
primary_regional,Indonesia,influenza,2,M2,0.1,4.197364146145146,success,
primary_regional,Indonesia,influenza,2,M2,1.0,4.550138915933987,success,
primary_regional,Indonesia,influenza,2,M2,10.0,4.506355187486189,success,
primary_regional,Indonesia,influenza,2,M2,100.0,4.460188998027429,success,
primary_regional,Indonesia,influenza,2,M2,1000.0,4.455576984437756,success,
primary_regional,Indonesia,influenza,2,M3,1e-06,13.769961214544306,success,
primary_regional,Indonesia,influenza,2,M3,1e-05,13.055501937262314,success,
primary_regional,Indonesia,influenza,2,M3,0.0001,9.698858875415103,success,
primary_regional,Indonesia,influenza,2,M3,0.001,7.120541306351983,success,
primary_regional,Indonesia,influenza,2,M3,0.01,5.6196974357537055,success,
primary_regional,Indonesia,influenza,2,M3,0.1,5.266056251012467,success,
primary_regional,Indonesia,influenza,2,M3,1.0,4.374278555068852,success,
primary_regional,Indonesia,influenza,2,M3,10.0,4.434899142760854,success,
primary_regional,Indonesia,influenza,2,M3,100.0,4.453392778319379,success,
primary_regional,Indonesia,influenza,2,M3,1000.0,4.454921557989616,success,
primary_regional,Indonesia,influenza,4,M1,1e-06,5.393125617316031,success,
primary_regional,Indonesia,influenza,4,M1,1e-05,5.388508586722125,success,
primary_regional,Indonesia,influenza,4,M1,0.0001,5.373092193950193,success,
primary_regional,Indonesia,influenza,4,M1,0.001,5.301921100437779,success,
primary_regional,Indonesia,influenza,4,M1,0.01,4.975326811950532,success,
primary_regional,Indonesia,influenza,4,M1,0.1,4.565259110519737,success,
primary_regional,Indonesia,influenza,4,M1,1.0,4.734774563186241,success,
primary_regional,Indonesia,influenza,4,M1,10.0,4.689961401852301,success,
primary_regional,Indonesia,influenza,4,M1,100.0,4.6567716956175325,success,
primary_regional,Indonesia,influenza,4,M1,1000.0,4.652179747408993,success,
primary_regional,Indonesia,influenza,4,M2,1e-06,4.934494674479563,success,
primary_regional,Indonesia,influenza,4,M2,1e-05,4.928076459792425,success,
primary_regional,Indonesia,influenza,4,M2,0.0001,4.891100063694048,success,
primary_regional,Indonesia,influenza,4,M2,0.001,4.832879241496579,success,
primary_regional,Indonesia,influenza,4,M2,0.01,4.651180010261466,success,
primary_regional,Indonesia,influenza,4,M2,0.1,4.672406518077254,success,
primary_regional,Indonesia,influenza,4,M2,1.0,4.76131310369562,success,
primary_regional,Indonesia,influenza,4,M2,10.0,4.6988790276536525,success,
primary_regional,Indonesia,influenza,4,M2,100.0,4.657913969004152,success,
primary_regional,Indonesia,influenza,4,M2,1000.0,4.652297150666964,success,
primary_regional,Indonesia,influenza,4,M3,1e-06,17.572294998754533,success,
primary_regional,Indonesia,influenza,4,M3,1e-05,16.223553976212017,success,
primary_regional,Indonesia,influenza,4,M3,0.0001,10.716387106126259,success,
primary_regional,Indonesia,influenza,4,M3,0.001,7.167306574264303,success,
primary_regional,Indonesia,influenza,4,M3,0.01,5.472054311955467,success,
primary_regional,Indonesia,influenza,4,M3,0.1,5.06139696250167,success,
primary_regional,Indonesia,influenza,4,M3,1.0,4.597486384861603,success,
primary_regional,Indonesia,influenza,4,M3,10.0,4.633699925784202,success,
primary_regional,Indonesia,influenza,4,M3,100.0,4.6520108545805705,success,
primary_regional,Indonesia,influenza,4,M3,1000.0,4.651723265910766,success,
primary_regional,Indonesia,rsv,1,M1,1e-06,6.076974743897553e-06,success,
primary_regional,Indonesia,rsv,1,M1,1e-05,6.076974743897553e-06,success,
primary_regional,Indonesia,rsv,1,M1,0.0001,6.076974743897553e-06,success,
primary_regional,Indonesia,rsv,1,M1,0.001,6.076974743897553e-06,success,
primary_regional,Indonesia,rsv,1,M1,0.01,6.076974743897553e-06,success,
primary_regional,Indonesia,rsv,1,M1,0.1,6.076974743897553e-06,success,
primary_regional,Indonesia,rsv,1,M1,1.0,6.076974743897553e-06,success,
primary_regional,Indonesia,rsv,1,M1,10.0,6.076974743897553e-06,success,
primary_regional,Indonesia,rsv,1,M1,100.0,6.076974743897553e-06,success,
primary_regional,Indonesia,rsv,1,M1,1000.0,6.076974743897553e-06,success,
primary_regional,Indonesia,rsv,1,M2,1e-06,6.0769747438975635e-06,success,
primary_regional,Indonesia,rsv,1,M2,1e-05,6.0769747438975635e-06,success,
primary_regional,Indonesia,rsv,1,M2,0.0001,6.0769747438975635e-06,success,
primary_regional,Indonesia,rsv,1,M2,0.001,6.0769747438975635e-06,success,
primary_regional,Indonesia,rsv,1,M2,0.01,6.0769747438975635e-06,success,
primary_regional,Indonesia,rsv,1,M2,0.1,6.0769747438975635e-06,success,
primary_regional,Indonesia,rsv,1,M2,1.0,6.0769747438975635e-06,success,
primary_regional,Indonesia,rsv,1,M2,10.0,8.579889806998403e-08,success,
primary_regional,Indonesia,rsv,1,M2,100.0,8.90739545515325e-06,success,
primary_regional,Indonesia,rsv,1,M2,1000.0,9.078391153146348e-06,success,
primary_regional,Indonesia,rsv,1,M3,1e-06,6.076974743897558e-06,success,
primary_regional,Indonesia,rsv,1,M3,1e-05,6.076974743897558e-06,success,
primary_regional,Indonesia,rsv,1,M3,0.0001,6.076974743897558e-06,success,
primary_regional,Indonesia,rsv,1,M3,0.001,6.076974743897555e-06,success,
primary_regional,Indonesia,rsv,1,M3,0.01,6.0769747438975635e-06,success,
primary_regional,Indonesia,rsv,1,M3,0.1,6.076974743897565e-06,success,
primary_regional,Indonesia,rsv,1,M3,1.0,6.0769747438975635e-06,success,
primary_regional,Indonesia,rsv,1,M3,10.0,6.141871978414899e-09,success,
primary_regional,Indonesia,rsv,1,M3,100.0,2.0405630408214263e-08,success,
primary_regional,Indonesia,rsv,1,M3,1000.0,3.11649712454947e-07,success,
primary_regional,Indonesia,rsv,2,M1,1e-06,6.076974743897553e-06,success,
primary_regional,Indonesia,rsv,2,M1,1e-05,6.076974743897553e-06,success,
primary_regional,Indonesia,rsv,2,M1,0.0001,6.076974743897553e-06,success,
primary_regional,Indonesia,rsv,2,M1,0.001,6.076974743897553e-06,success,
primary_regional,Indonesia,rsv,2,M1,0.01,6.076974743897553e-06,success,
primary_regional,Indonesia,rsv,2,M1,0.1,6.076974743897553e-06,success,
primary_regional,Indonesia,rsv,2,M1,1.0,6.076974743897553e-06,success,
primary_regional,Indonesia,rsv,2,M1,10.0,6.076974743897553e-06,success,
primary_regional,Indonesia,rsv,2,M1,100.0,6.076974743897553e-06,success,
primary_regional,Indonesia,rsv,2,M1,1000.0,6.076974743897553e-06,success,
primary_regional,Indonesia,rsv,2,M2,1e-06,6.0769747438975635e-06,success,
primary_regional,Indonesia,rsv,2,M2,1e-05,6.0769747438975635e-06,success,
primary_regional,Indonesia,rsv,2,M2,0.0001,6.0769747438975635e-06,success,
primary_regional,Indonesia,rsv,2,M2,0.001,6.0769747438975635e-06,success,
primary_regional,Indonesia,rsv,2,M2,0.01,6.0769747438975635e-06,success,
primary_regional,Indonesia,rsv,2,M2,0.1,6.0769747438975635e-06,success,
primary_regional,Indonesia,rsv,2,M2,1.0,6.0769747438975635e-06,success,
primary_regional,Indonesia,rsv,2,M2,10.0,4.3889888744226055e-07,success,
primary_regional,Indonesia,rsv,2,M2,100.0,5.702535312718093e-06,success,
primary_regional,Indonesia,rsv,2,M2,1000.0,9.732254430378671e-06,success,
primary_regional,Indonesia,rsv,2,M3,1e-06,6.076974743897556e-06,success,
primary_regional,Indonesia,rsv,2,M3,1e-05,6.076974743897556e-06,success,
primary_regional,Indonesia,rsv,2,M3,0.0001,6.076974743897556e-06,success,
primary_regional,Indonesia,rsv,2,M3,0.001,6.076974743897553e-06,success,
primary_regional,Indonesia,rsv,2,M3,0.01,6.076974743897554e-06,success,
primary_regional,Indonesia,rsv,2,M3,0.1,6.076974743897565e-06,success,
primary_regional,Indonesia,rsv,2,M3,1.0,6.0769747438975635e-06,success,
primary_regional,Indonesia,rsv,2,M3,10.0,3.132233184672889e-09,success,
primary_regional,Indonesia,rsv,2,M3,100.0,1.6975710234955104e-08,success,
primary_regional,Indonesia,rsv,2,M3,1000.0,9.90326757204232e-08,success,
primary_regional,Indonesia,rsv,4,M1,1e-06,6.076974743897553e-06,success,
primary_regional,Indonesia,rsv,4,M1,1e-05,6.076974743897553e-06,success,
primary_regional,Indonesia,rsv,4,M1,0.0001,6.076974743897553e-06,success,
primary_regional,Indonesia,rsv,4,M1,0.001,6.076974743897553e-06,success,
primary_regional,Indonesia,rsv,4,M1,0.01,6.076974743897553e-06,success,
primary_regional,Indonesia,rsv,4,M1,0.1,6.076974743897553e-06,success,
primary_regional,Indonesia,rsv,4,M1,1.0,6.076974743897553e-06,success,
primary_regional,Indonesia,rsv,4,M1,10.0,6.076974743897553e-06,success,
primary_regional,Indonesia,rsv,4,M1,100.0,6.076974743897553e-06,success,
primary_regional,Indonesia,rsv,4,M1,1000.0,6.076974743897553e-06,success,
primary_regional,Indonesia,rsv,4,M2,1e-06,6.0769747438975635e-06,success,
primary_regional,Indonesia,rsv,4,M2,1e-05,6.0769747438975635e-06,success,
primary_regional,Indonesia,rsv,4,M2,0.0001,6.0769747438975635e-06,success,
primary_regional,Indonesia,rsv,4,M2,0.001,6.0769747438975635e-06,success,
primary_regional,Indonesia,rsv,4,M2,0.01,6.0769747438975635e-06,success,
primary_regional,Indonesia,rsv,4,M2,0.1,6.0769747438975635e-06,success,
primary_regional,Indonesia,rsv,4,M2,1.0,6.0769747438975635e-06,success,
primary_regional,Indonesia,rsv,4,M2,10.0,2.2486016642196967e-08,success,
primary_regional,Indonesia,rsv,4,M2,100.0,5.580205597889612e-06,success,
primary_regional,Indonesia,rsv,4,M2,1000.0,3.69816799461846e-08,success,
primary_regional,Indonesia,rsv,4,M3,1e-06,6.076974743897551e-06,success,
primary_regional,Indonesia,rsv,4,M3,1e-05,6.076974743897551e-06,success,
primary_regional,Indonesia,rsv,4,M3,0.0001,6.076974743897551e-06,success,
primary_regional,Indonesia,rsv,4,M3,0.001,6.076974743897549e-06,success,
primary_regional,Indonesia,rsv,4,M3,0.01,6.076974743897558e-06,success,
primary_regional,Indonesia,rsv,4,M3,0.1,6.076974743897565e-06,success,
primary_regional,Indonesia,rsv,4,M3,1.0,6.0769747438975635e-06,success,
primary_regional,Indonesia,rsv,4,M3,10.0,1.3086676956562975e-09,success,
primary_regional,Indonesia,rsv,4,M3,100.0,7.746643673430398e-10,success,
primary_regional,Indonesia,rsv,4,M3,1000.0,5.737784982168838e-07,success,
primary_regional,Indonesia,sarscov2,1,M1,1e-06,2166.3106975557757,success,
primary_regional,Indonesia,sarscov2,1,M1,1e-05,2164.853455434715,success,
primary_regional,Indonesia,sarscov2,1,M1,0.0001,2153.0555410451825,success,
primary_regional,Indonesia,sarscov2,1,M1,0.001,2578.521608456993,success,
primary_regional,Indonesia,sarscov2,1,M1,0.01,5101.675686077213,success,
primary_regional,Indonesia,sarscov2,1,M1,0.1,3785.661896623249,success,
primary_regional,Indonesia,sarscov2,1,M1,1.0,9766.273417772923,success,
primary_regional,Indonesia,sarscov2,1,M1,10.0,32291.958898494908,success,
primary_regional,Indonesia,sarscov2,1,M1,100.0,42055.55727336715,success,
primary_regional,Indonesia,sarscov2,1,M1,1000.0,43309.779331038386,success,
primary_regional,Indonesia,sarscov2,1,M2,1e-06,2629.630983383984,success,
primary_regional,Indonesia,sarscov2,1,M2,1e-05,2621.803552710415,success,
primary_regional,Indonesia,sarscov2,1,M2,0.0001,2546.503496264985,success,
primary_regional,Indonesia,sarscov2,1,M2,0.001,2626.244118651651,success,
primary_regional,Indonesia,sarscov2,1,M2,0.01,4912.737951107002,success,
primary_regional,Indonesia,sarscov2,1,M2,0.1,4078.154469244144,success,
primary_regional,Indonesia,sarscov2,1,M2,1.0,9902.2257119384,success,
primary_regional,Indonesia,sarscov2,1,M2,10.0,32297.024767384075,success,
primary_regional,Indonesia,sarscov2,1,M2,100.0,42053.39151806744,success,
primary_regional,Indonesia,sarscov2,1,M2,1000.0,43309.49921440416,success,
primary_regional,Indonesia,sarscov2,1,M3,1e-06,3406.6917734315625,success,
primary_regional,Indonesia,sarscov2,1,M3,1e-05,3396.887790931136,success,
primary_regional,Indonesia,sarscov2,1,M3,0.0001,3305.3002800018558,success,
primary_regional,Indonesia,sarscov2,1,M3,0.001,2905.957435381034,success,
primary_regional,Indonesia,sarscov2,1,M3,0.01,3870.319605439036,success,
primary_regional,Indonesia,sarscov2,1,M3,0.1,4857.997490925885,success,
primary_regional,Indonesia,sarscov2,1,M3,1.0,10187.11404067313,success,
primary_regional,Indonesia,sarscov2,1,M3,10.0,32138.482866311653,success,
primary_regional,Indonesia,sarscov2,1,M3,100.0,42014.51373407245,success,
primary_regional,Indonesia,sarscov2,1,M3,1000.0,43305.23196348797,success,
primary_regional,Indonesia,sarscov2,2,M1,1e-06,3734.720202217112,success,
primary_regional,Indonesia,sarscov2,2,M1,1e-05,3727.1671385488135,success,
primary_regional,Indonesia,sarscov2,2,M1,0.0001,3655.4149315225286,success,
primary_regional,Indonesia,sarscov2,2,M1,0.001,4073.0501115519514,success,
primary_regional,Indonesia,sarscov2,2,M1,0.01,6955.473321172185,success,
primary_regional,Indonesia,sarscov2,2,M1,0.1,6572.581871010496,success,
primary_regional,Indonesia,sarscov2,2,M1,1.0,14794.796238368708,success,
primary_regional,Indonesia,sarscov2,2,M1,10.0,35170.26287524265,success,
primary_regional,Indonesia,sarscov2,2,M1,100.0,42716.996844352194,success,
primary_regional,Indonesia,sarscov2,2,M1,1000.0,43655.129355859586,success,
primary_regional,Indonesia,sarscov2,2,M2,1e-06,4749.324082862834,success,
primary_regional,Indonesia,sarscov2,2,M2,1e-05,4734.189273176534,success,
primary_regional,Indonesia,sarscov2,2,M2,0.0001,4593.594705362854,success,
primary_regional,Indonesia,sarscov2,2,M2,0.001,4244.201848096672,success,
primary_regional,Indonesia,sarscov2,2,M2,0.01,6548.22647631479,success,
primary_regional,Indonesia,sarscov2,2,M2,0.1,7137.452777140447,success,
primary_regional,Indonesia,sarscov2,2,M2,1.0,14839.103939404456,success,
primary_regional,Indonesia,sarscov2,2,M2,10.0,35163.531397275576,success,
primary_regional,Indonesia,sarscov2,2,M2,100.0,42714.57022114592,success,
primary_regional,Indonesia,sarscov2,2,M2,1000.0,43654.72032569884,success,
primary_regional,Indonesia,sarscov2,2,M3,1e-06,6002.3401852452325,success,
primary_regional,Indonesia,sarscov2,2,M3,1e-05,5980.628997514908,success,
primary_regional,Indonesia,sarscov2,2,M3,0.0001,5784.925883293842,success,
primary_regional,Indonesia,sarscov2,2,M3,0.001,4904.968040474156,success,
primary_regional,Indonesia,sarscov2,2,M3,0.01,5641.690412269001,success,
primary_regional,Indonesia,sarscov2,2,M3,0.1,8299.100218761221,success,
primary_regional,Indonesia,sarscov2,2,M3,1.0,15360.543495335736,success,
primary_regional,Indonesia,sarscov2,2,M3,10.0,35257.08747890736,success,
primary_regional,Indonesia,sarscov2,2,M3,100.0,42717.286409827444,success,
primary_regional,Indonesia,sarscov2,2,M3,1000.0,43655.01187860763,success,
primary_regional,Indonesia,sarscov2,4,M1,1e-06,9242.208393108773,success,
primary_regional,Indonesia,sarscov2,4,M1,1e-05,9224.073970012249,success,
primary_regional,Indonesia,sarscov2,4,M1,0.0001,9060.4134572245,success,
primary_regional,Indonesia,sarscov2,4,M1,0.001,8539.865645827816,success,
primary_regional,Indonesia,sarscov2,4,M1,0.01,10524.593487305767,success,
primary_regional,Indonesia,sarscov2,4,M1,0.1,17817.765634257896,success,
primary_regional,Indonesia,sarscov2,4,M1,1.0,28309.855867938957,success,
primary_regional,Indonesia,sarscov2,4,M1,10.0,40563.57351597942,success,
primary_regional,Indonesia,sarscov2,4,M1,100.0,43947.145814011696,success,
primary_regional,Indonesia,sarscov2,4,M1,1000.0,44344.02957409322,success,
primary_regional,Indonesia,sarscov2,4,M2,1e-06,11564.345256458557,success,
primary_regional,Indonesia,sarscov2,4,M2,1e-05,11523.093156992312,success,
primary_regional,Indonesia,sarscov2,4,M2,0.0001,11150.263016299916,success,
primary_regional,Indonesia,sarscov2,4,M2,0.001,9728.744837653312,success,
primary_regional,Indonesia,sarscov2,4,M2,0.01,11501.424456080322,success,
primary_regional,Indonesia,sarscov2,4,M2,0.1,18193.585698712854,success,
primary_regional,Indonesia,sarscov2,4,M2,1.0,27834.733206256467,success,
primary_regional,Indonesia,sarscov2,4,M2,10.0,40529.55048122586,success,
primary_regional,Indonesia,sarscov2,4,M2,100.0,43944.075255657226,success,
primary_regional,Indonesia,sarscov2,4,M2,1000.0,44343.76337379389,success,
primary_regional,Indonesia,sarscov2,4,M3,1e-06,13698.733436537308,success,
primary_regional,Indonesia,sarscov2,4,M3,1e-05,13632.250223994533,success,
primary_regional,Indonesia,sarscov2,4,M3,0.0001,13038.002109064893,success,
primary_regional,Indonesia,sarscov2,4,M3,0.001,10723.213591318463,success,
primary_regional,Indonesia,sarscov2,4,M3,0.01,12652.73377866164,success,
primary_regional,Indonesia,sarscov2,4,M3,0.1,19308.805375116703,success,
primary_regional,Indonesia,sarscov2,4,M3,1.0,28306.424576634894,success,
primary_regional,Indonesia,sarscov2,4,M3,10.0,40667.38777280766,success,
primary_regional,Indonesia,sarscov2,4,M3,100.0,43957.42659164415,success,
primary_regional,Indonesia,sarscov2,4,M3,1000.0,44345.058719328066,success,
primary_regional,Malaysia,influenza,1,M1,1e-06,48.89511174662634,success,
primary_regional,Malaysia,influenza,1,M1,1e-05,50.006029371701736,success,
primary_regional,Malaysia,influenza,1,M1,0.0001,58.95847771097877,success,
primary_regional,Malaysia,influenza,1,M1,0.001,86.27711800673902,success,
primary_regional,Malaysia,influenza,1,M1,0.01,86.88176773396769,success,
primary_regional,Malaysia,influenza,1,M1,0.1,49.61118163872876,success,
primary_regional,Malaysia,influenza,1,M1,1.0,81.00026047710463,success,
primary_regional,Malaysia,influenza,1,M1,10.0,119.95327170454256,success,
primary_regional,Malaysia,influenza,1,M1,100.0,122.81950765028091,success,
primary_regional,Malaysia,influenza,1,M1,1000.0,123.0845852698138,success,
primary_regional,Malaysia,influenza,1,M2,1e-06,62.85018209698955,success,
primary_regional,Malaysia,influenza,1,M2,1e-05,65.01676051767889,success,
primary_regional,Malaysia,influenza,1,M2,0.0001,80.77105705040722,success,
primary_regional,Malaysia,influenza,1,M2,0.001,119.51444128503452,success,
primary_regional,Malaysia,influenza,1,M2,0.01,127.73808987314283,success,
primary_regional,Malaysia,influenza,1,M2,0.1,84.00707504055961,success,
primary_regional,Malaysia,influenza,1,M2,1.0,81.43974468881379,success,
primary_regional,Malaysia,influenza,1,M2,10.0,120.11499853509585,success,
primary_regional,Malaysia,influenza,1,M2,100.0,122.83813789665139,success,
primary_regional,Malaysia,influenza,1,M2,1000.0,123.08609548607086,success,
primary_regional,Malaysia,influenza,1,M3,1e-06,1670.1854119508278,success,
primary_regional,Malaysia,influenza,1,M3,1e-05,1502.3325485114162,success,
primary_regional,Malaysia,influenza,1,M3,0.0001,745.8800594011287,success,
primary_regional,Malaysia,influenza,1,M3,0.001,243.9681491621601,success,
primary_regional,Malaysia,influenza,1,M3,0.01,134.21324482126352,success,
primary_regional,Malaysia,influenza,1,M3,0.1,61.74587649527605,success,
primary_regional,Malaysia,influenza,1,M3,1.0,86.54368900586874,success,
primary_regional,Malaysia,influenza,1,M3,10.0,120.04294830352913,success,
primary_regional,Malaysia,influenza,1,M3,100.0,122.8518639073924,success,
primary_regional,Malaysia,influenza,1,M3,1000.0,123.08771008701889,success,
primary_regional,Malaysia,influenza,2,M1,1e-06,47.39460245445151,success,
primary_regional,Malaysia,influenza,2,M1,1e-05,48.252719310565645,success,
primary_regional,Malaysia,influenza,2,M1,0.0001,57.95027328166361,success,
primary_regional,Malaysia,influenza,2,M1,0.001,87.02539065280234,success,
primary_regional,Malaysia,influenza,2,M1,0.01,82.63708396004033,success,
primary_regional,Malaysia,influenza,2,M1,0.1,53.97002320053361,success,
primary_regional,Malaysia,influenza,2,M1,1.0,78.06143708424844,success,
primary_regional,Malaysia,influenza,2,M1,10.0,119.43369677196007,success,
primary_regional,Malaysia,influenza,2,M1,100.0,122.71078095014603,success,
primary_regional,Malaysia,influenza,2,M1,1000.0,123.01625090021147,success,
primary_regional,Malaysia,influenza,2,M2,1e-06,72.77993812570784,success,
primary_regional,Malaysia,influenza,2,M2,1e-05,75.94682239888985,success,
primary_regional,Malaysia,influenza,2,M2,0.0001,98.27555378057153,success,
primary_regional,Malaysia,influenza,2,M2,0.001,151.52130318645658,success,
primary_regional,Malaysia,influenza,2,M2,0.01,157.53133091481342,success,
primary_regional,Malaysia,influenza,2,M2,0.1,99.0660430867327,success,
primary_regional,Malaysia,influenza,2,M2,1.0,78.59602111560315,success,
primary_regional,Malaysia,influenza,2,M2,10.0,119.60210780247017,success,
primary_regional,Malaysia,influenza,2,M2,100.0,122.72982322629205,success,
primary_regional,Malaysia,influenza,2,M2,1000.0,123.01816209836156,success,
primary_regional,Malaysia,influenza,2,M3,1e-06,4703.66313077111,success,
primary_regional,Malaysia,influenza,2,M3,1e-05,4273.193954548531,success,
primary_regional,Malaysia,influenza,2,M3,0.0001,2228.343440589061,success,
primary_regional,Malaysia,influenza,2,M3,0.001,570.2733404215278,success,
primary_regional,Malaysia,influenza,2,M3,0.01,183.63373004072082,success,
primary_regional,Malaysia,influenza,2,M3,0.1,65.65803234408348,success,
primary_regional,Malaysia,influenza,2,M3,1.0,87.34363000178328,success,
primary_regional,Malaysia,influenza,2,M3,10.0,119.48532487177191,success,
primary_regional,Malaysia,influenza,2,M3,100.0,122.73455739490848,success,
primary_regional,Malaysia,influenza,2,M3,1000.0,123.01885598438243,success,
primary_regional,Malaysia,influenza,4,M1,1e-06,57.97460303571066,success,
primary_regional,Malaysia,influenza,4,M1,1e-05,60.13462489226015,success,
primary_regional,Malaysia,influenza,4,M1,0.0001,80.31023911715633,success,
primary_regional,Malaysia,influenza,4,M1,0.001,125.20707216167824,success,
primary_regional,Malaysia,influenza,4,M1,0.01,109.99259253114514,success,
primary_regional,Malaysia,influenza,4,M1,0.1,73.01663155798771,success,
primary_regional,Malaysia,influenza,4,M1,1.0,72.5251150593633,success,
primary_regional,Malaysia,influenza,4,M1,10.0,118.22012310492255,success,
primary_regional,Malaysia,influenza,4,M1,100.0,122.31545654500376,success,
primary_regional,Malaysia,influenza,4,M1,1000.0,122.70317867495588,success,
primary_regional,Malaysia,influenza,4,M2,1e-06,100.4649744829478,success,
primary_regional,Malaysia,influenza,4,M2,1e-05,106.85862826419253,success,
primary_regional,Malaysia,influenza,4,M2,0.0001,149.58326825179284,success,
primary_regional,Malaysia,influenza,4,M2,0.001,245.6662154234054,success,
primary_regional,Malaysia,influenza,4,M2,0.01,244.66486188929258,success,
primary_regional,Malaysia,influenza,4,M2,0.1,132.06088581824764,success,
primary_regional,Malaysia,influenza,4,M2,1.0,72.67574210047698,success,
primary_regional,Malaysia,influenza,4,M2,10.0,118.4003024134554,success,
primary_regional,Malaysia,influenza,4,M2,100.0,122.33470035078196,success,
primary_regional,Malaysia,influenza,4,M2,1000.0,122.70510003358548,success,
primary_regional,Malaysia,influenza,4,M3,1e-06,51643.280822371824,success,
primary_regional,Malaysia,influenza,4,M3,1e-05,48341.02787838759,success,
primary_regional,Malaysia,influenza,4,M3,0.0001,27096.00536945223,success,
primary_regional,Malaysia,influenza,4,M3,0.001,2716.3143874188168,success,
primary_regional,Malaysia,influenza,4,M3,0.01,290.2238954781852,success,
primary_regional,Malaysia,influenza,4,M3,0.1,74.60013029677722,success,
primary_regional,Malaysia,influenza,4,M3,1.0,86.53871844328657,success,
primary_regional,Malaysia,influenza,4,M3,10.0,118.1373244307278,success,
primary_regional,Malaysia,influenza,4,M3,100.0,122.3153298984961,success,
primary_regional,Malaysia,influenza,4,M3,1000.0,122.703488323667,success,
primary_regional,Malaysia,rsv,1,M1,1e-06,5.267262664497082,success,
primary_regional,Malaysia,rsv,1,M1,1e-05,5.2671642436594235,success,
primary_regional,Malaysia,rsv,1,M1,0.0001,5.266132850169789,success,
primary_regional,Malaysia,rsv,1,M1,0.001,5.253049592853501,success,
primary_regional,Malaysia,rsv,1,M1,0.01,5.10118100323491,success,
primary_regional,Malaysia,rsv,1,M1,0.1,4.380682445401641,success,
primary_regional,Malaysia,rsv,1,M1,1.0,4.275709478000593,success,
primary_regional,Malaysia,rsv,1,M1,10.0,7.709111108063775,success,
primary_regional,Malaysia,rsv,1,M1,100.0,8.496393409308821,success,
primary_regional,Malaysia,rsv,1,M1,1000.0,8.577980889205985,success,
primary_regional,Malaysia,rsv,1,M2,1e-06,8.02162036645851,success,
primary_regional,Malaysia,rsv,1,M2,1e-05,8.020123168438529,success,
primary_regional,Malaysia,rsv,1,M2,0.0001,8.00587964647117,success,
primary_regional,Malaysia,rsv,1,M2,0.001,7.906255958416093,success,
primary_regional,Malaysia,rsv,1,M2,0.01,7.514809137498915,success,
primary_regional,Malaysia,rsv,1,M2,0.1,5.868678998173006,success,
primary_regional,Malaysia,rsv,1,M2,1.0,4.262139239551531,success,
primary_regional,Malaysia,rsv,1,M2,10.0,7.716082101653866,success,
primary_regional,Malaysia,rsv,1,M2,100.0,8.497182047607016,success,
primary_regional,Malaysia,rsv,1,M2,1000.0,8.578057610059686,success,
primary_regional,Malaysia,rsv,1,M3,1e-06,13.039342872342935,success,
primary_regional,Malaysia,rsv,1,M3,1e-05,13.022216503376827,success,
primary_regional,Malaysia,rsv,1,M3,0.0001,12.857322138797482,success,
primary_regional,Malaysia,rsv,1,M3,0.001,12.028833118956154,success,
primary_regional,Malaysia,rsv,1,M3,0.01,9.977823782145881,success,
primary_regional,Malaysia,rsv,1,M3,0.1,7.340399481822212,success,
primary_regional,Malaysia,rsv,1,M3,1.0,3.6061356156358064,success,
primary_regional,Malaysia,rsv,1,M3,10.0,7.063850755074,success,
primary_regional,Malaysia,rsv,1,M3,100.0,8.426244623788689,success,
primary_regional,Malaysia,rsv,1,M3,1000.0,8.570993065612846,success,
primary_regional,Malaysia,rsv,2,M1,1e-06,5.357455126352725,success,
primary_regional,Malaysia,rsv,2,M1,1e-05,5.356977573787654,success,
primary_regional,Malaysia,rsv,2,M1,0.0001,5.352305019266255,success,
primary_regional,Malaysia,rsv,2,M1,0.001,5.313018788691789,success,
primary_regional,Malaysia,rsv,2,M1,0.01,5.063605773376872,success,
primary_regional,Malaysia,rsv,2,M1,0.1,4.2719728319186006,success,
primary_regional,Malaysia,rsv,2,M1,1.0,4.436542811383117,success,
primary_regional,Malaysia,rsv,2,M1,10.0,7.738090573539752,success,
primary_regional,Malaysia,rsv,2,M1,100.0,8.509044390148668,success,
primary_regional,Malaysia,rsv,2,M1,1000.0,8.589504477444974,success,
primary_regional,Malaysia,rsv,2,M2,1e-06,9.585306640276531,success,
primary_regional,Malaysia,rsv,2,M2,1e-05,9.581425193370881,success,
primary_regional,Malaysia,rsv,2,M2,0.0001,9.544663243858794,success,
primary_regional,Malaysia,rsv,2,M2,0.001,9.307526356103311,success,
primary_regional,Malaysia,rsv,2,M2,0.01,8.585508020204426,success,
primary_regional,Malaysia,rsv,2,M2,0.1,6.508461234522335,success,
primary_regional,Malaysia,rsv,2,M2,1.0,4.465125510567865,success,
primary_regional,Malaysia,rsv,2,M2,10.0,7.744787425331944,success,
primary_regional,Malaysia,rsv,2,M2,100.0,8.509779665213339,success,
primary_regional,Malaysia,rsv,2,M2,1000.0,8.589574988134844,success,
primary_regional,Malaysia,rsv,2,M3,1e-06,16.203850615605628,success,
primary_regional,Malaysia,rsv,2,M3,1e-05,16.15304298711602,success,
primary_regional,Malaysia,rsv,2,M3,0.0001,15.730526975615446,success,
primary_regional,Malaysia,rsv,2,M3,0.001,14.177645918082977,success,
primary_regional,Malaysia,rsv,2,M3,0.01,11.91259553133146,success,
primary_regional,Malaysia,rsv,2,M3,0.1,7.860685676185896,success,
primary_regional,Malaysia,rsv,2,M3,1.0,3.761125142225855,success,
primary_regional,Malaysia,rsv,2,M3,10.0,7.109644038198525,success,
primary_regional,Malaysia,rsv,2,M3,100.0,8.439854052123072,success,
primary_regional,Malaysia,rsv,2,M3,1000.0,8.582610448401434,success,
primary_regional,Malaysia,rsv,4,M1,1e-06,5.09597911054928,success,
primary_regional,Malaysia,rsv,4,M1,1e-05,5.095710376745201,success,
primary_regional,Malaysia,rsv,4,M1,0.0001,5.093066994007714,success,
primary_regional,Malaysia,rsv,4,M1,0.001,5.0694933195313086,success,
primary_regional,Malaysia,rsv,4,M1,0.01,4.901114150620414,success,
primary_regional,Malaysia,rsv,4,M1,0.1,4.381273846573094,success,
primary_regional,Malaysia,rsv,4,M1,1.0,4.78176820702985,success,
primary_regional,Malaysia,rsv,4,M1,10.0,7.816220988278955,success,
primary_regional,Malaysia,rsv,4,M1,100.0,8.545350905574544,success,
primary_regional,Malaysia,rsv,4,M1,1000.0,8.623810061414119,success,
primary_regional,Malaysia,rsv,4,M2,1e-06,11.97299840341111,success,
primary_regional,Malaysia,rsv,4,M2,1e-05,11.967916387141685,success,
primary_regional,Malaysia,rsv,4,M2,0.0001,11.919699064705629,success,
primary_regional,Malaysia,rsv,4,M2,0.001,11.598783285253663,success,
primary_regional,Malaysia,rsv,4,M2,0.01,10.579531156605448,success,
primary_regional,Malaysia,rsv,4,M2,0.1,7.071121014057395,success,
primary_regional,Malaysia,rsv,4,M2,1.0,4.772929284941438,success,
primary_regional,Malaysia,rsv,4,M2,10.0,7.817851087081694,success,
primary_regional,Malaysia,rsv,4,M2,100.0,8.54592929784062,success,
primary_regional,Malaysia,rsv,4,M2,1000.0,8.623863895227727,success,
primary_regional,Malaysia,rsv,4,M3,1e-06,24.634127068867024,success,
primary_regional,Malaysia,rsv,4,M3,1e-05,24.576301744317423,success,
primary_regional,Malaysia,rsv,4,M3,0.0001,24.245025253571004,success,
primary_regional,Malaysia,rsv,4,M3,0.001,22.943349522964766,success,
primary_regional,Malaysia,rsv,4,M3,0.01,14.826136315514988,success,
primary_regional,Malaysia,rsv,4,M3,0.1,7.706063858918299,success,
primary_regional,Malaysia,rsv,4,M3,1.0,3.8214616679097464,success,
primary_regional,Malaysia,rsv,4,M3,10.0,7.270449950277221,success,
primary_regional,Malaysia,rsv,4,M3,100.0,8.482460455895374,success,
primary_regional,Malaysia,rsv,4,M3,1000.0,8.61751600865427,success,
primary_regional,Malaysia,sarscov2,1,M1,1e-06,5721.304458279826,success,
primary_regional,Malaysia,sarscov2,1,M1,1e-05,5662.414655969356,success,
primary_regional,Malaysia,sarscov2,1,M1,0.0001,5180.016431570271,success,
primary_regional,Malaysia,sarscov2,1,M1,0.001,3680.422330592722,success,
primary_regional,Malaysia,sarscov2,1,M1,0.01,2958.9658009105474,success,
primary_regional,Malaysia,sarscov2,1,M1,0.1,3343.990690954718,success,
primary_regional,Malaysia,sarscov2,1,M1,1.0,5778.449914866682,success,
primary_regional,Malaysia,sarscov2,1,M1,10.0,21567.331185271385,success,
primary_regional,Malaysia,sarscov2,1,M1,100.0,29076.209250696436,success,
primary_regional,Malaysia,sarscov2,1,M1,1000.0,30000.345959350874,success,
primary_regional,Malaysia,sarscov2,1,M2,1e-06,4399.318762005572,success,
primary_regional,Malaysia,sarscov2,1,M2,1e-05,4374.161084754583,success,
primary_regional,Malaysia,sarscov2,1,M2,0.0001,4161.936073752976,success,
primary_regional,Malaysia,sarscov2,1,M2,0.001,3405.2024788372346,success,
primary_regional,Malaysia,sarscov2,1,M2,0.01,2930.3048800086367,success,
primary_regional,Malaysia,sarscov2,1,M2,0.1,3323.6432112369034,success,
primary_regional,Malaysia,sarscov2,1,M2,1.0,5760.477976687189,success,
primary_regional,Malaysia,sarscov2,1,M2,10.0,21568.779763165763,success,
primary_regional,Malaysia,sarscov2,1,M2,100.0,29075.94533783847,success,
primary_regional,Malaysia,sarscov2,1,M2,1000.0,30000.31956632318,success,
primary_regional,Malaysia,sarscov2,1,M3,1e-06,3813.4650309264553,success,
primary_regional,Malaysia,sarscov2,1,M3,1e-05,3804.6950383547464,success,
primary_regional,Malaysia,sarscov2,1,M3,0.0001,3724.2574531667433,success,
primary_regional,Malaysia,sarscov2,1,M3,0.001,3425.7104877264333,success,
primary_regional,Malaysia,sarscov2,1,M3,0.01,3193.022262819288,success,
primary_regional,Malaysia,sarscov2,1,M3,0.1,3790.2916840167195,success,
primary_regional,Malaysia,sarscov2,1,M3,1.0,6473.4530662315565,success,
primary_regional,Malaysia,sarscov2,1,M3,10.0,22094.212312204698,success,
primary_regional,Malaysia,sarscov2,1,M3,100.0,29147.688526582737,success,
primary_regional,Malaysia,sarscov2,1,M3,1000.0,30007.72601179879,success,
primary_regional,Malaysia,sarscov2,2,M1,1e-06,33906.80090930477,success,
primary_regional,Malaysia,sarscov2,2,M1,1e-05,33353.06234920963,success,
primary_regional,Malaysia,sarscov2,2,M1,0.0001,28736.07233118161,success,
primary_regional,Malaysia,sarscov2,2,M1,0.001,12976.174046360877,success,
primary_regional,Malaysia,sarscov2,2,M1,0.01,4774.239026946557,success,
primary_regional,Malaysia,sarscov2,2,M1,0.1,4931.938132368863,success,
primary_regional,Malaysia,sarscov2,2,M1,1.0,7264.928170834333,success,
primary_regional,Malaysia,sarscov2,2,M1,10.0,22386.50431837795,success,
primary_regional,Malaysia,sarscov2,2,M1,100.0,29385.785202995503,success,
primary_regional,Malaysia,sarscov2,2,M1,1000.0,30239.08660811279,success,
primary_regional,Malaysia,sarscov2,2,M2,1e-06,13774.449144806098,success,
primary_regional,Malaysia,sarscov2,2,M2,1e-05,13679.96064795441,success,
primary_regional,Malaysia,sarscov2,2,M2,0.0001,12826.258831232351,success,
primary_regional,Malaysia,sarscov2,2,M2,0.001,8550.104425389436,success,
primary_regional,Malaysia,sarscov2,2,M2,0.01,4603.727595070299,success,
primary_regional,Malaysia,sarscov2,2,M2,0.1,4969.398194490288,success,
primary_regional,Malaysia,sarscov2,2,M2,1.0,7256.212716964956,success,
primary_regional,Malaysia,sarscov2,2,M2,10.0,22386.892804277253,success,
primary_regional,Malaysia,sarscov2,2,M2,100.0,29385.62877732944,success,
primary_regional,Malaysia,sarscov2,2,M2,1000.0,30239.054783121144,success,
primary_regional,Malaysia,sarscov2,2,M3,1e-06,9856.040142909058,success,
primary_regional,Malaysia,sarscov2,2,M3,1e-05,9811.009930663071,success,
primary_regional,Malaysia,sarscov2,2,M3,0.0001,9402.333918705255,success,
primary_regional,Malaysia,sarscov2,2,M3,0.001,7256.5565937379415,success,
primary_regional,Malaysia,sarscov2,2,M3,0.01,5021.828876975696,success,
primary_regional,Malaysia,sarscov2,2,M3,0.1,5609.546526213122,success,
primary_regional,Malaysia,sarscov2,2,M3,1.0,8306.87551856863,success,
primary_regional,Malaysia,sarscov2,2,M3,10.0,23159.32041425469,success,
primary_regional,Malaysia,sarscov2,2,M3,100.0,29495.73151574332,success,
primary_regional,Malaysia,sarscov2,2,M3,1000.0,30250.521618902483,success,
primary_regional,Malaysia,sarscov2,4,M1,1e-06,8070.438831021681,success,
primary_regional,Malaysia,sarscov2,4,M1,1e-05,8078.664405481045,success,
primary_regional,Malaysia,sarscov2,4,M1,0.0001,8145.467895779652,success,
primary_regional,Malaysia,sarscov2,4,M1,0.001,8194.693405092661,success,
primary_regional,Malaysia,sarscov2,4,M1,0.01,7748.094745472344,success,
primary_regional,Malaysia,sarscov2,4,M1,0.1,8087.845271642931,success,
primary_regional,Malaysia,sarscov2,4,M1,1.0,10207.447219657719,success,
primary_regional,Malaysia,sarscov2,4,M1,10.0,24027.144599801595,success,
primary_regional,Malaysia,sarscov2,4,M1,100.0,30004.290505304958,success,
primary_regional,Malaysia,sarscov2,4,M1,1000.0,30719.101123762528,success,
primary_regional,Malaysia,sarscov2,4,M2,1e-06,7678.641420533879,success,
primary_regional,Malaysia,sarscov2,4,M2,1e-05,7683.567138378794,success,
primary_regional,Malaysia,sarscov2,4,M2,0.0001,7731.374020588182,success,
primary_regional,Malaysia,sarscov2,4,M2,0.001,7954.3670152095865,success,
primary_regional,Malaysia,sarscov2,4,M2,0.01,7912.597644563386,success,
primary_regional,Malaysia,sarscov2,4,M2,0.1,8304.945632988403,success,
primary_regional,Malaysia,sarscov2,4,M2,1.0,10251.000962606708,success,
primary_regional,Malaysia,sarscov2,4,M2,10.0,24025.03021930839,success,
primary_regional,Malaysia,sarscov2,4,M2,100.0,30004.03301916716,success,
primary_regional,Malaysia,sarscov2,4,M2,1000.0,30719.062902112906,success,
primary_regional,Malaysia,sarscov2,4,M3,1e-06,8093.542659914307,success,
primary_regional,Malaysia,sarscov2,4,M3,1e-05,8095.026288313593,success,
primary_regional,Malaysia,sarscov2,4,M3,0.0001,8115.331667744098,success,
primary_regional,Malaysia,sarscov2,4,M3,0.001,8311.58401330074,success,
primary_regional,Malaysia,sarscov2,4,M3,0.01,8469.402877099565,success,
primary_regional,Malaysia,sarscov2,4,M3,0.1,9088.500977373684,success,
primary_regional,Malaysia,sarscov2,4,M3,1.0,11758.57731646514,success,
primary_regional,Malaysia,sarscov2,4,M3,10.0,25192.33513021364,success,
primary_regional,Malaysia,sarscov2,4,M3,100.0,30171.952265383774,success,
primary_regional,Malaysia,sarscov2,4,M3,1000.0,30736.556960663016,success,
secondary_regional,Philippines,influenza,1,M1,1e-06,7.161252339055731,success,
secondary_regional,Philippines,influenza,1,M1,1e-05,7.1451479789965,success,
secondary_regional,Philippines,influenza,1,M1,0.0001,6.99379954397117,success,
secondary_regional,Philippines,influenza,1,M1,0.001,6.059294706528515,success,
secondary_regional,Philippines,influenza,1,M1,0.01,4.535102243483024,success,
secondary_regional,Philippines,influenza,1,M1,0.1,3.2222779541489834,success,
secondary_regional,Philippines,influenza,1,M1,1.0,3.4085136748281437,success,
secondary_regional,Philippines,influenza,1,M1,10.0,4.432205251043768,success,
secondary_regional,Philippines,influenza,1,M1,100.0,4.619153532334867,success,
secondary_regional,Philippines,influenza,1,M1,1000.0,4.639327102408131,success,
secondary_regional,Philippines,influenza,1,M2,1e-06,7.154781906032919,success,
secondary_regional,Philippines,influenza,1,M2,1e-05,7.14355761796239,success,
secondary_regional,Philippines,influenza,1,M2,0.0001,7.03788579191539,success,
secondary_regional,Philippines,influenza,1,M2,0.001,6.37929704400029,success,
secondary_regional,Philippines,influenza,1,M2,0.01,5.091181990855668,success,
secondary_regional,Philippines,influenza,1,M2,0.1,3.2763263099022004,success,
secondary_regional,Philippines,influenza,1,M2,1.0,3.370644227757175,success,
secondary_regional,Philippines,influenza,1,M2,10.0,4.428969320020594,success,
secondary_regional,Philippines,influenza,1,M2,100.0,4.618784932016246,success,
secondary_regional,Philippines,influenza,1,M2,1000.0,4.639289571312355,success,
secondary_regional,Philippines,influenza,1,M3,1e-06,33.98547252868273,success,
secondary_regional,Philippines,influenza,1,M3,1e-05,33.52555901179823,success,
secondary_regional,Philippines,influenza,1,M3,0.0001,27.38709329180466,success,
secondary_regional,Philippines,influenza,1,M3,0.001,13.520315847086646,success,
secondary_regional,Philippines,influenza,1,M3,0.01,1132.258385948993,success,
secondary_regional,Philippines,influenza,1,M3,0.1,4467.72889939726,success,
secondary_regional,Philippines,influenza,1,M3,1.0,203.52321282514828,success,
secondary_regional,Philippines,influenza,1,M3,10.0,3.4594133078152343,success,
secondary_regional,Philippines,influenza,1,M3,100.0,4.543729846421288,success,
secondary_regional,Philippines,influenza,1,M3,1000.0,4.63222496361495,success,
secondary_regional,Philippines,influenza,2,M1,1e-06,5.068878207102459,success,
secondary_regional,Philippines,influenza,2,M1,1e-05,5.064824987722154,success,
secondary_regional,Philippines,influenza,2,M1,0.0001,5.02652782237091,success,
secondary_regional,Philippines,influenza,2,M1,0.001,4.779334641896214,success,
secondary_regional,Philippines,influenza,2,M1,0.01,4.212320156924736,success,
secondary_regional,Philippines,influenza,2,M1,0.1,3.3829434032237513,success,
secondary_regional,Philippines,influenza,2,M1,1.0,3.6869022337503545,success,
secondary_regional,Philippines,influenza,2,M1,10.0,4.48172705232983,success,
secondary_regional,Philippines,influenza,2,M1,100.0,4.6301915964819464,success,
secondary_regional,Philippines,influenza,2,M1,1000.0,4.646083486791686,success,
secondary_regional,Philippines,influenza,2,M2,1e-06,4.57859045937193,success,
secondary_regional,Philippines,influenza,2,M2,1e-05,4.577024930958828,success,
secondary_regional,Philippines,influenza,2,M2,0.0001,4.56205435118538,success,
secondary_regional,Philippines,influenza,2,M2,0.001,4.453609831948636,success,
secondary_regional,Philippines,influenza,2,M2,0.01,4.061226635621345,success,
secondary_regional,Philippines,influenza,2,M2,0.1,3.320532249110554,success,
secondary_regional,Philippines,influenza,2,M2,1.0,3.667301905773873,success,
secondary_regional,Philippines,influenza,2,M2,10.0,4.479091345381966,success,
secondary_regional,Philippines,influenza,2,M2,100.0,4.629851026536119,success,
secondary_regional,Philippines,influenza,2,M2,1000.0,4.6460484013223455,success,
secondary_regional,Philippines,influenza,2,M3,1e-06,481.2374508780135,success,
secondary_regional,Philippines,influenza,2,M3,1e-05,389.48680508690904,success,
secondary_regional,Philippines,influenza,2,M3,0.0001,504.23945532254686,success,
secondary_regional,Philippines,influenza,2,M3,0.001,13728.450688701103,success,
secondary_regional,Philippines,influenza,2,M3,0.01,1192293.7709248597,success,
secondary_regional,Philippines,influenza,2,M3,0.1,836259.350743856,success,
secondary_regional,Philippines,influenza,2,M3,1.0,1517.304468391416,success,
secondary_regional,Philippines,influenza,2,M3,10.0,3.125733128851245,success,
secondary_regional,Philippines,influenza,2,M3,100.0,4.524772913710567,success,
secondary_regional,Philippines,influenza,2,M3,1000.0,4.636321041641053,success,
secondary_regional,Philippines,influenza,4,M1,1e-06,3.3284768473034796,success,
secondary_regional,Philippines,influenza,4,M1,1e-05,3.328995332877388,success,
secondary_regional,Philippines,influenza,4,M1,0.0001,3.333849390629445,success,
secondary_regional,Philippines,influenza,4,M1,0.001,3.363349324456477,success,
secondary_regional,Philippines,influenza,4,M1,0.01,3.4216770097063107,success,
secondary_regional,Philippines,influenza,4,M1,0.1,3.539234615927316,success,
secondary_regional,Philippines,influenza,4,M1,1.0,4.13795718746885,success,
secondary_regional,Philippines,influenza,4,M1,10.0,4.5703437175543,success,
secondary_regional,Philippines,influenza,4,M1,100.0,4.649721785839956,success,
secondary_regional,Philippines,influenza,4,M1,1000.0,4.658148660851141,success,
secondary_regional,Philippines,influenza,4,M2,1e-06,3.2889731593449154,success,
secondary_regional,Philippines,influenza,4,M2,1e-05,3.2875594449751344,success,
secondary_regional,Philippines,influenza,4,M2,0.0001,3.2735126846666933,success,
secondary_regional,Philippines,influenza,4,M2,0.001,3.194169868144849,success,
secondary_regional,Philippines,influenza,4,M2,0.01,3.241359062640205,success,
secondary_regional,Philippines,influenza,4,M2,0.1,3.4940723635302198,success,
secondary_regional,Philippines,influenza,4,M2,1.0,4.13836264082093,success,
secondary_regional,Philippines,influenza,4,M2,10.0,4.568062821483319,success,
secondary_regional,Philippines,influenza,4,M2,100.0,4.649377361000219,success,
secondary_regional,Philippines,influenza,4,M2,1000.0,4.658112695764723,success,
secondary_regional,Philippines,influenza,4,M3,1e-06,258.84614283566447,success,
secondary_regional,Philippines,influenza,4,M3,1e-05,233.7765109395341,success,
secondary_regional,Philippines,influenza,4,M3,0.0001,143.1679511590824,success,
secondary_regional,Philippines,influenza,4,M3,0.001,34.24319567970097,success,
secondary_regional,Philippines,influenza,4,M3,0.01,8.76232213900485,success,
secondary_regional,Philippines,influenza,4,M3,0.1,4.381993683846755,success,
secondary_regional,Philippines,influenza,4,M3,1.0,4.190236929179339,success,
secondary_regional,Philippines,influenza,4,M3,10.0,4.572821643124184,success,
secondary_regional,Philippines,influenza,4,M3,100.0,4.649782010464624,success,
secondary_regional,Philippines,influenza,4,M3,1000.0,4.658152125184793,success,
secondary_regional,Philippines,rsv,1,M1,1e-06,4.369723371474199,success,
secondary_regional,Philippines,rsv,1,M1,1e-05,4.369730711663602,success,
secondary_regional,Philippines,rsv,1,M1,0.0001,4.369761965920959,success,
secondary_regional,Philippines,rsv,1,M1,0.001,4.369828722382929,success,
secondary_regional,Philippines,rsv,1,M1,0.01,4.369902082191324,success,
secondary_regional,Philippines,rsv,1,M1,0.1,4.368712730761642,success,
secondary_regional,Philippines,rsv,1,M1,1.0,4.365740939076495,success,
secondary_regional,Philippines,rsv,1,M1,10.0,4.365047850220049,success,
secondary_regional,Philippines,rsv,1,M1,100.0,4.36497064214741,success,
secondary_regional,Philippines,rsv,1,M1,1000.0,4.364962787308582,success,
secondary_regional,Philippines,rsv,1,M2,1e-06,4.365384615384657,success,
secondary_regional,Philippines,rsv,1,M2,1e-05,4.365462952585985,success,
secondary_regional,Philippines,rsv,1,M2,0.0001,4.368203207435925,success,
secondary_regional,Philippines,rsv,1,M2,0.001,4.369769248823921,success,
secondary_regional,Philippines,rsv,1,M2,0.01,4.370230177908621,success,
secondary_regional,Philippines,rsv,1,M2,0.1,4.369143000545611,success,
secondary_regional,Philippines,rsv,1,M2,1.0,4.365751619168123,success,
secondary_regional,Philippines,rsv,1,M2,10.0,4.365046483318627,success,
secondary_regional,Philippines,rsv,1,M2,100.0,4.36497048133224,success,
secondary_regional,Philippines,rsv,1,M2,1000.0,4.364962813840742,success,
secondary_regional,Philippines,rsv,1,M3,1e-06,4.455137858066614,success,
secondary_regional,Philippines,rsv,1,M3,1e-05,4.979580980497074,success,
secondary_regional,Philippines,rsv,1,M3,0.0001,4.6656577314166245,success,
secondary_regional,Philippines,rsv,1,M3,0.001,4.468459727891277,success,
secondary_regional,Philippines,rsv,1,M3,0.01,4.379935586062246,success,
secondary_regional,Philippines,rsv,1,M3,0.1,4.369243311741878,success,
secondary_regional,Philippines,rsv,1,M3,1.0,4.365466624072298,success,
secondary_regional,Philippines,rsv,1,M3,10.0,4.365010513786661,success,
secondary_regional,Philippines,rsv,1,M3,100.0,4.364966759418101,success,
secondary_regional,Philippines,rsv,1,M3,1000.0,4.36496244276728,success,
secondary_regional,Philippines,rsv,2,M1,1e-06,4.369302521964414,success,
secondary_regional,Philippines,rsv,2,M1,1e-05,4.369312020951462,success,
secondary_regional,Philippines,rsv,2,M1,0.0001,4.369359646786173,success,
secondary_regional,Philippines,rsv,2,M1,0.001,4.369471411928786,success,
secondary_regional,Philippines,rsv,2,M1,0.01,4.369613518569299,success,
secondary_regional,Philippines,rsv,2,M1,0.1,4.368233845571689,success,
secondary_regional,Philippines,rsv,2,M1,1.0,4.3655825889067215,success,
secondary_regional,Philippines,rsv,2,M1,10.0,4.365025171460081,success,
secondary_regional,Philippines,rsv,2,M1,100.0,4.364964126497268,success,
secondary_regional,Philippines,rsv,2,M1,1000.0,4.364957924566298,success,
secondary_regional,Philippines,rsv,2,M2,1e-06,4.365384615384615,success,
secondary_regional,Philippines,rsv,2,M2,1e-05,4.365391538096306,success,
secondary_regional,Philippines,rsv,2,M2,0.0001,4.36607140052243,success,
secondary_regional,Philippines,rsv,2,M2,0.001,4.368466032043215,success,
secondary_regional,Philippines,rsv,2,M2,0.01,4.369855319365562,success,
secondary_regional,Philippines,rsv,2,M2,0.1,4.368698820463747,success,
secondary_regional,Philippines,rsv,2,M2,1.0,4.365590382135123,success,
secondary_regional,Philippines,rsv,2,M2,10.0,4.365023933415239,success,
secondary_regional,Philippines,rsv,2,M2,100.0,4.36496397847617,success,
secondary_regional,Philippines,rsv,2,M2,1000.0,4.364957975267661,success,
secondary_regional,Philippines,rsv,2,M3,1e-06,4.367356924521827,success,
secondary_regional,Philippines,rsv,2,M3,1e-05,4.3690841320134775,success,
secondary_regional,Philippines,rsv,2,M3,0.0001,4.3776039662596125,success,
secondary_regional,Philippines,rsv,2,M3,0.001,4.377465302718469,success,
secondary_regional,Philippines,rsv,2,M3,0.01,4.371556064370773,success,
secondary_regional,Philippines,rsv,2,M3,0.1,4.368601984892568,success,
secondary_regional,Philippines,rsv,2,M3,1.0,4.36549903261892,success,
secondary_regional,Philippines,rsv,2,M3,10.0,4.365013183148763,success,
secondary_regional,Philippines,rsv,2,M3,100.0,4.36496291490061,success,
secondary_regional,Philippines,rsv,2,M3,1000.0,4.364957808006787,success,
secondary_regional,Philippines,rsv,4,M1,1e-06,4.364947487349131,success,
secondary_regional,Philippines,rsv,4,M1,1e-05,4.364947487349131,success,
secondary_regional,Philippines,rsv,4,M1,0.0001,4.364947487349131,success,
secondary_regional,Philippines,rsv,4,M1,0.001,4.364947487349131,success,
secondary_regional,Philippines,rsv,4,M1,0.01,4.364947487349131,success,
secondary_regional,Philippines,rsv,4,M1,0.1,4.364947487349131,success,
secondary_regional,Philippines,rsv,4,M1,1.0,4.364947487349131,success,
secondary_regional,Philippines,rsv,4,M1,10.0,4.364947487349131,success,
secondary_regional,Philippines,rsv,4,M1,100.0,4.364947487349131,success,
secondary_regional,Philippines,rsv,4,M1,1000.0,4.364947487349131,success,
secondary_regional,Philippines,rsv,4,M2,1e-06,4.355743468698974,success,
secondary_regional,Philippines,rsv,4,M2,1e-05,4.356382918658891,success,
secondary_regional,Philippines,rsv,4,M2,0.0001,4.35959849479925,success,
secondary_regional,Philippines,rsv,4,M2,0.001,4.363615169611918,success,
secondary_regional,Philippines,rsv,4,M2,0.01,4.3645834607685225,success,
secondary_regional,Philippines,rsv,4,M2,0.1,4.364832009674512,success,
secondary_regional,Philippines,rsv,4,M2,1.0,4.3649335234297615,success,
secondary_regional,Philippines,rsv,4,M2,10.0,4.364946120728448,success,
secondary_regional,Philippines,rsv,4,M2,100.0,4.364947281712353,success,
secondary_regional,Philippines,rsv,4,M2,1000.0,4.364947542500839,success,
secondary_regional,Philippines,rsv,4,M3,1e-06,4.36539396243647,success,
secondary_regional,Philippines,rsv,4,M3,1e-05,4.365378984604753,success,
secondary_regional,Philippines,rsv,4,M3,0.0001,4.365429339169425,success,
secondary_regional,Philippines,rsv,4,M3,0.001,4.365388555856205,success,
secondary_regional,Philippines,rsv,4,M3,0.01,4.363008170051675,success,
secondary_regional,Philippines,rsv,4,M3,0.1,4.364069041542404,success,
secondary_regional,Philippines,rsv,4,M3,1.0,4.364848472172048,success,
secondary_regional,Philippines,rsv,4,M3,10.0,4.364937555298262,success,
secondary_regional,Philippines,rsv,4,M3,100.0,4.364946549592298,success,
secondary_regional,Philippines,rsv,4,M3,1000.0,4.3649474523366525,success,
secondary_regional,Philippines,sarscov2,1,M1,1e-06,11508.905612313802,success,
secondary_regional,Philippines,sarscov2,1,M1,1e-05,11505.79526585364,success,
secondary_regional,Philippines,sarscov2,1,M1,0.0001,11473.301849373802,success,
secondary_regional,Philippines,sarscov2,1,M1,0.001,11183.445844457938,success,
secondary_regional,Philippines,sarscov2,1,M1,0.01,13576.250853708936,success,
secondary_regional,Philippines,sarscov2,1,M1,0.1,18597.43133514547,success,
secondary_regional,Philippines,sarscov2,1,M1,1.0,21564.53630985425,success,
secondary_regional,Philippines,sarscov2,1,M1,10.0,26909.937711963434,success,
secondary_regional,Philippines,sarscov2,1,M1,100.0,30181.68373687598,success,
secondary_regional,Philippines,sarscov2,1,M1,1000.0,30595.826669506907,success,
secondary_regional,Philippines,sarscov2,1,M2,1e-06,11748.437260116472,success,
secondary_regional,Philippines,sarscov2,1,M2,1e-05,11744.726524238231,success,
secondary_regional,Philippines,sarscov2,1,M2,0.0001,11712.190342353424,success,
secondary_regional,Philippines,sarscov2,1,M2,0.001,11657.74772450744,success,
secondary_regional,Philippines,sarscov2,1,M2,0.01,13429.640303516082,success,
secondary_regional,Philippines,sarscov2,1,M2,0.1,17666.612870705434,success,
secondary_regional,Philippines,sarscov2,1,M2,1.0,20790.923729433587,success,
secondary_regional,Philippines,sarscov2,1,M2,10.0,26729.0832757816,success,
secondary_regional,Philippines,sarscov2,1,M2,100.0,30159.4261624752,success,
secondary_regional,Philippines,sarscov2,1,M2,1000.0,30593.488286369397,success,
secondary_regional,Philippines,sarscov2,1,M3,1e-06,838018064.7083695,success,
secondary_regional,Philippines,sarscov2,1,M3,1e-05,805423206.4183242,success,
secondary_regional,Philippines,sarscov2,1,M3,0.0001,552256772.2686067,success,
secondary_regional,Philippines,sarscov2,1,M3,0.001,44831132.111588426,success,
secondary_regional,Philippines,sarscov2,1,M3,0.01,262798.9356095375,success,
secondary_regional,Philippines,sarscov2,1,M3,0.1,22302.635747209315,success,
secondary_regional,Philippines,sarscov2,1,M3,1.0,23543.47536881663,success,
secondary_regional,Philippines,sarscov2,1,M3,10.0,22177.033463544718,success,
secondary_regional,Philippines,sarscov2,1,M3,100.0,28957.319836248844,success,
secondary_regional,Philippines,sarscov2,1,M3,1000.0,30465.768495281027,success,
secondary_regional,Philippines,sarscov2,2,M1,1e-06,15372.111886368908,success,
secondary_regional,Philippines,sarscov2,2,M1,1e-05,15365.285051006811,success,
secondary_regional,Philippines,sarscov2,2,M1,0.0001,15298.966053415947,success,
secondary_regional,Philippines,sarscov2,2,M1,0.001,15095.24924313457,success,
secondary_regional,Philippines,sarscov2,2,M1,0.01,18806.653412327523,success,
secondary_regional,Philippines,sarscov2,2,M1,0.1,22201.873576380967,success,
secondary_regional,Philippines,sarscov2,2,M1,1.0,24416.392711833618,success,
secondary_regional,Philippines,sarscov2,2,M1,10.0,27848.58263233357,success,
secondary_regional,Philippines,sarscov2,2,M1,100.0,30518.582578949434,success,
secondary_regional,Philippines,sarscov2,2,M1,1000.0,30861.681477376176,success,
secondary_regional,Philippines,sarscov2,2,M2,1e-06,16102.556572095313,success,
secondary_regional,Philippines,sarscov2,2,M2,1e-05,16098.308744992752,success,
secondary_regional,Philippines,sarscov2,2,M2,0.0001,16057.876841365116,success,
secondary_regional,Philippines,sarscov2,2,M2,0.001,15899.940990581576,success,
secondary_regional,Philippines,sarscov2,2,M2,0.01,17318.16865200358,success,
secondary_regional,Philippines,sarscov2,2,M2,0.1,20630.813324542527,success,
secondary_regional,Philippines,sarscov2,2,M2,1.0,23169.045476170122,success,
secondary_regional,Philippines,sarscov2,2,M2,10.0,27637.9255169042,success,
secondary_regional,Philippines,sarscov2,2,M2,100.0,30496.16886546985,success,
secondary_regional,Philippines,sarscov2,2,M2,1000.0,30859.097322957652,success,
secondary_regional,Philippines,sarscov2,2,M3,1e-06,10019586246.46757,success,
secondary_regional,Philippines,sarscov2,2,M3,1e-05,9573289237.553108,success,
secondary_regional,Philippines,sarscov2,2,M3,0.0001,6232283857.745092,success,
secondary_regional,Philippines,sarscov2,2,M3,0.001,401603398.73830616,success,
secondary_regional,Philippines,sarscov2,2,M3,0.01,4562709.085376468,success,
secondary_regional,Philippines,sarscov2,2,M3,0.1,286699.75700560457,success,
secondary_regional,Philippines,sarscov2,2,M3,1.0,27076.81054272315,success,
secondary_regional,Philippines,sarscov2,2,M3,10.0,24966.61692301544,success,
secondary_regional,Philippines,sarscov2,2,M3,100.0,29883.83608607032,success,
secondary_regional,Philippines,sarscov2,2,M3,1000.0,30794.040414615294,success,
secondary_regional,Philippines,sarscov2,4,M1,1e-06,23196.992279092206,success,
secondary_regional,Philippines,sarscov2,4,M1,1e-05,23155.894313612374,success,
secondary_regional,Philippines,sarscov2,4,M1,0.0001,22821.641750146573,success,
secondary_regional,Philippines,sarscov2,4,M1,0.001,22280.293803366556,success,
secondary_regional,Philippines,sarscov2,4,M1,0.01,25674.868822762473,success,
secondary_regional,Philippines,sarscov2,4,M1,0.1,27509.78509780794,success,
secondary_regional,Philippines,sarscov2,4,M1,1.0,27838.398070226747,success,
secondary_regional,Philippines,sarscov2,4,M1,10.0,29286.96464356823,success,
secondary_regional,Philippines,sarscov2,4,M1,100.0,31178.5760306012,success,
secondary_regional,Philippines,sarscov2,4,M1,1000.0,31427.14856245831,success,
secondary_regional,Philippines,sarscov2,4,M2,1e-06,23520.055361067916,success,
secondary_regional,Philippines,sarscov2,4,M2,1e-05,23502.674303938074,success,
secondary_regional,Philippines,sarscov2,4,M2,0.0001,23347.816314030675,success,
secondary_regional,Philippines,sarscov2,4,M2,0.001,23124.282073211125,success,
secondary_regional,Philippines,sarscov2,4,M2,0.01,25343.87707019232,success,
secondary_regional,Philippines,sarscov2,4,M2,0.1,25703.230481162886,success,
secondary_regional,Philippines,sarscov2,4,M2,1.0,26479.919854142496,success,
secondary_regional,Philippines,sarscov2,4,M2,10.0,29054.83214004825,success,
secondary_regional,Philippines,sarscov2,4,M2,100.0,31156.62731353118,success,
secondary_regional,Philippines,sarscov2,4,M2,1000.0,31424.900891859354,success,
secondary_regional,Philippines,sarscov2,4,M3,1e-06,32457.962005051235,success,
secondary_regional,Philippines,sarscov2,4,M3,1e-05,32432.525582587827,success,
secondary_regional,Philippines,sarscov2,4,M3,0.0001,32219.435770400472,success,
secondary_regional,Philippines,sarscov2,4,M3,0.001,31977.198431874724,success,
secondary_regional,Philippines,sarscov2,4,M3,0.01,34039.75005846033,success,
secondary_regional,Philippines,sarscov2,4,M3,0.1,35430.25179706276,success,
secondary_regional,Philippines,sarscov2,4,M3,1.0,34420.25448812908,success,
secondary_regional,Philippines,sarscov2,4,M3,10.0,31746.465147929055,success,
secondary_regional,Philippines,sarscov2,4,M3,100.0,31420.443397621242,success,
secondary_regional,Philippines,sarscov2,4,M3,1000.0,31450.21024072651,success,
singapore_case_study,Singapore,influenza,1,M1,1e-06,16.356618074292097,success,
singapore_case_study,Singapore,influenza,1,M1,1e-05,16.21600663129376,success,
singapore_case_study,Singapore,influenza,1,M1,0.0001,15.554804125370321,success,
singapore_case_study,Singapore,influenza,1,M1,0.001,14.572788385980811,success,
singapore_case_study,Singapore,influenza,1,M1,0.01,13.085266866055962,success,
singapore_case_study,Singapore,influenza,1,M1,0.1,15.642485615874786,success,
singapore_case_study,Singapore,influenza,1,M1,1.0,17.073245730493515,success,
singapore_case_study,Singapore,influenza,1,M1,10.0,17.192094430096258,success,
singapore_case_study,Singapore,influenza,1,M1,100.0,17.199969846690113,success,
singapore_case_study,Singapore,influenza,1,M1,1000.0,17.20068985263455,success,
singapore_case_study,Singapore,influenza,1,M2,1e-06,16.205925784138177,success,
singapore_case_study,Singapore,influenza,1,M2,1e-05,11.895419891417182,success,
singapore_case_study,Singapore,influenza,1,M2,0.0001,11.881205465455794,success,
singapore_case_study,Singapore,influenza,1,M2,0.001,13.989814106379011,success,
singapore_case_study,Singapore,influenza,1,M2,0.01,14.882767956469554,success,
singapore_case_study,Singapore,influenza,1,M2,0.1,16.1974229721045,success,
singapore_case_study,Singapore,influenza,1,M2,1.0,17.102851432478214,success,
singapore_case_study,Singapore,influenza,1,M2,10.0,17.195083448147642,success,
singapore_case_study,Singapore,influenza,1,M2,100.0,17.200280069986473,success,
singapore_case_study,Singapore,influenza,1,M2,1000.0,17.20072127410937,success,
singapore_case_study,Singapore,influenza,1,M3,1e-06,17.48076907199677,success,
singapore_case_study,Singapore,influenza,1,M3,1e-05,17.480769146531745,success,
singapore_case_study,Singapore,influenza,1,M3,0.0001,17.48075581353784,success,
singapore_case_study,Singapore,influenza,1,M3,0.001,17.479521404550987,success,
singapore_case_study,Singapore,influenza,1,M3,0.01,17.410354691306082,success,
singapore_case_study,Singapore,influenza,1,M3,0.1,17.26119797241528,success,
singapore_case_study,Singapore,influenza,1,M3,1.0,17.28425286792587,success,
singapore_case_study,Singapore,influenza,1,M3,10.0,17.225056394301618,success,
singapore_case_study,Singapore,influenza,1,M3,100.0,17.20362398516975,success,
singapore_case_study,Singapore,influenza,1,M3,1000.0,17.20105958669595,success,
singapore_case_study,Singapore,influenza,2,M1,1e-06,16.876203125883794,success,
singapore_case_study,Singapore,influenza,2,M1,1e-05,16.867013819028077,success,
singapore_case_study,Singapore,influenza,2,M1,0.0001,16.811208318161075,success,
singapore_case_study,Singapore,influenza,2,M1,0.001,16.656768095853124,success,
singapore_case_study,Singapore,influenza,2,M1,0.01,16.200523379846853,success,
singapore_case_study,Singapore,influenza,2,M1,0.1,16.007882283154608,success,
singapore_case_study,Singapore,influenza,2,M1,1.0,17.11360022393579,success,
singapore_case_study,Singapore,influenza,2,M1,10.0,17.3122281752114,success,
singapore_case_study,Singapore,influenza,2,M1,100.0,17.332117353140085,success,
singapore_case_study,Singapore,influenza,2,M1,1000.0,17.334086568546887,success,
singapore_case_study,Singapore,influenza,2,M2,1e-06,15.996446462680309,success,
singapore_case_study,Singapore,influenza,2,M2,1e-05,16.040229346209692,success,
singapore_case_study,Singapore,influenza,2,M2,0.0001,16.186165895668935,success,
singapore_case_study,Singapore,influenza,2,M2,0.001,16.626210527404616,success,
singapore_case_study,Singapore,influenza,2,M2,0.01,16.77574419240521,success,
singapore_case_study,Singapore,influenza,2,M2,0.1,16.547303156386945,success,
singapore_case_study,Singapore,influenza,2,M2,1.0,17.156425615010175,success,
singapore_case_study,Singapore,influenza,2,M2,10.0,17.31533553053341,success,
singapore_case_study,Singapore,influenza,2,M2,100.0,17.332420921852677,success,
singapore_case_study,Singapore,influenza,2,M2,1000.0,17.334116419656585,success,
singapore_case_study,Singapore,influenza,2,M3,1e-06,17.480769177053535,success,
singapore_case_study,Singapore,influenza,2,M3,1e-05,17.480765457759958,success,
singapore_case_study,Singapore,influenza,2,M3,0.0001,17.48064246719793,success,
singapore_case_study,Singapore,influenza,2,M3,0.001,17.47985765874983,success,
singapore_case_study,Singapore,influenza,2,M3,0.01,17.468415965811353,success,
singapore_case_study,Singapore,influenza,2,M3,0.1,17.349658948363132,success,
singapore_case_study,Singapore,influenza,2,M3,1.0,17.32993759454192,success,
singapore_case_study,Singapore,influenza,2,M3,10.0,17.33796356086392,success,
singapore_case_study,Singapore,influenza,2,M3,100.0,17.334879263375925,success,
singapore_case_study,Singapore,influenza,2,M3,1000.0,17.33436480058569,success,
singapore_case_study,Singapore,influenza,4,M1,1e-06,16.79298499533068,success,
singapore_case_study,Singapore,influenza,4,M1,1e-05,16.839883884744896,success,
singapore_case_study,Singapore,influenza,4,M1,0.0001,16.881652993922216,success,
singapore_case_study,Singapore,influenza,4,M1,0.001,16.80877638610685,success,
singapore_case_study,Singapore,influenza,4,M1,0.01,16.593888656701434,success,
singapore_case_study,Singapore,influenza,4,M1,0.1,16.715908849967782,success,
singapore_case_study,Singapore,influenza,4,M1,1.0,17.24431804614991,success,
singapore_case_study,Singapore,influenza,4,M1,10.0,17.347283680002555,success,
singapore_case_study,Singapore,influenza,4,M1,100.0,17.356175424631097,success,
singapore_case_study,Singapore,influenza,4,M1,1000.0,17.35697094116456,success,
singapore_case_study,Singapore,influenza,4,M2,1e-06,1717.4765224118723,success,
singapore_case_study,Singapore,influenza,4,M2,1e-05,75.44204678314252,success,
singapore_case_study,Singapore,influenza,4,M2,0.0001,14.888263406789738,success,
singapore_case_study,Singapore,influenza,4,M2,0.001,16.80856303732505,success,
singapore_case_study,Singapore,influenza,4,M2,0.01,16.935730560244927,success,
singapore_case_study,Singapore,influenza,4,M2,0.1,16.91026408961283,success,
singapore_case_study,Singapore,influenza,4,M2,1.0,17.264200063260137,success,
singapore_case_study,Singapore,influenza,4,M2,10.0,17.349277324963023,success,
singapore_case_study,Singapore,influenza,4,M2,100.0,17.356387273251887,success,
singapore_case_study,Singapore,influenza,4,M2,1000.0,17.35699220890463,success,
singapore_case_study,Singapore,influenza,4,M3,1e-06,17.480769230768452,success,
singapore_case_study,Singapore,influenza,4,M3,1e-05,17.480769213305326,success,
singapore_case_study,Singapore,influenza,4,M3,0.0001,17.48075688352222,success,
singapore_case_study,Singapore,influenza,4,M3,0.001,17.480348409663957,success,
singapore_case_study,Singapore,influenza,4,M3,0.01,17.46329312410115,success,
singapore_case_study,Singapore,influenza,4,M3,0.1,17.363246307241024,success,
singapore_case_study,Singapore,influenza,4,M3,1.0,17.367519833939234,success,
singapore_case_study,Singapore,influenza,4,M3,10.0,17.365460080101098,success,
singapore_case_study,Singapore,influenza,4,M3,100.0,17.358246682934936,success,
singapore_case_study,Singapore,influenza,4,M3,1000.0,17.35718136635037,success,
singapore_case_study,Singapore,sarscov2,1,M1,1e-06,15645.314203536751,success,
singapore_case_study,Singapore,sarscov2,1,M1,1e-05,15639.260567992487,success,
singapore_case_study,Singapore,sarscov2,1,M1,0.0001,15606.335471795963,success,
singapore_case_study,Singapore,sarscov2,1,M1,0.001,15798.64617522908,success,
singapore_case_study,Singapore,sarscov2,1,M1,0.01,17253.106636137756,success,
singapore_case_study,Singapore,sarscov2,1,M1,0.1,20338.848189001637,success,
singapore_case_study,Singapore,sarscov2,1,M1,1.0,29189.769171738644,success,
singapore_case_study,Singapore,sarscov2,1,M1,10.0,33590.5718296987,success,
singapore_case_study,Singapore,sarscov2,1,M1,100.0,33998.44864650892,success,
singapore_case_study,Singapore,sarscov2,1,M1,1000.0,34037.17296010491,success,
singapore_case_study,Singapore,sarscov2,1,M2,1e-06,19472.80975420313,success,
singapore_case_study,Singapore,sarscov2,1,M2,1e-05,19475.114357562554,success,
singapore_case_study,Singapore,sarscov2,1,M2,0.0001,19502.258719385318,success,
singapore_case_study,Singapore,sarscov2,1,M2,0.001,19814.43635342811,success,
singapore_case_study,Singapore,sarscov2,1,M2,0.01,21240.809956791527,success,
singapore_case_study,Singapore,sarscov2,1,M2,0.1,22934.411537420936,success,
singapore_case_study,Singapore,sarscov2,1,M2,1.0,29755.396245888838,success,
singapore_case_study,Singapore,sarscov2,1,M2,10.0,33636.350530152034,success,
singapore_case_study,Singapore,sarscov2,1,M2,100.0,34002.91933628115,success,
singapore_case_study,Singapore,sarscov2,1,M2,1000.0,34037.620435518336,success,
singapore_case_study,Singapore,sarscov2,1,M3,1e-06,323080.66077433806,success,
singapore_case_study,Singapore,sarscov2,1,M3,1e-05,319196.69004380534,success,
singapore_case_study,Singapore,sarscov2,1,M3,0.0001,292194.5418614604,success,
singapore_case_study,Singapore,sarscov2,1,M3,0.001,248252.74563021393,success,
singapore_case_study,Singapore,sarscov2,1,M3,0.01,259704.85655122437,success,
singapore_case_study,Singapore,sarscov2,1,M3,0.1,261416.08986834533,success,
singapore_case_study,Singapore,sarscov2,1,M3,1.0,26699.553078968544,success,
singapore_case_study,Singapore,sarscov2,1,M3,10.0,33761.62646674102,success,
singapore_case_study,Singapore,sarscov2,1,M3,100.0,34019.2842147628,success,
singapore_case_study,Singapore,sarscov2,1,M3,1000.0,34039.293920571006,success,
singapore_case_study,Singapore,sarscov2,2,M1,1e-06,20987.666383032312,success,
singapore_case_study,Singapore,sarscov2,2,M1,1e-05,20976.87550277025,success,
singapore_case_study,Singapore,sarscov2,2,M1,0.0001,20903.01620581841,success,
singapore_case_study,Singapore,sarscov2,2,M1,0.001,20881.571548950356,success,
singapore_case_study,Singapore,sarscov2,2,M1,0.01,21576.34780776022,success,
singapore_case_study,Singapore,sarscov2,2,M1,0.1,23348.38669799978,success,
singapore_case_study,Singapore,sarscov2,2,M1,1.0,29541.318928155666,success,
singapore_case_study,Singapore,sarscov2,2,M1,10.0,33545.85813176074,success,
singapore_case_study,Singapore,sarscov2,2,M1,100.0,33965.960072888156,success,
singapore_case_study,Singapore,sarscov2,2,M1,1000.0,34006.60950887812,success,
singapore_case_study,Singapore,sarscov2,2,M2,1e-06,25889.03266286097,success,
singapore_case_study,Singapore,sarscov2,2,M2,1e-05,25880.417161524976,success,
singapore_case_study,Singapore,sarscov2,2,M2,0.0001,25855.834988780327,success,
singapore_case_study,Singapore,sarscov2,2,M2,0.001,25942.4547306783,success,
singapore_case_study,Singapore,sarscov2,2,M2,0.01,26599.593113912153,success,
singapore_case_study,Singapore,sarscov2,2,M2,0.1,26688.169071858618,success,
singapore_case_study,Singapore,sarscov2,2,M2,1.0,30207.722235232657,success,
singapore_case_study,Singapore,sarscov2,2,M2,10.0,33593.68777008721,success,
singapore_case_study,Singapore,sarscov2,2,M2,100.0,33970.508266758196,success,
singapore_case_study,Singapore,sarscov2,2,M2,1000.0,34007.06314719271,success,
singapore_case_study,Singapore,sarscov2,2,M3,1e-06,577701.8254724072,success,
singapore_case_study,Singapore,sarscov2,2,M3,1e-05,565292.9047134529,success,
singapore_case_study,Singapore,sarscov2,2,M3,0.0001,482334.14084142813,success,
singapore_case_study,Singapore,sarscov2,2,M3,0.001,349290.6501545549,success,
singapore_case_study,Singapore,sarscov2,2,M3,0.01,369407.4704463914,success,
singapore_case_study,Singapore,sarscov2,2,M3,0.1,490241.9098286341,success,
singapore_case_study,Singapore,sarscov2,2,M3,1.0,28414.319742451524,success,
singapore_case_study,Singapore,sarscov2,2,M3,10.0,33625.4944944169,success,
singapore_case_study,Singapore,sarscov2,2,M3,100.0,33979.242651941175,success,
singapore_case_study,Singapore,sarscov2,2,M3,1000.0,34007.98814903669,success,
singapore_case_study,Singapore,sarscov2,4,M1,1e-06,26959.056713528156,success,
singapore_case_study,Singapore,sarscov2,4,M1,1e-05,26986.141430138396,success,
singapore_case_study,Singapore,sarscov2,4,M1,0.0001,27193.026949899024,success,
singapore_case_study,Singapore,sarscov2,4,M1,0.001,27741.472440892663,success,
singapore_case_study,Singapore,sarscov2,4,M1,0.01,27912.340718769286,success,
singapore_case_study,Singapore,sarscov2,4,M1,0.1,27835.544112602616,success,
singapore_case_study,Singapore,sarscov2,4,M1,1.0,30677.86515000702,success,
singapore_case_study,Singapore,sarscov2,4,M1,10.0,33508.84865990267,success,
singapore_case_study,Singapore,sarscov2,4,M1,100.0,33906.097354361475,success,
singapore_case_study,Singapore,sarscov2,4,M1,1000.0,33946.37853558692,success,
singapore_case_study,Singapore,sarscov2,4,M2,1e-06,32408.097241237978,success,
singapore_case_study,Singapore,sarscov2,4,M2,1e-05,32397.760011790862,success,
singapore_case_study,Singapore,sarscov2,4,M2,0.0001,32326.161311080974,success,
singapore_case_study,Singapore,sarscov2,4,M2,0.001,32185.986150842873,success,
singapore_case_study,Singapore,sarscov2,4,M2,0.01,32498.37147551528,success,
singapore_case_study,Singapore,sarscov2,4,M2,0.1,32326.60829683543,success,
singapore_case_study,Singapore,sarscov2,4,M2,1.0,31519.54340483483,success,
singapore_case_study,Singapore,sarscov2,4,M2,10.0,33561.12241601176,success,
singapore_case_study,Singapore,sarscov2,4,M2,100.0,33910.84375303675,success,
singapore_case_study,Singapore,sarscov2,4,M2,1000.0,33946.8427185981,success,
singapore_case_study,Singapore,sarscov2,4,M3,1e-06,225053.78847680177,success,
singapore_case_study,Singapore,sarscov2,4,M3,1e-05,226429.3009443783,success,
singapore_case_study,Singapore,sarscov2,4,M3,0.0001,236686.07349184575,success,
singapore_case_study,Singapore,sarscov2,4,M3,0.001,271948.692447593,success,
singapore_case_study,Singapore,sarscov2,4,M3,0.01,394948.1068660034,success,
singapore_case_study,Singapore,sarscov2,4,M3,0.1,901861.7424382982,success,
singapore_case_study,Singapore,sarscov2,4,M3,1.0,31563.500826134907,success,
singapore_case_study,Singapore,sarscov2,4,M3,10.0,33471.356795684245,success,
singapore_case_study,Singapore,sarscov2,4,M3,100.0,33908.56207067607,success,
singapore_case_study,Singapore,sarscov2,4,M3,1000.0,33946.67791908915,success,
