COUNTRY_AREA_TERRITORY,ISO_YEAR,reported_weeks,influenza_reporting_weeks,rsv_reporting_weeks,expected_iso_weeks,overall_reporting_percent,influenza_reporting_percent,rsv_reporting_percent,unique_weeks,weeks_with_multiple_rows,maximum_rows_per_week,overall_ge_80pct,influenza_ge_80pct,rsv_ge_80pct
Afghanistan,2009,13,13,0,53,24.53,24.53,0.0,13,0,1,False,False,False
Afghanistan,2010,49,49,0,52,94.23,94.23,0.0,49,0,1,True,True,False
Afghanistan,2011,33,33,0,52,63.46,63.46,0.0,33,0,1,False,False,False
Afghanistan,2012,22,22,0,52,42.31,42.31,0.0,22,0,1,False,False,False
Afghanistan,2013,3,3,0,52,5.77,5.77,0.0,3,0,1,False,False,False
Afghanistan,2014,13,13,0,52,25.0,25.0,0.0,13,0,1,False,False,False
Afghanistan,2015,51,51,0,53,96.23,96.23,0.0,51,0,1,True,True,False
Afghanistan,2016,52,52,52,52,100.0,100.0,100.0,52,0,1,True,True,True
Afghanistan,2017,52,52,52,52,100.0,100.0,100.0,52,0,1,True,True,True
Afghanistan,2018,52,52,52,52,100.0,100.0,100.0,52,0,1,True,True,True
Afghanistan,2019,52,52,52,52,100.0,100.0,100.0,52,0,1,True,True,True
Afghanistan,2020,53,53,53,53,100.0,100.0,100.0,53,0,1,True,True,True
Afghanistan,2021,52,52,51,52,100.0,100.0,98.08,52,0,1,True,True,True
Afghanistan,2022,52,52,52,52,100.0,100.0,100.0,52,52,2,True,True,True
Afghanistan,2023,52,52,52,52,100.0,100.0,100.0,52,52,2,True,True,True
Afghanistan,2024,52,52,52,52,100.0,100.0,100.0,52,52,2,True,True,True
Afghanistan,2025,52,52,52,52,100.0,100.0,100.0,52,52,2,True,True,True
Afghanistan,2026,39,39,39,53,73.58,73.58,73.58,39,39,2,False,False,False
Albania,1997,3,0,0,52,5.77,0.0,0.0,3,0,1,False,False,False
Albania,1998,16,0,0,53,30.19,0.0,0.0,16,0,1,False,False,False
Albania,1999,14,0,0,52,26.92,0.0,0.0,14,0,1,False,False,False
Albania,2000,2,0,0,52,3.85,0.0,0.0,2,0,1,False,False,False
Albania,2001,2,1,0,52,3.85,1.92,0.0,2,0,1,False,False,False
Albania,2002,7,0,0,52,13.46,0.0,0.0,7,0,1,False,False,False
Albania,2003,10,1,0,52,19.23,1.92,0.0,10,0,1,False,False,False
Albania,2010,7,7,1,52,13.46,13.46,1.92,7,0,1,False,False,False
Albania,2011,27,27,27,52,51.92,51.92,51.92,27,0,1,False,False,False
Albania,2012,28,28,28,52,53.85,53.85,53.85,28,0,1,False,False,False
Albania,2013,28,28,28,52,53.85,53.85,53.85,28,11,2,False,False,False
Albania,2014,22,22,18,52,42.31,42.31,34.62,22,18,2,False,False,False
Albania,2015,30,30,30,53,56.6,56.6,56.6,30,30,2,False,False,False
Albania,2016,24,24,24,52,46.15,46.15,46.15,24,24,2,False,False,False
Albania,2017,33,33,33,52,63.46,63.46,63.46,33,33,2,False,False,False
Albania,2018,31,31,31,52,59.62,59.62,59.62,31,31,2,False,False,False
Albania,2019,21,21,21,52,40.38,40.38,40.38,21,21,2,False,False,False
Albania,2020,42,42,42,53,79.25,79.25,79.25,42,17,2,False,False,False
Albania,2021,52,52,52,52,100.0,100.0,100.0,52,52,2,True,True,True
Albania,2022,52,52,52,52,100.0,100.0,100.0,52,34,2,True,True,True
Albania,2023,52,52,52,52,100.0,100.0,100.0,52,50,2,True,True,True
Albania,2024,52,52,27,52,100.0,100.0,51.92,52,52,2,True,True,False
Albania,2025,52,52,12,52,100.0,100.0,23.08,52,51,2,True,True,False
Albania,2026,18,18,18,53,33.96,33.96,33.96,18,18,2,False,False,False
Algeria,1998,2,0,0,53,3.77,0.0,0.0,2,0,1,False,False,False
Algeria,2000,1,0,0,52,1.92,0.0,0.0,1,0,1,False,False,False
Algeria,2004,2,2,0,53,3.77,3.77,0.0,2,0,1,False,False,False
Algeria,2009,28,28,0,53,52.83,52.83,0.0,28,0,1,False,False,False
Algeria,2010,52,52,0,52,100.0,100.0,0.0,52,0,1,True,True,False
Algeria,2011,52,52,0,52,100.0,100.0,0.0,52,0,1,True,True,False
Algeria,2012,52,52,0,52,100.0,100.0,0.0,52,0,1,True,True,False
Algeria,2013,52,52,0,52,100.0,100.0,0.0,52,0,1,True,True,False
Algeria,2014,52,52,0,52,100.0,100.0,0.0,52,0,1,True,True,False
Algeria,2015,52,52,0,53,98.11,98.11,0.0,52,0,1,True,True,False
Algeria,2016,20,20,0,52,38.46,38.46,0.0,20,0,1,False,False,False
Algeria,2017,52,52,0,52,100.0,100.0,0.0,52,0,1,True,True,False
Algeria,2018,38,38,3,52,73.08,73.08,5.77,38,0,1,False,False,False
Algeria,2019,17,17,4,52,32.69,32.69,7.69,17,0,1,False,False,False
Algeria,2020,15,15,6,53,28.3,28.3,11.32,15,0,1,False,False,False
Algeria,2021,45,45,0,52,86.54,86.54,0.0,45,0,1,True,True,False
Algeria,2022,52,52,0,52,100.0,100.0,0.0,52,0,1,True,True,False
Algeria,2023,52,52,0,52,100.0,100.0,0.0,52,0,1,True,True,False
Algeria,2024,52,52,0,52,100.0,100.0,0.0,52,0,1,True,True,False
Algeria,2025,52,52,0,52,100.0,100.0,0.0,52,0,1,True,True,False
Algeria,2026,39,39,0,53,73.58,73.58,0.0,39,0,1,False,False,False
Angola,2010,49,49,0,52,94.23,94.23,0.0,49,0,1,True,True,False
Angola,2011,52,52,0,52,100.0,100.0,0.0,52,0,1,True,True,False
Angola,2012,39,39,0,52,75.0,75.0,0.0,39,0,1,False,False,False
Angola,2023,12,12,0,52,23.08,23.08,0.0,12,0,1,False,False,False
Angola,2024,17,17,0,52,32.69,32.69,0.0,17,0,1,False,False,False
Angola,2025,3,3,0,52,5.77,5.77,0.0,3,0,1,False,False,False
Angola,2026,9,9,0,53,16.98,16.98,0.0,9,0,1,False,False,False
Anguilla,2017,3,3,0,52,5.77,5.77,0.0,3,0,1,False,False,False
Anguilla,2018,1,1,0,52,1.92,1.92,0.0,1,0,1,False,False,False
Anguilla,2019,4,4,0,52,7.69,7.69,0.0,4,0,1,False,False,False
Anguilla,2020,53,53,0,53,100.0,100.0,0.0,53,0,1,True,True,False
Anguilla,2021,52,52,0,52,100.0,100.0,0.0,52,0,1,True,True,False
Anguilla,2022,52,52,0,52,100.0,100.0,0.0,52,0,1,True,True,False
Anguilla,2023,37,37,0,52,71.15,71.15,0.0,37,0,1,False,False,False
Antigua and Barbuda,2018,1,1,0,52,1.92,1.92,0.0,1,0,1,False,False,False
Antigua and Barbuda,2019,1,1,0,52,1.92,1.92,0.0,1,0,1,False,False,False
Antigua and Barbuda,2020,53,53,0,53,100.0,100.0,0.0,53,0,1,True,True,False
Antigua and Barbuda,2021,52,52,0,52,100.0,100.0,0.0,52,0,1,True,True,False
Antigua and Barbuda,2022,52,52,0,52,100.0,100.0,0.0,52,0,1,True,True,False
Antigua and Barbuda,2023,37,37,0,52,71.15,71.15,0.0,37,0,1,False,False,False
Argentina,1997,11,9,0,52,21.15,17.31,0.0,11,0,1,False,False,False
Argentina,1998,14,0,0,53,26.42,0.0,0.0,14,0,1,False,False,False
Argentina,1999,52,37,0,52,100.0,71.15,0.0,52,0,1,True,False,False
Argentina,2000,51,36,0,52,98.08,69.23,0.0,51,0,1,True,False,False
Argentina,2001,52,39,0,52,100.0,75.0,0.0,52,0,1,True,False,False
Argentina,2002,52,40,0,52,100.0,76.92,0.0,52,0,1,True,False,False
Argentina,2003,52,43,0,52,100.0,82.69,0.0,52,0,1,True,True,False
Argentina,2004,51,51,0,53,96.23,96.23,0.0,51,0,1,True,True,False
Argentina,2005,51,51,0,52,98.08,98.08,0.0,51,0,1,True,True,False
Argentina,2006,52,52,0,52,100.0,100.0,0.0,52,0,1,True,True,False
Argentina,2007,49,49,0,52,94.23,94.23,0.0,49,0,1,True,True,False
Argentina,2008,50,50,0,52,96.15,96.15,0.0,50,0,1,True,True,False
Argentina,2009,51,51,0,53,96.23,96.23,0.0,51,0,1,True,True,False
Argentina,2010,52,52,0,52,100.0,100.0,0.0,52,0,1,True,True,False
Argentina,2011,52,52,0,52,100.0,100.0,0.0,52,0,1,True,True,False
Argentina,2012,52,52,0,52,100.0,100.0,0.0,52,0,1,True,True,False
Argentina,2013,52,52,0,52,100.0,100.0,0.0,52,0,1,True,True,False
Argentina,2014,52,52,0,52,100.0,100.0,0.0,52,0,1,True,True,False
Argentina,2015,53,53,52,53,100.0,100.0,98.11,53,0,1,True,True,True
Argentina,2016,52,52,52,52,100.0,100.0,100.0,52,0,1,True,True,True
Argentina,2017,52,52,52,52,100.0,100.0,100.0,52,0,1,True,True,True
Argentina,2018,52,52,52,52,100.0,100.0,100.0,52,0,1,True,True,True
Argentina,2019,52,52,52,52,100.0,100.0,100.0,52,0,1,True,True,True
Argentina,2020,53,53,53,53,100.0,100.0,100.0,53,0,1,True,True,True
Argentina,2021,52,52,52,52,100.0,100.0,100.0,52,0,1,True,True,True
Argentina,2022,52,52,52,52,100.0,100.0,100.0,52,52,2,True,True,True
Argentina,2023,52,52,52,52,100.0,100.0,100.0,52,52,2,True,True,True
Argentina,2024,52,52,52,52,100.0,100.0,100.0,52,52,2,True,True,True
Argentina,2025,52,52,52,52,100.0,100.0,100.0,52,52,2,True,True,True
Argentina,2026,38,38,38,53,71.7,71.7,71.7,38,37,2,False,False,False
Armenia,2010,10,10,1,52,19.23,19.23,1.92,10,0,1,False,False,False
Armenia,2011,52,52,52,52,100.0,100.0,100.0,52,0,1,True,True,True
Armenia,2012,52,52,52,52,100.0,100.0,100.0,52,0,1,True,True,True
Armenia,2013,52,52,52,52,100.0,100.0,100.0,52,13,2,True,True,True
Armenia,2014,33,33,33,52,63.46,63.46,63.46,33,33,2,False,False,False
Armenia,2015,27,27,27,53,50.94,50.94,50.94,27,27,2,False,False,False
Armenia,2016,45,45,45,52,86.54,86.54,86.54,45,45,2,True,True,True
Armenia,2017,52,52,52,52,100.0,100.0,100.0,52,52,2,True,True,True
Armenia,2018,51,51,51,52,98.08,98.08,98.08,51,51,2,True,True,True
Armenia,2019,52,52,52,52,100.0,100.0,100.0,52,52,2,True,True,True
Armenia,2020,26,26,26,53,49.06,49.06,49.06,26,25,2,False,False,False
Armenia,2021,52,52,52,52,100.0,100.0,100.0,52,51,2,True,True,True
Armenia,2022,52,52,52,52,100.0,100.0,100.0,52,51,2,True,True,True
Armenia,2023,51,51,51,52,98.08,98.08,98.08,51,50,2,True,True,True
Armenia,2024,50,50,50,52,96.15,96.15,96.15,50,39,2,True,True,True
Armenia,2025,52,52,52,52,100.0,100.0,100.0,52,8,2,True,True,True
Armenia,2026,27,27,27,53,50.94,50.94,50.94,27,9,2,False,False,False
Aruba,2017,46,46,23,52,88.46,88.46,44.23,46,0,1,True,True,False
Aruba,2018,30,30,12,52,57.69,57.69,23.08,30,0,1,False,False,False
Aruba,2019,43,43,24,52,82.69,82.69,46.15,43,0,1,True,True,False
Aruba,2020,53,53,8,53,100.0,100.0,15.09,53,0,1,True,True,False
Aruba,2021,52,52,0,52,100.0,100.0,0.0,52,0,1,True,True,False
Aruba,2022,52,52,0,52,100.0,100.0,0.0,52,0,1,True,True,False
Aruba,2023,37,37,0,52,71.15,71.15,0.0,37,0,1,False,False,False
Australia,1996,1,1,0,52,1.92,1.92,0.0,1,0,1,False,False,False
Australia,1997,52,52,0,52,100.0,100.0,0.0,52,0,1,True,True,False
Australia,1998,53,53,0,53,100.0,100.0,0.0,53,0,1,True,True,False
Australia,1999,52,52,0,52,100.0,100.0,0.0,52,0,1,True,True,False
Australia,2000,52,51,0,52,100.0,98.08,0.0,52,0,1,True,True,False
Australia,2001,43,37,0,52,82.69,71.15,0.0,43,0,1,True,False,False
Australia,2002,52,52,0,52,100.0,100.0,0.0,52,0,1,True,True,False
Australia,2003,52,52,0,52,100.0,100.0,0.0,52,0,1,True,True,False
Australia,2004,53,53,0,53,100.0,100.0,0.0,53,0,1,True,True,False
Australia,2005,46,46,0,52,88.46,88.46,0.0,46,0,1,True,True,False
Australia,2006,52,52,0,52,100.0,100.0,0.0,52,0,1,True,True,False
Australia,2007,52,52,0,52,100.0,100.0,0.0,52,0,1,True,True,False
Australia,2008,52,52,0,52,100.0,100.0,0.0,52,0,1,True,True,False
Australia,2009,53,53,0,53,100.0,100.0,0.0,53,0,1,True,True,False
Australia,2010,52,52,0,52,100.0,100.0,0.0,52,0,1,True,True,False
Australia,2011,52,52,0,52,100.0,100.0,0.0,52,0,1,True,True,False
Australia,2012,52,52,0,52,100.0,100.0,0.0,52,0,1,True,True,False
Australia,2013,52,52,0,52,100.0,100.0,0.0,52,0,1,True,True,False
Australia,2014,52,52,0,52,100.0,100.0,0.0,52,0,1,True,True,False
Australia,2015,53,53,0,53,100.0,100.0,0.0,53,0,1,True,True,False
Australia,2016,52,52,36,52,100.0,100.0,69.23,52,0,1,True,True,False
Australia,2017,52,52,52,52,100.0,100.0,100.0,52,0,1,True,True,True
Australia,2018,52,52,52,52,100.0,100.0,100.0,52,0,1,True,True,True
Australia,2019,52,52,52,52,100.0,100.0,100.0,52,0,1,True,True,True
Australia,2020,53,53,53,53,100.0,100.0,100.0,53,0,1,True,True,True
Australia,2021,52,52,52,52,100.0,100.0,100.0,52,0,1,True,True,True
Australia,2022,52,52,52,52,100.0,100.0,100.0,52,0,1,True,True,True
Australia,2023,52,52,51,52,100.0,100.0,98.08,52,0,1,True,True,True
Australia,2024,52,52,51,52,100.0,100.0,98.08,52,0,1,True,True,True
Australia,2025,52,52,52,52,100.0,100.0,100.0,52,0,1,True,True,True
Australia,2026,39,39,39,53,73.58,73.58,73.58,39,0,1,False,False,False
Austria,1997,22,7,0,52,42.31,13.46,0.0,22,0,1,False,False,False
Austria,1998,26,3,0,53,49.06,5.66,0.0,26,0,1,False,False,False
Austria,1999,24,12,0,52,46.15,23.08,0.0,24,0,1,False,False,False
Austria,2000,24,9,0,52,46.15,17.31,0.0,24,0,1,False,False,False
Austria,2001,27,25,0,52,51.92,48.08,0.0,27,0,1,False,False,False
Austria,2002,27,14,0,52,51.92,26.92,0.0,27,0,1,False,False,False
Austria,2003,18,17,0,52,34.62,32.69,0.0,18,0,1,False,False,False
Austria,2004,27,27,0,53,50.94,50.94,0.0,27,0,1,False,False,False
Austria,2010,41,41,0,52,78.85,78.85,0.0,41,0,1,False,False,False
Austria,2011,52,52,0,52,100.0,100.0,0.0,52,0,1,True,True,False
Austria,2012,52,52,13,52,100.0,100.0,25.0,52,0,1,True,True,False
Austria,2013,52,52,52,52,100.0,100.0,100.0,52,13,3,True,True,True
Austria,2014,34,34,33,52,65.38,65.38,63.46,34,33,3,False,False,False
Austria,2015,29,29,29,53,54.72,54.72,54.72,29,29,2,False,False,False
Austria,2016,27,27,27,52,51.92,51.92,51.92,27,27,2,False,False,False
Austria,2017,27,27,27,52,51.92,51.92,51.92,27,27,2,False,False,False
Austria,2018,28,28,28,52,53.85,53.85,53.85,28,28,2,False,False,False
Austria,2019,32,32,32,52,61.54,61.54,61.54,32,32,2,False,False,False
Austria,2020,42,42,42,53,79.25,79.25,79.25,42,22,2,False,False,False
Austria,2021,52,52,52,52,100.0,100.0,100.0,52,25,2,True,True,True
Austria,2022,52,52,52,52,100.0,100.0,100.0,52,21,2,True,True,True
Austria,2023,38,38,38,52,73.08,73.08,73.08,38,27,2,False,False,False
Austria,2024,52,52,52,52,100.0,100.0,100.0,52,52,2,True,True,True
Austria,2025,52,52,52,52,100.0,100.0,100.0,52,52,2,True,True,True
Austria,2026,39,39,39,53,73.58,73.58,73.58,39,39,2,False,False,False
Azerbaijan,2008,2,2,0,52,3.85,3.85,0.0,2,0,1,False,False,False
Azerbaijan,2010,9,9,1,52,17.31,17.31,1.92,9,0,1,False,False,False
Azerbaijan,2011,48,48,48,52,92.31,92.31,92.31,48,0,1,True,True,True
Azerbaijan,2012,46,46,46,52,88.46,88.46,88.46,46,0,1,True,True,True
Azerbaijan,2013,50,50,50,52,96.15,96.15,96.15,50,13,2,True,True,True
Azerbaijan,2014,38,38,33,52,73.08,73.08,63.46,38,33,2,False,False,False
Azerbaijan,2015,50,50,50,53,94.34,94.34,94.34,50,50,2,True,True,True
Azerbaijan,2016,52,52,52,52,100.0,100.0,100.0,52,52,2,True,True,True
Azerbaijan,2017,52,52,52,52,100.0,100.0,100.0,52,52,2,True,True,True
Azerbaijan,2018,51,51,51,52,98.08,98.08,98.08,51,51,2,True,True,True
Azerbaijan,2019,51,51,51,52,98.08,98.08,98.08,51,51,2,True,True,True
Azerbaijan,2020,53,53,53,53,100.0,100.0,100.0,53,53,2,True,True,True
Azerbaijan,2021,52,52,52,52,100.0,100.0,100.0,52,52,2,True,True,True
Azerbaijan,2022,52,52,52,52,100.0,100.0,100.0,52,52,2,True,True,True
Azerbaijan,2023,52,52,52,52,100.0,100.0,100.0,52,52,2,True,True,True
Azerbaijan,2024,52,52,35,52,100.0,100.0,67.31,52,52,2,True,True,False
Azerbaijan,2025,34,34,0,52,65.38,65.38,0.0,34,21,2,False,False,False
Azerbaijan,2026,19,19,0,53,35.85,35.85,0.0,19,19,2,False,False,False
Bahamas,2018,3,3,0,52,5.77,5.77,0.0,3,0,1,False,False,False
Bahamas,2019,2,2,0,52,3.85,3.85,0.0,2,0,1,False,False,False
Bahamas,2020,53,53,1,53,100.0,100.0,1.89,53,0,1,True,True,False
Bahamas,2021,52,52,0,52,100.0,100.0,0.0,52,0,1,True,True,False
Bahamas,2022,52,52,0,52,100.0,100.0,0.0,52,0,1,True,True,False
Bahamas,2023,37,37,0,52,71.15,71.15,0.0,37,0,1,False,False,False
Bahrain,2011,22,22,0,52,42.31,42.31,0.0,22,0,1,False,False,False
Bahrain,2012,52,52,0,52,100.0,100.0,0.0,52,0,1,True,True,False
Bahrain,2013,52,52,0,52,100.0,100.0,0.0,52,0,1,True,True,False
Bahrain,2014,52,52,0,52,100.0,100.0,0.0,52,0,1,True,True,False
Bahrain,2015,53,53,0,53,100.0,100.0,0.0,53,0,1,True,True,False
Bahrain,2016,52,52,26,52,100.0,100.0,50.0,52,0,1,True,True,False
Bahrain,2017,52,52,52,52,100.0,100.0,100.0,52,0,1,True,True,True
Bahrain,2018,52,52,52,52,100.0,100.0,100.0,52,0,1,True,True,True
Bahrain,2019,52,52,52,52,100.0,100.0,100.0,52,0,1,True,True,True
Bahrain,2020,7,7,7,53,13.21,13.21,13.21,7,0,1,False,False,False
Bahrain,2022,52,52,9,52,100.0,100.0,17.31,52,0,1,True,True,False
Bahrain,2023,52,52,15,52,100.0,100.0,28.85,52,0,1,True,True,False
Bahrain,2024,52,52,10,52,100.0,100.0,19.23,52,0,1,True,True,False
Bahrain,2025,52,52,15,52,100.0,100.0,28.85,52,0,1,True,True,False
Bahrain,2026,39,39,11,53,73.58,73.58,20.75,39,0,1,False,False,False
Bangladesh,2010,52,52,0,52,100.0,100.0,0.0,52,0,1,True,True,False
Bangladesh,2011,52,52,0,52,100.0,100.0,0.0,52,0,1,True,True,False
Bangladesh,2012,52,52,0,52,100.0,100.0,0.0,52,0,1,True,True,False
Bangladesh,2013,52,52,0,52,100.0,100.0,0.0,52,0,1,True,True,False
Bangladesh,2014,48,48,0,52,92.31,92.31,0.0,48,0,1,True,True,False
Bangladesh,2015,53,53,0,53,100.0,100.0,0.0,53,0,1,True,True,False
Bangladesh,2016,51,51,35,52,98.08,98.08,67.31,51,0,1,True,True,False
Bangladesh,2017,51,51,17,52,98.08,98.08,32.69,51,0,1,True,True,False
Bangladesh,2018,52,52,0,52,100.0,100.0,0.0,52,0,1,True,True,False
Bangladesh,2019,52,52,0,52,100.0,100.0,0.0,52,0,1,True,True,False
Bangladesh,2020,53,53,0,53,100.0,100.0,0.0,53,0,1,True,True,False
Bangladesh,2021,52,52,0,52,100.0,100.0,0.0,52,0,1,True,True,False
Bangladesh,2022,52,52,52,52,100.0,100.0,100.0,52,0,1,True,True,True
Bangladesh,2023,52,52,52,52,100.0,100.0,100.0,52,0,1,True,True,True
Bangladesh,2024,52,52,52,52,100.0,100.0,100.0,52,0,1,True,True,True
Bangladesh,2025,52,52,52,52,100.0,100.0,100.0,52,0,1,True,True,True
Bangladesh,2026,38,38,36,53,71.7,71.7,67.92,38,0,1,False,False,False
Barbados,2015,49,49,4,53,92.45,92.45,7.55,49,0,1,True,True,False
Barbados,2016,46,46,25,52,88.46,88.46,48.08,46,0,1,True,True,False
Barbados,2017,42,42,15,52,80.77,80.77,28.85,42,0,1,True,True,False
Barbados,2018,44,44,4,52,84.62,84.62,7.69,44,0,1,True,True,False
Barbados,2019,42,42,4,52,80.77,80.77,7.69,42,0,1,True,True,False
Barbados,2020,53,53,2,53,100.0,100.0,3.77,53,0,1,True,True,False
Barbados,2021,52,52,0,52,100.0,100.0,0.0,52,0,1,True,True,False
Barbados,2022,52,52,0,52,100.0,100.0,0.0,52,0,1,True,True,False
Barbados,2023,52,52,52,52,100.0,100.0,100.0,52,52,2,True,True,True
Barbados,2024,52,52,52,52,100.0,100.0,100.0,52,52,2,True,True,True
Barbados,2025,52,52,52,52,100.0,100.0,100.0,52,8,2,True,True,True
Barbados,2026,38,38,38,53,71.7,71.7,71.7,38,0,1,False,False,False
Belarus,1997,9,1,0,52,17.31,1.92,0.0,9,0,1,False,False,False
Belarus,1998,21,1,0,53,39.62,1.89,0.0,21,0,1,False,False,False
Belarus,1999,25,5,0,52,48.08,9.62,0.0,25,0,1,False,False,False
Belarus,2000,14,0,0,52,26.92,0.0,0.0,14,0,1,False,False,False
Belarus,2001,15,0,0,52,28.85,0.0,0.0,15,0,1,False,False,False
Belarus,2002,11,0,0,52,21.15,0.0,0.0,11,0,1,False,False,False
Belarus,2003,5,1,0,52,9.62,1.92,0.0,5,0,1,False,False,False
Belarus,2004,2,0,0,53,3.77,0.0,0.0,2,0,1,False,False,False
Belarus,2005,8,8,0,52,15.38,15.38,0.0,8,0,1,False,False,False
Belarus,2006,12,12,0,52,23.08,23.08,0.0,12,0,1,False,False,False
Belarus,2007,10,10,0,52,19.23,19.23,0.0,10,0,1,False,False,False
Belarus,2008,11,11,0,52,21.15,21.15,0.0,11,0,1,False,False,False
Belarus,2009,11,11,0,53,20.75,20.75,0.0,11,0,1,False,False,False
Belarus,2010,10,10,1,52,19.23,19.23,1.92,10,0,1,False,False,False
Belarus,2011,51,51,51,52,98.08,98.08,98.08,51,0,1,True,True,True
Belarus,2012,52,52,52,52,100.0,100.0,100.0,52,0,1,True,True,True
Belarus,2013,33,33,33,52,63.46,63.46,63.46,33,13,2,False,False,False
Belarus,2014,34,34,33,52,65.38,65.38,63.46,34,33,2,False,False,False
Belarus,2015,50,50,50,53,94.34,94.34,94.34,50,50,2,True,True,True
Belarus,2016,44,44,44,52,84.62,84.62,84.62,44,44,2,True,True,True
Belarus,2017,51,51,51,52,98.08,98.08,98.08,51,51,2,True,True,True
Belarus,2018,48,48,48,52,92.31,92.31,92.31,48,48,2,True,True,True
Belarus,2019,33,33,33,52,63.46,63.46,63.46,33,33,2,False,False,False
Belarus,2020,26,26,26,53,49.06,49.06,49.06,26,26,2,False,False,False
Belarus,2021,52,52,52,52,100.0,100.0,100.0,52,52,2,True,True,True
Belarus,2022,52,52,52,52,100.0,100.0,100.0,52,52,2,True,True,True
Belarus,2023,52,52,52,52,100.0,100.0,100.0,52,52,2,True,True,True
Belarus,2024,47,47,46,52,90.38,90.38,88.46,47,45,2,True,True,True
Belarus,2025,43,43,43,52,82.69,82.69,82.69,43,34,2,True,True,True
Belarus,2026,30,30,30,53,56.6,56.6,56.6,30,29,2,False,False,False
Belgium,1997,27,15,0,52,51.92,28.85,0.0,27,0,1,False,False,False
Belgium,1998,27,11,0,53,50.94,20.75,0.0,27,0,1,False,False,False
Belgium,1999,26,20,0,52,50.0,38.46,0.0,26,0,1,False,False,False
Belgium,2000,21,18,0,52,40.38,34.62,0.0,21,0,1,False,False,False
Belgium,2001,33,29,0,52,63.46,55.77,0.0,33,0,1,False,False,False
Belgium,2002,18,17,0,52,34.62,32.69,0.0,18,0,1,False,False,False
Belgium,2003,12,12,0,52,23.08,23.08,0.0,12,0,1,False,False,False
Belgium,2004,26,26,0,53,49.06,49.06,0.0,26,0,1,False,False,False
Belgium,2005,12,12,0,52,23.08,23.08,0.0,12,0,1,False,False,False
Belgium,2007,18,18,0,52,34.62,34.62,0.0,18,0,1,False,False,False
Belgium,2008,50,50,0,52,96.15,96.15,0.0,50,0,1,True,True,False
Belgium,2009,53,53,0,53,100.0,100.0,0.0,53,0,1,True,True,False
Belgium,2010,44,44,0,52,84.62,84.62,0.0,44,0,1,True,True,False
Belgium,2011,48,48,0,52,92.31,92.31,0.0,48,0,1,True,True,False
Belgium,2012,37,37,0,52,71.15,71.15,0.0,37,0,1,False,False,False
Belgium,2013,52,52,35,52,100.0,100.0,67.31,52,13,2,True,True,False
Belgium,2014,52,52,52,52,100.0,100.0,100.0,52,52,2,True,True,True
Belgium,2015,53,53,53,53,100.0,100.0,100.0,53,53,2,True,True,True
Belgium,2016,52,52,52,52,100.0,100.0,100.0,52,52,2,True,True,True
Belgium,2017,52,52,52,52,100.0,100.0,100.0,52,52,2,True,True,True
Belgium,2018,34,34,34,52,65.38,65.38,65.38,34,34,2,False,False,False
Belgium,2019,31,31,31,52,59.62,59.62,59.62,31,31,2,False,False,False
Belgium,2020,53,50,52,53,100.0,94.34,98.11,53,37,2,True,True,True
Belgium,2021,52,52,52,52,100.0,100.0,100.0,52,51,2,True,True,True
Belgium,2022,52,52,52,52,100.0,100.0,100.0,52,41,2,True,True,True
Belgium,2023,52,52,52,52,100.0,100.0,100.0,52,52,2,True,True,True
Belgium,2024,52,52,52,52,100.0,100.0,100.0,52,52,2,True,True,True
Belgium,2025,52,52,52,52,100.0,100.0,100.0,52,52,2,True,True,True
Belgium,2026,39,39,39,53,73.58,73.58,73.58,39,29,2,False,False,False
Belize,2015,3,3,0,53,5.66,5.66,0.0,3,0,1,False,False,False
Belize,2017,51,51,51,52,98.08,98.08,98.08,51,0,1,True,True,True
Belize,2018,46,46,44,52,88.46,88.46,84.62,46,0,1,True,True,True
Belize,2019,52,52,52,52,100.0,100.0,100.0,52,0,1,True,True,True
Belize,2020,53,53,2,53,100.0,100.0,3.77,53,0,1,True,True,False
Belize,2021,52,52,47,52,100.0,100.0,90.38,52,52,2,True,True,True
Belize,2022,52,52,32,52,100.0,100.0,61.54,52,52,2,True,True,False
Belize,2023,52,52,52,52,100.0,100.0,100.0,52,52,2,True,True,True
Belize,2024,52,52,50,52,100.0,100.0,96.15,52,52,2,True,True,True
Belize,2025,52,52,52,52,100.0,100.0,100.0,52,50,2,True,True,True
Belize,2026,38,38,38,53,71.7,71.7,71.7,38,34,2,False,False,False
Bermuda,2017,3,3,0,52,5.77,5.77,0.0,3,0,1,False,False,False
Bermuda,2018,3,3,0,52,5.77,5.77,0.0,3,0,1,False,False,False
Bermuda,2019,8,8,0,52,15.38,15.38,0.0,8,0,1,False,False,False
Bermuda,2020,53,34,0,53,100.0,64.15,0.0,53,0,1,True,False,False
Bermuda,2021,52,52,0,52,100.0,100.0,0.0,52,0,1,True,True,False
Bermuda,2022,52,52,0,52,100.0,100.0,0.0,52,0,1,True,True,False
Bermuda,2023,37,37,0,52,71.15,71.15,0.0,37,0,1,False,False,False
Bhutan,2011,51,51,0,52,98.08,98.08,0.0,51,0,1,True,True,False
Bhutan,2012,51,51,0,52,98.08,98.08,0.0,51,0,1,True,True,False
Bhutan,2013,52,52,0,52,100.0,100.0,0.0,52,0,1,True,True,False
Bhutan,2014,52,52,0,52,100.0,100.0,0.0,52,0,1,True,True,False
Bhutan,2015,53,53,0,53,100.0,100.0,0.0,53,0,1,True,True,False
Bhutan,2016,52,52,32,52,100.0,100.0,61.54,52,0,1,True,True,False
Bhutan,2017,52,52,52,52,100.0,100.0,100.0,52,0,1,True,True,True
Bhutan,2018,52,52,52,52,100.0,100.0,100.0,52,0,1,True,True,True
Bhutan,2019,52,52,44,52,100.0,100.0,84.62,52,0,1,True,True,True
Bhutan,2020,52,52,31,53,98.11,98.11,58.49,52,0,1,True,True,False
Bhutan,2021,52,52,52,52,100.0,100.0,100.0,52,0,1,True,True,True
Bhutan,2022,52,52,52,52,100.0,100.0,100.0,52,0,1,True,True,True
Bhutan,2023,52,52,51,52,100.0,100.0,98.08,52,0,1,True,True,True
Bhutan,2024,52,52,44,52,100.0,100.0,84.62,52,0,1,True,True,True
Bhutan,2025,52,52,52,52,100.0,100.0,100.0,52,40,3,True,True,True
Bhutan,2026,38,38,38,53,71.7,71.7,71.7,38,38,3,False,False,False
Bolivia (Plurinational State of),2010,52,52,0,52,100.0,100.0,0.0,52,0,1,True,True,False
Bolivia (Plurinational State of),2011,52,52,0,52,100.0,100.0,0.0,52,0,1,True,True,False
Bolivia (Plurinational State of),2012,52,52,0,52,100.0,100.0,0.0,52,0,1,True,True,False
Bolivia (Plurinational State of),2013,52,52,0,52,100.0,100.0,0.0,52,0,1,True,True,False
Bolivia (Plurinational State of),2014,52,52,0,52,100.0,100.0,0.0,52,0,1,True,True,False
Bolivia (Plurinational State of),2015,52,52,47,53,98.11,98.11,88.68,52,0,1,True,True,True
Bolivia (Plurinational State of),2016,52,52,38,52,100.0,100.0,73.08,52,0,1,True,True,False
Bolivia (Plurinational State of),2017,52,52,52,52,100.0,100.0,100.0,52,0,1,True,True,True
Bolivia (Plurinational State of),2018,52,52,52,52,100.0,100.0,100.0,52,0,1,True,True,True
Bolivia (Plurinational State of),2019,52,52,52,52,100.0,100.0,100.0,52,0,1,True,True,True
Bolivia (Plurinational State of),2020,53,53,51,53,100.0,100.0,96.23,53,53,3,True,True,True
Bolivia (Plurinational State of),2021,52,52,52,52,100.0,100.0,100.0,52,52,2,True,True,True
Bolivia (Plurinational State of),2022,52,52,52,52,100.0,100.0,100.0,52,52,2,True,True,True
Bolivia (Plurinational State of),2023,52,52,52,52,100.0,100.0,100.0,52,52,2,True,True,True
Bolivia (Plurinational State of),2024,52,52,46,52,100.0,100.0,88.46,52,52,2,True,True,True
Bolivia (Plurinational State of),2025,52,52,52,52,100.0,100.0,100.0,52,0,1,True,True,True
Bolivia (Plurinational State of),2026,38,38,38,53,71.7,71.7,71.7,38,0,1,False,False,False
Bosnia and Herzegovina,2010,7,7,0,52,13.46,13.46,0.0,7,0,1,False,False,False
Bosnia and Herzegovina,2011,52,52,0,52,100.0,100.0,0.0,52,0,1,True,True,False
Bosnia and Herzegovina,2012,52,52,0,52,100.0,100.0,0.0,52,0,1,True,True,False
Bosnia and Herzegovina,2013,52,52,0,52,100.0,100.0,0.0,52,0,1,True,True,False
Bosnia and Herzegovina,2014,25,25,0,52,48.08,48.08,0.0,25,0,1,False,False,False
Bosnia and Herzegovina,2016,1,1,1,52,1.92,1.92,1.92,1,1,2,False,False,False
Bosnia and Herzegovina,2018,13,13,13,52,25.0,25.0,25.0,13,13,2,False,False,False
Bosnia and Herzegovina,2019,33,33,33,52,63.46,63.46,63.46,33,33,2,False,False,False
Bosnia and Herzegovina,2020,49,49,49,53,92.45,92.45,92.45,49,34,2,True,True,True
Bosnia and Herzegovina,2021,52,52,52,52,100.0,100.0,100.0,52,33,2,True,True,True
Bosnia and Herzegovina,2022,52,52,52,52,100.0,100.0,100.0,52,33,2,True,True,True
Bosnia and Herzegovina,2023,51,51,51,52,98.08,98.08,98.08,51,42,2,True,True,True
Bosnia and Herzegovina,2024,50,50,50,52,96.15,96.15,96.15,50,20,2,True,True,True
Brazil,1997,22,19,0,52,42.31,36.54,0.0,22,0,1,False,False,False
Brazil,1998,35,22,0,53,66.04,41.51,0.0,35,0,1,False,False,False
Brazil,1999,28,18,0,52,53.85,34.62,0.0,28,0,1,False,False,False
Brazil,2000,17,14,0,52,32.69,26.92,0.0,17,0,1,False,False,False
Brazil,2001,24,20,0,52,46.15,38.46,0.0,24,0,1,False,False,False
Brazil,2002,19,18,0,52,36.54,34.62,0.0,19,0,1,False,False,False
Brazil,2003,52,52,0,52,100.0,100.0,0.0,52,0,1,True,True,False
Brazil,2004,53,53,0,53,100.0,100.0,0.0,53,0,1,True,True,False
Brazil,2005,52,52,0,52,100.0,100.0,0.0,52,0,1,True,True,False
Brazil,2006,52,52,0,52,100.0,100.0,0.0,52,0,1,True,True,False
Brazil,2007,52,52,0,52,100.0,100.0,0.0,52,0,1,True,True,False
Brazil,2008,52,52,0,52,100.0,100.0,0.0,52,0,1,True,True,False
Brazil,2009,53,53,0,53,100.0,100.0,0.0,53,0,1,True,True,False
Brazil,2010,52,52,0,52,100.0,100.0,0.0,52,0,1,True,True,False
Brazil,2011,52,52,0,52,100.0,100.0,0.0,52,0,1,True,True,False
Brazil,2012,52,52,0,52,100.0,100.0,0.0,52,0,1,True,True,False
Brazil,2013,52,52,0,52,100.0,100.0,0.0,52,0,1,True,True,False
Brazil,2014,52,52,0,52,100.0,100.0,0.0,52,0,1,True,True,False
Brazil,2015,53,53,0,53,100.0,100.0,0.0,53,0,1,True,True,False
Brazil,2016,52,52,0,52,100.0,100.0,0.0,52,0,1,True,True,False
Brazil,2017,52,52,42,52,100.0,100.0,80.77,52,0,1,True,True,True
Brazil,2018,52,52,50,52,100.0,100.0,96.15,52,0,1,True,True,True
Brazil,2019,51,51,45,52,98.08,98.08,86.54,51,0,1,True,True,True
Brazil,2020,53,53,17,53,100.0,100.0,32.08,53,53,2,True,True,False
Brazil,2021,52,52,52,52,100.0,100.0,100.0,52,52,2,True,True,True
Brazil,2022,52,52,52,52,100.0,100.0,100.0,52,52,2,True,True,True
Brazil,2023,52,52,52,52,100.0,100.0,100.0,52,52,2,True,True,True
Brazil,2024,52,52,52,52,100.0,100.0,100.0,52,52,2,True,True,True
Brazil,2025,52,52,52,52,100.0,100.0,100.0,52,52,2,True,True,True
Brazil,2026,38,38,38,53,71.7,71.7,71.7,38,37,2,False,False,False
British Virgin Islands,2020,53,53,0,53,100.0,100.0,0.0,53,0,1,True,True,False
British Virgin Islands,2021,52,52,0,52,100.0,100.0,0.0,52,0,1,True,True,False
British Virgin Islands,2022,24,24,0,52,46.15,46.15,0.0,24,0,1,False,False,False
British Virgin Islands,2023,37,37,0,52,71.15,71.15,0.0,37,0,1,False,False,False
Brunei Darussalam,2021,52,52,52,52,100.0,100.0,100.0,52,52,2,True,True,True
Brunei Darussalam,2022,52,52,52,52,100.0,100.0,100.0,52,0,1,True,True,True
Brunei Darussalam,2023,52,52,52,52,100.0,100.0,100.0,52,52,2,True,True,True
Brunei Darussalam,2024,48,48,48,52,92.31,92.31,92.31,48,47,2,True,True,True
Brunei Darussalam,2025,50,50,50,52,96.15,96.15,96.15,50,50,2,True,True,True
Brunei Darussalam,2026,39,39,39,53,73.58,73.58,73.58,39,38,2,False,False,False
Bulgaria,1997,2,0,0,52,3.85,0.0,0.0,2,0,1,False,False,False
Bulgaria,1998,16,1,0,53,30.19,1.89,0.0,16,0,1,False,False,False
Bulgaria,1999,21,2,0,52,40.38,3.85,0.0,21,0,1,False,False,False
Bulgaria,2000,19,4,0,52,36.54,7.69,0.0,19,0,1,False,False,False
Bulgaria,2001,6,3,0,52,11.54,5.77,0.0,6,0,1,False,False,False
Bulgaria,2002,6,2,0,52,11.54,3.85,0.0,6,0,1,False,False,False
Bulgaria,2003,12,11,0,52,23.08,21.15,0.0,12,0,1,False,False,False
Bulgaria,2005,10,10,0,52,19.23,19.23,0.0,10,0,1,False,False,False
Bulgaria,2006,4,4,0,52,7.69,7.69,0.0,4,0,1,False,False,False
Bulgaria,2007,17,17,0,52,32.69,32.69,0.0,17,0,1,False,False,False
Bulgaria,2008,28,28,0,52,53.85,53.85,0.0,28,0,1,False,False,False
Bulgaria,2009,36,36,0,53,67.92,67.92,0.0,36,0,1,False,False,False
Bulgaria,2010,42,42,0,52,80.77,80.77,0.0,42,0,1,True,True,False
Bulgaria,2011,51,51,0,52,98.08,98.08,0.0,51,0,1,True,True,False
Bulgaria,2012,52,52,13,52,100.0,100.0,25.0,52,0,1,True,True,False
Bulgaria,2013,52,52,52,52,100.0,100.0,100.0,52,13,2,True,True,True
Bulgaria,2014,52,52,52,52,100.0,100.0,100.0,52,52,2,True,True,True
Bulgaria,2015,53,53,53,53,100.0,100.0,100.0,53,53,2,True,True,True
Bulgaria,2016,52,52,52,52,100.0,100.0,100.0,52,52,2,True,True,True
Bulgaria,2017,52,52,52,52,100.0,100.0,100.0,52,52,2,True,True,True
Bulgaria,2018,52,52,52,52,100.0,100.0,100.0,52,52,2,True,True,True
Bulgaria,2019,52,52,52,52,100.0,100.0,100.0,52,52,2,True,True,True
Bulgaria,2020,43,43,43,53,81.13,81.13,81.13,43,19,2,True,True,True
Bulgaria,2021,52,52,52,52,100.0,100.0,100.0,52,52,2,True,True,True
Bulgaria,2022,52,52,52,52,100.0,100.0,100.0,52,52,2,True,True,True
Bulgaria,2023,52,52,52,52,100.0,100.0,100.0,52,51,2,True,True,True
Bulgaria,2024,52,52,52,52,100.0,100.0,100.0,52,51,2,True,True,True
Bulgaria,2025,52,52,52,52,100.0,100.0,100.0,52,51,2,True,True,True
Bulgaria,2026,39,39,39,53,73.58,73.58,73.58,39,39,2,False,False,False
Burkina Faso,2010,4,4,0,52,7.69,7.69,0.0,4,0,1,False,False,False
Burkina Faso,2011,19,19,0,52,36.54,36.54,0.0,19,0,1,False,False,False
Burkina Faso,2012,52,52,0,52,100.0,100.0,0.0,52,0,1,True,True,False
Burkina Faso,2013,52,52,0,52,100.0,100.0,0.0,52,0,1,True,True,False
Burkina Faso,2014,46,46,0,52,88.46,88.46,0.0,46,0,1,True,True,False
Burkina Faso,2015,3,3,0,53,5.66,5.66,0.0,3,0,1,False,False,False
Burkina Faso,2016,52,52,0,52,100.0,100.0,0.0,52,0,1,True,True,False
Burkina Faso,2017,52,52,0,52,100.0,100.0,0.0,52,0,1,True,True,False
Burkina Faso,2018,52,52,0,52,100.0,100.0,0.0,52,0,1,True,True,False
Burkina Faso,2019,52,52,0,52,100.0,100.0,0.0,52,0,1,True,True,False
Burkina Faso,2020,52,52,0,53,98.11,98.11,0.0,52,0,1,True,True,False
Burkina Faso,2021,49,49,0,52,94.23,94.23,0.0,49,0,1,True,True,False
Burkina Faso,2022,52,52,0,52,100.0,100.0,0.0,52,0,1,True,True,False
Burkina Faso,2023,52,52,0,52,100.0,100.0,0.0,52,0,1,True,True,False
Burkina Faso,2024,52,52,0,52,100.0,100.0,0.0,52,0,1,True,True,False
Burkina Faso,2025,52,52,0,52,100.0,100.0,0.0,52,0,1,True,True,False
Burkina Faso,2026,38,38,0,53,71.7,71.7,0.0,38,0,1,False,False,False
Cambodia,2006,22,22,0,52,42.31,42.31,0.0,22,0,1,False,False,False
Cambodia,2007,52,52,0,52,100.0,100.0,0.0,52,0,1,True,True,False
Cambodia,2008,52,51,0,52,100.0,98.08,0.0,52,0,1,True,True,False
Cambodia,2009,51,51,0,53,96.23,96.23,0.0,51,0,1,True,True,False
Cambodia,2010,52,52,0,52,100.0,100.0,0.0,52,0,1,True,True,False
Cambodia,2011,52,52,0,52,100.0,100.0,0.0,52,0,1,True,True,False
Cambodia,2012,52,52,0,52,100.0,100.0,0.0,52,0,1,True,True,False
Cambodia,2013,52,52,0,52,100.0,100.0,0.0,52,0,1,True,True,False
Cambodia,2014,52,52,0,52,100.0,100.0,0.0,52,0,1,True,True,False
Cambodia,2015,53,53,0,53,100.0,100.0,0.0,53,0,1,True,True,False
Cambodia,2016,52,52,0,52,100.0,100.0,0.0,52,0,1,True,True,False
Cambodia,2017,52,52,0,52,100.0,100.0,0.0,52,0,1,True,True,False
Cambodia,2018,52,52,0,52,100.0,100.0,0.0,52,0,1,True,True,False
Cambodia,2019,52,52,0,52,100.0,100.0,0.0,52,0,1,True,True,False
Cambodia,2020,53,53,0,53,100.0,100.0,0.0,53,0,1,True,True,False
Cambodia,2021,52,52,0,52,100.0,100.0,0.0,52,0,1,True,True,False
Cambodia,2022,52,52,0,52,100.0,100.0,0.0,52,0,1,True,True,False
Cambodia,2023,52,52,0,52,100.0,100.0,0.0,52,0,1,True,True,False
Cambodia,2024,51,51,0,52,98.08,98.08,0.0,51,0,1,True,True,False
Cambodia,2025,52,52,0,52,100.0,100.0,0.0,52,0,1,True,True,False
Cambodia,2026,37,37,0,53,69.81,69.81,0.0,37,0,1,False,False,False
Cameroon,2007,8,8,0,52,15.38,15.38,0.0,8,0,1,False,False,False
Cameroon,2008,52,52,0,52,100.0,100.0,0.0,52,0,1,True,True,False
Cameroon,2009,40,40,0,53,75.47,75.47,0.0,40,0,1,False,False,False
Cameroon,2010,52,52,0,52,100.0,100.0,0.0,52,0,1,True,True,False
Cameroon,2011,52,52,0,52,100.0,100.0,0.0,52,0,1,True,True,False
Cameroon,2012,52,52,0,52,100.0,100.0,0.0,52,0,1,True,True,False
Cameroon,2013,52,52,0,52,100.0,100.0,0.0,52,0,1,True,True,False
Cameroon,2014,52,52,0,52,100.0,100.0,0.0,52,0,1,True,True,False
Cameroon,2015,53,53,0,53,100.0,100.0,0.0,53,0,1,True,True,False
Cameroon,2016,50,50,0,52,96.15,96.15,0.0,50,0,1,True,True,False
Cameroon,2017,52,52,15,52,100.0,100.0,28.85,52,0,1,True,True,False
Cameroon,2018,52,52,0,52,100.0,100.0,0.0,52,0,1,True,True,False
Cameroon,2019,52,52,41,52,100.0,100.0,78.85,52,0,1,True,True,False
Cameroon,2020,53,53,53,53,100.0,100.0,100.0,53,0,1,True,True,True
Cameroon,2021,49,49,49,52,94.23,94.23,94.23,49,0,1,True,True,True
Cameroon,2022,48,48,14,52,92.31,92.31,26.92,48,0,1,True,True,False
Cameroon,2023,48,48,0,52,92.31,92.31,0.0,48,0,1,True,True,False
Cameroon,2024,52,52,0,52,100.0,100.0,0.0,52,0,1,True,True,False
Cameroon,2025,52,52,0,52,100.0,100.0,0.0,52,0,1,True,True,False
Cameroon,2026,39,39,0,53,73.58,73.58,0.0,39,0,1,False,False,False
Canada,1997,26,21,0,52,50.0,40.38,0.0,26,0,1,False,False,False
Canada,1998,39,24,0,53,73.58,45.28,0.0,39,0,1,False,False,False
Canada,1999,47,43,0,52,90.38,82.69,0.0,47,0,1,True,True,False
Canada,2000,49,48,0,52,94.23,92.31,0.0,49,0,1,True,True,False
Canada,2001,51,49,0,52,98.08,94.23,0.0,51,0,1,True,True,False
Canada,2002,46,46,0,52,88.46,88.46,0.0,46,0,1,True,True,False
Canada,2003,46,46,0,52,88.46,88.46,0.0,46,0,1,True,True,False
Canada,2004,5,5,0,53,9.43,9.43,0.0,5,0,1,False,False,False
Canada,2006,18,18,0,52,34.62,34.62,0.0,18,0,1,False,False,False
Canada,2007,50,50,0,52,96.15,96.15,0.0,50,0,1,True,True,False
Canada,2008,52,52,0,52,100.0,100.0,0.0,52,0,1,True,True,False
Canada,2009,46,46,0,53,86.79,86.79,0.0,46,0,1,True,True,False
Canada,2010,52,52,0,52,100.0,100.0,0.0,52,0,1,True,True,False
Canada,2011,51,51,0,52,98.08,98.08,0.0,51,0,1,True,True,False
Canada,2012,51,51,0,52,98.08,98.08,0.0,51,0,1,True,True,False
Canada,2013,52,52,0,52,100.0,100.0,0.0,52,0,1,True,True,False
Canada,2014,52,52,0,52,100.0,100.0,0.0,52,0,1,True,True,False
Canada,2015,53,53,0,53,100.0,100.0,0.0,53,0,1,True,True,False
Canada,2016,52,52,52,52,100.0,100.0,100.0,52,0,1,True,True,True
Canada,2017,52,52,52,52,100.0,100.0,100.0,52,0,1,True,True,True
Canada,2018,52,52,52,52,100.0,100.0,100.0,52,0,1,True,True,True
Canada,2019,52,52,52,52,100.0,100.0,100.0,52,0,1,True,True,True
Canada,2020,53,53,53,53,100.0,100.0,100.0,53,0,1,True,True,True
Canada,2021,52,52,52,52,100.0,100.0,100.0,52,0,1,True,True,True
Canada,2022,52,52,52,52,100.0,100.0,100.0,52,0,1,True,True,True
Canada,2023,52,52,52,52,100.0,100.0,100.0,52,0,1,True,True,True
Canada,2024,52,52,52,52,100.0,100.0,100.0,52,0,1,True,True,True
Canada,2025,52,52,52,52,100.0,100.0,100.0,52,0,1,True,True,True
Canada,2026,38,38,38,53,71.7,71.7,71.7,38,0,1,False,False,False
Cayman Islands,2017,2,2,0,52,3.85,3.85,0.0,2,0,1,False,False,False
Cayman Islands,2018,5,5,0,52,9.62,9.62,0.0,5,0,1,False,False,False
Cayman Islands,2020,53,53,0,53,100.0,100.0,0.0,53,0,1,True,True,False
Cayman Islands,2021,52,52,0,52,100.0,100.0,0.0,52,0,1,True,True,False
Cayman Islands,2022,52,52,0,52,100.0,100.0,0.0,52,0,1,True,True,False
Cayman Islands,2023,52,52,52,52,100.0,100.0,100.0,52,52,2,True,True,True
Cayman Islands,2024,52,52,47,52,100.0,100.0,90.38,52,52,2,True,True,True
Cayman Islands,2025,52,52,52,52,100.0,100.0,100.0,52,6,2,True,True,True
Cayman Islands,2026,39,39,39,53,73.58,73.58,73.58,39,17,2,False,False,False
Central African Republic,2010,50,50,0,52,96.15,96.15,0.0,50,0,1,True,True,False
Central African Republic,2011,45,45,0,52,86.54,86.54,0.0,45,0,1,True,True,False
Central African Republic,2012,52,52,0,52,100.0,100.0,0.0,52,0,1,True,True,False
Central African Republic,2013,47,47,0,52,90.38,90.38,0.0,47,0,1,True,True,False
Central African Republic,2014,11,11,0,52,21.15,21.15,0.0,11,0,1,False,False,False
Central African Republic,2015,3,3,0,53,5.66,5.66,0.0,3,0,1,False,False,False
Central African Republic,2016,52,52,0,52,100.0,100.0,0.0,52,0,1,True,True,False
Central African Republic,2017,51,51,51,52,98.08,98.08,98.08,51,0,1,True,True,True
Central African Republic,2018,52,52,52,52,100.0,100.0,100.0,52,0,1,True,True,True
Central African Republic,2019,47,47,47,52,90.38,90.38,90.38,47,0,1,True,True,True
Central African Republic,2020,7,7,7,53,13.21,13.21,13.21,7,0,1,False,False,False
Central African Republic,2022,38,38,38,52,73.08,73.08,73.08,38,0,1,False,False,False
Central African Republic,2023,48,48,48,52,92.31,92.31,92.31,48,0,1,True,True,True
Central African Republic,2024,43,43,43,52,82.69,82.69,82.69,43,0,1,True,True,True
Central African Republic,2025,51,51,51,52,98.08,98.08,98.08,51,0,1,True,True,True
Central African Republic,2026,34,34,33,53,64.15,64.15,62.26,34,0,1,False,False,False
Chad,2018,52,10,0,52,100.0,19.23,0.0,52,0,1,True,False,False
Chad,2019,52,52,0,52,100.0,100.0,0.0,52,0,1,True,True,False
Chad,2020,53,53,0,53,100.0,100.0,0.0,53,0,1,True,True,False
Chad,2021,52,52,0,52,100.0,100.0,0.0,52,0,1,True,True,False
Chad,2022,52,52,0,52,100.0,100.0,0.0,52,0,1,True,True,False
Chad,2023,52,52,0,52,100.0,100.0,0.0,52,0,1,True,True,False
Chad,2024,52,52,0,52,100.0,100.0,0.0,52,0,1,True,True,False
Chad,2025,52,52,0,52,100.0,100.0,0.0,52,0,1,True,True,False
Chad,2026,36,36,0,53,67.92,67.92,0.0,36,0,1,False,False,False
Chile,1997,37,15,0,52,71.15,28.85,0.0,37,0,1,False,False,False
Chile,1998,34,3,0,53,64.15,5.66,0.0,34,0,1,False,False,False
Chile,1999,37,19,0,52,71.15,36.54,0.0,37,0,1,False,False,False
Chile,2000,51,29,0,52,98.08,55.77,0.0,51,0,1,True,False,False
Chile,2001,52,37,0,52,100.0,71.15,0.0,52,0,1,True,False,False
Chile,2002,52,52,0,52,100.0,100.0,0.0,52,0,1,True,True,False
Chile,2003,52,52,0,52,100.0,100.0,0.0,52,0,1,True,True,False
Chile,2004,53,53,0,53,100.0,100.0,0.0,53,0,1,True,True,False
Chile,2005,52,52,0,52,100.0,100.0,0.0,52,0,1,True,True,False
Chile,2006,52,52,0,52,100.0,100.0,0.0,52,0,1,True,True,False
Chile,2007,51,51,0,52,98.08,98.08,0.0,51,0,1,True,True,False
Chile,2008,52,52,0,52,100.0,100.0,0.0,52,0,1,True,True,False
Chile,2009,51,51,0,53,96.23,96.23,0.0,51,0,1,True,True,False
Chile,2010,52,52,0,52,100.0,100.0,0.0,52,0,1,True,True,False
Chile,2011,52,52,0,52,100.0,100.0,0.0,52,0,1,True,True,False
Chile,2012,52,52,0,52,100.0,100.0,0.0,52,0,1,True,True,False
Chile,2013,52,52,0,52,100.0,100.0,0.0,52,0,1,True,True,False
Chile,2014,52,52,0,52,100.0,100.0,0.0,52,0,1,True,True,False
Chile,2015,53,53,47,53,100.0,100.0,88.68,53,0,1,True,True,True
Chile,2016,52,52,52,52,100.0,100.0,100.0,52,0,1,True,True,True
Chile,2017,52,52,51,52,100.0,100.0,98.08,52,0,1,True,True,True
Chile,2018,52,52,51,52,100.0,100.0,98.08,52,0,1,True,True,True
Chile,2019,52,52,52,52,100.0,100.0,100.0,52,0,1,True,True,True
Chile,2020,53,53,53,53,100.0,100.0,100.0,53,53,2,True,True,True
Chile,2021,52,52,52,52,100.0,100.0,100.0,52,52,2,True,True,True
Chile,2022,52,52,52,52,100.0,100.0,100.0,52,52,2,True,True,True
Chile,2023,52,52,52,52,100.0,100.0,100.0,52,52,2,True,True,True
Chile,2024,52,52,52,52,100.0,100.0,100.0,52,52,2,True,True,True
Chile,2025,52,52,52,52,100.0,100.0,100.0,52,52,2,True,True,True
Chile,2026,38,38,38,53,71.7,71.7,71.7,38,38,2,False,False,False
China,2005,14,14,0,52,26.92,26.92,0.0,14,0,1,False,False,False
China,2006,27,27,0,52,51.92,51.92,0.0,27,0,1,False,False,False
China,2007,26,26,0,52,50.0,50.0,0.0,26,0,1,False,False,False
China,2008,28,28,0,52,53.85,53.85,0.0,28,0,1,False,False,False
China,2009,51,51,0,53,96.23,96.23,0.0,51,0,1,True,True,False
China,2010,52,52,0,52,100.0,100.0,0.0,52,0,1,True,True,False
China,2011,52,52,0,52,100.0,100.0,0.0,52,0,1,True,True,False
China,2012,52,52,0,52,100.0,100.0,0.0,52,0,1,True,True,False
China,2013,52,52,0,52,100.0,100.0,0.0,52,0,1,True,True,False
China,2014,52,52,0,52,100.0,100.0,0.0,52,0,1,True,True,False
China,2015,53,53,0,53,100.0,100.0,0.0,53,0,1,True,True,False
China,2016,52,52,0,52,100.0,100.0,0.0,52,0,1,True,True,False
China,2017,52,52,0,52,100.0,100.0,0.0,52,0,1,True,True,False
China,2018,52,52,0,52,100.0,100.0,0.0,52,0,1,True,True,False
China,2019,49,49,0,52,94.23,94.23,0.0,49,0,1,True,True,False
China,2020,53,53,0,53,100.0,100.0,0.0,53,0,1,True,True,False
China,2021,52,52,0,52,100.0,100.0,0.0,52,0,1,True,True,False
China,2022,52,52,0,52,100.0,100.0,0.0,52,0,1,True,True,False
China,2023,52,52,0,52,100.0,100.0,0.0,52,0,1,True,True,False
China,2024,52,52,0,52,100.0,100.0,0.0,52,0,1,True,True,False
China,2025,52,52,0,52,100.0,100.0,0.0,52,0,1,True,True,False
China,2026,39,39,0,53,73.58,73.58,0.0,39,0,1,False,False,False
"China, Hong Kong SAR",1997,47,43,0,52,90.38,82.69,0.0,47,0,1,True,True,False
"China, Hong Kong SAR",1998,19,3,0,53,35.85,5.66,0.0,19,0,1,False,False,False
"China, Hong Kong SAR",1999,6,5,0,52,11.54,9.62,0.0,6,0,1,False,False,False
"China, Hong Kong SAR",2000,26,25,0,52,50.0,48.08,0.0,26,0,1,False,False,False
"China, Hong Kong SAR",2001,52,51,0,52,100.0,98.08,0.0,52,0,1,True,True,False
"China, Hong Kong SAR",2002,52,51,0,52,100.0,98.08,0.0,52,0,1,True,True,False
"China, Hong Kong SAR",2003,52,52,0,52,100.0,100.0,0.0,52,0,1,True,True,False
"China, Hong Kong SAR",2004,52,52,0,53,98.11,98.11,0.0,52,0,1,True,True,False
"China, Hong Kong SAR",2005,52,52,0,52,100.0,100.0,0.0,52,0,1,True,True,False
"China, Hong Kong SAR",2006,52,52,0,52,100.0,100.0,0.0,52,0,1,True,True,False
"China, Hong Kong SAR",2007,52,52,0,52,100.0,100.0,0.0,52,0,1,True,True,False
"China, Hong Kong SAR",2008,52,52,0,52,100.0,100.0,0.0,52,0,1,True,True,False
"China, Hong Kong SAR",2009,52,52,0,53,98.11,98.11,0.0,52,0,1,True,True,False
"China, Hong Kong SAR",2010,52,52,0,52,100.0,100.0,0.0,52,0,1,True,True,False
"China, Hong Kong SAR",2011,52,52,0,52,100.0,100.0,0.0,52,0,1,True,True,False
"China, Hong Kong SAR",2012,52,52,0,52,100.0,100.0,0.0,52,0,1,True,True,False
"China, Hong Kong SAR",2013,52,52,0,52,100.0,100.0,0.0,52,0,1,True,True,False
"China, Hong Kong SAR",2014,52,52,0,52,100.0,100.0,0.0,52,0,1,True,True,False
"China, Hong Kong SAR",2015,53,53,27,53,100.0,100.0,50.94,53,0,1,True,True,False
"China, Hong Kong SAR",2016,52,52,52,52,100.0,100.0,100.0,52,0,1,True,True,True
"China, Hong Kong SAR",2017,52,52,52,52,100.0,100.0,100.0,52,0,1,True,True,True
"China, Hong Kong SAR",2018,52,52,52,52,100.0,100.0,100.0,52,0,1,True,True,True
"China, Hong Kong SAR",2019,52,52,52,52,100.0,100.0,100.0,52,0,1,True,True,True
"China, Hong Kong SAR",2020,53,53,7,53,100.0,100.0,13.21,53,0,1,True,True,False
"China, Hong Kong SAR",2021,52,52,0,52,100.0,100.0,0.0,52,0,1,True,True,False
"China, Hong Kong SAR",2022,52,52,24,52,100.0,100.0,46.15,52,0,1,True,True,False
"China, Hong Kong SAR",2023,52,52,52,52,100.0,100.0,100.0,52,0,1,True,True,True
"China, Hong Kong SAR",2024,52,52,52,52,100.0,100.0,100.0,52,0,1,True,True,True
"China, Hong Kong SAR",2025,52,52,52,52,100.0,100.0,100.0,52,0,1,True,True,True
"China, Hong Kong SAR",2026,38,38,38,53,71.7,71.7,71.7,38,0,1,False,False,False
Colombia,1997,45,43,0,52,86.54,82.69,0.0,45,0,1,True,True,False
Colombia,1998,53,53,0,53,100.0,100.0,0.0,53,0,1,True,True,False
Colombia,1999,52,52,0,52,100.0,100.0,0.0,52,0,1,True,True,False
Colombia,2000,52,52,0,52,100.0,100.0,0.0,52,0,1,True,True,False
Colombia,2001,52,52,0,52,100.0,100.0,0.0,52,0,1,True,True,False
Colombia,2002,52,52,0,52,100.0,100.0,0.0,52,0,1,True,True,False
Colombia,2003,52,52,0,52,100.0,100.0,0.0,52,0,1,True,True,False
Colombia,2004,53,53,0,53,100.0,100.0,0.0,53,0,1,True,True,False
Colombia,2005,52,52,0,52,100.0,100.0,0.0,52,0,1,True,True,False
Colombia,2006,52,52,0,52,100.0,100.0,0.0,52,0,1,True,True,False
Colombia,2007,52,52,0,52,100.0,100.0,0.0,52,0,1,True,True,False
Colombia,2008,42,42,0,52,80.77,80.77,0.0,42,0,1,True,True,False
Colombia,2009,52,52,0,53,98.11,98.11,0.0,52,0,1,True,True,False
Colombia,2010,52,52,0,52,100.0,100.0,0.0,52,0,1,True,True,False
Colombia,2011,52,52,0,52,100.0,100.0,0.0,52,0,1,True,True,False
Colombia,2012,52,52,0,52,100.0,100.0,0.0,52,0,1,True,True,False
Colombia,2013,50,50,0,52,96.15,96.15,0.0,50,0,1,True,True,False
Colombia,2014,52,52,0,52,100.0,100.0,0.0,52,0,1,True,True,False
Colombia,2015,51,51,51,53,96.23,96.23,96.23,51,0,1,True,True,True
Colombia,2016,52,52,52,52,100.0,100.0,100.0,52,0,1,True,True,True
Colombia,2017,52,52,52,52,100.0,100.0,100.0,52,0,1,True,True,True
Colombia,2018,52,52,52,52,100.0,100.0,100.0,52,0,1,True,True,True
Colombia,2019,52,52,52,52,100.0,100.0,100.0,52,0,1,True,True,True
Colombia,2020,53,53,53,53,100.0,100.0,100.0,53,13,3,True,True,True
Colombia,2021,52,52,52,52,100.0,100.0,100.0,52,52,2,True,True,True
Colombia,2022,52,52,52,52,100.0,100.0,100.0,52,52,2,True,True,True
Colombia,2023,52,52,52,52,100.0,100.0,100.0,52,52,2,True,True,True
Colombia,2024,52,52,52,52,100.0,100.0,100.0,52,52,2,True,True,True
Colombia,2025,52,52,52,52,100.0,100.0,100.0,52,52,2,True,True,True
Colombia,2026,38,38,38,53,71.7,71.7,71.7,38,38,2,False,False,False
Congo,2012,8,8,0,52,15.38,15.38,0.0,8,0,1,False,False,False
Congo,2013,29,29,0,52,55.77,55.77,0.0,29,0,1,False,False,False
Costa Rica,2005,3,3,0,52,5.77,5.77,0.0,3,0,1,False,False,False
Costa Rica,2006,11,11,0,52,21.15,21.15,0.0,11,0,1,False,False,False
Costa Rica,2007,21,21,0,52,40.38,40.38,0.0,21,0,1,False,False,False
Costa Rica,2008,52,52,0,52,100.0,100.0,0.0,52,0,1,True,True,False
Costa Rica,2009,22,22,0,53,41.51,41.51,0.0,22,0,1,False,False,False
Costa Rica,2010,52,52,0,52,100.0,100.0,0.0,52,0,1,True,True,False
Costa Rica,2011,52,52,0,52,100.0,100.0,0.0,52,0,1,True,True,False
Costa Rica,2012,52,52,0,52,100.0,100.0,0.0,52,0,1,True,True,False
Costa Rica,2013,52,52,0,52,100.0,100.0,0.0,52,0,1,True,True,False
Costa Rica,2014,52,52,0,52,100.0,100.0,0.0,52,0,1,True,True,False
Costa Rica,2015,52,52,52,53,98.11,98.11,98.11,52,0,1,True,True,True
Costa Rica,2016,52,52,52,52,100.0,100.0,100.0,52,0,1,True,True,True
Costa Rica,2017,52,52,52,52,100.0,100.0,100.0,52,0,1,True,True,True
Costa Rica,2018,51,51,51,52,98.08,98.08,98.08,51,0,1,True,True,True
Costa Rica,2019,52,52,52,52,100.0,100.0,100.0,52,0,1,True,True,True
Costa Rica,2020,53,53,53,53,100.0,100.0,100.0,53,53,2,True,True,True
Costa Rica,2021,52,52,52,52,100.0,100.0,100.0,52,52,2,True,True,True
Costa Rica,2022,52,52,52,52,100.0,100.0,100.0,52,52,2,True,True,True
Costa Rica,2023,52,52,52,52,100.0,100.0,100.0,52,52,2,True,True,True
Costa Rica,2024,52,52,51,52,100.0,100.0,98.08,52,52,2,True,True,True
Costa Rica,2025,52,52,52,52,100.0,100.0,100.0,52,52,2,True,True,True
Costa Rica,2026,38,38,38,53,71.7,71.7,71.7,38,38,2,False,False,False
Croatia,1997,24,5,0,52,46.15,9.62,0.0,24,0,1,False,False,False
Croatia,1998,27,7,0,53,50.94,13.21,0.0,27,0,1,False,False,False
Croatia,1999,20,10,0,52,38.46,19.23,0.0,20,0,1,False,False,False
Croatia,2000,26,25,0,52,50.0,48.08,0.0,26,0,1,False,False,False
Croatia,2001,16,16,0,52,30.77,30.77,0.0,16,0,1,False,False,False
Croatia,2002,22,22,0,52,42.31,42.31,0.0,22,0,1,False,False,False
Croatia,2003,25,25,0,52,48.08,48.08,0.0,25,0,1,False,False,False
Croatia,2004,9,9,0,53,16.98,16.98,0.0,9,0,1,False,False,False
Croatia,2005,6,6,0,52,11.54,11.54,0.0,6,0,1,False,False,False
Croatia,2006,18,18,0,52,34.62,34.62,0.0,18,0,1,False,False,False
Croatia,2007,18,18,0,52,34.62,34.62,0.0,18,0,1,False,False,False
Croatia,2008,20,20,0,52,38.46,38.46,0.0,20,0,1,False,False,False
Croatia,2009,51,51,0,53,96.23,96.23,0.0,51,0,1,True,True,False
Croatia,2010,52,52,0,52,100.0,100.0,0.0,52,0,1,True,True,False
Croatia,2011,32,32,0,52,61.54,61.54,0.0,32,0,1,False,False,False
Croatia,2012,34,34,0,52,65.38,65.38,0.0,34,0,1,False,False,False
Croatia,2013,33,33,13,52,63.46,63.46,25.0,33,13,2,False,False,False
Croatia,2014,30,30,20,52,57.69,57.69,38.46,30,20,2,False,False,False
Croatia,2015,30,30,30,53,56.6,56.6,56.6,30,30,2,False,False,False
Croatia,2016,30,30,30,52,57.69,57.69,57.69,30,30,2,False,False,False
Croatia,2017,32,32,32,52,61.54,61.54,61.54,32,32,2,False,False,False
Croatia,2018,28,28,28,52,53.85,53.85,53.85,28,28,2,False,False,False
Croatia,2019,29,29,29,52,55.77,55.77,55.77,29,29,2,False,False,False
Croatia,2020,31,31,31,53,58.49,58.49,58.49,31,2,2,False,False,False
Croatia,2021,52,52,52,52,100.0,100.0,100.0,52,52,2,True,True,True
Croatia,2022,52,52,52,52,100.0,100.0,100.0,52,48,2,True,True,True
Croatia,2023,52,52,52,52,100.0,100.0,100.0,52,52,2,True,True,True
Croatia,2024,52,52,52,52,100.0,100.0,100.0,52,52,2,True,True,True
Croatia,2025,52,52,52,52,100.0,100.0,100.0,52,9,2,True,True,True
Croatia,2026,36,36,36,53,67.92,67.92,67.92,36,0,1,False,False,False
Cuba,1996,15,15,0,52,28.85,28.85,0.0,15,0,1,False,False,False
Cuba,1997,9,9,0,52,17.31,17.31,0.0,9,0,1,False,False,False
Cuba,1998,7,7,0,53,13.21,13.21,0.0,7,0,1,False,False,False
Cuba,1999,5,5,0,52,9.62,9.62,0.0,5,0,1,False,False,False
Cuba,2000,5,5,0,52,9.62,9.62,0.0,5,0,1,False,False,False
Cuba,2009,52,52,0,53,98.11,98.11,0.0,52,0,1,True,True,False
Cuba,2010,52,52,0,52,100.0,100.0,0.0,52,0,1,True,True,False
Cuba,2011,52,52,0,52,100.0,100.0,0.0,52,0,1,True,True,False
Cuba,2012,51,51,0,52,98.08,98.08,0.0,51,0,1,True,True,False
Cuba,2013,52,52,0,52,100.0,100.0,0.0,52,0,1,True,True,False
Cuba,2014,52,52,0,52,100.0,100.0,0.0,52,0,1,True,True,False
Cuba,2015,52,52,52,53,98.11,98.11,98.11,52,0,1,True,True,True
Cuba,2016,52,52,52,52,100.0,100.0,100.0,52,0,1,True,True,True
Cuba,2017,51,51,51,52,98.08,98.08,98.08,51,0,1,True,True,True
Cuba,2018,52,52,52,52,100.0,100.0,100.0,52,0,1,True,True,True
Cuba,2019,51,51,51,52,98.08,98.08,98.08,51,0,1,True,True,True
Cuba,2020,53,53,10,53,100.0,100.0,18.87,53,53,2,True,True,False
Cuba,2021,52,52,0,52,100.0,100.0,0.0,52,52,2,True,True,False
Cuba,2022,52,52,0,52,100.0,100.0,0.0,52,24,2,True,True,False
Cuba,2023,37,37,29,52,71.15,71.15,55.77,37,37,2,False,False,False
Cuba,2024,52,52,52,52,100.0,100.0,100.0,52,52,2,True,True,True
Cuba,2025,52,51,51,52,100.0,98.08,98.08,52,8,2,True,True,True
Cuba,2026,37,37,37,53,69.81,69.81,69.81,37,0,1,False,False,False
Cyprus,2016,6,6,6,52,11.54,11.54,11.54,6,6,2,False,False,False
Cyprus,2017,34,34,34,52,65.38,65.38,65.38,34,34,2,False,False,False
Cyprus,2018,33,33,33,52,63.46,63.46,63.46,33,33,2,False,False,False
Cyprus,2019,16,16,16,52,30.77,30.77,30.77,16,16,2,False,False,False
Cyprus,2020,29,29,29,53,54.72,54.72,54.72,29,0,1,False,False,False
Cyprus,2021,52,52,52,52,100.0,100.0,100.0,52,0,1,True,True,True
Cyprus,2022,52,52,52,52,100.0,100.0,100.0,52,0,1,True,True,True
Cyprus,2023,52,52,52,52,100.0,100.0,100.0,52,0,1,True,True,True
Cyprus,2024,52,52,52,52,100.0,100.0,100.0,52,52,2,True,True,True
Cyprus,2025,52,52,52,52,100.0,100.0,100.0,52,52,2,True,True,True
Cyprus,2026,36,36,36,53,67.92,67.92,67.92,36,36,2,False,False,False
Czechia,1997,20,18,0,52,38.46,34.62,0.0,20,0,1,False,False,False
Czechia,1998,25,19,0,53,47.17,35.85,0.0,25,0,1,False,False,False
Czechia,1999,31,30,0,52,59.62,57.69,0.0,31,0,1,False,False,False
Czechia,2000,33,31,0,52,63.46,59.62,0.0,33,0,1,False,False,False
Czechia,2001,30,28,0,52,57.69,53.85,0.0,30,0,1,False,False,False
Czechia,2002,22,17,0,52,42.31,32.69,0.0,22,0,1,False,False,False
Czechia,2003,26,25,0,52,50.0,48.08,0.0,26,0,1,False,False,False
Czechia,2004,29,29,0,53,54.72,54.72,0.0,29,0,1,False,False,False
Czechia,2005,17,17,0,52,32.69,32.69,0.0,17,0,1,False,False,False
Czechia,2006,33,33,0,52,63.46,63.46,0.0,33,0,1,False,False,False
Czechia,2007,28,28,0,52,53.85,53.85,0.0,28,0,1,False,False,False
Czechia,2008,21,21,0,52,40.38,40.38,0.0,21,0,1,False,False,False
Czechia,2009,25,25,0,53,47.17,47.17,0.0,25,0,1,False,False,False
Czechia,2010,19,19,0,52,36.54,36.54,0.0,19,0,1,False,False,False
Czechia,2011,23,23,0,52,44.23,44.23,0.0,23,0,1,False,False,False
Czechia,2012,28,28,12,52,53.85,53.85,23.08,28,0,1,False,False,False
Czechia,2013,24,24,24,52,46.15,46.15,46.15,24,5,2,False,False,False
Czechia,2014,28,28,26,52,53.85,53.85,50.0,28,26,2,False,False,False
Czechia,2015,30,30,30,53,56.6,56.6,56.6,30,30,2,False,False,False
Czechia,2016,30,30,30,52,57.69,57.69,57.69,30,30,2,False,False,False
Czechia,2017,33,33,33,52,63.46,63.46,63.46,33,33,2,False,False,False
Czechia,2018,33,33,33,52,63.46,63.46,63.46,33,33,2,False,False,False
Czechia,2019,35,35,35,52,67.31,67.31,67.31,35,35,2,False,False,False
Czechia,2020,37,37,37,53,69.81,69.81,69.81,37,8,2,False,False,False
Czechia,2021,52,52,52,52,100.0,100.0,100.0,52,16,2,True,True,True
Czechia,2022,52,52,52,52,100.0,100.0,100.0,52,52,2,True,True,True
Czechia,2023,52,52,52,52,100.0,100.0,100.0,52,52,2,True,True,True
Czechia,2024,52,52,52,52,100.0,100.0,100.0,52,52,2,True,True,True
Czechia,2025,52,52,52,52,100.0,100.0,100.0,52,52,2,True,True,True
Czechia,2026,39,39,39,53,73.58,73.58,73.58,39,38,2,False,False,False
Côte d’Ivoire,2009,40,39,0,53,75.47,73.58,0.0,40,0,1,False,False,False
Côte d’Ivoire,2010,46,46,0,52,88.46,88.46,0.0,46,0,1,True,True,False
Côte d’Ivoire,2011,35,35,0,52,67.31,67.31,0.0,35,0,1,False,False,False
Côte d’Ivoire,2012,52,52,0,52,100.0,100.0,0.0,52,0,1,True,True,False
Côte d’Ivoire,2013,52,52,0,52,100.0,100.0,0.0,52,0,1,True,True,False
Côte d’Ivoire,2014,52,52,0,52,100.0,100.0,0.0,52,0,1,True,True,False
Côte d’Ivoire,2015,53,53,0,53,100.0,100.0,0.0,53,0,1,True,True,False
Côte d’Ivoire,2016,52,52,0,52,100.0,100.0,0.0,52,0,1,True,True,False
Côte d’Ivoire,2017,52,52,24,52,100.0,100.0,46.15,52,0,1,True,True,False
Côte d’Ivoire,2018,52,52,52,52,100.0,100.0,100.0,52,0,1,True,True,True
Côte d’Ivoire,2019,52,52,52,52,100.0,100.0,100.0,52,0,1,True,True,True
Côte d’Ivoire,2020,53,53,11,53,100.0,100.0,20.75,53,0,1,True,True,False
Côte d’Ivoire,2021,52,52,52,52,100.0,100.0,100.0,52,0,1,True,True,True
Côte d’Ivoire,2022,52,52,52,52,100.0,100.0,100.0,52,0,1,True,True,True
Côte d’Ivoire,2023,52,52,52,52,100.0,100.0,100.0,52,0,1,True,True,True
Côte d’Ivoire,2024,52,52,52,52,100.0,100.0,100.0,52,0,1,True,True,True
Côte d’Ivoire,2025,52,52,52,52,100.0,100.0,100.0,52,0,1,True,True,True
Côte d’Ivoire,2026,36,36,36,53,67.92,67.92,67.92,36,0,1,False,False,False
Democratic People's Republic of Korea,1998,1,0,0,53,1.89,0.0,0.0,1,0,1,False,False,False
Democratic People's Republic of Korea,2017,12,12,0,52,23.08,23.08,0.0,12,0,1,False,False,False
Democratic People's Republic of Korea,2018,12,12,0,52,23.08,23.08,0.0,12,0,1,False,False,False
Democratic People's Republic of Korea,2019,11,11,0,52,21.15,21.15,0.0,11,0,1,False,False,False
Democratic People's Republic of Korea,2020,12,12,0,53,22.64,22.64,0.0,12,0,1,False,False,False
Democratic People's Republic of Korea,2021,12,12,0,52,23.08,23.08,0.0,12,0,1,False,False,False
Democratic People's Republic of Korea,2022,9,9,0,52,17.31,17.31,0.0,9,0,1,False,False,False
Democratic People's Republic of Korea,2023,9,9,0,52,17.31,17.31,0.0,9,0,1,False,False,False
Democratic People's Republic of Korea,2024,19,19,0,52,36.54,36.54,0.0,19,0,1,False,False,False
Democratic People's Republic of Korea,2025,13,13,0,52,25.0,25.0,0.0,13,0,1,False,False,False
Democratic People's Republic of Korea,2026,7,7,0,53,13.21,13.21,0.0,7,0,1,False,False,False
Democratic Republic of the Congo,2010,52,52,0,52,100.0,100.0,0.0,52,0,1,True,True,False
Democratic Republic of the Congo,2011,45,45,0,52,86.54,86.54,0.0,45,0,1,True,True,False
Democratic Republic of the Congo,2012,52,52,0,52,100.0,100.0,0.0,52,0,1,True,True,False
Democratic Republic of the Congo,2013,52,52,0,52,100.0,100.0,0.0,52,0,1,True,True,False
Democratic Republic of the Congo,2014,52,52,0,52,100.0,100.0,0.0,52,0,1,True,True,False
Democratic Republic of the Congo,2015,52,52,0,53,98.11,98.11,0.0,52,0,1,True,True,False
Democratic Republic of the Congo,2016,40,40,0,52,76.92,76.92,0.0,40,0,1,False,False,False
Democratic Republic of the Congo,2017,52,52,0,52,100.0,100.0,0.0,52,0,1,True,True,False
Democratic Republic of the Congo,2018,52,52,11,52,100.0,100.0,21.15,52,0,1,True,True,False
Democratic Republic of the Congo,2019,52,52,0,52,100.0,100.0,0.0,52,0,1,True,True,False
Democratic Republic of the Congo,2020,53,53,0,53,100.0,100.0,0.0,53,0,1,True,True,False
Democratic Republic of the Congo,2021,52,52,0,52,100.0,100.0,0.0,52,0,1,True,True,False
Democratic Republic of the Congo,2022,52,52,0,52,100.0,100.0,0.0,52,0,1,True,True,False
Democratic Republic of the Congo,2023,52,52,0,52,100.0,100.0,0.0,52,0,1,True,True,False
Democratic Republic of the Congo,2024,52,52,0,52,100.0,100.0,0.0,52,0,1,True,True,False
Democratic Republic of the Congo,2025,52,52,0,52,100.0,100.0,0.0,52,0,1,True,True,False
Democratic Republic of the Congo,2026,38,38,0,53,71.7,71.7,0.0,38,0,1,False,False,False
Denmark,1997,4,3,0,52,7.69,5.77,0.0,4,0,1,False,False,False
Denmark,1998,32,27,0,53,60.38,50.94,0.0,32,0,1,False,False,False
Denmark,1999,32,32,0,52,61.54,61.54,0.0,32,0,1,False,False,False
Denmark,2000,27,26,0,52,51.92,50.0,0.0,27,0,1,False,False,False
Denmark,2001,32,32,0,52,61.54,61.54,0.0,32,0,1,False,False,False
Denmark,2002,32,32,0,52,61.54,61.54,0.0,32,0,1,False,False,False
Denmark,2003,33,33,0,52,63.46,63.46,0.0,33,0,1,False,False,False
Denmark,2004,33,33,0,53,62.26,62.26,0.0,33,0,1,False,False,False
Denmark,2005,31,31,0,52,59.62,59.62,0.0,31,0,1,False,False,False
Denmark,2006,30,30,0,52,57.69,57.69,0.0,30,0,1,False,False,False
Denmark,2007,31,31,0,52,59.62,59.62,0.0,31,0,1,False,False,False
Denmark,2008,33,33,0,52,63.46,63.46,0.0,33,0,1,False,False,False
Denmark,2009,51,51,0,53,96.23,96.23,0.0,51,0,1,True,True,False
Denmark,2010,52,52,0,52,100.0,100.0,0.0,52,0,1,True,True,False
Denmark,2011,48,48,0,52,92.31,92.31,0.0,48,0,1,True,True,False
Denmark,2012,52,52,12,52,100.0,100.0,23.08,52,0,1,True,True,False
Denmark,2013,52,52,52,52,100.0,100.0,100.0,52,13,2,True,True,True
Denmark,2014,52,52,52,52,100.0,100.0,100.0,52,52,3,True,True,True
Denmark,2015,52,52,52,53,98.11,98.11,98.11,52,52,3,True,True,True
Denmark,2016,51,51,51,52,98.08,98.08,98.08,51,51,2,True,True,True
Denmark,2017,52,52,52,52,100.0,100.0,100.0,52,52,2,True,True,True
Denmark,2018,52,52,52,52,100.0,100.0,100.0,52,52,2,True,True,True
Denmark,2019,52,52,52,52,100.0,100.0,100.0,52,52,2,True,True,True
Denmark,2020,53,53,53,53,100.0,100.0,100.0,53,52,2,True,True,True
Denmark,2021,52,52,52,52,100.0,100.0,100.0,52,52,2,True,True,True
Denmark,2022,52,52,52,52,100.0,100.0,100.0,52,52,2,True,True,True
Denmark,2023,52,52,52,52,100.0,100.0,100.0,52,52,2,True,True,True
Denmark,2024,52,52,52,52,100.0,100.0,100.0,52,52,2,True,True,True
Denmark,2025,52,52,52,52,100.0,100.0,100.0,52,52,2,True,True,True
Denmark,2026,39,39,39,53,73.58,73.58,73.58,39,39,2,False,False,False
Dominica,2015,28,28,2,53,52.83,52.83,3.77,28,0,1,False,False,False
Dominica,2017,22,22,3,52,42.31,42.31,5.77,22,0,1,False,False,False
Dominica,2018,29,29,10,52,55.77,55.77,19.23,29,0,1,False,False,False
Dominica,2019,33,33,2,52,63.46,63.46,3.85,33,0,1,False,False,False
Dominica,2020,53,53,0,53,100.0,100.0,0.0,53,0,1,True,True,False
Dominica,2021,52,52,0,52,100.0,100.0,0.0,52,0,1,True,True,False
Dominica,2022,52,52,50,52,100.0,100.0,96.15,52,52,2,True,True,True
Dominica,2023,37,37,32,52,71.15,71.15,61.54,37,37,2,False,False,False
Dominica,2024,52,52,6,52,100.0,100.0,11.54,52,52,2,True,True,False
Dominica,2025,6,6,6,52,11.54,11.54,11.54,6,0,1,False,False,False
Dominica,2026,10,10,10,53,18.87,18.87,18.87,10,0,1,False,False,False
Dominican Republic,2004,23,23,0,53,43.4,43.4,0.0,23,0,1,False,False,False
Dominican Republic,2005,52,52,0,52,100.0,100.0,0.0,52,0,1,True,True,False
Dominican Republic,2006,52,52,0,52,100.0,100.0,0.0,52,0,1,True,True,False
Dominican Republic,2007,52,52,0,52,100.0,100.0,0.0,52,0,1,True,True,False
Dominican Republic,2008,52,52,0,52,100.0,100.0,0.0,52,0,1,True,True,False
Dominican Republic,2009,9,9,0,53,16.98,16.98,0.0,9,0,1,False,False,False
Dominican Republic,2010,52,52,0,52,100.0,100.0,0.0,52,0,1,True,True,False
Dominican Republic,2011,52,52,0,52,100.0,100.0,0.0,52,0,1,True,True,False
Dominican Republic,2012,52,52,0,52,100.0,100.0,0.0,52,0,1,True,True,False
Dominican Republic,2013,52,52,0,52,100.0,100.0,0.0,52,0,1,True,True,False
Dominican Republic,2014,50,50,0,52,96.15,96.15,0.0,50,0,1,True,True,False
Dominican Republic,2015,52,52,52,53,98.11,98.11,98.11,52,0,1,True,True,True
Dominican Republic,2016,52,52,52,52,100.0,100.0,100.0,52,0,1,True,True,True
Dominican Republic,2017,52,52,21,52,100.0,100.0,40.38,52,0,1,True,True,False
Dominican Republic,2018,52,52,12,52,100.0,100.0,23.08,52,0,1,True,True,False
Dominican Republic,2019,52,52,25,52,100.0,100.0,48.08,52,0,1,True,True,False
Dominican Republic,2020,53,53,1,53,100.0,100.0,1.89,53,0,1,True,True,False
Dominican Republic,2021,52,52,0,52,100.0,100.0,0.0,52,2,2,True,True,False
Dominican Republic,2022,52,52,52,52,100.0,100.0,100.0,52,0,1,True,True,True
Dominican Republic,2023,52,52,52,52,100.0,100.0,100.0,52,52,2,True,True,True
Dominican Republic,2024,52,52,52,52,100.0,100.0,100.0,52,52,2,True,True,True
Dominican Republic,2025,52,52,52,52,100.0,100.0,100.0,52,45,2,True,True,True
Dominican Republic,2026,38,38,38,53,71.7,71.7,71.7,38,30,2,False,False,False
Ecuador,2007,2,2,0,52,3.85,3.85,0.0,2,0,1,False,False,False
Ecuador,2009,34,34,0,53,64.15,64.15,0.0,34,0,1,False,False,False
Ecuador,2010,46,46,0,52,88.46,88.46,0.0,46,0,1,True,True,False
Ecuador,2011,52,52,0,52,100.0,100.0,0.0,52,0,1,True,True,False
Ecuador,2012,52,52,0,52,100.0,100.0,0.0,52,0,1,True,True,False
Ecuador,2013,52,52,0,52,100.0,100.0,0.0,52,0,1,True,True,False
Ecuador,2014,52,52,0,52,100.0,100.0,0.0,52,0,1,True,True,False
Ecuador,2015,52,52,43,53,98.11,98.11,81.13,52,0,1,True,True,True
Ecuador,2016,52,52,49,52,100.0,100.0,94.23,52,0,1,True,True,True
Ecuador,2017,52,52,32,52,100.0,100.0,61.54,52,0,1,True,True,False
Ecuador,2018,52,52,52,52,100.0,100.0,100.0,52,0,1,True,True,True
Ecuador,2019,52,52,33,52,100.0,100.0,63.46,52,0,1,True,True,False
Ecuador,2020,53,53,31,53,100.0,100.0,58.49,53,39,2,True,True,False
Ecuador,2021,52,52,52,52,100.0,100.0,100.0,52,52,2,True,True,True
Ecuador,2022,52,52,52,52,100.0,100.0,100.0,52,52,2,True,True,True
Ecuador,2023,52,52,52,52,100.0,100.0,100.0,52,52,2,True,True,True
Ecuador,2024,52,52,52,52,100.0,100.0,100.0,52,52,2,True,True,True
Ecuador,2025,52,52,52,52,100.0,100.0,100.0,52,52,2,True,True,True
Ecuador,2026,39,39,39,53,73.58,73.58,73.58,39,37,2,False,False,False
Egypt,1997,1,0,0,52,1.92,0.0,0.0,1,0,1,False,False,False
Egypt,1998,7,2,0,53,13.21,3.77,0.0,7,0,1,False,False,False
Egypt,1999,2,1,0,52,3.85,1.92,0.0,2,0,1,False,False,False
Egypt,2000,8,2,0,52,15.38,3.85,0.0,8,0,1,False,False,False
Egypt,2001,16,6,0,52,30.77,11.54,0.0,16,0,1,False,False,False
Egypt,2002,17,9,0,52,32.69,17.31,0.0,17,0,1,False,False,False
Egypt,2003,2,2,0,52,3.85,3.85,0.0,2,0,1,False,False,False
Egypt,2004,12,12,0,53,22.64,22.64,0.0,12,0,1,False,False,False
Egypt,2005,13,13,0,52,25.0,25.0,0.0,13,0,1,False,False,False
Egypt,2006,19,19,0,52,36.54,36.54,0.0,19,0,1,False,False,False
Egypt,2007,19,19,0,52,36.54,36.54,0.0,19,0,1,False,False,False
Egypt,2008,23,23,0,52,44.23,44.23,0.0,23,0,1,False,False,False
Egypt,2009,53,53,0,53,100.0,100.0,0.0,53,0,1,True,True,False
Egypt,2010,52,52,0,52,100.0,100.0,0.0,52,0,1,True,True,False
Egypt,2011,52,52,0,52,100.0,100.0,0.0,52,0,1,True,True,False
Egypt,2012,52,52,0,52,100.0,100.0,0.0,52,0,1,True,True,False
Egypt,2013,52,52,0,52,100.0,100.0,0.0,52,0,1,True,True,False
Egypt,2014,52,52,0,52,100.0,100.0,0.0,52,0,1,True,True,False
Egypt,2015,53,53,0,53,100.0,100.0,0.0,53,0,1,True,True,False
Egypt,2016,52,52,8,52,100.0,100.0,15.38,52,0,1,True,True,False
Egypt,2017,52,52,1,52,100.0,100.0,1.92,52,0,1,True,True,False
Egypt,2018,52,52,0,52,100.0,100.0,0.0,52,0,1,True,True,False
Egypt,2019,52,52,0,52,100.0,100.0,0.0,52,0,1,True,True,False
Egypt,2020,53,53,0,53,100.0,100.0,0.0,53,53,2,True,True,False
Egypt,2021,52,52,0,52,100.0,100.0,0.0,52,52,2,True,True,False
Egypt,2022,52,52,0,52,100.0,100.0,0.0,52,52,2,True,True,False
Egypt,2023,52,52,0,52,100.0,100.0,0.0,52,52,2,True,True,False
Egypt,2024,52,52,0,52,100.0,100.0,0.0,52,52,2,True,True,False
Egypt,2025,52,52,0,52,100.0,100.0,0.0,52,52,2,True,True,False
Egypt,2026,36,36,0,53,67.92,67.92,0.0,36,36,2,False,False,False
El Salvador,2006,43,43,0,52,82.69,82.69,0.0,43,0,1,True,True,False
El Salvador,2008,28,28,0,52,53.85,53.85,0.0,28,0,1,False,False,False
El Salvador,2009,45,45,0,53,84.91,84.91,0.0,45,0,1,True,True,False
El Salvador,2010,50,50,0,52,96.15,96.15,0.0,50,0,1,True,True,False
El Salvador,2011,52,52,0,52,100.0,100.0,0.0,52,0,1,True,True,False
El Salvador,2012,52,52,0,52,100.0,100.0,0.0,52,0,1,True,True,False
El Salvador,2013,52,52,0,52,100.0,100.0,0.0,52,0,1,True,True,False
El Salvador,2014,52,52,0,52,100.0,100.0,0.0,52,0,1,True,True,False
El Salvador,2015,53,53,52,53,100.0,100.0,98.11,53,0,1,True,True,True
El Salvador,2016,52,52,52,52,100.0,100.0,100.0,52,0,1,True,True,True
El Salvador,2017,52,52,52,52,100.0,100.0,100.0,52,0,1,True,True,True
El Salvador,2018,50,50,50,52,96.15,96.15,96.15,50,0,1,True,True,True
El Salvador,2019,52,52,52,52,100.0,100.0,100.0,52,0,1,True,True,True
El Salvador,2020,53,53,22,53,100.0,100.0,41.51,53,0,1,True,True,False
El Salvador,2021,52,52,52,52,100.0,100.0,100.0,52,52,2,True,True,True
El Salvador,2022,52,52,52,52,100.0,100.0,100.0,52,52,2,True,True,True
El Salvador,2023,52,52,52,52,100.0,100.0,100.0,52,52,2,True,True,True
El Salvador,2024,52,52,51,52,100.0,100.0,98.08,52,52,2,True,True,True
El Salvador,2025,52,52,52,52,100.0,100.0,100.0,52,9,2,True,True,True
El Salvador,2026,38,38,38,53,71.7,71.7,71.7,38,0,1,False,False,False
Estonia,2008,44,44,0,52,84.62,84.62,0.0,44,0,1,True,True,False
Estonia,2009,53,53,0,53,100.0,100.0,0.0,53,0,1,True,True,False
Estonia,2010,52,52,0,52,100.0,100.0,0.0,52,0,1,True,True,False
Estonia,2011,51,51,0,52,98.08,98.08,0.0,51,0,1,True,True,False
Estonia,2012,43,43,13,52,82.69,82.69,25.0,43,0,1,True,True,False
Estonia,2013,50,50,50,52,96.15,96.15,96.15,50,13,2,True,True,True
Estonia,2014,51,51,50,52,98.08,98.08,96.15,51,50,2,True,True,True
Estonia,2015,51,51,51,53,96.23,96.23,96.23,51,51,2,True,True,True
Estonia,2016,49,49,49,52,94.23,94.23,94.23,49,49,2,True,True,True
Estonia,2017,51,51,51,52,98.08,98.08,98.08,51,51,2,True,True,True
Estonia,2018,49,49,49,52,94.23,94.23,94.23,49,49,2,True,True,True
Estonia,2019,45,45,45,52,86.54,86.54,86.54,45,45,2,True,True,True
Estonia,2020,46,46,46,53,86.79,86.79,86.79,46,38,2,True,True,True
Estonia,2021,52,52,52,52,100.0,100.0,100.0,52,45,2,True,True,True
Estonia,2022,52,52,52,52,100.0,100.0,100.0,52,50,2,True,True,True
Estonia,2023,52,52,52,52,100.0,100.0,100.0,52,50,2,True,True,True
Estonia,2024,52,52,52,52,100.0,100.0,100.0,52,52,2,True,True,True
Estonia,2025,52,52,52,52,100.0,100.0,100.0,52,52,2,True,True,True
Estonia,2026,39,39,39,53,73.58,73.58,73.58,39,39,2,False,False,False
Ethiopia,2010,52,52,0,52,100.0,100.0,0.0,52,0,1,True,True,False
Ethiopia,2011,46,46,0,52,88.46,88.46,0.0,46,0,1,True,True,False
Ethiopia,2012,52,52,0,52,100.0,100.0,0.0,52,0,1,True,True,False
Ethiopia,2013,50,50,0,52,96.15,96.15,0.0,50,0,1,True,True,False
Ethiopia,2014,11,11,0,52,21.15,21.15,0.0,11,0,1,False,False,False
Ethiopia,2015,2,2,0,53,3.77,3.77,0.0,2,0,1,False,False,False
Ethiopia,2016,52,52,0,52,100.0,100.0,0.0,52,0,1,True,True,False
Ethiopia,2017,52,52,0,52,100.0,100.0,0.0,52,0,1,True,True,False
Ethiopia,2018,45,45,0,52,86.54,86.54,0.0,45,0,1,True,True,False
Ethiopia,2019,48,48,0,52,92.31,92.31,0.0,48,0,1,True,True,False
Ethiopia,2021,52,52,0,52,100.0,100.0,0.0,52,0,1,True,True,False
Ethiopia,2022,52,52,0,52,100.0,100.0,0.0,52,0,1,True,True,False
Ethiopia,2023,52,52,0,52,100.0,100.0,0.0,52,0,1,True,True,False
Ethiopia,2024,52,52,52,52,100.0,100.0,100.0,52,0,1,True,True,True
Ethiopia,2025,49,49,49,52,94.23,94.23,94.23,49,0,1,True,True,True
Ethiopia,2026,36,36,36,53,67.92,67.92,67.92,36,0,1,False,False,False
Fiji,1997,2,0,0,52,3.85,0.0,0.0,2,0,1,False,False,False
Fiji,1998,1,0,0,53,1.89,0.0,0.0,1,0,1,False,False,False
Fiji,2009,49,49,0,53,92.45,92.45,0.0,49,0,1,True,True,False
Fiji,2010,51,51,0,52,98.08,98.08,0.0,51,0,1,True,True,False
Fiji,2011,52,52,0,52,100.0,100.0,0.0,52,0,1,True,True,False
Fiji,2012,20,20,0,52,38.46,38.46,0.0,20,0,1,False,False,False
Fiji,2013,52,52,0,52,100.0,100.0,0.0,52,0,1,True,True,False
Fiji,2014,52,52,0,52,100.0,100.0,0.0,52,0,1,True,True,False
Fiji,2015,52,52,0,53,98.11,98.11,0.0,52,0,1,True,True,False
Fiji,2016,52,52,37,52,100.0,100.0,71.15,52,0,1,True,True,False
Fiji,2017,52,52,3,52,100.0,100.0,5.77,52,0,1,True,True,False
Fiji,2018,35,35,1,52,67.31,67.31,1.92,35,0,1,False,False,False
Fiji,2019,31,31,0,52,59.62,59.62,0.0,31,0,1,False,False,False
Fiji,2020,12,12,0,53,22.64,22.64,0.0,12,0,1,False,False,False
Fiji,2021,14,14,0,52,26.92,26.92,0.0,14,0,1,False,False,False
Fiji,2022,37,37,0,52,71.15,71.15,0.0,37,0,1,False,False,False
Fiji,2023,47,47,0,52,90.38,90.38,0.0,47,0,1,True,True,False
Fiji,2024,50,50,12,52,96.15,96.15,23.08,50,0,1,True,True,False
Fiji,2025,52,52,52,52,100.0,100.0,100.0,52,52,2,True,True,True
Fiji,2026,39,39,38,53,73.58,73.58,71.7,39,39,2,False,False,False
Finland,1997,51,51,0,52,98.08,98.08,0.0,51,0,1,True,True,False
Finland,1998,36,32,0,53,67.92,60.38,0.0,36,0,1,False,False,False
Finland,1999,45,45,0,52,86.54,86.54,0.0,45,0,1,True,True,False
Finland,2000,27,26,0,52,51.92,50.0,0.0,27,0,1,False,False,False
Finland,2001,31,31,0,52,59.62,59.62,0.0,31,0,1,False,False,False
Finland,2002,23,21,0,52,44.23,40.38,0.0,23,0,1,False,False,False
Finland,2003,30,30,0,52,57.69,57.69,0.0,30,0,1,False,False,False
Finland,2004,16,16,0,53,30.19,30.19,0.0,16,0,1,False,False,False
Finland,2005,18,18,0,52,34.62,34.62,0.0,18,0,1,False,False,False
Finland,2006,33,33,0,52,63.46,63.46,0.0,33,0,1,False,False,False
Finland,2007,33,33,0,52,63.46,63.46,0.0,33,0,1,False,False,False
Finland,2008,25,25,0,52,48.08,48.08,0.0,25,0,1,False,False,False
Finland,2009,51,51,0,53,96.23,96.23,0.0,51,0,1,True,True,False
Finland,2010,19,19,0,52,36.54,36.54,0.0,19,0,1,False,False,False
Finland,2011,45,45,0,52,86.54,86.54,0.0,45,0,1,True,True,False
Finland,2012,47,47,13,52,90.38,90.38,25.0,47,0,1,True,True,False
Finland,2013,40,40,40,52,76.92,76.92,76.92,40,12,2,False,False,False
Finland,2014,44,44,43,52,84.62,84.62,82.69,44,43,2,True,True,True
Finland,2015,53,53,53,53,100.0,100.0,100.0,53,53,2,True,True,True
Finland,2016,52,52,52,52,100.0,100.0,100.0,52,52,2,True,True,True
Finland,2017,52,52,52,52,100.0,100.0,100.0,52,52,2,True,True,True
Finland,2018,52,52,52,52,100.0,100.0,100.0,52,52,2,True,True,True
Finland,2019,52,52,52,52,100.0,100.0,100.0,52,52,2,True,True,True
Finland,2020,53,53,53,53,100.0,100.0,100.0,53,53,2,True,True,True
Finland,2021,52,52,52,52,100.0,100.0,100.0,52,52,2,True,True,True
Finland,2022,52,52,52,52,100.0,100.0,100.0,52,52,2,True,True,True
Finland,2023,49,49,49,52,94.23,94.23,94.23,49,36,2,True,True,True
Finland,2024,13,13,13,52,25.0,25.0,25.0,13,0,1,False,False,False
Finland,2025,52,52,52,52,100.0,100.0,100.0,52,0,1,True,True,True
Finland,2026,32,32,32,53,60.38,60.38,60.38,32,0,1,False,False,False
France,1997,29,25,0,52,55.77,48.08,0.0,29,0,1,False,False,False
France,1998,45,32,0,53,84.91,60.38,0.0,45,0,1,True,False,False
France,1999,46,31,0,52,88.46,59.62,0.0,46,0,1,True,False,False
France,2000,32,31,0,52,61.54,59.62,0.0,32,0,1,False,False,False
France,2001,37,30,0,52,71.15,57.69,0.0,37,0,1,False,False,False
France,2002,36,30,0,52,69.23,57.69,0.0,36,0,1,False,False,False
France,2003,31,30,0,52,59.62,57.69,0.0,31,0,1,False,False,False
France,2004,21,21,0,53,39.62,39.62,0.0,21,0,1,False,False,False
France,2005,30,30,0,52,57.69,57.69,0.0,30,0,1,False,False,False
France,2006,30,30,0,52,57.69,57.69,0.0,30,0,1,False,False,False
France,2007,30,30,0,52,57.69,57.69,0.0,30,0,1,False,False,False
France,2008,31,31,0,52,59.62,59.62,0.0,31,0,1,False,False,False
France,2009,53,53,0,53,100.0,100.0,0.0,53,0,1,True,True,False
France,2010,52,52,0,52,100.0,100.0,0.0,52,0,1,True,True,False
France,2011,52,52,0,52,100.0,100.0,0.0,52,0,1,True,True,False
France,2012,52,52,13,52,100.0,100.0,25.0,52,0,1,True,True,False
France,2013,52,52,52,52,100.0,100.0,100.0,52,0,1,True,True,True
France,2014,40,40,40,52,76.92,76.92,76.92,40,0,1,False,False,False
France,2015,29,29,29,53,54.72,54.72,54.72,29,29,2,False,False,False
France,2016,33,33,33,52,63.46,63.46,63.46,33,33,2,False,False,False
France,2017,28,28,28,52,53.85,53.85,53.85,28,28,2,False,False,False
France,2018,33,33,33,52,63.46,63.46,63.46,33,33,2,False,False,False
France,2019,30,30,30,52,57.69,57.69,57.69,30,30,2,False,False,False
France,2020,48,48,48,53,90.57,90.57,90.57,48,43,2,True,True,True
France,2021,52,52,52,52,100.0,100.0,100.0,52,47,2,True,True,True
France,2022,52,52,52,52,100.0,100.0,100.0,52,52,2,True,True,True
France,2023,52,52,52,52,100.0,100.0,100.0,52,52,2,True,True,True
France,2024,52,52,52,52,100.0,100.0,100.0,52,52,2,True,True,True
France,2025,52,52,52,52,100.0,100.0,100.0,52,52,2,True,True,True
France,2026,39,39,39,53,73.58,73.58,73.58,39,39,2,False,False,False
French Guiana,1997,2,0,0,52,3.85,0.0,0.0,2,0,1,False,False,False
French Guiana,1998,6,1,0,53,11.32,1.89,0.0,6,0,1,False,False,False
French Guiana,1999,52,39,0,52,100.0,75.0,0.0,52,0,1,True,False,False
French Guiana,2000,12,0,0,52,23.08,0.0,0.0,12,0,1,False,False,False
French Guiana,2001,4,1,0,52,7.69,1.92,0.0,4,0,1,False,False,False
French Guiana,2002,52,41,0,52,100.0,78.85,0.0,52,0,1,True,False,False
French Guiana,2003,50,50,0,52,96.15,96.15,0.0,50,0,1,True,True,False
French Guiana,2004,46,46,0,53,86.79,86.79,0.0,46,0,1,True,True,False
French Guiana,2005,18,18,0,52,34.62,34.62,0.0,18,0,1,False,False,False
French Guiana,2008,27,27,0,52,51.92,51.92,0.0,27,0,1,False,False,False
French Guiana,2009,53,53,0,53,100.0,100.0,0.0,53,0,1,True,True,False
French Guiana,2010,52,52,0,52,100.0,100.0,0.0,52,0,1,True,True,False
French Guiana,2011,52,52,0,52,100.0,100.0,0.0,52,0,1,True,True,False
French Guiana,2012,52,52,0,52,100.0,100.0,0.0,52,0,1,True,True,False
French Guiana,2013,52,52,0,52,100.0,100.0,0.0,52,0,1,True,True,False
French Guiana,2014,52,52,0,52,100.0,100.0,0.0,52,0,1,True,True,False
French Guiana,2015,53,53,0,53,100.0,100.0,0.0,53,0,1,True,True,False
French Guiana,2016,52,52,0,52,100.0,100.0,0.0,52,0,1,True,True,False
French Guiana,2017,52,52,0,52,100.0,100.0,0.0,52,0,1,True,True,False
French Guiana,2018,52,52,0,52,100.0,100.0,0.0,52,0,1,True,True,False
French Guiana,2019,52,52,0,52,100.0,100.0,0.0,52,0,1,True,True,False
French Guiana,2020,52,52,0,53,98.11,98.11,0.0,52,0,1,True,True,False
French Guiana,2021,52,52,18,52,100.0,100.0,34.62,52,0,1,True,True,False
French Guiana,2022,10,10,2,52,19.23,19.23,3.85,10,0,1,False,False,False
French Guiana,2023,52,52,52,52,100.0,100.0,100.0,52,0,1,True,True,True
French Guiana,2024,51,51,51,52,98.08,98.08,98.08,51,0,1,True,True,True
French Guiana,2025,52,52,52,52,100.0,100.0,100.0,52,0,1,True,True,True
French Guiana,2026,39,39,39,53,73.58,73.58,73.58,39,0,1,False,False,False
Gabon,2022,24,24,0,52,46.15,46.15,0.0,24,0,1,False,False,False
Gabon,2023,44,44,0,52,84.62,84.62,0.0,44,0,1,True,True,False
Gabon,2024,52,52,0,52,100.0,100.0,0.0,52,0,1,True,True,False
Gabon,2025,52,52,0,52,100.0,100.0,0.0,52,0,1,True,True,False
Gabon,2026,30,30,0,53,56.6,56.6,0.0,30,0,1,False,False,False
Georgia,2009,36,36,0,53,67.92,67.92,0.0,36,0,1,False,False,False
Georgia,2010,42,42,1,52,80.77,80.77,1.92,42,0,1,True,True,False
Georgia,2011,52,52,52,52,100.0,100.0,100.0,52,0,1,True,True,True
Georgia,2012,52,52,52,52,100.0,100.0,100.0,52,0,1,True,True,True
Georgia,2013,52,52,52,52,100.0,100.0,100.0,52,13,2,True,True,True
Georgia,2014,39,39,34,52,75.0,75.0,65.38,39,34,2,False,False,False
Georgia,2015,53,53,53,53,100.0,100.0,100.0,53,53,2,True,True,True
Georgia,2016,52,52,52,52,100.0,100.0,100.0,52,52,2,True,True,True
Georgia,2017,52,52,52,52,100.0,100.0,100.0,52,52,2,True,True,True
Georgia,2018,52,52,52,52,100.0,100.0,100.0,52,52,2,True,True,True
Georgia,2019,52,52,52,52,100.0,100.0,100.0,52,52,2,True,True,True
Georgia,2020,52,52,52,53,98.11,98.11,98.11,52,52,2,True,True,True
Georgia,2021,52,52,52,52,100.0,100.0,100.0,52,52,2,True,True,True
Georgia,2022,52,52,52,52,100.0,100.0,100.0,52,52,2,True,True,True
Georgia,2023,52,52,52,52,100.0,100.0,100.0,52,52,2,True,True,True
Georgia,2024,52,52,52,52,100.0,100.0,100.0,52,52,2,True,True,True
Georgia,2025,52,52,52,52,100.0,100.0,100.0,52,52,2,True,True,True
Georgia,2026,39,39,39,53,73.58,73.58,73.58,39,24,2,False,False,False
Germany,1997,29,17,0,52,55.77,32.69,0.0,29,0,1,False,False,False
Germany,1998,29,23,0,53,54.72,43.4,0.0,29,0,1,False,False,False
Germany,1999,27,24,0,52,51.92,46.15,0.0,27,0,1,False,False,False
Germany,2000,28,28,0,52,53.85,53.85,0.0,28,0,1,False,False,False
Germany,2001,33,32,0,52,63.46,61.54,0.0,33,0,1,False,False,False
Germany,2002,30,28,0,52,57.69,53.85,0.0,30,0,1,False,False,False
Germany,2003,28,28,0,52,53.85,53.85,0.0,28,0,1,False,False,False
Germany,2004,28,28,0,53,52.83,52.83,0.0,28,0,1,False,False,False
Germany,2005,24,24,0,52,46.15,46.15,0.0,24,0,1,False,False,False
Germany,2006,34,34,0,52,65.38,65.38,0.0,34,0,1,False,False,False
Germany,2007,51,51,0,52,98.08,98.08,0.0,51,0,1,True,True,False
Germany,2008,52,52,0,52,100.0,100.0,0.0,52,0,1,True,True,False
Germany,2009,52,52,0,53,98.11,98.11,0.0,52,0,1,True,True,False
Germany,2010,47,47,0,52,90.38,90.38,0.0,47,0,1,True,True,False
Germany,2011,51,51,0,52,98.08,98.08,0.0,51,0,1,True,True,False
Germany,2012,52,52,13,52,100.0,100.0,25.0,52,0,1,True,True,False
Germany,2013,52,52,50,52,100.0,100.0,96.15,52,13,2,True,True,True
Germany,2014,52,52,52,52,100.0,100.0,100.0,52,52,2,True,True,True
Germany,2015,53,53,53,53,100.0,100.0,100.0,53,53,2,True,True,True
Germany,2016,52,52,52,52,100.0,100.0,100.0,52,52,2,True,True,True
Germany,2017,51,51,51,52,98.08,98.08,98.08,51,51,2,True,True,True
Germany,2018,51,51,51,52,98.08,98.08,98.08,51,51,2,True,True,True
Germany,2019,51,51,51,52,98.08,98.08,98.08,51,51,2,True,True,True
Germany,2020,53,53,53,53,100.0,100.0,100.0,53,53,2,True,True,True
Germany,2021,52,52,52,52,100.0,100.0,100.0,52,52,2,True,True,True
Germany,2022,52,52,52,52,100.0,100.0,100.0,52,52,2,True,True,True
Germany,2023,52,52,52,52,100.0,100.0,100.0,52,52,2,True,True,True
Germany,2024,52,52,52,52,100.0,100.0,100.0,52,52,2,True,True,True
Germany,2025,52,52,52,52,100.0,100.0,100.0,52,52,2,True,True,True
Germany,2026,39,39,39,53,73.58,73.58,73.58,39,39,2,False,False,False
Ghana,2008,52,52,0,52,100.0,100.0,0.0,52,0,1,True,True,False
Ghana,2009,53,53,0,53,100.0,100.0,0.0,53,0,1,True,True,False
Ghana,2010,52,52,0,52,100.0,100.0,0.0,52,0,1,True,True,False
Ghana,2011,52,52,0,52,100.0,100.0,0.0,52,0,1,True,True,False
Ghana,2012,52,52,0,52,100.0,100.0,0.0,52,0,1,True,True,False
Ghana,2013,52,52,0,52,100.0,100.0,0.0,52,0,1,True,True,False
Ghana,2014,52,52,0,52,100.0,100.0,0.0,52,0,1,True,True,False
Ghana,2015,53,53,0,53,100.0,100.0,0.0,53,0,1,True,True,False
Ghana,2016,52,52,5,52,100.0,100.0,9.62,52,0,1,True,True,False
Ghana,2017,52,52,52,52,100.0,100.0,100.0,52,0,1,True,True,True
Ghana,2018,52,51,51,52,100.0,98.08,98.08,52,0,1,True,True,True
Ghana,2019,52,52,52,52,100.0,100.0,100.0,52,0,1,True,True,True
Ghana,2020,18,18,9,53,33.96,33.96,16.98,18,0,1,False,False,False
Ghana,2021,51,51,0,52,98.08,98.08,0.0,51,0,1,True,True,False
Ghana,2022,52,52,0,52,100.0,100.0,0.0,52,0,1,True,True,False
Ghana,2023,52,52,0,52,100.0,100.0,0.0,52,0,1,True,True,False
Ghana,2024,52,52,0,52,100.0,100.0,0.0,52,0,1,True,True,False
Ghana,2025,52,52,48,52,100.0,100.0,92.31,52,0,1,True,True,True
Ghana,2026,38,38,38,53,71.7,71.7,71.7,38,0,1,False,False,False
Greece,1997,16,1,0,52,30.77,1.92,0.0,16,0,1,False,False,False
Greece,1998,23,6,0,53,43.4,11.32,0.0,23,0,1,False,False,False
Greece,1999,12,6,0,52,23.08,11.54,0.0,12,0,1,False,False,False
Greece,2000,17,7,0,52,32.69,13.46,0.0,17,0,1,False,False,False
Greece,2001,17,7,0,52,32.69,13.46,0.0,17,0,1,False,False,False
Greece,2002,22,12,0,52,42.31,23.08,0.0,22,0,1,False,False,False
Greece,2003,23,19,0,52,44.23,36.54,0.0,23,0,1,False,False,False
Greece,2004,10,9,0,53,18.87,16.98,0.0,10,0,1,False,False,False
Greece,2005,23,23,0,52,44.23,44.23,0.0,23,0,1,False,False,False
Greece,2006,32,32,0,52,61.54,61.54,0.0,32,0,1,False,False,False
Greece,2007,38,38,0,52,73.08,73.08,0.0,38,0,1,False,False,False
Greece,2008,40,40,0,52,76.92,76.92,0.0,40,0,1,False,False,False
Greece,2009,53,53,0,53,100.0,100.0,0.0,53,0,1,True,True,False
Greece,2010,52,52,0,52,100.0,100.0,0.0,52,0,1,True,True,False
Greece,2011,32,32,0,52,61.54,61.54,0.0,32,0,1,False,False,False
Greece,2012,52,52,14,52,100.0,100.0,26.92,52,0,1,True,True,False
Greece,2013,52,52,52,52,100.0,100.0,100.0,52,13,3,True,True,True
Greece,2014,47,47,46,52,90.38,90.38,88.46,47,46,3,True,True,True
Greece,2015,47,47,47,53,88.68,88.68,88.68,47,47,2,True,True,True
Greece,2016,34,34,34,52,65.38,65.38,65.38,34,34,2,False,False,False
Greece,2017,31,31,31,52,59.62,59.62,59.62,31,31,2,False,False,False
Greece,2018,35,35,35,52,67.31,67.31,67.31,35,35,2,False,False,False
Greece,2019,33,33,33,52,63.46,63.46,63.46,33,33,2,False,False,False
Greece,2020,44,44,44,53,83.02,83.02,83.02,44,29,2,True,True,True
Greece,2021,52,52,52,52,100.0,100.0,100.0,52,31,2,True,True,True
Greece,2022,52,52,52,52,100.0,100.0,100.0,52,33,2,True,True,True
Greece,2023,52,52,52,52,100.0,100.0,100.0,52,52,2,True,True,True
Greece,2024,52,52,52,52,100.0,100.0,100.0,52,52,2,True,True,True
Greece,2025,52,52,52,52,100.0,100.0,100.0,52,7,2,True,True,True
Greece,2026,39,39,39,53,73.58,73.58,73.58,39,0,1,False,False,False
Grenada,2020,53,53,0,53,100.0,100.0,0.0,53,0,1,True,True,False
Grenada,2021,52,52,0,52,100.0,100.0,0.0,52,0,1,True,True,False
Grenada,2022,24,24,0,52,46.15,46.15,0.0,24,0,1,False,False,False
Grenada,2023,37,37,18,52,71.15,71.15,34.62,37,37,2,False,False,False
Grenada,2025,8,7,7,52,15.38,13.46,13.46,8,7,2,False,False,False
Grenada,2026,5,5,5,53,9.43,9.43,9.43,5,0,1,False,False,False
Guadeloupe,2008,4,4,0,52,7.69,7.69,0.0,4,0,1,False,False,False
Guadeloupe,2009,53,53,0,53,100.0,100.0,0.0,53,0,1,True,True,False
Guadeloupe,2010,31,31,0,52,59.62,59.62,0.0,31,0,1,False,False,False
Guadeloupe,2011,52,52,0,52,100.0,100.0,0.0,52,0,1,True,True,False
Guadeloupe,2012,20,20,0,52,38.46,38.46,0.0,20,0,1,False,False,False
Guadeloupe,2013,52,52,0,52,100.0,100.0,0.0,52,0,1,True,True,False
Guadeloupe,2014,52,52,0,52,100.0,100.0,0.0,52,0,1,True,True,False
Guadeloupe,2015,53,53,0,53,100.0,100.0,0.0,53,0,1,True,True,False
Guadeloupe,2016,52,52,0,52,100.0,100.0,0.0,52,0,1,True,True,False
Guadeloupe,2017,52,52,0,52,100.0,100.0,0.0,52,0,1,True,True,False
Guadeloupe,2018,52,52,0,52,100.0,100.0,0.0,52,0,1,True,True,False
Guadeloupe,2019,52,52,0,52,100.0,100.0,0.0,52,0,1,True,True,False
Guadeloupe,2020,52,52,0,53,98.11,98.11,0.0,52,0,1,True,True,False
Guadeloupe,2021,52,52,0,52,100.0,100.0,0.0,52,0,1,True,True,False
Guadeloupe,2022,39,39,39,52,75.0,75.0,75.0,39,0,1,False,False,False
Guadeloupe,2023,52,52,52,52,100.0,100.0,100.0,52,0,1,True,True,True
Guadeloupe,2024,52,52,52,52,100.0,100.0,100.0,52,0,1,True,True,True
Guadeloupe,2025,52,52,52,52,100.0,100.0,100.0,52,0,1,True,True,True
Guadeloupe,2026,39,39,39,53,73.58,73.58,73.58,39,0,1,False,False,False
Guatemala,2009,18,18,0,53,33.96,33.96,0.0,18,0,1,False,False,False
Guatemala,2010,51,51,0,52,98.08,98.08,0.0,51,0,1,True,True,False
Guatemala,2011,52,52,0,52,100.0,100.0,0.0,52,0,1,True,True,False
Guatemala,2012,50,50,0,52,96.15,96.15,0.0,50,0,1,True,True,False
Guatemala,2013,52,52,0,52,100.0,100.0,0.0,52,0,1,True,True,False
Guatemala,2014,49,49,0,52,94.23,94.23,0.0,49,0,1,True,True,False
Guatemala,2015,52,52,52,53,98.11,98.11,98.11,52,0,1,True,True,True
Guatemala,2016,52,52,52,52,100.0,100.0,100.0,52,0,1,True,True,True
Guatemala,2017,48,48,48,52,92.31,92.31,92.31,48,0,1,True,True,True
Guatemala,2018,52,52,42,52,100.0,100.0,80.77,52,0,1,True,True,True
Guatemala,2019,52,52,38,52,100.0,100.0,73.08,52,0,1,True,True,False
Guatemala,2020,53,53,21,53,100.0,100.0,39.62,53,53,2,True,True,False
Guatemala,2021,52,52,52,52,100.0,100.0,100.0,52,52,2,True,True,True
Guatemala,2022,52,52,52,52,100.0,100.0,100.0,52,52,2,True,True,True
Guatemala,2023,52,52,52,52,100.0,100.0,100.0,52,52,2,True,True,True
Guatemala,2024,52,52,52,52,100.0,100.0,100.0,52,52,2,True,True,True
Guatemala,2025,52,52,52,52,100.0,100.0,100.0,52,52,2,True,True,True
Guatemala,2026,39,39,39,53,73.58,73.58,73.58,39,38,2,False,False,False
Guinea,2018,52,52,0,52,100.0,100.0,0.0,52,0,1,True,True,False
Guinea,2019,52,52,0,52,100.0,100.0,0.0,52,0,1,True,True,False
Guinea,2020,52,52,0,53,98.11,98.11,0.0,52,0,1,True,True,False
Guinea,2021,52,52,0,52,100.0,100.0,0.0,52,0,1,True,True,False
Guinea,2022,52,52,0,52,100.0,100.0,0.0,52,0,1,True,True,False
Guinea,2023,52,52,0,52,100.0,100.0,0.0,52,17,2,True,True,False
Guinea,2024,52,52,0,52,100.0,100.0,0.0,52,0,1,True,True,False
Guinea,2025,52,52,0,52,100.0,100.0,0.0,52,0,1,True,True,False
Guinea,2026,30,30,0,53,56.6,56.6,0.0,30,0,1,False,False,False
Guyana,2015,1,1,0,53,1.89,1.89,0.0,1,0,1,False,False,False
Guyana,2018,1,1,0,52,1.92,1.92,0.0,1,0,1,False,False,False
Guyana,2023,52,52,52,52,100.0,100.0,100.0,52,52,2,True,True,True
Guyana,2024,52,52,52,52,100.0,100.0,100.0,52,52,2,True,True,True
Guyana,2025,52,52,52,52,100.0,100.0,100.0,52,8,2,True,True,True
Guyana,2026,38,38,38,53,71.7,71.7,71.7,38,0,1,False,False,False
Haiti,2015,13,13,13,53,24.53,24.53,24.53,13,0,1,False,False,False
Haiti,2016,14,14,0,52,26.92,26.92,0.0,14,0,1,False,False,False
Haiti,2017,52,52,52,52,100.0,100.0,100.0,52,0,1,True,True,True
Haiti,2018,52,52,52,52,100.0,100.0,100.0,52,0,1,True,True,True
Haiti,2019,48,48,41,52,92.31,92.31,78.85,48,0,1,True,True,False
Haiti,2020,53,53,52,53,100.0,100.0,98.11,53,0,1,True,True,True
Haiti,2021,52,52,52,52,100.0,100.0,100.0,52,0,1,True,True,True
Haiti,2022,52,52,52,52,100.0,100.0,100.0,52,52,2,True,True,True
Haiti,2023,52,52,52,52,100.0,100.0,100.0,52,52,2,True,True,True
Haiti,2024,52,52,52,52,100.0,100.0,100.0,52,52,2,True,True,True
Haiti,2025,44,44,44,52,84.62,84.62,84.62,44,44,2,True,True,True
Haiti,2026,30,30,30,53,56.6,56.6,56.6,30,29,2,False,False,False
Honduras,2007,52,52,0,52,100.0,100.0,0.0,52,0,1,True,True,False
Honduras,2008,51,51,0,52,98.08,98.08,0.0,51,0,1,True,True,False
Honduras,2009,52,52,0,53,98.11,98.11,0.0,52,0,1,True,True,False
Honduras,2010,52,52,0,52,100.0,100.0,0.0,52,0,1,True,True,False
Honduras,2011,52,52,0,52,100.0,100.0,0.0,52,0,1,True,True,False
Honduras,2012,50,50,0,52,96.15,96.15,0.0,50,0,1,True,True,False
Honduras,2013,51,51,0,52,98.08,98.08,0.0,51,0,1,True,True,False
Honduras,2014,48,48,0,52,92.31,92.31,0.0,48,0,1,True,True,False
Honduras,2015,52,52,52,53,98.11,98.11,98.11,52,0,1,True,True,True
Honduras,2016,52,52,52,52,100.0,100.0,100.0,52,0,1,True,True,True
Honduras,2017,51,51,51,52,98.08,98.08,98.08,51,0,1,True,True,True
Honduras,2018,52,52,52,52,100.0,100.0,100.0,52,0,1,True,True,True
Honduras,2019,51,51,51,52,98.08,98.08,98.08,51,0,1,True,True,True
Honduras,2020,53,53,53,53,100.0,100.0,100.0,53,53,2,True,True,True
Honduras,2021,52,52,52,52,100.0,100.0,100.0,52,52,2,True,True,True
Honduras,2022,52,52,52,52,100.0,100.0,100.0,52,52,2,True,True,True
Honduras,2023,52,52,52,52,100.0,100.0,100.0,52,52,2,True,True,True
Honduras,2024,52,52,51,52,100.0,100.0,98.08,52,52,2,True,True,True
Honduras,2025,52,52,52,52,100.0,100.0,100.0,52,49,2,True,True,True
Honduras,2026,38,38,38,53,71.7,71.7,71.7,38,30,2,False,False,False
Hungary,1997,7,6,0,52,13.46,11.54,0.0,7,0,1,False,False,False
Hungary,1998,5,1,0,53,9.43,1.89,0.0,5,0,1,False,False,False
Hungary,1999,12,7,0,52,23.08,13.46,0.0,12,0,1,False,False,False
Hungary,2000,3,2,0,52,5.77,3.85,0.0,3,0,1,False,False,False
Hungary,2001,10,1,0,52,19.23,1.92,0.0,10,0,1,False,False,False
Hungary,2002,8,4,0,52,15.38,7.69,0.0,8,0,1,False,False,False
Hungary,2003,13,12,0,52,25.0,23.08,0.0,13,0,1,False,False,False
Hungary,2009,35,35,0,53,66.04,66.04,0.0,35,0,1,False,False,False
Hungary,2010,45,45,0,52,86.54,86.54,0.0,45,0,1,True,True,False
Hungary,2011,33,33,0,52,63.46,63.46,0.0,33,0,1,False,False,False
Hungary,2012,33,33,14,52,63.46,63.46,26.92,33,0,1,False,False,False
Hungary,2013,31,31,30,52,59.62,59.62,57.69,31,12,2,False,False,False
Hungary,2014,33,33,32,52,63.46,63.46,61.54,33,32,2,False,False,False
Hungary,2015,33,33,33,53,62.26,62.26,62.26,33,33,2,False,False,False
Hungary,2016,33,33,33,52,63.46,63.46,63.46,33,33,2,False,False,False
Hungary,2017,32,32,32,52,61.54,61.54,61.54,32,32,2,False,False,False
Hungary,2018,33,33,33,52,63.46,63.46,63.46,33,33,2,False,False,False
Hungary,2019,32,32,32,52,61.54,61.54,61.54,32,32,2,False,False,False
Hungary,2020,42,42,42,53,79.25,79.25,79.25,42,21,2,False,False,False
Hungary,2021,52,52,52,52,100.0,100.0,100.0,52,29,2,True,True,True
Hungary,2022,52,52,52,52,100.0,100.0,100.0,52,33,2,True,True,True
Hungary,2023,52,52,52,52,100.0,100.0,100.0,52,31,2,True,True,True
Hungary,2024,51,51,51,52,98.08,98.08,98.08,51,32,2,True,True,True
Hungary,2025,52,52,52,52,100.0,100.0,100.0,52,52,2,True,True,True
Hungary,2026,39,39,39,53,73.58,73.58,73.58,39,39,2,False,False,False
Iceland,1997,11,10,0,52,21.15,19.23,0.0,11,0,1,False,False,False
Iceland,1998,22,15,0,53,41.51,28.3,0.0,22,0,1,False,False,False
Iceland,1999,49,46,0,52,94.23,88.46,0.0,49,0,1,True,True,False
Iceland,2000,29,29,0,52,55.77,55.77,0.0,29,0,1,False,False,False
Iceland,2001,29,28,0,52,55.77,53.85,0.0,29,0,1,False,False,False
Iceland,2002,35,34,0,52,67.31,65.38,0.0,35,0,1,False,False,False
Iceland,2003,36,36,0,52,69.23,69.23,0.0,36,0,1,False,False,False
Iceland,2004,10,10,0,53,18.87,18.87,0.0,10,0,1,False,False,False
Iceland,2005,12,12,0,52,23.08,23.08,0.0,12,0,1,False,False,False
Iceland,2006,19,19,0,52,36.54,36.54,0.0,19,0,1,False,False,False
Iceland,2007,18,18,0,52,34.62,34.62,0.0,18,0,1,False,False,False
Iceland,2008,19,19,0,52,36.54,36.54,0.0,19,0,1,False,False,False
Iceland,2010,4,4,0,52,7.69,7.69,0.0,4,0,1,False,False,False
Iceland,2011,51,51,0,52,98.08,98.08,0.0,51,0,1,True,True,False
Iceland,2012,52,52,13,52,100.0,100.0,25.0,52,0,1,True,True,False
Iceland,2013,52,52,52,52,100.0,100.0,100.0,52,13,2,True,True,True
Iceland,2014,52,52,52,52,100.0,100.0,100.0,52,52,2,True,True,True
Iceland,2015,53,53,53,53,100.0,100.0,100.0,53,53,2,True,True,True
Iceland,2016,51,51,51,52,98.08,98.08,98.08,51,51,2,True,True,True
Iceland,2017,52,52,52,52,100.0,100.0,100.0,52,52,2,True,True,True
Iceland,2018,52,52,52,52,100.0,100.0,100.0,52,52,2,True,True,True
Iceland,2019,52,52,52,52,100.0,100.0,100.0,52,52,2,True,True,True
Iceland,2020,53,53,53,53,100.0,100.0,100.0,53,53,2,True,True,True
Iceland,2021,52,52,52,52,100.0,100.0,100.0,52,52,2,True,True,True
Iceland,2022,52,52,52,52,100.0,100.0,100.0,52,52,2,True,True,True
Iceland,2023,52,52,52,52,100.0,100.0,100.0,52,52,2,True,True,True
Iceland,2024,52,52,52,52,100.0,100.0,100.0,52,39,2,True,True,True
Iceland,2025,51,51,51,52,98.08,98.08,98.08,51,0,1,True,True,True
Iceland,2026,38,38,38,53,71.7,71.7,71.7,38,0,1,False,False,False
India,1997,28,0,0,52,53.85,0.0,0.0,28,0,1,False,False,False
India,1998,28,1,0,53,52.83,1.89,0.0,28,0,1,False,False,False
India,1999,33,14,0,52,63.46,26.92,0.0,33,0,1,False,False,False
India,2000,51,50,0,52,98.08,96.15,0.0,51,0,1,True,True,False
India,2001,42,36,0,52,80.77,69.23,0.0,42,0,1,True,False,False
India,2002,52,51,0,52,100.0,98.08,0.0,52,0,1,True,True,False
India,2003,49,49,0,52,94.23,94.23,0.0,49,0,1,True,True,False
India,2008,45,45,0,52,86.54,86.54,0.0,45,0,1,True,True,False
India,2009,41,41,0,53,77.36,77.36,0.0,41,0,1,False,False,False
India,2010,50,50,0,52,96.15,96.15,0.0,50,0,1,True,True,False
India,2011,52,52,0,52,100.0,100.0,0.0,52,0,1,True,True,False
India,2012,52,52,0,52,100.0,100.0,0.0,52,0,1,True,True,False
India,2013,52,52,0,52,100.0,100.0,0.0,52,0,1,True,True,False
India,2014,52,52,0,52,100.0,100.0,0.0,52,0,1,True,True,False
India,2015,53,53,0,53,100.0,100.0,0.0,53,0,1,True,True,False
India,2016,52,52,8,52,100.0,100.0,15.38,52,0,1,True,True,False
India,2017,48,48,42,52,92.31,92.31,80.77,48,0,1,True,True,True
India,2018,52,52,51,52,100.0,100.0,98.08,52,0,1,True,True,True
India,2019,52,52,35,52,100.0,100.0,67.31,52,0,1,True,True,False
India,2020,48,48,8,53,90.57,90.57,15.09,48,0,1,True,True,False
India,2021,52,52,2,52,100.0,100.0,3.85,52,21,3,True,True,False
India,2022,52,52,52,52,100.0,100.0,100.0,52,52,3,True,True,True
India,2023,52,52,46,52,100.0,100.0,88.46,52,52,2,True,True,True
India,2024,52,52,38,52,100.0,100.0,73.08,52,51,2,True,True,False
India,2025,52,52,36,52,100.0,100.0,69.23,52,50,2,True,True,False
India,2026,38,38,38,53,71.7,71.7,71.7,38,36,2,False,False,False
Indonesia,2004,18,18,0,53,33.96,33.96,0.0,18,0,1,False,False,False
Indonesia,2005,20,20,0,52,38.46,38.46,0.0,20,0,1,False,False,False
Indonesia,2010,52,52,0,52,100.0,100.0,0.0,52,0,1,True,True,False
Indonesia,2011,52,52,0,52,100.0,100.0,0.0,52,0,1,True,True,False
Indonesia,2012,52,52,0,52,100.0,100.0,0.0,52,0,1,True,True,False
Indonesia,2013,52,52,0,52,100.0,100.0,0.0,52,0,1,True,True,False
Indonesia,2014,52,52,0,52,100.0,100.0,0.0,52,0,1,True,True,False
Indonesia,2015,53,53,0,53,100.0,100.0,0.0,53,0,1,True,True,False
Indonesia,2016,52,52,0,52,100.0,100.0,0.0,52,0,1,True,True,False
Indonesia,2017,52,52,0,52,100.0,100.0,0.0,52,0,1,True,True,False
Indonesia,2018,52,52,0,52,100.0,100.0,0.0,52,0,1,True,True,False
Indonesia,2019,52,52,0,52,100.0,100.0,0.0,52,0,1,True,True,False
Indonesia,2020,53,53,53,53,100.0,100.0,100.0,53,0,1,True,True,True
Indonesia,2021,52,52,52,52,100.0,100.0,100.0,52,0,1,True,True,True
Indonesia,2022,52,52,52,52,100.0,100.0,100.0,52,0,1,True,True,True
Indonesia,2023,52,52,52,52,100.0,100.0,100.0,52,0,1,True,True,True
Indonesia,2024,52,52,52,52,100.0,100.0,100.0,52,0,1,True,True,True
Indonesia,2025,52,52,52,52,100.0,100.0,100.0,52,0,1,True,True,True
Indonesia,2026,38,38,38,53,71.7,71.7,71.7,38,0,1,False,False,False
Iran (Islamic Republic of),1997,4,3,0,52,7.69,5.77,0.0,4,0,1,False,False,False
Iran (Islamic Republic of),1998,12,4,0,53,22.64,7.55,0.0,12,0,1,False,False,False
Iran (Islamic Republic of),1999,9,4,0,52,17.31,7.69,0.0,9,0,1,False,False,False
Iran (Islamic Republic of),2000,5,4,0,52,9.62,7.69,0.0,5,0,1,False,False,False
Iran (Islamic Republic of),2001,1,1,0,52,1.92,1.92,0.0,1,0,1,False,False,False
Iran (Islamic Republic of),2002,2,1,0,52,3.85,1.92,0.0,2,0,1,False,False,False
Iran (Islamic Republic of),2005,6,6,0,52,11.54,11.54,0.0,6,0,1,False,False,False
Iran (Islamic Republic of),2006,21,21,0,52,40.38,40.38,0.0,21,0,1,False,False,False
Iran (Islamic Republic of),2007,47,47,0,52,90.38,90.38,0.0,47,0,1,True,True,False
Iran (Islamic Republic of),2008,52,52,0,52,100.0,100.0,0.0,52,0,1,True,True,False
Iran (Islamic Republic of),2009,51,51,0,53,96.23,96.23,0.0,51,0,1,True,True,False
Iran (Islamic Republic of),2010,52,52,0,52,100.0,100.0,0.0,52,0,1,True,True,False
Iran (Islamic Republic of),2011,52,52,0,52,100.0,100.0,0.0,52,0,1,True,True,False
Iran (Islamic Republic of),2012,52,52,0,52,100.0,100.0,0.0,52,0,1,True,True,False
Iran (Islamic Republic of),2013,52,52,0,52,100.0,100.0,0.0,52,0,1,True,True,False
Iran (Islamic Republic of),2014,52,52,0,52,100.0,100.0,0.0,52,0,1,True,True,False
Iran (Islamic Republic of),2015,53,53,0,53,100.0,100.0,0.0,53,0,1,True,True,False
Iran (Islamic Republic of),2016,52,52,1,52,100.0,100.0,1.92,52,0,1,True,True,False
Iran (Islamic Republic of),2017,52,52,52,52,100.0,100.0,100.0,52,0,1,True,True,True
Iran (Islamic Republic of),2018,52,52,52,52,100.0,100.0,100.0,52,0,1,True,True,True
Iran (Islamic Republic of),2019,52,52,45,52,100.0,100.0,86.54,52,0,1,True,True,True
Iran (Islamic Republic of),2020,53,53,0,53,100.0,100.0,0.0,53,0,1,True,True,False
Iran (Islamic Republic of),2021,52,52,0,52,100.0,100.0,0.0,52,0,1,True,True,False
Iran (Islamic Republic of),2022,52,52,0,52,100.0,100.0,0.0,52,0,1,True,True,False
Iran (Islamic Republic of),2023,52,52,0,52,100.0,100.0,0.0,52,20,2,True,True,False
Iran (Islamic Republic of),2024,52,52,0,52,100.0,100.0,0.0,52,51,2,True,True,False
Iran (Islamic Republic of),2025,52,52,0,52,100.0,100.0,0.0,52,51,2,True,True,False
Iran (Islamic Republic of),2026,38,38,0,53,71.7,71.7,0.0,38,33,2,False,False,False
Iraq,2009,53,53,0,53,100.0,100.0,0.0,53,0,1,True,True,False
Iraq,2010,52,52,0,52,100.0,100.0,0.0,52,0,1,True,True,False
Iraq,2011,52,52,0,52,100.0,100.0,0.0,52,0,1,True,True,False
Iraq,2012,52,52,0,52,100.0,100.0,0.0,52,0,1,True,True,False
Iraq,2013,52,52,0,52,100.0,100.0,0.0,52,0,1,True,True,False
Iraq,2014,52,52,0,52,100.0,100.0,0.0,52,0,1,True,True,False
Iraq,2015,53,53,0,53,100.0,100.0,0.0,53,0,1,True,True,False
Iraq,2016,52,52,0,52,100.0,100.0,0.0,52,0,1,True,True,False
Iraq,2017,52,52,0,52,100.0,100.0,0.0,52,0,1,True,True,False
Iraq,2018,50,50,0,52,96.15,96.15,0.0,50,0,1,True,True,False
Iraq,2019,50,50,0,52,96.15,96.15,0.0,50,0,1,True,True,False
Iraq,2020,53,53,0,53,100.0,100.0,0.0,53,0,1,True,True,False
Iraq,2021,52,34,0,52,100.0,65.38,0.0,52,0,1,True,False,False
Iraq,2022,51,51,0,52,98.08,98.08,0.0,51,0,1,True,True,False
Iraq,2023,51,51,0,52,98.08,98.08,0.0,51,0,1,True,True,False
Iraq,2024,52,52,0,52,100.0,100.0,0.0,52,0,1,True,True,False
Iraq,2025,49,49,0,52,94.23,94.23,0.0,49,0,1,True,True,False
Iraq,2026,38,38,0,53,71.7,71.7,0.0,38,0,1,False,False,False
Ireland,1997,6,5,0,52,11.54,9.62,0.0,6,0,1,False,False,False
Ireland,1998,1,0,0,53,1.89,0.0,0.0,1,0,1,False,False,False
Ireland,1999,8,8,0,52,15.38,15.38,0.0,8,0,1,False,False,False
Ireland,2000,21,19,0,52,40.38,36.54,0.0,21,0,1,False,False,False
Ireland,2001,31,17,0,52,59.62,32.69,0.0,31,0,1,False,False,False
Ireland,2002,24,14,0,52,46.15,26.92,0.0,24,0,1,False,False,False
Ireland,2003,17,16,0,52,32.69,30.77,0.0,17,0,1,False,False,False
Ireland,2004,34,34,0,53,64.15,64.15,0.0,34,0,1,False,False,False
Ireland,2005,29,29,0,52,55.77,55.77,0.0,29,0,1,False,False,False
Ireland,2009,38,38,0,53,71.7,71.7,0.0,38,0,1,False,False,False
Ireland,2010,52,52,0,52,100.0,100.0,0.0,52,0,1,True,True,False
Ireland,2011,52,52,0,52,100.0,100.0,0.0,52,0,1,True,True,False
Ireland,2012,52,52,13,52,100.0,100.0,25.0,52,0,1,True,True,False
Ireland,2013,52,52,52,52,100.0,100.0,100.0,52,13,2,True,True,True
Ireland,2014,52,52,52,52,100.0,100.0,100.0,52,52,2,True,True,True
Ireland,2015,53,53,53,53,100.0,100.0,100.0,53,53,2,True,True,True
Ireland,2016,52,52,52,52,100.0,100.0,100.0,52,52,2,True,True,True
Ireland,2017,52,52,52,52,100.0,100.0,100.0,52,26,2,True,True,True
Ireland,2018,52,52,52,52,100.0,100.0,100.0,52,52,2,True,True,True
Ireland,2019,52,52,52,52,100.0,100.0,100.0,52,52,2,True,True,True
Ireland,2020,50,50,50,53,94.34,94.34,94.34,50,35,2,True,True,True
Ireland,2021,52,52,52,52,100.0,100.0,100.0,52,52,2,True,True,True
Ireland,2022,52,52,52,52,100.0,100.0,100.0,52,52,2,True,True,True
Ireland,2023,52,52,52,52,100.0,100.0,100.0,52,51,2,True,True,True
Ireland,2024,52,52,52,52,100.0,100.0,100.0,52,52,2,True,True,True
Ireland,2025,52,52,52,52,100.0,100.0,100.0,52,52,2,True,True,True
Ireland,2026,37,37,37,53,69.81,69.81,69.81,37,37,2,False,False,False
Israel,1997,10,6,0,52,19.23,11.54,0.0,10,0,1,False,False,False
Israel,1998,20,17,0,53,37.74,32.08,0.0,20,0,1,False,False,False
Israel,1999,20,16,0,52,38.46,30.77,0.0,20,0,1,False,False,False
Israel,2000,18,17,0,52,34.62,32.69,0.0,18,0,1,False,False,False
Israel,2001,16,15,0,52,30.77,28.85,0.0,16,0,1,False,False,False
Israel,2002,18,18,0,52,34.62,34.62,0.0,18,0,1,False,False,False
Israel,2003,28,28,0,52,53.85,53.85,0.0,28,0,1,False,False,False
Israel,2004,19,19,0,53,35.85,35.85,0.0,19,0,1,False,False,False
Israel,2005,20,20,0,52,38.46,38.46,0.0,20,0,1,False,False,False
Israel,2006,21,21,0,52,40.38,40.38,0.0,21,0,1,False,False,False
Israel,2007,5,5,0,52,9.62,9.62,0.0,5,0,1,False,False,False
Israel,2008,17,17,0,52,32.69,32.69,0.0,17,0,1,False,False,False
Israel,2009,53,53,0,53,100.0,100.0,0.0,53,0,1,True,True,False
Israel,2010,28,28,1,52,53.85,53.85,1.92,28,0,1,False,False,False
Israel,2011,22,22,22,52,42.31,42.31,42.31,22,0,1,False,False,False
Israel,2012,28,28,28,52,53.85,53.85,53.85,28,0,1,False,False,False
Israel,2013,28,28,28,52,53.85,53.85,53.85,28,12,2,False,False,False
Israel,2014,32,32,31,52,61.54,61.54,59.62,32,31,2,False,False,False
Israel,2015,29,29,29,53,54.72,54.72,54.72,29,29,2,False,False,False
Israel,2016,26,26,26,52,50.0,50.0,50.0,26,26,2,False,False,False
Israel,2017,27,27,27,52,51.92,51.92,51.92,27,27,2,False,False,False
Israel,2018,33,33,33,52,63.46,63.46,63.46,33,33,2,False,False,False
Israel,2019,32,32,32,52,61.54,61.54,61.54,32,32,2,False,False,False
Israel,2020,37,37,37,53,69.81,69.81,69.81,37,21,2,False,False,False
Israel,2021,52,52,52,52,100.0,100.0,100.0,52,32,2,True,True,True
Israel,2022,52,52,52,52,100.0,100.0,100.0,52,52,2,True,True,True
Israel,2023,26,26,26,52,50.0,50.0,50.0,26,26,2,False,False,False
Israel,2024,50,50,49,52,96.15,96.15,94.23,50,48,2,True,True,True
Israel,2025,27,27,27,52,51.92,51.92,51.92,27,26,2,False,False,False
Israel,2026,10,10,10,53,18.87,18.87,18.87,10,10,2,False,False,False
Italy,1997,22,13,0,52,42.31,25.0,0.0,22,0,1,False,False,False
Italy,1998,25,19,0,53,47.17,35.85,0.0,25,0,1,False,False,False
Italy,1999,26,18,0,52,50.0,34.62,0.0,26,0,1,False,False,False
Italy,2000,21,19,0,52,40.38,36.54,0.0,21,0,1,False,False,False
Italy,2001,23,22,0,52,44.23,42.31,0.0,23,0,1,False,False,False
Italy,2002,23,23,0,52,44.23,44.23,0.0,23,0,1,False,False,False
Italy,2003,44,44,0,52,84.62,84.62,0.0,44,0,1,True,True,False
Italy,2004,25,25,0,53,47.17,47.17,0.0,25,0,1,False,False,False
Italy,2005,24,24,0,52,46.15,46.15,0.0,24,0,1,False,False,False
Italy,2006,23,23,0,52,44.23,44.23,0.0,23,0,1,False,False,False
Italy,2007,23,23,0,52,44.23,44.23,0.0,23,0,1,False,False,False
Italy,2008,24,24,0,52,46.15,46.15,0.0,24,0,1,False,False,False
Italy,2009,53,53,0,53,100.0,100.0,0.0,53,0,1,True,True,False
Italy,2010,34,34,0,52,65.38,65.38,0.0,34,0,1,False,False,False
Italy,2011,24,24,0,52,46.15,46.15,0.0,24,0,1,False,False,False
Italy,2012,23,23,7,52,44.23,44.23,13.46,23,0,1,False,False,False
Italy,2013,24,24,24,52,46.15,46.15,46.15,24,7,2,False,False,False
Italy,2014,29,29,27,52,55.77,55.77,51.92,29,27,2,False,False,False
Italy,2015,25,25,25,53,47.17,47.17,47.17,25,25,2,False,False,False
Italy,2016,23,23,23,52,44.23,44.23,44.23,23,23,2,False,False,False
Italy,2017,24,24,24,52,46.15,46.15,46.15,24,24,2,False,False,False
Italy,2018,24,24,24,52,46.15,46.15,46.15,24,24,2,False,False,False
Italy,2019,24,24,1,52,46.15,46.15,1.92,24,0,1,False,False,False
Italy,2020,46,46,46,53,86.79,86.79,86.79,46,25,3,True,True,True
Italy,2021,52,52,52,52,100.0,100.0,100.0,52,46,2,True,True,True
Italy,2022,52,52,52,52,100.0,100.0,100.0,52,42,2,True,True,True
Italy,2023,52,52,52,52,100.0,100.0,100.0,52,24,2,True,True,True
Italy,2024,41,41,41,52,78.85,78.85,78.85,41,24,2,False,False,False
Italy,2025,28,28,28,52,53.85,53.85,53.85,28,28,2,False,False,False
Italy,2026,9,9,9,53,16.98,16.98,16.98,9,9,2,False,False,False
Jamaica,1997,14,1,0,52,26.92,1.92,0.0,14,0,1,False,False,False
Jamaica,1998,17,1,0,53,32.08,1.89,0.0,17,0,1,False,False,False
Jamaica,1999,33,1,0,52,63.46,1.92,0.0,33,0,1,False,False,False
Jamaica,2000,15,7,0,52,28.85,13.46,0.0,15,0,1,False,False,False
Jamaica,2008,52,52,0,52,100.0,100.0,0.0,52,0,1,True,True,False
Jamaica,2009,52,52,0,53,98.11,98.11,0.0,52,0,1,True,True,False
Jamaica,2010,52,52,0,52,100.0,100.0,0.0,52,0,1,True,True,False
Jamaica,2011,51,51,0,52,98.08,98.08,0.0,51,0,1,True,True,False
Jamaica,2012,52,52,0,52,100.0,100.0,0.0,52,0,1,True,True,False
Jamaica,2013,52,52,0,52,100.0,100.0,0.0,52,0,1,True,True,False
Jamaica,2014,52,52,0,52,100.0,100.0,0.0,52,0,1,True,True,False
Jamaica,2015,53,53,0,53,100.0,100.0,0.0,53,0,1,True,True,False
Jamaica,2016,50,50,0,52,96.15,96.15,0.0,50,0,1,True,True,False
Jamaica,2017,52,52,5,52,100.0,100.0,9.62,52,0,1,True,True,False
Jamaica,2018,51,51,51,52,98.08,98.08,98.08,51,0,1,True,True,True
Jamaica,2019,52,52,52,52,100.0,100.0,100.0,52,0,1,True,True,True
Jamaica,2020,53,53,48,53,100.0,100.0,90.57,53,0,1,True,True,True
Jamaica,2021,52,52,0,52,100.0,100.0,0.0,52,0,1,True,True,False
Jamaica,2022,52,52,6,52,100.0,100.0,11.54,52,0,1,True,True,False
Jamaica,2023,52,52,52,52,100.0,100.0,100.0,52,52,2,True,True,True
Jamaica,2024,52,52,52,52,100.0,100.0,100.0,52,52,2,True,True,True
Jamaica,2025,52,52,52,52,100.0,100.0,100.0,52,52,2,True,True,True
Jamaica,2026,38,38,38,53,71.7,71.7,71.7,38,37,2,False,False,False
Japan,1996,12,12,0,52,23.08,23.08,0.0,12,0,1,False,False,False
Japan,1997,20,17,0,52,38.46,32.69,0.0,20,0,1,False,False,False
Japan,1998,51,42,0,53,96.23,79.25,0.0,51,0,1,True,False,False
Japan,1999,52,52,0,52,100.0,100.0,0.0,52,0,1,True,True,False
Japan,2000,51,51,0,52,98.08,98.08,0.0,51,0,1,True,True,False
Japan,2001,52,52,0,52,100.0,100.0,0.0,52,0,1,True,True,False
Japan,2002,52,52,0,52,100.0,100.0,0.0,52,0,1,True,True,False
Japan,2003,52,52,0,52,100.0,100.0,0.0,52,0,1,True,True,False
Japan,2004,53,53,0,53,100.0,100.0,0.0,53,0,1,True,True,False
Japan,2005,52,52,0,52,100.0,100.0,0.0,52,0,1,True,True,False
Japan,2006,52,52,0,52,100.0,100.0,0.0,52,0,1,True,True,False
Japan,2007,52,52,0,52,100.0,100.0,0.0,52,0,1,True,True,False
Japan,2008,52,52,0,52,100.0,100.0,0.0,52,0,1,True,True,False
Japan,2009,53,53,0,53,100.0,100.0,0.0,53,0,1,True,True,False
Japan,2010,52,52,0,52,100.0,100.0,0.0,52,0,1,True,True,False
Japan,2011,52,52,0,52,100.0,100.0,0.0,52,0,1,True,True,False
Japan,2012,52,52,0,52,100.0,100.0,0.0,52,0,1,True,True,False
Japan,2013,52,52,0,52,100.0,100.0,0.0,52,0,1,True,True,False
Japan,2014,52,52,0,52,100.0,100.0,0.0,52,0,1,True,True,False
Japan,2015,53,53,0,53,100.0,100.0,0.0,53,0,1,True,True,False
Japan,2016,52,52,52,52,100.0,100.0,100.0,52,0,1,True,True,True
Japan,2017,52,52,51,52,100.0,100.0,98.08,52,0,1,True,True,True
Japan,2018,52,52,52,52,100.0,100.0,100.0,52,0,1,True,True,True
Japan,2019,52,52,52,52,100.0,100.0,100.0,52,0,1,True,True,True
Japan,2020,53,53,53,53,100.0,100.0,100.0,53,0,1,True,True,True
Japan,2021,52,52,0,52,100.0,100.0,0.0,52,0,1,True,True,False
Japan,2022,52,52,0,52,100.0,100.0,0.0,52,0,1,True,True,False
Japan,2023,52,52,0,52,100.0,100.0,0.0,52,0,1,True,True,False
Japan,2024,52,52,0,52,100.0,100.0,0.0,52,0,1,True,True,False
Japan,2025,52,52,38,52,100.0,100.0,73.08,52,0,1,True,True,False
Japan,2026,38,38,38,53,71.7,71.7,71.7,38,0,1,False,False,False
Jordan,2010,7,7,0,52,13.46,13.46,0.0,7,0,1,False,False,False
Jordan,2011,50,50,0,52,96.15,96.15,0.0,50,0,1,True,True,False
Jordan,2012,52,52,0,52,100.0,100.0,0.0,52,0,1,True,True,False
Jordan,2013,52,52,0,52,100.0,100.0,0.0,52,0,1,True,True,False
Jordan,2014,52,52,0,52,100.0,100.0,0.0,52,0,1,True,True,False
Jordan,2015,52,52,0,53,98.11,98.11,0.0,52,0,1,True,True,False
Jordan,2016,52,52,0,52,100.0,100.0,0.0,52,0,1,True,True,False
Jordan,2017,52,52,0,52,100.0,100.0,0.0,52,0,1,True,True,False
Jordan,2018,52,52,0,52,100.0,100.0,0.0,52,0,1,True,True,False
Jordan,2019,52,52,0,52,100.0,100.0,0.0,52,0,1,True,True,False
Jordan,2020,53,53,0,53,100.0,100.0,0.0,53,7,2,True,True,False
Jordan,2021,52,52,0,52,100.0,100.0,0.0,52,0,1,True,True,False
Jordan,2022,52,52,0,52,100.0,100.0,0.0,52,0,1,True,True,False
Jordan,2023,52,52,0,52,100.0,100.0,0.0,52,0,1,True,True,False
Jordan,2024,52,52,0,52,100.0,100.0,0.0,52,0,1,True,True,False
Jordan,2025,52,52,0,52,100.0,100.0,0.0,52,0,1,True,True,False
Jordan,2026,35,35,0,53,66.04,66.04,0.0,35,0,1,False,False,False
Kazakhstan,2007,14,14,0,52,26.92,26.92,0.0,14,0,1,False,False,False
Kazakhstan,2008,30,30,0,52,57.69,57.69,0.0,30,0,1,False,False,False
Kazakhstan,2009,26,26,0,53,49.06,49.06,0.0,26,0,1,False,False,False
Kazakhstan,2010,27,27,1,52,51.92,51.92,1.92,27,0,1,False,False,False
Kazakhstan,2011,52,52,52,52,100.0,100.0,100.0,52,0,1,True,True,True
Kazakhstan,2012,52,52,52,52,100.0,100.0,100.0,52,0,1,True,True,True
Kazakhstan,2013,52,52,52,52,100.0,100.0,100.0,52,13,2,True,True,True
Kazakhstan,2014,37,37,32,52,71.15,71.15,61.54,37,32,2,False,False,False
Kazakhstan,2015,50,50,50,53,94.34,94.34,94.34,50,50,2,True,True,True
Kazakhstan,2016,51,51,51,52,98.08,98.08,98.08,51,51,2,True,True,True
Kazakhstan,2017,39,39,39,52,75.0,75.0,75.0,39,39,2,False,False,False
Kazakhstan,2018,52,52,52,52,100.0,100.0,100.0,52,52,2,True,True,True
Kazakhstan,2019,52,52,52,52,100.0,100.0,100.0,52,52,2,True,True,True
Kazakhstan,2020,53,53,53,53,100.0,100.0,100.0,53,53,2,True,True,True
Kazakhstan,2021,52,52,52,52,100.0,100.0,100.0,52,52,2,True,True,True
Kazakhstan,2022,52,52,52,52,100.0,100.0,100.0,52,52,2,True,True,True
Kazakhstan,2023,52,52,52,52,100.0,100.0,100.0,52,52,2,True,True,True
Kazakhstan,2024,52,52,52,52,100.0,100.0,100.0,52,52,2,True,True,True
Kazakhstan,2025,52,52,52,52,100.0,100.0,100.0,52,52,2,True,True,True
Kazakhstan,2026,39,39,39,53,73.58,73.58,73.58,39,39,2,False,False,False
Kenya,1998,1,0,0,53,1.89,0.0,0.0,1,0,1,False,False,False
Kenya,2006,31,31,0,52,59.62,59.62,0.0,31,0,1,False,False,False
Kenya,2007,52,52,0,52,100.0,100.0,0.0,52,0,1,True,True,False
Kenya,2008,52,52,0,52,100.0,100.0,0.0,52,0,1,True,True,False
Kenya,2009,53,53,0,53,100.0,100.0,0.0,53,0,1,True,True,False
Kenya,2010,52,52,0,52,100.0,100.0,0.0,52,0,1,True,True,False
Kenya,2011,52,52,0,52,100.0,100.0,0.0,52,0,1,True,True,False
Kenya,2012,52,52,0,52,100.0,100.0,0.0,52,0,1,True,True,False
Kenya,2013,52,52,0,52,100.0,100.0,0.0,52,0,1,True,True,False
Kenya,2014,46,46,0,52,88.46,88.46,0.0,46,0,1,True,True,False
Kenya,2016,45,45,0,52,86.54,86.54,0.0,45,0,1,True,True,False
Kenya,2017,20,14,0,52,38.46,26.92,0.0,20,0,1,False,False,False
Kenya,2018,52,52,10,52,100.0,100.0,19.23,52,0,1,True,True,False
Kenya,2019,52,52,20,52,100.0,100.0,38.46,52,0,1,True,True,False
Kenya,2020,32,32,0,53,60.38,60.38,0.0,32,0,1,False,False,False
Kenya,2021,52,52,0,52,100.0,100.0,0.0,52,0,1,True,True,False
Kenya,2022,52,52,0,52,100.0,100.0,0.0,52,0,1,True,True,False
Kenya,2023,52,52,0,52,100.0,100.0,0.0,52,0,1,True,True,False
Kenya,2024,52,52,52,52,100.0,100.0,100.0,52,0,1,True,True,True
Kenya,2025,52,52,52,52,100.0,100.0,100.0,52,0,1,True,True,True
Kenya,2026,37,37,37,53,69.81,69.81,69.81,37,0,1,False,False,False
Kosovo (in accordance with UN Security Council resolution 1244 (1999)),2016,35,35,35,52,67.31,67.31,67.31,35,35,2,False,False,False
Kosovo (in accordance with UN Security Council resolution 1244 (1999)),2017,36,36,36,52,69.23,69.23,69.23,36,36,2,False,False,False
Kosovo (in accordance with UN Security Council resolution 1244 (1999)),2018,33,33,33,52,63.46,63.46,63.46,33,33,2,False,False,False
Kosovo (in accordance with UN Security Council resolution 1244 (1999)),2019,33,33,33,52,63.46,63.46,63.46,33,33,2,False,False,False
Kosovo (in accordance with UN Security Council resolution 1244 (1999)),2020,42,42,42,53,79.25,79.25,79.25,42,27,2,False,False,False
Kosovo (in accordance with UN Security Council resolution 1244 (1999)),2021,52,52,52,52,100.0,100.0,100.0,52,33,2,True,True,True
Kosovo (in accordance with UN Security Council resolution 1244 (1999)),2022,51,51,51,52,98.08,98.08,98.08,51,33,2,True,True,True
Kosovo (in accordance with UN Security Council resolution 1244 (1999)),2023,35,35,35,52,67.31,67.31,67.31,35,33,2,False,False,False
Kosovo (in accordance with UN Security Council resolution 1244 (1999)),2024,33,33,32,52,63.46,63.46,61.54,33,30,2,False,False,False
Kosovo (in accordance with UN Security Council resolution 1244 (1999)),2025,15,15,14,52,28.85,28.85,26.92,15,14,2,False,False,False
Kosovo (in accordance with UN Security Council resolution 1244 (1999)),2026,9,4,9,53,16.98,7.55,16.98,9,0,1,False,False,False
Kuwait,2017,18,18,3,52,34.62,34.62,5.77,18,0,1,False,False,False
Kuwait,2018,51,46,31,52,98.08,88.46,59.62,51,0,1,True,True,False
Kuwait,2019,52,52,51,52,100.0,100.0,98.08,52,0,1,True,True,True
Kuwait,2020,6,6,6,53,11.32,11.32,11.32,6,0,1,False,False,False
Kuwait,2024,14,14,11,52,26.92,26.92,21.15,14,0,1,False,False,False
Kuwait,2025,52,52,46,52,100.0,100.0,88.46,52,0,1,True,True,True
Kuwait,2026,37,37,19,53,69.81,69.81,35.85,37,0,1,False,False,False
Kyrgyzstan,2008,37,37,0,52,71.15,71.15,0.0,37,0,1,False,False,False
Kyrgyzstan,2009,37,37,0,53,69.81,69.81,0.0,37,0,1,False,False,False
Kyrgyzstan,2010,51,51,1,52,98.08,98.08,1.92,51,0,1,True,True,False
Kyrgyzstan,2011,30,30,30,52,57.69,57.69,57.69,30,0,1,False,False,False
Kyrgyzstan,2012,51,51,51,52,98.08,98.08,98.08,51,0,1,True,True,True
Kyrgyzstan,2013,49,49,49,52,94.23,94.23,94.23,49,11,2,True,True,True
Kyrgyzstan,2014,37,37,33,52,71.15,71.15,63.46,37,33,2,False,False,False
Kyrgyzstan,2015,53,53,53,53,100.0,100.0,100.0,53,53,2,True,True,True
Kyrgyzstan,2016,51,51,51,52,98.08,98.08,98.08,51,51,2,True,True,True
Kyrgyzstan,2017,52,52,52,52,100.0,100.0,100.0,52,52,2,True,True,True
Kyrgyzstan,2018,52,52,52,52,100.0,100.0,100.0,52,52,2,True,True,True
Kyrgyzstan,2019,50,50,50,52,96.15,96.15,96.15,50,50,2,True,True,True
Kyrgyzstan,2020,24,24,24,53,45.28,45.28,45.28,24,24,2,False,False,False
Kyrgyzstan,2021,52,52,52,52,100.0,100.0,100.0,52,52,2,True,True,True
Kyrgyzstan,2022,52,52,52,52,100.0,100.0,100.0,52,52,2,True,True,True
Kyrgyzstan,2023,52,52,52,52,100.0,100.0,100.0,52,52,2,True,True,True
Kyrgyzstan,2024,51,51,38,52,98.08,98.08,73.08,51,35,2,True,True,False
Kyrgyzstan,2025,52,52,52,52,100.0,100.0,100.0,52,0,1,True,True,True
Kyrgyzstan,2026,20,20,20,53,37.74,37.74,37.74,20,0,1,False,False,False
Lao People's Democratic Republic,2010,9,9,0,52,17.31,17.31,0.0,9,0,1,False,False,False
Lao People's Democratic Republic,2011,52,52,0,52,100.0,100.0,0.0,52,0,1,True,True,False
Lao People's Democratic Republic,2012,52,52,0,52,100.0,100.0,0.0,52,0,1,True,True,False
Lao People's Democratic Republic,2013,52,52,0,52,100.0,100.0,0.0,52,0,1,True,True,False
Lao People's Democratic Republic,2014,52,52,0,52,100.0,100.0,0.0,52,0,1,True,True,False
Lao People's Democratic Republic,2015,51,51,0,53,96.23,96.23,0.0,51,0,1,True,True,False
Lao People's Democratic Republic,2016,51,51,0,52,98.08,98.08,0.0,51,0,1,True,True,False
Lao People's Democratic Republic,2017,52,52,0,52,100.0,100.0,0.0,52,0,1,True,True,False
Lao People's Democratic Republic,2018,52,52,0,52,100.0,100.0,0.0,52,0,1,True,True,False
Lao People's Democratic Republic,2019,52,52,0,52,100.0,100.0,0.0,52,0,1,True,True,False
Lao People's Democratic Republic,2020,53,53,0,53,100.0,100.0,0.0,53,53,2,True,True,False
Lao People's Democratic Republic,2021,52,52,0,52,100.0,100.0,0.0,52,52,2,True,True,False
Lao People's Democratic Republic,2022,52,52,0,52,100.0,100.0,0.0,52,52,2,True,True,False
Lao People's Democratic Republic,2023,51,51,0,52,98.08,98.08,0.0,51,51,2,True,True,False
Lao People's Democratic Republic,2024,52,52,0,52,100.0,100.0,0.0,52,52,2,True,True,False
Lao People's Democratic Republic,2025,52,52,0,52,100.0,100.0,0.0,52,51,2,True,True,False
Lao People's Democratic Republic,2026,38,38,0,53,71.7,71.7,0.0,38,38,2,False,False,False
Latvia,1995,1,1,0,52,1.92,1.92,0.0,1,0,1,False,False,False
Latvia,1997,12,12,0,52,23.08,23.08,0.0,12,0,1,False,False,False
Latvia,1998,17,4,0,53,32.08,7.55,0.0,17,0,1,False,False,False
Latvia,1999,29,15,0,52,55.77,28.85,0.0,29,0,1,False,False,False
Latvia,2000,32,21,0,52,61.54,40.38,0.0,32,0,1,False,False,False
Latvia,2001,38,38,0,52,73.08,73.08,0.0,38,0,1,False,False,False
Latvia,2002,33,32,0,52,63.46,61.54,0.0,33,0,1,False,False,False
Latvia,2003,33,33,0,52,63.46,63.46,0.0,33,0,1,False,False,False
Latvia,2004,30,30,0,53,56.6,56.6,0.0,30,0,1,False,False,False
Latvia,2005,30,30,0,52,57.69,57.69,0.0,30,0,1,False,False,False
Latvia,2006,31,31,0,52,59.62,59.62,0.0,31,0,1,False,False,False
Latvia,2007,29,29,0,52,55.77,55.77,0.0,29,0,1,False,False,False
Latvia,2008,34,34,0,52,65.38,65.38,0.0,34,0,1,False,False,False
Latvia,2009,47,47,0,53,88.68,88.68,0.0,47,0,1,True,True,False
Latvia,2010,37,37,0,52,71.15,71.15,0.0,37,0,1,False,False,False
Latvia,2011,43,43,0,52,82.69,82.69,0.0,43,0,1,True,True,False
Latvia,2012,37,37,13,52,71.15,71.15,25.0,37,0,1,False,False,False
Latvia,2013,40,40,40,52,76.92,76.92,76.92,40,13,2,False,False,False
Latvia,2014,39,39,38,52,75.0,75.0,73.08,39,38,2,False,False,False
Latvia,2015,39,39,39,53,73.58,73.58,73.58,39,39,2,False,False,False
Latvia,2016,38,38,38,52,73.08,73.08,73.08,38,38,2,False,False,False
Latvia,2017,38,38,38,52,73.08,73.08,73.08,38,38,2,False,False,False
Latvia,2018,34,34,34,52,65.38,65.38,65.38,34,34,2,False,False,False
Latvia,2019,34,34,34,52,65.38,65.38,65.38,34,34,2,False,False,False
Latvia,2020,49,49,49,53,92.45,92.45,92.45,49,32,2,True,True,True
Latvia,2021,52,52,52,52,100.0,100.0,100.0,52,50,2,True,True,True
Latvia,2022,52,52,52,52,100.0,100.0,100.0,52,47,2,True,True,True
Latvia,2023,51,51,51,52,98.08,98.08,98.08,51,47,2,True,True,True
Latvia,2024,27,27,27,52,51.92,51.92,51.92,27,14,2,False,False,False
Latvia,2025,52,52,52,52,100.0,100.0,100.0,52,0,1,True,True,True
Latvia,2026,36,36,36,53,67.92,67.92,67.92,36,0,1,False,False,False
Lebanon,2015,53,53,0,53,100.0,100.0,0.0,53,0,1,True,True,False
Lebanon,2016,52,52,0,52,100.0,100.0,0.0,52,0,1,True,True,False
Lebanon,2017,52,52,0,52,100.0,100.0,0.0,52,0,1,True,True,False
Lebanon,2018,52,52,0,52,100.0,100.0,0.0,52,0,1,True,True,False
Lebanon,2019,52,52,0,52,100.0,100.0,0.0,52,0,1,True,True,False
Lebanon,2020,53,53,0,53,100.0,100.0,0.0,53,0,1,True,True,False
Lebanon,2021,52,52,0,52,100.0,100.0,0.0,52,0,1,True,True,False
Lebanon,2022,52,52,0,52,100.0,100.0,0.0,52,0,1,True,True,False
Lebanon,2023,52,52,0,52,100.0,100.0,0.0,52,0,1,True,True,False
Lebanon,2024,52,52,0,52,100.0,100.0,0.0,52,0,1,True,True,False
Lebanon,2025,52,52,0,52,100.0,100.0,0.0,52,0,1,True,True,False
Lebanon,2026,39,39,0,53,73.58,73.58,0.0,39,0,1,False,False,False
Lesotho,2025,40,40,40,52,76.92,76.92,76.92,40,0,1,False,False,False
Liberia,2022,18,18,0,52,34.62,34.62,0.0,18,0,1,False,False,False
Liberia,2023,52,52,0,52,100.0,100.0,0.0,52,0,1,True,True,False
Liberia,2024,51,51,0,52,98.08,98.08,0.0,51,0,1,True,True,False
Liberia,2025,52,52,0,52,100.0,100.0,0.0,52,0,1,True,True,False
Liberia,2026,37,37,0,53,69.81,69.81,0.0,37,0,1,False,False,False
Libya,2022,46,46,7,52,88.46,88.46,13.46,46,0,1,True,True,False
Libya,2023,36,36,11,52,69.23,69.23,21.15,36,0,1,False,False,False
Libya,2024,48,48,16,52,92.31,92.31,30.77,48,0,1,True,True,False
Libya,2025,7,7,1,52,13.46,13.46,1.92,7,0,1,False,False,False
Liechtenstein,2020,29,29,29,53,54.72,54.72,54.72,29,0,1,False,False,False
Liechtenstein,2021,52,52,52,52,100.0,100.0,100.0,52,0,1,True,True,True
Liechtenstein,2022,52,52,0,52,100.0,100.0,0.0,52,0,1,True,True,False
Liechtenstein,2023,51,51,0,52,98.08,98.08,0.0,51,0,1,True,True,False
Liechtenstein,2024,52,52,0,52,100.0,100.0,0.0,52,0,1,True,True,False
Liechtenstein,2025,51,51,0,52,98.08,98.08,0.0,51,0,1,True,True,False
Liechtenstein,2026,38,38,0,53,71.7,71.7,0.0,38,0,1,False,False,False
Lithuania,2009,19,19,0,53,35.85,35.85,0.0,19,0,1,False,False,False
Lithuania,2010,18,18,0,52,34.62,34.62,0.0,18,0,1,False,False,False
Lithuania,2011,52,52,0,52,100.0,100.0,0.0,52,0,1,True,True,False
Lithuania,2012,52,52,14,52,100.0,100.0,26.92,52,0,1,True,True,False
Lithuania,2013,52,52,51,52,100.0,100.0,98.08,52,13,2,True,True,True
Lithuania,2014,52,52,52,52,100.0,100.0,100.0,52,52,2,True,True,True
Lithuania,2015,52,52,52,53,98.11,98.11,98.11,52,52,2,True,True,True
Lithuania,2016,52,52,52,52,100.0,100.0,100.0,52,52,2,True,True,True
Lithuania,2017,51,51,51,52,98.08,98.08,98.08,51,51,2,True,True,True
Lithuania,2018,49,49,49,52,94.23,94.23,94.23,49,49,2,True,True,True
Lithuania,2019,52,52,52,52,100.0,100.0,100.0,52,52,2,True,True,True
Lithuania,2020,52,52,52,53,98.11,98.11,98.11,52,52,2,True,True,True
Lithuania,2021,52,52,52,52,100.0,100.0,100.0,52,50,2,True,True,True
Lithuania,2022,52,52,52,52,100.0,100.0,100.0,52,52,2,True,True,True
Lithuania,2023,52,52,52,52,100.0,100.0,100.0,52,52,2,True,True,True
Lithuania,2024,52,52,52,52,100.0,100.0,100.0,52,51,2,True,True,True
Lithuania,2025,34,34,34,52,65.38,65.38,65.38,34,26,2,False,False,False
Lithuania,2026,28,28,28,53,52.83,52.83,52.83,28,28,2,False,False,False
Luxembourg,2004,37,37,0,53,69.81,69.81,0.0,37,0,1,False,False,False
Luxembourg,2006,28,28,0,52,53.85,53.85,0.0,28,0,1,False,False,False
Luxembourg,2007,32,32,0,52,61.54,61.54,0.0,32,0,1,False,False,False
Luxembourg,2008,33,33,0,52,63.46,63.46,0.0,33,0,1,False,False,False
Luxembourg,2009,39,39,0,53,73.58,73.58,0.0,39,0,1,False,False,False
Luxembourg,2010,25,25,0,52,48.08,48.08,0.0,25,0,1,False,False,False
Luxembourg,2011,31,31,0,52,59.62,59.62,0.0,31,0,1,False,False,False
Luxembourg,2012,33,33,14,52,63.46,63.46,26.92,33,0,1,False,False,False
Luxembourg,2013,32,32,32,52,61.54,61.54,61.54,32,13,2,False,False,False
Luxembourg,2014,34,34,33,52,65.38,65.38,63.46,34,33,2,False,False,False
Luxembourg,2015,34,34,34,53,64.15,64.15,64.15,34,34,2,False,False,False
Luxembourg,2016,31,31,31,52,59.62,59.62,59.62,31,31,2,False,False,False
Luxembourg,2017,23,23,23,52,44.23,44.23,44.23,23,23,2,False,False,False
Luxembourg,2018,33,33,33,52,63.46,63.46,63.46,33,33,2,False,False,False
Luxembourg,2019,32,32,32,52,61.54,61.54,61.54,32,32,2,False,False,False
Luxembourg,2020,49,49,49,53,92.45,92.45,92.45,49,33,2,True,True,True
Luxembourg,2021,52,52,52,52,100.0,100.0,100.0,52,50,2,True,True,True
Luxembourg,2022,52,52,52,52,100.0,100.0,100.0,52,52,2,True,True,True
Luxembourg,2023,52,52,52,52,100.0,100.0,100.0,52,52,2,True,True,True
Luxembourg,2024,52,52,52,52,100.0,100.0,100.0,52,52,2,True,True,True
Luxembourg,2025,52,52,52,52,100.0,100.0,100.0,52,52,2,True,True,True
Luxembourg,2026,39,39,39,53,73.58,73.58,73.58,39,39,2,False,False,False
Madagascar,1997,3,0,0,52,5.77,0.0,0.0,3,0,1,False,False,False
Madagascar,1998,14,0,0,53,26.42,0.0,0.0,14,0,1,False,False,False
Madagascar,1999,6,4,0,52,11.54,7.69,0.0,6,0,1,False,False,False
Madagascar,2000,15,5,0,52,28.85,9.62,0.0,15,0,1,False,False,False
Madagascar,2001,7,7,0,52,13.46,13.46,0.0,7,0,1,False,False,False
Madagascar,2002,52,52,0,52,100.0,100.0,0.0,52,0,1,True,True,False
Madagascar,2003,52,52,0,52,100.0,100.0,0.0,52,0,1,True,True,False
Madagascar,2004,53,53,0,53,100.0,100.0,0.0,53,0,1,True,True,False
Madagascar,2005,52,52,0,52,100.0,100.0,0.0,52,0,1,True,True,False
Madagascar,2006,52,52,0,52,100.0,100.0,0.0,52,0,1,True,True,False
Madagascar,2007,52,52,0,52,100.0,100.0,0.0,52,0,1,True,True,False
Madagascar,2008,52,52,0,52,100.0,100.0,0.0,52,0,1,True,True,False
Madagascar,2009,41,41,0,53,77.36,77.36,0.0,41,0,1,False,False,False
Madagascar,2010,52,52,0,52,100.0,100.0,0.0,52,0,1,True,True,False
Madagascar,2011,52,52,0,52,100.0,100.0,0.0,52,0,1,True,True,False
Madagascar,2012,52,52,0,52,100.0,100.0,0.0,52,0,1,True,True,False
Madagascar,2013,51,51,0,52,98.08,98.08,0.0,51,0,1,True,True,False
Madagascar,2014,52,52,0,52,100.0,100.0,0.0,52,0,1,True,True,False
Madagascar,2015,52,52,0,53,98.11,98.11,0.0,52,0,1,True,True,False
Madagascar,2016,52,52,52,52,100.0,100.0,100.0,52,0,1,True,True,True
Madagascar,2017,52,52,52,52,100.0,100.0,100.0,52,0,1,True,True,True
Madagascar,2018,52,52,52,52,100.0,100.0,100.0,52,0,1,True,True,True
Madagascar,2019,52,52,52,52,100.0,100.0,100.0,52,0,1,True,True,True
Madagascar,2020,52,52,52,53,98.11,98.11,98.11,52,0,1,True,True,True
Madagascar,2021,52,52,52,52,100.0,100.0,100.0,52,15,2,True,True,True
Madagascar,2022,52,52,22,52,100.0,100.0,42.31,52,0,1,True,True,False
Madagascar,2023,52,52,0,52,100.0,100.0,0.0,52,0,1,True,True,False
Madagascar,2024,52,52,0,52,100.0,100.0,0.0,52,0,1,True,True,False
Madagascar,2025,52,52,0,52,100.0,100.0,0.0,52,0,1,True,True,False
Madagascar,2026,39,39,0,53,73.58,73.58,0.0,39,0,1,False,False,False
Malaysia,1996,1,1,0,52,1.92,1.92,0.0,1,0,1,False,False,False
Malaysia,1997,50,50,0,52,96.15,96.15,0.0,50,0,1,True,True,False
Malaysia,1998,53,53,0,53,100.0,100.0,0.0,53,0,1,True,True,False
Malaysia,1999,52,52,0,52,100.0,100.0,0.0,52,0,1,True,True,False
Malaysia,2000,51,51,0,52,98.08,98.08,0.0,51,0,1,True,True,False
Malaysia,2001,52,52,0,52,100.0,100.0,0.0,52,0,1,True,True,False
Malaysia,2002,52,52,0,52,100.0,100.0,0.0,52,0,1,True,True,False
Malaysia,2003,52,52,0,52,100.0,100.0,0.0,52,0,1,True,True,False
Malaysia,2004,53,53,0,53,100.0,100.0,0.0,53,0,1,True,True,False
Malaysia,2005,6,6,0,52,11.54,11.54,0.0,6,0,1,False,False,False
Malaysia,2006,52,52,0,52,100.0,100.0,0.0,52,0,1,True,True,False
Malaysia,2007,52,52,0,52,100.0,100.0,0.0,52,0,1,True,True,False
Malaysia,2008,52,52,0,52,100.0,100.0,0.0,52,0,1,True,True,False
Malaysia,2009,53,53,0,53,100.0,100.0,0.0,53,0,1,True,True,False
Malaysia,2010,52,52,0,52,100.0,100.0,0.0,52,0,1,True,True,False
Malaysia,2011,52,52,0,52,100.0,100.0,0.0,52,0,1,True,True,False
Malaysia,2012,52,52,0,52,100.0,100.0,0.0,52,0,1,True,True,False
Malaysia,2013,52,52,0,52,100.0,100.0,0.0,52,0,1,True,True,False
Malaysia,2014,52,52,0,52,100.0,100.0,0.0,52,0,1,True,True,False
Malaysia,2015,53,53,0,53,100.0,100.0,0.0,53,0,1,True,True,False
Malaysia,2016,52,52,35,52,100.0,100.0,67.31,52,0,1,True,True,False
Malaysia,2017,52,52,52,52,100.0,100.0,100.0,52,0,1,True,True,True
Malaysia,2018,52,52,52,52,100.0,100.0,100.0,52,0,1,True,True,True
Malaysia,2019,52,52,52,52,100.0,100.0,100.0,52,1,2,True,True,True
Malaysia,2020,53,53,53,53,100.0,100.0,100.0,53,53,2,True,True,True
Malaysia,2021,52,52,52,52,100.0,100.0,100.0,52,22,2,True,True,True
Malaysia,2022,52,52,52,52,100.0,100.0,100.0,52,52,2,True,True,True
Malaysia,2023,52,52,52,52,100.0,100.0,100.0,52,52,2,True,True,True
Malaysia,2024,52,52,52,52,100.0,100.0,100.0,52,40,2,True,True,True
Malaysia,2025,52,52,51,52,100.0,100.0,98.08,52,47,2,True,True,True
Malaysia,2026,37,37,36,53,69.81,69.81,67.92,37,32,2,False,False,False
Maldives,2015,47,47,0,53,88.68,88.68,0.0,47,0,1,True,True,False
Maldives,2016,52,52,0,52,100.0,100.0,0.0,52,0,1,True,True,False
Maldives,2017,52,52,40,52,100.0,100.0,76.92,52,0,1,True,True,False
Maldives,2018,52,52,50,52,100.0,100.0,96.15,52,0,1,True,True,True
Maldives,2019,33,33,33,52,63.46,63.46,63.46,33,0,1,False,False,False
Maldives,2020,53,53,0,53,100.0,100.0,0.0,53,0,1,True,True,False
Maldives,2021,52,52,0,52,100.0,100.0,0.0,52,0,1,True,True,False
Maldives,2022,52,52,0,52,100.0,100.0,0.0,52,0,1,True,True,False
Maldives,2023,52,52,0,52,100.0,100.0,0.0,52,0,1,True,True,False
Maldives,2024,52,52,0,52,100.0,100.0,0.0,52,0,1,True,True,False
Maldives,2025,52,52,0,52,100.0,100.0,0.0,52,52,2,True,True,False
Maldives,2026,39,39,0,53,73.58,73.58,0.0,39,39,2,False,False,False
Mali,2010,52,52,0,52,100.0,100.0,0.0,52,0,1,True,True,False
Mali,2011,33,33,0,52,63.46,63.46,0.0,33,0,1,False,False,False
Mali,2012,52,52,0,52,100.0,100.0,0.0,52,0,1,True,True,False
Mali,2013,51,51,0,52,98.08,98.08,0.0,51,0,1,True,True,False
Mali,2014,2,2,0,52,3.85,3.85,0.0,2,0,1,False,False,False
Mali,2016,52,52,0,52,100.0,100.0,0.0,52,0,1,True,True,False
Mali,2017,52,52,0,52,100.0,100.0,0.0,52,0,1,True,True,False
Mali,2018,52,52,0,52,100.0,100.0,0.0,52,0,1,True,True,False
Mali,2019,48,48,0,52,92.31,92.31,0.0,48,0,1,True,True,False
Mali,2020,51,51,0,53,96.23,96.23,0.0,51,0,1,True,True,False
Mali,2021,52,52,0,52,100.0,100.0,0.0,52,0,1,True,True,False
Mali,2022,52,52,0,52,100.0,100.0,0.0,52,0,1,True,True,False
Mali,2023,52,52,0,52,100.0,100.0,0.0,52,0,1,True,True,False
Mali,2024,52,52,0,52,100.0,100.0,0.0,52,0,1,True,True,False
Mali,2025,52,52,0,52,100.0,100.0,0.0,52,0,1,True,True,False
Mali,2026,34,34,0,53,64.15,64.15,0.0,34,0,1,False,False,False
Malta,2009,31,31,0,53,58.49,58.49,0.0,31,0,1,False,False,False
Malta,2010,9,9,0,52,17.31,17.31,0.0,9,0,1,False,False,False
Malta,2011,31,31,0,52,59.62,59.62,0.0,31,0,1,False,False,False
Malta,2012,17,17,10,52,32.69,32.69,19.23,17,0,1,False,False,False
Malta,2013,52,52,52,52,100.0,100.0,100.0,52,13,2,True,True,True
Malta,2014,52,52,52,52,100.0,100.0,100.0,52,52,2,True,True,True
Malta,2015,50,50,50,53,94.34,94.34,94.34,50,50,2,True,True,True
Malta,2016,29,29,29,52,55.77,55.77,55.77,29,29,2,False,False,False
Malta,2017,50,50,50,52,96.15,96.15,96.15,50,50,2,True,True,True
Malta,2018,33,33,33,52,63.46,63.46,63.46,33,33,2,False,False,False
Malta,2019,21,21,21,52,40.38,40.38,40.38,21,21,2,False,False,False
Malta,2020,35,35,35,53,66.04,66.04,66.04,35,6,2,False,False,False
Malta,2021,52,52,52,52,100.0,100.0,100.0,52,0,1,True,True,True
Malta,2022,52,52,52,52,100.0,100.0,100.0,52,13,2,True,True,True
Malta,2023,52,52,52,52,100.0,100.0,100.0,52,51,2,True,True,True
Malta,2024,52,52,52,52,100.0,100.0,100.0,52,33,2,True,True,True
Malta,2025,52,52,52,52,100.0,100.0,100.0,52,0,1,True,True,True
Malta,2026,39,39,39,53,73.58,73.58,73.58,39,0,1,False,False,False
Martinique,2007,1,1,0,52,1.92,1.92,0.0,1,0,1,False,False,False
Martinique,2008,6,6,0,52,11.54,11.54,0.0,6,0,1,False,False,False
Martinique,2009,36,36,0,53,67.92,67.92,0.0,36,0,1,False,False,False
Martinique,2010,24,24,0,52,46.15,46.15,0.0,24,0,1,False,False,False
Martinique,2011,52,52,0,52,100.0,100.0,0.0,52,0,1,True,True,False
Martinique,2012,18,18,0,52,34.62,34.62,0.0,18,0,1,False,False,False
Martinique,2013,52,52,0,52,100.0,100.0,0.0,52,0,1,True,True,False
Martinique,2014,52,52,0,52,100.0,100.0,0.0,52,0,1,True,True,False
Martinique,2015,53,53,0,53,100.0,100.0,0.0,53,0,1,True,True,False
Martinique,2016,52,52,0,52,100.0,100.0,0.0,52,0,1,True,True,False
Martinique,2017,52,52,0,52,100.0,100.0,0.0,52,0,1,True,True,False
Martinique,2018,52,52,0,52,100.0,100.0,0.0,52,0,1,True,True,False
Martinique,2019,52,52,0,52,100.0,100.0,0.0,52,0,1,True,True,False
Martinique,2020,52,52,0,53,98.11,98.11,0.0,52,0,1,True,True,False
Martinique,2021,52,52,0,52,100.0,100.0,0.0,52,0,1,True,True,False
Martinique,2022,39,39,39,52,75.0,75.0,75.0,39,0,1,False,False,False
Martinique,2023,52,52,52,52,100.0,100.0,100.0,52,0,1,True,True,True
Martinique,2024,52,52,52,52,100.0,100.0,100.0,52,0,1,True,True,True
Martinique,2025,52,52,52,52,100.0,100.0,100.0,52,0,1,True,True,True
Martinique,2026,39,39,39,53,73.58,73.58,73.58,39,0,1,False,False,False
Mauritania,2016,52,52,0,52,100.0,100.0,0.0,52,0,1,True,True,False
Mauritania,2017,44,44,0,52,84.62,84.62,0.0,44,0,1,True,True,False
Mauritania,2018,52,52,0,52,100.0,100.0,0.0,52,0,1,True,True,False
Mauritania,2019,43,43,0,52,82.69,82.69,0.0,43,0,1,True,True,False
Mauritania,2020,18,18,0,53,33.96,33.96,0.0,18,0,1,False,False,False
Mauritania,2021,51,51,0,52,98.08,98.08,0.0,51,0,1,True,True,False
Mauritania,2022,52,52,0,52,100.0,100.0,0.0,52,0,1,True,True,False
Mauritania,2023,48,48,0,52,92.31,92.31,0.0,48,0,1,True,True,False
Mauritania,2024,52,52,0,52,100.0,100.0,0.0,52,0,1,True,True,False
Mauritania,2025,52,52,0,52,100.0,100.0,0.0,52,0,1,True,True,False
Mauritania,2026,39,39,0,53,73.58,73.58,0.0,39,0,1,False,False,False
Mauritius,1998,11,6,0,53,20.75,11.32,0.0,11,0,1,False,False,False
Mauritius,1999,11,11,0,52,21.15,21.15,0.0,11,0,1,False,False,False
Mauritius,2000,12,9,0,52,23.08,17.31,0.0,12,0,1,False,False,False
Mauritius,2001,21,13,0,52,40.38,25.0,0.0,21,0,1,False,False,False
Mauritius,2002,21,13,0,52,40.38,25.0,0.0,21,0,1,False,False,False
Mauritius,2010,8,8,0,52,15.38,15.38,0.0,8,0,1,False,False,False
Mauritius,2011,46,46,0,52,88.46,88.46,0.0,46,0,1,True,True,False
Mauritius,2012,51,51,0,52,98.08,98.08,0.0,51,0,1,True,True,False
Mauritius,2013,52,52,0,52,100.0,100.0,0.0,52,0,1,True,True,False
Mauritius,2014,11,11,0,52,21.15,21.15,0.0,11,0,1,False,False,False
Mauritius,2015,3,3,0,53,5.66,5.66,0.0,3,0,1,False,False,False
Mauritius,2016,52,52,0,52,100.0,100.0,0.0,52,0,1,True,True,False
Mauritius,2017,45,45,0,52,86.54,86.54,0.0,45,0,1,True,True,False
Mauritius,2018,52,52,0,52,100.0,100.0,0.0,52,0,1,True,True,False
Mauritius,2019,45,45,0,52,86.54,86.54,0.0,45,0,1,True,True,False
Mauritius,2020,35,35,0,53,66.04,66.04,0.0,35,0,1,False,False,False
Mauritius,2022,52,52,52,52,100.0,100.0,100.0,52,0,1,True,True,True
Mauritius,2023,52,52,52,52,100.0,100.0,100.0,52,0,1,True,True,True
Mauritius,2024,52,52,52,52,100.0,100.0,100.0,52,0,1,True,True,True
Mauritius,2025,52,52,52,52,100.0,100.0,100.0,52,0,1,True,True,True
Mauritius,2026,39,39,39,53,73.58,73.58,73.58,39,0,1,False,False,False
Mexico,1997,2,0,0,52,3.85,0.0,0.0,2,0,1,False,False,False
Mexico,1999,1,1,0,52,1.92,1.92,0.0,1,0,1,False,False,False
Mexico,2000,51,51,0,52,98.08,98.08,0.0,51,0,1,True,True,False
Mexico,2001,52,52,0,52,100.0,100.0,0.0,52,0,1,True,True,False
Mexico,2002,52,52,0,52,100.0,100.0,0.0,52,0,1,True,True,False
Mexico,2003,52,52,0,52,100.0,100.0,0.0,52,0,1,True,True,False
Mexico,2004,53,53,0,53,100.0,100.0,0.0,53,0,1,True,True,False
Mexico,2005,52,52,0,52,100.0,100.0,0.0,52,0,1,True,True,False
Mexico,2006,52,52,0,52,100.0,100.0,0.0,52,0,1,True,True,False
Mexico,2007,52,52,0,52,100.0,100.0,0.0,52,0,1,True,True,False
Mexico,2008,52,52,0,52,100.0,100.0,0.0,52,0,1,True,True,False
Mexico,2009,53,53,0,53,100.0,100.0,0.0,53,0,1,True,True,False
Mexico,2010,52,52,0,52,100.0,100.0,0.0,52,0,1,True,True,False
Mexico,2011,52,52,0,52,100.0,100.0,0.0,52,0,1,True,True,False
Mexico,2012,52,52,0,52,100.0,100.0,0.0,52,0,1,True,True,False
Mexico,2013,52,52,0,52,100.0,100.0,0.0,52,0,1,True,True,False
Mexico,2014,52,52,0,52,100.0,100.0,0.0,52,0,1,True,True,False
Mexico,2015,52,52,52,53,98.11,98.11,98.11,52,0,1,True,True,True
Mexico,2016,52,52,52,52,100.0,100.0,100.0,52,0,1,True,True,True
Mexico,2017,52,52,52,52,100.0,100.0,100.0,52,0,1,True,True,True
Mexico,2018,52,52,52,52,100.0,100.0,100.0,52,0,1,True,True,True
Mexico,2019,52,52,52,52,100.0,100.0,100.0,52,0,1,True,True,True
Mexico,2020,53,53,53,53,100.0,100.0,100.0,53,53,2,True,True,True
Mexico,2021,52,52,52,52,100.0,100.0,100.0,52,52,2,True,True,True
Mexico,2022,52,52,52,52,100.0,100.0,100.0,52,52,2,True,True,True
Mexico,2023,52,52,52,52,100.0,100.0,100.0,52,52,2,True,True,True
Mexico,2024,52,52,52,52,100.0,100.0,100.0,52,52,2,True,True,True
Mexico,2025,52,52,52,52,100.0,100.0,100.0,52,8,2,True,True,True
Mexico,2026,38,38,38,53,71.7,71.7,71.7,38,2,2,False,False,False
Mongolia,1998,15,0,0,53,28.3,0.0,0.0,15,0,1,False,False,False
Mongolia,2005,33,33,0,52,63.46,63.46,0.0,33,0,1,False,False,False
Mongolia,2006,41,41,0,52,78.85,78.85,0.0,41,0,1,False,False,False
Mongolia,2007,52,52,0,52,100.0,100.0,0.0,52,0,1,True,True,False
Mongolia,2008,52,52,0,52,100.0,100.0,0.0,52,0,1,True,True,False
Mongolia,2009,52,52,0,53,98.11,98.11,0.0,52,0,1,True,True,False
Mongolia,2010,52,52,0,52,100.0,100.0,0.0,52,0,1,True,True,False
Mongolia,2011,52,52,0,52,100.0,100.0,0.0,52,0,1,True,True,False
Mongolia,2012,52,52,0,52,100.0,100.0,0.0,52,0,1,True,True,False
Mongolia,2013,52,52,0,52,100.0,100.0,0.0,52,0,1,True,True,False
Mongolia,2014,52,52,0,52,100.0,100.0,0.0,52,0,1,True,True,False
Mongolia,2015,53,53,53,53,100.0,100.0,100.0,53,0,1,True,True,True
Mongolia,2016,52,52,52,52,100.0,100.0,100.0,52,0,1,True,True,True
Mongolia,2017,52,52,52,52,100.0,100.0,100.0,52,0,1,True,True,True
Mongolia,2018,52,52,52,52,100.0,100.0,100.0,52,0,1,True,True,True
Mongolia,2019,52,52,52,52,100.0,100.0,100.0,52,0,1,True,True,True
Mongolia,2020,53,53,53,53,100.0,100.0,100.0,53,0,1,True,True,True
Mongolia,2021,52,52,52,52,100.0,100.0,100.0,52,0,1,True,True,True
Mongolia,2022,52,51,51,52,100.0,98.08,98.08,52,0,1,True,True,True
Mongolia,2023,52,52,52,52,100.0,100.0,100.0,52,0,1,True,True,True
Mongolia,2024,52,52,50,52,100.0,100.0,96.15,52,0,1,True,True,True
Mongolia,2025,52,52,52,52,100.0,100.0,100.0,52,0,1,True,True,True
Mongolia,2026,37,37,37,53,69.81,69.81,69.81,37,0,1,False,False,False
Montenegro,2008,1,1,0,52,1.92,1.92,0.0,1,0,1,False,False,False
Montenegro,2016,28,28,28,52,53.85,53.85,53.85,28,28,2,False,False,False
Montenegro,2017,29,29,29,52,55.77,55.77,55.77,29,29,2,False,False,False
Montenegro,2018,33,33,33,52,63.46,63.46,63.46,33,33,2,False,False,False
Montenegro,2019,33,33,33,52,63.46,63.46,63.46,33,33,2,False,False,False
Montenegro,2020,36,36,36,53,67.92,67.92,67.92,36,24,2,False,False,False
Montenegro,2021,52,52,52,52,100.0,100.0,100.0,52,48,2,True,True,True
Montenegro,2022,49,49,49,52,94.23,94.23,94.23,49,33,2,True,True,True
Montenegro,2023,35,35,35,52,67.31,67.31,67.31,35,33,2,False,False,False
Montenegro,2024,33,33,33,52,63.46,63.46,63.46,33,33,2,False,False,False
Montenegro,2025,33,33,33,52,63.46,63.46,63.46,33,33,2,False,False,False
Montenegro,2026,33,33,33,53,62.26,62.26,62.26,33,32,2,False,False,False
Montserrat,2008,1,1,0,52,1.92,1.92,0.0,1,0,1,False,False,False
Morocco,1997,5,3,0,52,9.62,5.77,0.0,5,0,1,False,False,False
Morocco,1998,3,3,0,53,5.66,5.66,0.0,3,0,1,False,False,False
Morocco,2000,10,3,0,52,19.23,5.77,0.0,10,0,1,False,False,False
Morocco,2001,5,1,0,52,9.62,1.92,0.0,5,0,1,False,False,False
Morocco,2002,11,11,0,52,21.15,21.15,0.0,11,0,1,False,False,False
Morocco,2003,20,20,0,52,38.46,38.46,0.0,20,0,1,False,False,False
Morocco,2004,25,25,0,53,47.17,47.17,0.0,25,0,1,False,False,False
Morocco,2005,17,17,0,52,32.69,32.69,0.0,17,0,1,False,False,False
Morocco,2006,13,13,0,52,25.0,25.0,0.0,13,0,1,False,False,False
Morocco,2007,23,23,0,52,44.23,44.23,0.0,23,0,1,False,False,False
Morocco,2008,30,30,0,52,57.69,57.69,0.0,30,0,1,False,False,False
Morocco,2009,44,44,0,53,83.02,83.02,0.0,44,0,1,True,True,False
Morocco,2010,19,19,0,52,36.54,36.54,0.0,19,0,1,False,False,False
Morocco,2011,36,36,0,52,69.23,69.23,0.0,36,0,1,False,False,False
Morocco,2012,32,32,0,52,61.54,61.54,0.0,32,0,1,False,False,False
Morocco,2013,45,45,0,52,86.54,86.54,0.0,45,0,1,True,True,False
Morocco,2014,41,41,0,52,78.85,78.85,0.0,41,0,1,False,False,False
Morocco,2015,43,43,0,53,81.13,81.13,0.0,43,0,1,True,True,False
Morocco,2016,52,52,32,52,100.0,100.0,61.54,52,0,1,True,True,False
Morocco,2017,51,51,0,52,98.08,98.08,0.0,51,0,1,True,True,False
Morocco,2018,52,52,1,52,100.0,100.0,1.92,52,0,1,True,True,False
Morocco,2019,51,51,0,52,98.08,98.08,0.0,51,0,1,True,True,False
Morocco,2020,10,10,0,53,18.87,18.87,0.0,10,0,1,False,False,False
Morocco,2021,52,52,0,52,100.0,100.0,0.0,52,0,1,True,True,False
Morocco,2022,52,52,11,52,100.0,100.0,21.15,52,0,1,True,True,False
Morocco,2023,52,52,27,52,100.0,100.0,51.92,52,0,1,True,True,False
Morocco,2024,52,52,52,52,100.0,100.0,100.0,52,0,1,True,True,True
Morocco,2025,52,52,52,52,100.0,100.0,100.0,52,0,1,True,True,True
Morocco,2026,32,32,32,53,60.38,60.38,60.38,32,0,1,False,False,False
Mozambique,2013,45,45,0,52,86.54,86.54,0.0,45,0,1,True,True,False
Mozambique,2014,47,47,0,52,90.38,90.38,0.0,47,0,1,True,True,False
Mozambique,2015,52,52,0,53,98.11,98.11,0.0,52,0,1,True,True,False
Mozambique,2016,50,50,10,52,96.15,96.15,19.23,50,0,1,True,True,False
Mozambique,2017,52,52,52,52,100.0,100.0,100.0,52,0,1,True,True,True
Mozambique,2018,52,52,49,52,100.0,100.0,94.23,52,0,1,True,True,True
Mozambique,2019,51,51,2,52,98.08,98.08,3.85,51,0,1,True,True,False
Mozambique,2020,53,53,0,53,100.0,100.0,0.0,53,0,1,True,True,False
Mozambique,2021,52,52,0,52,100.0,100.0,0.0,52,0,1,True,True,False
Mozambique,2022,52,52,43,52,100.0,100.0,82.69,52,0,1,True,True,True
Mozambique,2023,52,52,52,52,100.0,100.0,100.0,52,0,1,True,True,True
Mozambique,2024,52,52,52,52,100.0,100.0,100.0,52,0,1,True,True,True
Mozambique,2025,50,50,50,52,96.15,96.15,96.15,50,0,1,True,True,True
Mozambique,2026,30,30,30,53,56.6,56.6,56.6,30,0,1,False,False,False
Myanmar,2016,52,52,0,52,100.0,100.0,0.0,52,0,1,True,True,False
Myanmar,2017,52,52,0,52,100.0,100.0,0.0,52,0,1,True,True,False
Myanmar,2018,52,52,0,52,100.0,100.0,0.0,52,0,1,True,True,False
Myanmar,2019,52,52,0,52,100.0,100.0,0.0,52,0,1,True,True,False
Myanmar,2020,53,53,0,53,100.0,100.0,0.0,53,53,2,True,True,False
Myanmar,2021,52,52,0,52,100.0,100.0,0.0,52,52,2,True,True,False
Myanmar,2022,50,50,0,52,96.15,96.15,0.0,50,50,2,True,True,False
Myanmar,2023,52,52,0,52,100.0,100.0,0.0,52,52,2,True,True,False
Myanmar,2024,37,37,0,52,71.15,71.15,0.0,37,37,2,False,False,False
Myanmar,2025,52,52,0,52,100.0,100.0,0.0,52,52,2,True,True,False
Myanmar,2026,38,38,0,53,71.7,71.7,0.0,38,38,2,False,False,False
Namibia,2021,14,14,0,52,26.92,26.92,0.0,14,0,1,False,False,False
Namibia,2022,38,38,0,52,73.08,73.08,0.0,38,0,1,False,False,False
Namibia,2023,52,52,0,52,100.0,100.0,0.0,52,0,1,True,True,False
Namibia,2024,52,52,0,52,100.0,100.0,0.0,52,0,1,True,True,False
Namibia,2025,23,23,0,52,44.23,44.23,0.0,23,0,1,False,False,False
Nepal,2011,14,14,0,52,26.92,26.92,0.0,14,0,1,False,False,False
Nepal,2012,52,52,0,52,100.0,100.0,0.0,52,0,1,True,True,False
Nepal,2013,52,52,0,52,100.0,100.0,0.0,52,0,1,True,True,False
Nepal,2014,52,52,0,52,100.0,100.0,0.0,52,0,1,True,True,False
Nepal,2015,53,53,0,53,100.0,100.0,0.0,53,0,1,True,True,False
Nepal,2016,52,52,0,52,100.0,100.0,0.0,52,0,1,True,True,False
Nepal,2017,52,52,0,52,100.0,100.0,0.0,52,0,1,True,True,False
Nepal,2018,52,52,0,52,100.0,100.0,0.0,52,0,1,True,True,False
Nepal,2019,52,52,0,52,100.0,100.0,0.0,52,0,1,True,True,False
Nepal,2020,53,53,0,53,100.0,100.0,0.0,53,53,2,True,True,False
Nepal,2021,52,52,0,52,100.0,100.0,0.0,52,52,2,True,True,False
Nepal,2022,52,52,6,52,100.0,100.0,11.54,52,52,2,True,True,False
Nepal,2023,52,52,52,52,100.0,100.0,100.0,52,52,2,True,True,True
Nepal,2024,52,52,52,52,100.0,100.0,100.0,52,52,2,True,True,True
Nepal,2025,52,52,52,52,100.0,100.0,100.0,52,52,2,True,True,True
Nepal,2026,38,38,38,53,71.7,71.7,71.7,38,38,2,False,False,False
Netherlands (Kingdom of the),1996,12,12,12,52,23.08,23.08,23.08,12,12,2,False,False,False
Netherlands (Kingdom of the),1997,34,34,34,52,65.38,65.38,65.38,34,34,2,False,False,False
Netherlands (Kingdom of the),1998,41,41,41,53,77.36,77.36,77.36,41,41,2,False,False,False
Netherlands (Kingdom of the),1999,32,32,32,52,61.54,61.54,61.54,32,32,2,False,False,False
Netherlands (Kingdom of the),2000,36,36,36,52,69.23,69.23,69.23,36,36,2,False,False,False
Netherlands (Kingdom of the),2001,25,25,25,52,48.08,48.08,48.08,25,25,2,False,False,False
Netherlands (Kingdom of the),2002,33,33,33,52,63.46,63.46,63.46,33,33,2,False,False,False
Netherlands (Kingdom of the),2003,36,36,36,52,69.23,69.23,69.23,36,36,2,False,False,False
Netherlands (Kingdom of the),2004,50,50,50,53,94.34,94.34,94.34,50,50,2,True,True,True
Netherlands (Kingdom of the),2005,52,52,52,52,100.0,100.0,100.0,52,52,2,True,True,True
Netherlands (Kingdom of the),2006,50,50,50,52,96.15,96.15,96.15,50,50,2,True,True,True
Netherlands (Kingdom of the),2007,52,52,52,52,100.0,100.0,100.0,52,52,2,True,True,True
Netherlands (Kingdom of the),2008,51,51,51,52,98.08,98.08,98.08,51,51,2,True,True,True
Netherlands (Kingdom of the),2009,53,53,0,53,100.0,100.0,0.0,53,0,1,True,True,False
Netherlands (Kingdom of the),2010,52,52,0,52,100.0,100.0,0.0,52,0,1,True,True,False
Netherlands (Kingdom of the),2011,52,52,0,52,100.0,100.0,0.0,52,0,1,True,True,False
Netherlands (Kingdom of the),2012,52,52,13,52,100.0,100.0,25.0,52,0,1,True,True,False
Netherlands (Kingdom of the),2013,52,52,52,52,100.0,100.0,100.0,52,13,2,True,True,True
Netherlands (Kingdom of the),2014,52,52,52,52,100.0,100.0,100.0,52,52,2,True,True,True
Netherlands (Kingdom of the),2015,53,53,53,53,100.0,100.0,100.0,53,53,2,True,True,True
Netherlands (Kingdom of the),2016,52,52,52,52,100.0,100.0,100.0,52,52,2,True,True,True
Netherlands (Kingdom of the),2017,52,52,52,52,100.0,100.0,100.0,52,32,2,True,True,True
Netherlands (Kingdom of the),2018,52,52,52,52,100.0,100.0,100.0,52,52,2,True,True,True
Netherlands (Kingdom of the),2019,52,52,52,52,100.0,100.0,100.0,52,52,2,True,True,True
Netherlands (Kingdom of the),2020,53,53,53,53,100.0,100.0,100.0,53,53,2,True,True,True
Netherlands (Kingdom of the),2021,52,52,52,52,100.0,100.0,100.0,52,52,2,True,True,True
Netherlands (Kingdom of the),2022,52,52,52,52,100.0,100.0,100.0,52,52,2,True,True,True
Netherlands (Kingdom of the),2023,52,52,52,52,100.0,100.0,100.0,52,52,2,True,True,True
Netherlands (Kingdom of the),2024,52,52,52,52,100.0,100.0,100.0,52,52,2,True,True,True
Netherlands (Kingdom of the),2025,52,52,52,52,100.0,100.0,100.0,52,52,2,True,True,True
Netherlands (Kingdom of the),2026,39,39,39,53,73.58,73.58,73.58,39,39,2,False,False,False
New Caledonia,1998,17,3,0,53,32.08,5.66,0.0,17,0,1,False,False,False
New Caledonia,1999,22,22,0,52,42.31,42.31,0.0,22,0,1,False,False,False
New Caledonia,2000,26,14,0,52,50.0,26.92,0.0,26,0,1,False,False,False
New Caledonia,2001,46,11,0,52,88.46,21.15,0.0,46,0,1,True,False,False
New Caledonia,2002,52,52,0,52,100.0,100.0,0.0,52,0,1,True,True,False
New Caledonia,2003,52,52,0,52,100.0,100.0,0.0,52,0,1,True,True,False
New Caledonia,2004,53,53,0,53,100.0,100.0,0.0,53,0,1,True,True,False
New Caledonia,2005,52,52,0,52,100.0,100.0,0.0,52,0,1,True,True,False
New Caledonia,2006,52,52,0,52,100.0,100.0,0.0,52,0,1,True,True,False
New Caledonia,2007,52,52,0,52,100.0,100.0,0.0,52,0,1,True,True,False
New Caledonia,2008,52,52,0,52,100.0,100.0,0.0,52,0,1,True,True,False
New Caledonia,2009,29,29,0,53,54.72,54.72,0.0,29,0,1,False,False,False
New Caledonia,2010,52,52,0,52,100.0,100.0,0.0,52,0,1,True,True,False
New Caledonia,2011,52,52,0,52,100.0,100.0,0.0,52,0,1,True,True,False
New Caledonia,2012,52,52,0,52,100.0,100.0,0.0,52,0,1,True,True,False
New Caledonia,2013,52,52,0,52,100.0,100.0,0.0,52,0,1,True,True,False
New Caledonia,2014,52,52,0,52,100.0,100.0,0.0,52,0,1,True,True,False
New Caledonia,2015,53,53,0,53,100.0,100.0,0.0,53,0,1,True,True,False
New Caledonia,2016,51,51,0,52,98.08,98.08,0.0,51,0,1,True,True,False
New Caledonia,2017,52,52,9,52,100.0,100.0,17.31,52,0,1,True,True,False
New Caledonia,2018,52,52,0,52,100.0,100.0,0.0,52,0,1,True,True,False
New Caledonia,2019,52,52,0,52,100.0,100.0,0.0,52,0,1,True,True,False
New Caledonia,2020,51,51,45,53,96.23,96.23,84.91,51,0,1,True,True,True
New Caledonia,2022,46,46,32,52,88.46,88.46,61.54,46,0,1,True,True,False
New Caledonia,2023,52,52,49,52,100.0,100.0,94.23,52,0,1,True,True,True
New Caledonia,2024,52,52,22,52,100.0,100.0,42.31,52,0,1,True,True,False
New Caledonia,2025,52,52,25,52,100.0,100.0,48.08,52,0,1,True,True,False
New Caledonia,2026,32,32,17,53,60.38,60.38,32.08,32,0,1,False,False,False
New Zealand,1997,26,25,0,52,50.0,48.08,0.0,26,0,1,False,False,False
New Zealand,1998,20,6,0,53,37.74,11.32,0.0,20,0,1,False,False,False
New Zealand,1999,19,4,0,52,36.54,7.69,0.0,19,0,1,False,False,False
New Zealand,2001,22,22,0,52,42.31,42.31,0.0,22,0,1,False,False,False
New Zealand,2002,22,22,0,52,42.31,42.31,0.0,22,0,1,False,False,False
New Zealand,2003,23,23,0,52,44.23,44.23,0.0,23,0,1,False,False,False
New Zealand,2004,27,27,0,53,50.94,50.94,0.0,27,0,1,False,False,False
New Zealand,2005,26,26,0,52,50.0,50.0,0.0,26,0,1,False,False,False
New Zealand,2006,22,22,0,52,42.31,42.31,0.0,22,0,1,False,False,False
New Zealand,2007,22,22,0,52,42.31,42.31,0.0,22,0,1,False,False,False
New Zealand,2008,23,23,0,52,44.23,44.23,0.0,23,0,1,False,False,False
New Zealand,2009,34,34,0,53,64.15,64.15,0.0,34,0,1,False,False,False
New Zealand,2010,39,39,0,52,75.0,75.0,0.0,39,0,1,False,False,False
New Zealand,2011,35,35,0,52,67.31,67.31,0.0,35,0,1,False,False,False
New Zealand,2012,21,21,0,52,40.38,40.38,0.0,21,0,1,False,False,False
New Zealand,2013,27,27,0,52,51.92,51.92,0.0,27,0,1,False,False,False
New Zealand,2014,21,21,0,52,40.38,40.38,0.0,21,0,1,False,False,False
New Zealand,2015,22,22,0,53,41.51,41.51,0.0,22,0,1,False,False,False
New Zealand,2016,22,22,0,52,42.31,42.31,0.0,22,0,1,False,False,False
New Zealand,2017,22,22,0,52,42.31,42.31,0.0,22,0,1,False,False,False
New Zealand,2018,24,24,0,52,46.15,46.15,0.0,24,0,1,False,False,False
New Zealand,2019,22,22,0,52,42.31,42.31,0.0,22,0,1,False,False,False
New Zealand,2020,15,15,15,53,28.3,28.3,28.3,15,0,1,False,False,False
New Zealand,2023,50,50,50,52,96.15,96.15,96.15,50,0,1,True,True,True
New Zealand,2024,52,52,52,52,100.0,100.0,100.0,52,0,1,True,True,True
New Zealand,2025,52,52,52,52,100.0,100.0,100.0,52,0,1,True,True,True
New Zealand,2026,37,37,37,53,69.81,69.81,69.81,37,0,1,False,False,False
Nicaragua,2010,52,52,0,52,100.0,100.0,0.0,52,0,1,True,True,False
Nicaragua,2011,52,52,0,52,100.0,100.0,0.0,52,0,1,True,True,False
Nicaragua,2012,52,52,0,52,100.0,100.0,0.0,52,0,1,True,True,False
Nicaragua,2013,52,52,0,52,100.0,100.0,0.0,52,0,1,True,True,False
Nicaragua,2014,52,52,0,52,100.0,100.0,0.0,52,0,1,True,True,False
Nicaragua,2015,53,53,27,53,100.0,100.0,50.94,53,0,1,True,True,False
Nicaragua,2016,52,52,30,52,100.0,100.0,57.69,52,0,1,True,True,False
Nicaragua,2017,52,52,24,52,100.0,100.0,46.15,52,0,1,True,True,False
Nicaragua,2018,52,52,23,52,100.0,100.0,44.23,52,0,1,True,True,False
Nicaragua,2019,52,52,12,52,100.0,100.0,23.08,52,0,1,True,True,False
Nicaragua,2020,53,53,26,53,100.0,100.0,49.06,53,0,1,True,True,False
Nicaragua,2021,52,52,10,52,100.0,100.0,19.23,52,52,2,True,True,False
Nicaragua,2022,52,52,52,52,100.0,100.0,100.0,52,52,2,True,True,True
Nicaragua,2023,52,52,52,52,100.0,100.0,100.0,52,52,2,True,True,True
Nicaragua,2024,52,52,52,52,100.0,100.0,100.0,52,52,2,True,True,True
Nicaragua,2025,52,52,52,52,100.0,100.0,100.0,52,52,2,True,True,True
Nicaragua,2026,38,38,38,53,71.7,71.7,71.7,38,38,2,False,False,False
Niger,2009,52,52,0,53,98.11,98.11,0.0,52,0,1,True,True,False
Niger,2010,52,52,0,52,100.0,100.0,0.0,52,0,1,True,True,False
Niger,2011,52,52,0,52,100.0,100.0,0.0,52,0,1,True,True,False
Niger,2012,52,52,0,52,100.0,100.0,0.0,52,0,1,True,True,False
Niger,2013,52,52,0,52,100.0,100.0,0.0,52,0,1,True,True,False
Niger,2014,52,52,0,52,100.0,100.0,0.0,52,0,1,True,True,False
Niger,2015,53,53,0,53,100.0,100.0,0.0,53,0,1,True,True,False
Niger,2016,52,52,0,52,100.0,100.0,0.0,52,0,1,True,True,False
Niger,2017,52,52,0,52,100.0,100.0,0.0,52,0,1,True,True,False
Niger,2018,52,52,0,52,100.0,100.0,0.0,52,0,1,True,True,False
Niger,2019,52,52,52,52,100.0,100.0,100.0,52,0,1,True,True,True
Niger,2020,52,52,0,53,98.11,98.11,0.0,52,0,1,True,True,False
Niger,2021,52,52,52,52,100.0,100.0,100.0,52,0,1,True,True,True
Niger,2022,52,52,52,52,100.0,100.0,100.0,52,0,1,True,True,True
Niger,2023,52,52,52,52,100.0,100.0,100.0,52,0,1,True,True,True
Niger,2024,52,52,52,52,100.0,100.0,100.0,52,0,1,True,True,True
Niger,2025,52,52,52,52,100.0,100.0,100.0,52,0,1,True,True,True
Niger,2026,38,38,38,53,71.7,71.7,71.7,38,0,1,False,False,False
Nigeria,2010,51,51,0,52,98.08,98.08,0.0,51,0,1,True,True,False
Nigeria,2011,52,52,0,52,100.0,100.0,0.0,52,0,1,True,True,False
Nigeria,2012,52,52,0,52,100.0,100.0,0.0,52,0,1,True,True,False
Nigeria,2013,51,51,0,52,98.08,98.08,0.0,51,0,1,True,True,False
Nigeria,2014,52,52,0,52,100.0,100.0,0.0,52,0,1,True,True,False
Nigeria,2015,53,53,0,53,100.0,100.0,0.0,53,0,1,True,True,False
Nigeria,2016,52,52,0,52,100.0,100.0,0.0,52,0,1,True,True,False
Nigeria,2017,52,52,51,52,100.0,100.0,98.08,52,0,1,True,True,True
Nigeria,2018,52,52,52,52,100.0,100.0,100.0,52,0,1,True,True,True
Nigeria,2019,52,52,52,52,100.0,100.0,100.0,52,0,1,True,True,True
Nigeria,2020,13,13,13,53,24.53,24.53,24.53,13,0,1,False,False,False
Nigeria,2021,52,52,0,52,100.0,100.0,0.0,52,0,1,True,True,False
Nigeria,2022,46,46,0,52,88.46,88.46,0.0,46,0,1,True,True,False
Nigeria,2023,52,52,0,52,100.0,100.0,0.0,52,0,1,True,True,False
Nigeria,2024,52,52,0,52,100.0,100.0,0.0,52,0,1,True,True,False
Nigeria,2025,52,52,0,52,100.0,100.0,0.0,52,0,1,True,True,False
Nigeria,2026,38,38,0,53,71.7,71.7,0.0,38,0,1,False,False,False
North Macedonia,2009,9,9,0,53,16.98,16.98,0.0,9,0,1,False,False,False
North Macedonia,2014,1,1,0,52,1.92,1.92,0.0,1,0,1,False,False,False
North Macedonia,2015,16,16,16,53,30.19,30.19,30.19,16,16,2,False,False,False
North Macedonia,2016,28,28,28,52,53.85,53.85,53.85,28,28,2,False,False,False
North Macedonia,2017,39,39,39,52,75.0,75.0,75.0,39,39,2,False,False,False
North Macedonia,2018,49,49,49,52,94.23,94.23,94.23,49,49,2,True,True,True
North Macedonia,2019,36,36,36,52,69.23,69.23,69.23,36,36,2,False,False,False
North Macedonia,2020,36,36,36,53,67.92,67.92,67.92,36,21,2,False,False,False
North Macedonia,2021,52,52,52,52,100.0,100.0,100.0,52,33,2,True,True,True
North Macedonia,2022,52,52,52,52,100.0,100.0,100.0,52,31,2,True,True,True
North Macedonia,2023,52,52,52,52,100.0,100.0,100.0,52,33,2,True,True,True
North Macedonia,2024,52,52,52,52,100.0,100.0,100.0,52,52,2,True,True,True
North Macedonia,2025,14,14,14,52,26.92,26.92,26.92,14,14,2,False,False,False
Norway,1997,15,13,0,52,28.85,25.0,0.0,15,0,1,False,False,False
Norway,1998,34,15,0,53,64.15,28.3,0.0,34,0,1,False,False,False
Norway,1999,29,29,0,52,55.77,55.77,0.0,29,0,1,False,False,False
Norway,2000,33,25,0,52,63.46,48.08,0.0,33,0,1,False,False,False
Norway,2001,34,34,0,52,65.38,65.38,0.0,34,0,1,False,False,False
Norway,2002,32,32,0,52,61.54,61.54,0.0,32,0,1,False,False,False
Norway,2003,41,41,0,52,78.85,78.85,0.0,41,0,1,False,False,False
Norway,2004,33,33,0,53,62.26,62.26,0.0,33,0,1,False,False,False
Norway,2005,33,33,0,52,63.46,63.46,0.0,33,0,1,False,False,False
Norway,2006,48,48,0,52,92.31,92.31,0.0,48,0,1,True,True,False
Norway,2007,52,52,0,52,100.0,100.0,0.0,52,0,1,True,True,False
Norway,2008,52,52,0,52,100.0,100.0,0.0,52,0,1,True,True,False
Norway,2009,46,46,0,53,86.79,86.79,0.0,46,0,1,True,True,False
Norway,2010,52,52,0,52,100.0,100.0,0.0,52,0,1,True,True,False
Norway,2011,52,52,0,52,100.0,100.0,0.0,52,0,1,True,True,False
Norway,2012,52,52,13,52,100.0,100.0,25.0,52,0,1,True,True,False
Norway,2013,52,52,52,52,100.0,100.0,100.0,52,13,2,True,True,True
Norway,2014,52,52,32,52,100.0,100.0,61.54,52,32,2,True,True,False
Norway,2015,53,53,53,53,100.0,100.0,100.0,53,53,2,True,True,True
Norway,2016,52,52,52,52,100.0,100.0,100.0,52,52,2,True,True,True
Norway,2017,52,52,52,52,100.0,100.0,100.0,52,52,2,True,True,True
Norway,2018,52,52,52,52,100.0,100.0,100.0,52,52,2,True,True,True
Norway,2019,52,52,52,52,100.0,100.0,100.0,52,52,2,True,True,True
Norway,2020,53,53,53,53,100.0,100.0,100.0,53,53,2,True,True,True
Norway,2021,52,52,52,52,100.0,100.0,100.0,52,52,2,True,True,True
Norway,2022,52,52,52,52,100.0,100.0,100.0,52,52,2,True,True,True
Norway,2023,52,52,52,52,100.0,100.0,100.0,52,52,2,True,True,True
Norway,2024,52,52,52,52,100.0,100.0,100.0,52,52,2,True,True,True
Norway,2025,52,52,52,52,100.0,100.0,100.0,52,52,2,True,True,True
Norway,2026,39,39,39,53,73.58,73.58,73.58,39,39,2,False,False,False
Oman,2008,43,43,0,52,82.69,82.69,0.0,43,0,1,True,True,False
Oman,2009,39,39,0,53,73.58,73.58,0.0,39,0,1,False,False,False
Oman,2010,51,51,0,52,98.08,98.08,0.0,51,0,1,True,True,False
Oman,2011,52,52,0,52,100.0,100.0,0.0,52,0,1,True,True,False
Oman,2012,52,52,0,52,100.0,100.0,0.0,52,0,1,True,True,False
Oman,2013,52,52,0,52,100.0,100.0,0.0,52,0,1,True,True,False
Oman,2014,52,52,0,52,100.0,100.0,0.0,52,0,1,True,True,False
Oman,2015,52,52,0,53,98.11,98.11,0.0,52,0,1,True,True,False
Oman,2016,17,17,0,52,32.69,32.69,0.0,17,0,1,False,False,False
Oman,2017,52,52,52,52,100.0,100.0,100.0,52,0,1,True,True,True
Oman,2018,52,52,52,52,100.0,100.0,100.0,52,0,1,True,True,True
Oman,2019,52,52,52,52,100.0,100.0,100.0,52,0,1,True,True,True
Oman,2020,53,53,53,53,100.0,100.0,100.0,53,0,1,True,True,True
Oman,2021,51,51,46,52,98.08,98.08,88.46,51,0,1,True,True,True
Oman,2022,52,52,52,52,100.0,100.0,100.0,52,0,1,True,True,True
Oman,2023,51,51,51,52,98.08,98.08,98.08,51,0,1,True,True,True
Oman,2024,52,52,52,52,100.0,100.0,100.0,52,0,1,True,True,True
Oman,2025,51,51,51,52,98.08,98.08,98.08,51,0,1,True,True,True
Oman,2026,35,35,35,53,66.04,66.04,66.04,35,0,1,False,False,False
Pakistan,2007,6,6,0,52,11.54,11.54,0.0,6,0,1,False,False,False
Pakistan,2008,52,52,0,52,100.0,100.0,0.0,52,0,1,True,True,False
Pakistan,2009,53,53,0,53,100.0,100.0,0.0,53,0,1,True,True,False
Pakistan,2010,52,52,0,52,100.0,100.0,0.0,52,0,1,True,True,False
Pakistan,2011,52,52,0,52,100.0,100.0,0.0,52,0,1,True,True,False
Pakistan,2012,52,52,0,52,100.0,100.0,0.0,52,0,1,True,True,False
Pakistan,2013,52,52,0,52,100.0,100.0,0.0,52,0,1,True,True,False
Pakistan,2014,51,51,0,52,98.08,98.08,0.0,51,0,1,True,True,False
Pakistan,2015,41,41,0,53,77.36,77.36,0.0,41,0,1,False,False,False
Pakistan,2016,48,48,4,52,92.31,92.31,7.69,48,0,1,True,True,False
Pakistan,2017,49,46,0,52,94.23,88.46,0.0,49,0,1,True,True,False
Pakistan,2018,35,35,0,52,67.31,67.31,0.0,35,0,1,False,False,False
Pakistan,2019,52,52,0,52,100.0,100.0,0.0,52,0,1,True,True,False
Pakistan,2020,19,19,0,53,35.85,35.85,0.0,19,0,1,False,False,False
Pakistan,2021,52,52,0,52,100.0,100.0,0.0,52,0,1,True,True,False
Pakistan,2022,52,52,0,52,100.0,100.0,0.0,52,0,1,True,True,False
Pakistan,2023,52,52,47,52,100.0,100.0,90.38,52,0,1,True,True,True
Pakistan,2024,51,51,51,52,98.08,98.08,98.08,51,0,1,True,True,True
Pakistan,2025,52,52,52,52,100.0,100.0,100.0,52,0,1,True,True,True
Pakistan,2026,38,38,38,53,71.7,71.7,71.7,38,33,2,False,False,False
Panama,2007,52,52,0,52,100.0,100.0,0.0,52,0,1,True,True,False
Panama,2008,52,52,0,52,100.0,100.0,0.0,52,0,1,True,True,False
Panama,2009,13,13,0,53,24.53,24.53,0.0,13,0,1,False,False,False
Panama,2010,52,52,0,52,100.0,100.0,0.0,52,0,1,True,True,False
Panama,2011,52,52,0,52,100.0,100.0,0.0,52,0,1,True,True,False
Panama,2012,52,52,0,52,100.0,100.0,0.0,52,0,1,True,True,False
Panama,2013,52,52,0,52,100.0,100.0,0.0,52,0,1,True,True,False
Panama,2014,52,52,0,52,100.0,100.0,0.0,52,0,1,True,True,False
Panama,2015,53,53,52,53,100.0,100.0,98.11,53,0,1,True,True,True
Panama,2016,52,52,52,52,100.0,100.0,100.0,52,0,1,True,True,True
Panama,2017,52,52,52,52,100.0,100.0,100.0,52,0,1,True,True,True
Panama,2018,52,52,52,52,100.0,100.0,100.0,52,0,1,True,True,True
Panama,2019,52,52,52,52,100.0,100.0,100.0,52,0,1,True,True,True
Panama,2020,53,53,35,53,100.0,100.0,66.04,53,0,1,True,True,False
Panama,2021,52,52,0,52,100.0,100.0,0.0,52,0,1,True,True,False
Panama,2022,52,52,52,52,100.0,100.0,100.0,52,52,3,True,True,True
Panama,2023,52,52,52,52,100.0,100.0,100.0,52,52,2,True,True,True
Panama,2024,52,52,52,52,100.0,100.0,100.0,52,52,2,True,True,True
Panama,2025,52,52,52,52,100.0,100.0,100.0,52,8,2,True,True,True
Panama,2026,38,38,38,53,71.7,71.7,71.7,38,0,1,False,False,False
Papua New Guinea,1998,2,0,0,53,3.77,0.0,0.0,2,0,1,False,False,False
Papua New Guinea,2015,50,50,0,53,94.34,94.34,0.0,50,0,1,True,True,False
Papua New Guinea,2016,51,51,12,52,98.08,98.08,23.08,51,0,1,True,True,False
Papua New Guinea,2017,52,52,0,52,100.0,100.0,0.0,52,0,1,True,True,False
Papua New Guinea,2018,52,52,52,52,100.0,100.0,100.0,52,0,1,True,True,True
Papua New Guinea,2019,45,45,45,52,86.54,86.54,86.54,45,0,1,True,True,True
Papua New Guinea,2023,3,3,0,52,5.77,5.77,0.0,3,0,1,False,False,False
Papua New Guinea,2024,41,41,7,52,78.85,78.85,13.46,41,17,2,False,False,False
Papua New Guinea,2025,41,41,1,52,78.85,78.85,1.92,41,15,2,False,False,False
Papua New Guinea,2026,27,27,3,53,50.94,50.94,5.66,27,8,2,False,False,False
Paraguay,1998,15,0,0,53,28.3,0.0,0.0,15,0,1,False,False,False
Paraguay,1999,22,6,0,52,42.31,11.54,0.0,22,0,1,False,False,False
Paraguay,2000,7,5,0,52,13.46,9.62,0.0,7,0,1,False,False,False
Paraguay,2001,27,27,0,52,51.92,51.92,0.0,27,0,1,False,False,False
Paraguay,2002,23,21,0,52,44.23,40.38,0.0,23,0,1,False,False,False
Paraguay,2003,50,50,0,52,96.15,96.15,0.0,50,0,1,True,True,False
Paraguay,2004,52,52,0,53,98.11,98.11,0.0,52,0,1,True,True,False
Paraguay,2005,52,52,0,52,100.0,100.0,0.0,52,0,1,True,True,False
Paraguay,2006,16,16,0,52,30.77,30.77,0.0,16,0,1,False,False,False
Paraguay,2008,51,51,0,52,98.08,98.08,0.0,51,0,1,True,True,False
Paraguay,2009,53,53,0,53,100.0,100.0,0.0,53,0,1,True,True,False
Paraguay,2010,52,52,0,52,100.0,100.0,0.0,52,0,1,True,True,False
Paraguay,2011,52,52,0,52,100.0,100.0,0.0,52,0,1,True,True,False
Paraguay,2012,52,52,0,52,100.0,100.0,0.0,52,0,1,True,True,False
Paraguay,2013,52,52,0,52,100.0,100.0,0.0,52,0,1,True,True,False
Paraguay,2014,52,52,0,52,100.0,100.0,0.0,52,0,1,True,True,False
Paraguay,2015,52,52,52,53,98.11,98.11,98.11,52,0,1,True,True,True
Paraguay,2016,52,52,52,52,100.0,100.0,100.0,52,0,1,True,True,True
Paraguay,2017,52,52,52,52,100.0,100.0,100.0,52,0,1,True,True,True
Paraguay,2018,52,52,52,52,100.0,100.0,100.0,52,0,1,True,True,True
Paraguay,2019,52,52,52,52,100.0,100.0,100.0,52,0,1,True,True,True
Paraguay,2020,53,53,53,53,100.0,100.0,100.0,53,53,2,True,True,True
Paraguay,2021,52,52,52,52,100.0,100.0,100.0,52,52,2,True,True,True
Paraguay,2022,52,52,52,52,100.0,100.0,100.0,52,24,2,True,True,True
Paraguay,2023,52,52,52,52,100.0,100.0,100.0,52,52,2,True,True,True
Paraguay,2024,52,52,52,52,100.0,100.0,100.0,52,52,2,True,True,True
Paraguay,2025,52,52,52,52,100.0,100.0,100.0,52,52,2,True,True,True
Paraguay,2026,39,39,39,53,73.58,73.58,73.58,39,39,2,False,False,False
Peru,2000,3,0,0,52,5.77,0.0,0.0,3,0,1,False,False,False
Peru,2001,1,1,0,52,1.92,1.92,0.0,1,0,1,False,False,False
Peru,2002,52,52,0,52,100.0,100.0,0.0,52,0,1,True,True,False
Peru,2003,51,51,0,52,98.08,98.08,0.0,51,0,1,True,True,False
Peru,2004,53,53,0,53,100.0,100.0,0.0,53,0,1,True,True,False
Peru,2005,52,52,0,52,100.0,100.0,0.0,52,0,1,True,True,False
Peru,2006,52,52,0,52,100.0,100.0,0.0,52,0,1,True,True,False
Peru,2007,52,52,0,52,100.0,100.0,0.0,52,0,1,True,True,False
Peru,2008,51,51,0,52,98.08,98.08,0.0,51,0,1,True,True,False
Peru,2009,21,21,0,53,39.62,39.62,0.0,21,0,1,False,False,False
Peru,2010,52,52,0,52,100.0,100.0,0.0,52,0,1,True,True,False
Peru,2011,52,52,0,52,100.0,100.0,0.0,52,0,1,True,True,False
Peru,2012,52,52,0,52,100.0,100.0,0.0,52,0,1,True,True,False
Peru,2013,52,52,0,52,100.0,100.0,0.0,52,0,1,True,True,False
Peru,2014,52,52,0,52,100.0,100.0,0.0,52,0,1,True,True,False
Peru,2015,53,53,52,53,100.0,100.0,98.11,53,0,1,True,True,True
Peru,2016,51,51,51,52,98.08,98.08,98.08,51,0,1,True,True,True
Peru,2017,52,52,52,52,100.0,100.0,100.0,52,0,1,True,True,True
Peru,2018,43,43,43,52,82.69,82.69,82.69,43,0,1,True,True,True
Peru,2019,52,52,52,52,100.0,100.0,100.0,52,0,1,True,True,True
Peru,2020,53,53,33,53,100.0,100.0,62.26,53,53,2,True,True,False
Peru,2021,52,52,51,52,100.0,100.0,98.08,52,52,2,True,True,True
Peru,2022,52,52,52,52,100.0,100.0,100.0,52,52,2,True,True,True
Peru,2023,52,52,52,52,100.0,100.0,100.0,52,52,2,True,True,True
Peru,2024,52,52,52,52,100.0,100.0,100.0,52,52,2,True,True,True
Peru,2025,52,52,52,52,100.0,100.0,100.0,52,52,2,True,True,True
Peru,2026,38,38,38,53,71.7,71.7,71.7,38,38,2,False,False,False
Philippines,1997,2,1,0,52,3.85,1.92,0.0,2,0,1,False,False,False
Philippines,1999,3,2,0,52,5.77,3.85,0.0,3,0,1,False,False,False
Philippines,2000,1,1,0,52,1.92,1.92,0.0,1,0,1,False,False,False
Philippines,2001,1,1,0,52,1.92,1.92,0.0,1,0,1,False,False,False
Philippines,2002,52,52,0,52,100.0,100.0,0.0,52,0,1,True,True,False
Philippines,2003,52,52,0,52,100.0,100.0,0.0,52,0,1,True,True,False
Philippines,2004,53,53,0,53,100.0,100.0,0.0,53,0,1,True,True,False
Philippines,2005,51,51,0,52,98.08,98.08,0.0,51,0,1,True,True,False
Philippines,2006,52,52,0,52,100.0,100.0,0.0,52,0,1,True,True,False
Philippines,2007,52,52,0,52,100.0,100.0,0.0,52,0,1,True,True,False
Philippines,2008,52,52,0,52,100.0,100.0,0.0,52,0,1,True,True,False
Philippines,2009,50,50,0,53,94.34,94.34,0.0,50,0,1,True,True,False
Philippines,2010,51,51,0,52,98.08,98.08,0.0,51,0,1,True,True,False
Philippines,2011,52,52,0,52,100.0,100.0,0.0,52,0,1,True,True,False
Philippines,2012,50,50,0,52,96.15,96.15,0.0,50,0,1,True,True,False
Philippines,2013,51,51,0,52,98.08,98.08,0.0,51,0,1,True,True,False
Philippines,2014,51,51,0,52,98.08,98.08,0.0,51,0,1,True,True,False
Philippines,2015,52,52,9,53,98.11,98.11,16.98,52,0,1,True,True,False
Philippines,2016,51,51,28,52,98.08,98.08,53.85,51,0,1,True,True,False
Philippines,2017,52,50,50,52,100.0,96.15,96.15,52,0,1,True,True,True
Philippines,2018,50,50,50,52,96.15,96.15,96.15,50,0,1,True,True,True
Philippines,2019,52,52,51,52,100.0,100.0,98.08,52,0,1,True,True,True
Philippines,2020,51,51,51,53,96.23,96.23,96.23,51,0,1,True,True,True
Philippines,2021,52,52,52,52,100.0,100.0,100.0,52,0,1,True,True,True
Philippines,2022,52,52,52,52,100.0,100.0,100.0,52,0,1,True,True,True
Philippines,2023,52,52,52,52,100.0,100.0,100.0,52,0,1,True,True,True
Philippines,2024,52,52,52,52,100.0,100.0,100.0,52,0,1,True,True,True
Philippines,2025,52,52,52,52,100.0,100.0,100.0,52,52,2,True,True,True
Philippines,2026,37,37,37,53,69.81,69.81,69.81,37,33,2,False,False,False
Poland,1997,15,1,0,52,28.85,1.92,0.0,15,0,1,False,False,False
Poland,1998,35,4,0,53,66.04,7.55,0.0,35,0,1,False,False,False
Poland,1999,27,9,0,52,51.92,17.31,0.0,27,0,1,False,False,False
Poland,2000,24,9,0,52,46.15,17.31,0.0,24,0,1,False,False,False
Poland,2001,27,5,0,52,51.92,9.62,0.0,27,0,1,False,False,False
Poland,2002,26,22,0,52,50.0,42.31,0.0,26,0,1,False,False,False
Poland,2003,29,28,0,52,55.77,53.85,0.0,29,0,1,False,False,False
Poland,2004,34,34,0,53,64.15,64.15,0.0,34,0,1,False,False,False
Poland,2005,32,32,0,52,61.54,61.54,0.0,32,0,1,False,False,False
Poland,2006,40,40,0,52,76.92,76.92,0.0,40,0,1,False,False,False
Poland,2007,52,52,0,52,100.0,100.0,0.0,52,0,1,True,True,False
Poland,2008,52,52,0,52,100.0,100.0,0.0,52,0,1,True,True,False
Poland,2009,53,53,0,53,100.0,100.0,0.0,53,0,1,True,True,False
Poland,2010,52,52,0,52,100.0,100.0,0.0,52,0,1,True,True,False
Poland,2011,52,52,0,52,100.0,100.0,0.0,52,0,1,True,True,False
Poland,2012,52,52,14,52,100.0,100.0,26.92,52,0,1,True,True,False
Poland,2013,52,52,52,52,100.0,100.0,100.0,52,13,2,True,True,True
Poland,2014,52,52,50,52,100.0,100.0,96.15,52,50,2,True,True,True
Poland,2015,53,53,52,53,100.0,100.0,98.11,53,52,2,True,True,True
Poland,2016,52,52,52,52,100.0,100.0,100.0,52,52,2,True,True,True
Poland,2017,52,52,52,52,100.0,100.0,100.0,52,13,2,True,True,True
Poland,2018,52,52,52,52,100.0,100.0,100.0,52,52,2,True,True,True
Poland,2019,52,52,52,52,100.0,100.0,100.0,52,52,2,True,True,True
Poland,2020,51,51,51,53,96.23,96.23,96.23,51,51,2,True,True,True
Poland,2021,52,52,52,52,100.0,100.0,100.0,52,51,2,True,True,True
Poland,2022,52,52,52,52,100.0,100.0,100.0,52,51,2,True,True,True
Poland,2023,52,52,52,52,100.0,100.0,100.0,52,52,2,True,True,True
Poland,2024,52,52,52,52,100.0,100.0,100.0,52,52,2,True,True,True
Poland,2025,52,52,52,52,100.0,100.0,100.0,52,52,2,True,True,True
Poland,2026,34,34,34,53,64.15,64.15,64.15,34,34,2,False,False,False
Portugal,1996,17,17,0,52,32.69,32.69,0.0,17,0,1,False,False,False
Portugal,1997,33,33,0,52,63.46,63.46,0.0,33,0,1,False,False,False
Portugal,1998,24,20,0,53,45.28,37.74,0.0,24,0,1,False,False,False
Portugal,1999,28,26,0,52,53.85,50.0,0.0,28,0,1,False,False,False
Portugal,2000,24,22,0,52,46.15,42.31,0.0,24,0,1,False,False,False
Portugal,2001,30,30,0,52,57.69,57.69,0.0,30,0,1,False,False,False
Portugal,2002,36,36,0,52,69.23,69.23,0.0,36,0,1,False,False,False
Portugal,2003,27,27,0,52,51.92,51.92,0.0,27,0,1,False,False,False
Portugal,2004,42,42,0,53,79.25,79.25,0.0,42,0,1,False,False,False
Portugal,2005,52,52,0,52,100.0,100.0,0.0,52,0,1,True,True,False
Portugal,2006,52,52,0,52,100.0,100.0,0.0,52,0,1,True,True,False
Portugal,2007,52,52,0,52,100.0,100.0,0.0,52,0,1,True,True,False
Portugal,2008,52,52,0,52,100.0,100.0,0.0,52,0,1,True,True,False
Portugal,2009,19,19,0,53,35.85,35.85,0.0,19,0,1,False,False,False
Portugal,2010,47,47,0,52,90.38,90.38,0.0,47,0,1,True,True,False
Portugal,2011,37,37,0,52,71.15,71.15,0.0,37,0,1,False,False,False
Portugal,2012,51,51,13,52,98.08,98.08,25.0,51,0,1,True,True,False
Portugal,2013,52,52,52,52,100.0,100.0,100.0,52,13,2,True,True,True
Portugal,2014,40,40,39,52,76.92,76.92,75.0,40,39,2,False,False,False
Portugal,2015,39,39,39,53,73.58,73.58,73.58,39,39,2,False,False,False
Portugal,2016,47,47,47,52,90.38,90.38,90.38,47,47,2,True,True,True
Portugal,2017,52,52,52,52,100.0,100.0,100.0,52,48,2,True,True,True
Portugal,2018,41,41,41,52,78.85,78.85,78.85,41,41,2,False,False,False
Portugal,2019,39,39,39,52,75.0,75.0,75.0,39,39,2,False,False,False
Portugal,2020,49,49,49,53,92.45,92.45,92.45,49,34,2,True,True,True
Portugal,2021,52,52,52,52,100.0,100.0,100.0,52,52,2,True,True,True
Portugal,2022,52,52,52,52,100.0,100.0,100.0,52,52,2,True,True,True
Portugal,2023,52,52,52,52,100.0,100.0,100.0,52,52,2,True,True,True
Portugal,2024,52,52,52,52,100.0,100.0,100.0,52,51,2,True,True,True
Portugal,2025,52,52,52,52,100.0,100.0,100.0,52,52,2,True,True,True
Portugal,2026,39,39,39,53,73.58,73.58,73.58,39,39,2,False,False,False
Qatar,2011,50,50,0,52,96.15,96.15,0.0,50,0,1,True,True,False
Qatar,2012,52,52,0,52,100.0,100.0,0.0,52,0,1,True,True,False
Qatar,2013,52,52,0,52,100.0,100.0,0.0,52,0,1,True,True,False
Qatar,2014,52,52,0,52,100.0,100.0,0.0,52,0,1,True,True,False
Qatar,2015,52,52,0,53,98.11,98.11,0.0,52,0,1,True,True,False
Qatar,2016,52,52,24,52,100.0,100.0,46.15,52,0,1,True,True,False
Qatar,2017,52,52,52,52,100.0,100.0,100.0,52,0,1,True,True,True
Qatar,2018,52,52,52,52,100.0,100.0,100.0,52,0,1,True,True,True
Qatar,2019,52,52,52,52,100.0,100.0,100.0,52,0,1,True,True,True
Qatar,2020,53,53,53,53,100.0,100.0,100.0,53,0,1,True,True,True
Qatar,2021,52,52,52,52,100.0,100.0,100.0,52,0,1,True,True,True
Qatar,2022,52,52,52,52,100.0,100.0,100.0,52,0,1,True,True,True
Qatar,2023,52,52,52,52,100.0,100.0,100.0,52,0,1,True,True,True
Qatar,2024,52,52,52,52,100.0,100.0,100.0,52,0,1,True,True,True
Qatar,2025,52,52,52,52,100.0,100.0,100.0,52,0,1,True,True,True
Qatar,2026,37,37,37,53,69.81,69.81,69.81,37,0,1,False,False,False
Republic of Korea,2001,6,5,0,52,11.54,9.62,0.0,6,0,1,False,False,False
Republic of Korea,2002,30,25,0,52,57.69,48.08,0.0,30,0,1,False,False,False
Republic of Korea,2003,9,7,0,52,17.31,13.46,0.0,9,0,1,False,False,False
Republic of Korea,2004,32,32,0,53,60.38,60.38,0.0,32,0,1,False,False,False
Republic of Korea,2005,32,32,0,52,61.54,61.54,0.0,32,0,1,False,False,False
Republic of Korea,2006,26,26,0,52,50.0,50.0,0.0,26,0,1,False,False,False
Republic of Korea,2007,33,33,0,52,63.46,63.46,0.0,33,0,1,False,False,False
Republic of Korea,2008,32,32,0,52,61.54,61.54,0.0,32,0,1,False,False,False
Republic of Korea,2009,52,52,0,53,98.11,98.11,0.0,52,0,1,True,True,False
Republic of Korea,2010,52,52,0,52,100.0,100.0,0.0,52,0,1,True,True,False
Republic of Korea,2011,52,52,0,52,100.0,100.0,0.0,52,0,1,True,True,False
Republic of Korea,2012,52,52,0,52,100.0,100.0,0.0,52,0,1,True,True,False
Republic of Korea,2013,52,52,0,52,100.0,100.0,0.0,52,0,1,True,True,False
Republic of Korea,2014,52,52,0,52,100.0,100.0,0.0,52,0,1,True,True,False
Republic of Korea,2015,53,53,0,53,100.0,100.0,0.0,53,0,1,True,True,False
Republic of Korea,2016,52,52,0,52,100.0,100.0,0.0,52,0,1,True,True,False
Republic of Korea,2017,52,52,0,52,100.0,100.0,0.0,52,0,1,True,True,False
Republic of Korea,2018,52,52,0,52,100.0,100.0,0.0,52,0,1,True,True,False
Republic of Korea,2019,52,52,0,52,100.0,100.0,0.0,52,0,1,True,True,False
Republic of Korea,2020,22,22,17,53,41.51,41.51,32.08,22,0,1,False,False,False
Republic of Korea,2021,52,52,52,52,100.0,100.0,100.0,52,1,2,True,True,True
Republic of Korea,2022,51,51,51,52,98.08,98.08,98.08,51,0,1,True,True,True
Republic of Korea,2023,52,52,52,52,100.0,100.0,100.0,52,0,1,True,True,True
Republic of Korea,2024,52,52,52,52,100.0,100.0,100.0,52,0,1,True,True,True
Republic of Korea,2025,52,52,52,52,100.0,100.0,100.0,52,0,1,True,True,True
Republic of Korea,2026,38,38,38,53,71.7,71.7,71.7,38,0,1,False,False,False
Republic of Moldova,2009,12,12,0,53,22.64,22.64,0.0,12,0,1,False,False,False
Republic of Moldova,2010,49,49,1,52,94.23,94.23,1.92,49,0,1,True,True,False
Republic of Moldova,2011,52,52,52,52,100.0,100.0,100.0,52,0,1,True,True,True
Republic of Moldova,2012,52,52,52,52,100.0,100.0,100.0,52,0,1,True,True,True
Republic of Moldova,2013,52,52,52,52,100.0,100.0,100.0,52,13,2,True,True,True
Republic of Moldova,2014,39,39,35,52,75.0,75.0,67.31,39,35,2,False,False,False
Republic of Moldova,2015,53,53,53,53,100.0,100.0,100.0,53,53,2,True,True,True
Republic of Moldova,2016,52,52,52,52,100.0,100.0,100.0,52,52,2,True,True,True
Republic of Moldova,2017,51,51,51,52,98.08,98.08,98.08,51,51,2,True,True,True
Republic of Moldova,2018,52,52,52,52,100.0,100.0,100.0,52,52,2,True,True,True
Republic of Moldova,2019,50,50,50,52,96.15,96.15,96.15,50,50,2,True,True,True
Republic of Moldova,2020,52,52,52,53,98.11,98.11,98.11,52,52,2,True,True,True
Republic of Moldova,2021,52,52,52,52,100.0,100.0,100.0,52,52,2,True,True,True
Republic of Moldova,2022,52,52,52,52,100.0,100.0,100.0,52,52,2,True,True,True
Republic of Moldova,2023,52,52,52,52,100.0,100.0,100.0,52,52,2,True,True,True
Republic of Moldova,2024,52,52,52,52,100.0,100.0,100.0,52,52,2,True,True,True
Republic of Moldova,2025,52,52,52,52,100.0,100.0,100.0,52,52,2,True,True,True
Republic of Moldova,2026,39,39,39,53,73.58,73.58,73.58,39,39,2,False,False,False
Romania,1997,11,6,0,52,21.15,11.54,0.0,11,0,1,False,False,False
Romania,1998,20,9,0,53,37.74,16.98,0.0,20,0,1,False,False,False
Romania,1999,30,8,0,52,57.69,15.38,0.0,30,0,1,False,False,False
Romania,2000,26,17,0,52,50.0,32.69,0.0,26,0,1,False,False,False
Romania,2001,30,24,0,52,57.69,46.15,0.0,30,0,1,False,False,False
Romania,2002,28,27,0,52,53.85,51.92,0.0,28,0,1,False,False,False
Romania,2003,29,29,0,52,55.77,55.77,0.0,29,0,1,False,False,False
Romania,2004,30,30,0,53,56.6,56.6,0.0,30,0,1,False,False,False
Romania,2005,32,32,0,52,61.54,61.54,0.0,32,0,1,False,False,False
Romania,2006,31,31,0,52,59.62,59.62,0.0,31,0,1,False,False,False
Romania,2007,52,52,0,52,100.0,100.0,0.0,52,0,1,True,True,False
Romania,2008,29,29,0,52,55.77,55.77,0.0,29,0,1,False,False,False
Romania,2009,52,52,0,53,98.11,98.11,0.0,52,0,1,True,True,False
Romania,2010,52,52,0,52,100.0,100.0,0.0,52,0,1,True,True,False
Romania,2011,52,52,0,52,100.0,100.0,0.0,52,0,1,True,True,False
Romania,2012,52,52,13,52,100.0,100.0,25.0,52,0,1,True,True,False
Romania,2013,52,52,52,52,100.0,100.0,100.0,52,13,3,True,True,True
Romania,2014,52,52,33,52,100.0,100.0,63.46,52,33,3,True,True,False
Romania,2015,53,53,53,53,100.0,100.0,100.0,53,53,3,True,True,True
Romania,2016,52,52,34,52,100.0,100.0,65.38,52,34,3,True,True,False
Romania,2017,33,33,33,52,63.46,63.46,63.46,33,33,2,False,False,False
Romania,2018,33,33,33,52,63.46,63.46,63.46,33,33,2,False,False,False
Romania,2019,33,33,33,52,63.46,63.46,63.46,33,33,2,False,False,False
Romania,2020,49,49,49,53,92.45,92.45,92.45,49,34,2,True,True,True
Romania,2021,52,52,52,52,100.0,100.0,100.0,52,28,2,True,True,True
Romania,2022,52,52,52,52,100.0,100.0,100.0,52,52,2,True,True,True
Romania,2023,52,52,52,52,100.0,100.0,100.0,52,33,2,True,True,True
Romania,2024,52,52,42,52,100.0,100.0,80.77,52,26,2,True,True,True
Romania,2025,50,50,0,52,96.15,96.15,0.0,50,0,1,True,True,False
Romania,2026,39,39,0,53,73.58,73.58,0.0,39,0,1,False,False,False
Russian Federation,1997,28,4,0,52,53.85,7.69,0.0,28,0,1,False,False,False
Russian Federation,1998,28,9,0,53,52.83,16.98,0.0,28,0,1,False,False,False
Russian Federation,1999,20,5,0,52,38.46,9.62,0.0,20,0,1,False,False,False
Russian Federation,2000,23,11,0,52,44.23,21.15,0.0,23,0,1,False,False,False
Russian Federation,2001,25,10,0,52,48.08,19.23,0.0,25,0,1,False,False,False
Russian Federation,2002,24,10,0,52,46.15,19.23,0.0,24,0,1,False,False,False
Russian Federation,2003,29,16,0,52,55.77,30.77,0.0,29,0,1,False,False,False
Russian Federation,2004,18,18,0,53,33.96,33.96,0.0,18,0,1,False,False,False
Russian Federation,2005,26,26,0,52,50.0,50.0,0.0,26,0,1,False,False,False
Russian Federation,2006,33,33,0,52,63.46,63.46,0.0,33,0,1,False,False,False
Russian Federation,2007,31,31,0,52,59.62,59.62,0.0,31,0,1,False,False,False
Russian Federation,2008,45,45,0,52,86.54,86.54,0.0,45,0,1,True,True,False
Russian Federation,2009,53,53,0,53,100.0,100.0,0.0,53,0,1,True,True,False
Russian Federation,2010,52,52,1,52,100.0,100.0,1.92,52,0,1,True,True,False
Russian Federation,2011,52,52,51,52,100.0,100.0,98.08,52,0,1,True,True,True
Russian Federation,2012,52,52,52,52,100.0,100.0,100.0,52,0,1,True,True,True
Russian Federation,2013,52,52,52,52,100.0,100.0,100.0,52,13,3,True,True,True
Russian Federation,2014,52,52,34,52,100.0,100.0,65.38,52,34,3,True,True,False
Russian Federation,2015,53,53,53,53,100.0,100.0,100.0,53,53,3,True,True,True
Russian Federation,2016,52,52,52,52,100.0,100.0,100.0,52,52,3,True,True,True
Russian Federation,2017,52,52,52,52,100.0,100.0,100.0,52,52,3,True,True,True
Russian Federation,2018,52,52,52,52,100.0,100.0,100.0,52,52,3,True,True,True
Russian Federation,2019,52,52,51,52,100.0,100.0,98.08,52,51,3,True,True,True
Russian Federation,2020,53,53,53,53,100.0,100.0,100.0,53,53,3,True,True,True
Russian Federation,2021,52,52,52,52,100.0,100.0,100.0,52,52,2,True,True,True
Russian Federation,2022,52,52,52,52,100.0,100.0,100.0,52,52,2,True,True,True
Russian Federation,2023,52,52,52,52,100.0,100.0,100.0,52,52,2,True,True,True
Russian Federation,2024,52,52,52,52,100.0,100.0,100.0,52,52,2,True,True,True
Russian Federation,2025,52,52,52,52,100.0,100.0,100.0,52,52,2,True,True,True
Russian Federation,2026,39,39,39,53,73.58,73.58,73.58,39,39,2,False,False,False
Rwanda,2010,51,51,0,52,98.08,98.08,0.0,51,0,1,True,True,False
Rwanda,2011,39,39,0,52,75.0,75.0,0.0,39,0,1,False,False,False
Rwanda,2012,51,51,0,52,98.08,98.08,0.0,51,0,1,True,True,False
Rwanda,2013,44,44,0,52,84.62,84.62,0.0,44,0,1,True,True,False
Rwanda,2014,49,49,0,52,94.23,94.23,0.0,49,0,1,True,True,False
Rwanda,2015,38,38,0,53,71.7,71.7,0.0,38,0,1,False,False,False
Rwanda,2016,51,51,0,52,98.08,98.08,0.0,51,0,1,True,True,False
Rwanda,2017,21,21,0,52,40.38,40.38,0.0,21,0,1,False,False,False
Rwanda,2018,50,50,0,52,96.15,96.15,0.0,50,0,1,True,True,False
Rwanda,2019,42,42,0,52,80.77,80.77,0.0,42,0,1,True,True,False
Rwanda,2023,52,52,0,52,100.0,100.0,0.0,52,0,1,True,True,False
Rwanda,2024,52,52,0,52,100.0,100.0,0.0,52,0,1,True,True,False
Rwanda,2025,49,49,0,52,94.23,94.23,0.0,49,0,1,True,True,False
Saint Barthélemy,2009,45,45,0,53,84.91,84.91,0.0,45,0,1,True,True,False
Saint Barthélemy,2010,4,4,0,52,7.69,7.69,0.0,4,0,1,False,False,False
Saint Barthélemy,2013,52,52,0,52,100.0,100.0,0.0,52,0,1,True,True,False
Saint Barthélemy,2014,52,52,0,52,100.0,100.0,0.0,52,0,1,True,True,False
Saint Barthélemy,2015,1,1,0,53,1.89,1.89,0.0,1,0,1,False,False,False
Saint Kitts and Nevis,2015,4,4,0,53,7.55,7.55,0.0,4,0,1,False,False,False
Saint Kitts and Nevis,2018,5,5,0,52,9.62,9.62,0.0,5,0,1,False,False,False
Saint Kitts and Nevis,2019,6,6,0,52,11.54,11.54,0.0,6,0,1,False,False,False
Saint Kitts and Nevis,2020,53,53,0,53,100.0,100.0,0.0,53,0,1,True,True,False
Saint Kitts and Nevis,2021,52,52,0,52,100.0,100.0,0.0,52,0,1,True,True,False
Saint Kitts and Nevis,2022,52,52,0,52,100.0,100.0,0.0,52,0,1,True,True,False
Saint Kitts and Nevis,2023,37,37,0,52,71.15,71.15,0.0,37,0,1,False,False,False
Saint Lucia,2008,2,2,0,52,3.85,3.85,0.0,2,0,1,False,False,False
Saint Lucia,2015,14,14,0,53,26.42,26.42,0.0,14,0,1,False,False,False
Saint Lucia,2017,23,23,0,52,44.23,44.23,0.0,23,0,1,False,False,False
Saint Lucia,2018,38,38,17,52,73.08,73.08,32.69,38,0,1,False,False,False
Saint Lucia,2019,33,33,13,52,63.46,63.46,25.0,33,0,1,False,False,False
Saint Lucia,2020,53,53,52,53,100.0,100.0,98.11,53,0,1,True,True,True
Saint Lucia,2021,52,52,52,52,100.0,100.0,100.0,52,0,1,True,True,True
Saint Lucia,2022,52,52,52,52,100.0,100.0,100.0,52,0,1,True,True,True
Saint Lucia,2023,52,52,52,52,100.0,100.0,100.0,52,0,1,True,True,True
Saint Lucia,2024,52,52,52,52,100.0,100.0,100.0,52,52,2,True,True,True
Saint Lucia,2025,48,48,48,52,92.31,92.31,92.31,48,8,2,True,True,True
Saint Lucia,2026,37,37,37,53,69.81,69.81,69.81,37,0,1,False,False,False
Saint Martin (French part),2009,45,45,0,53,84.91,84.91,0.0,45,0,1,True,True,False
Saint Martin (French part),2010,3,3,0,52,5.77,5.77,0.0,3,0,1,False,False,False
Saint Martin (French part),2013,52,52,0,52,100.0,100.0,0.0,52,0,1,True,True,False
Saint Martin (French part),2014,52,52,0,52,100.0,100.0,0.0,52,0,1,True,True,False
Saint Martin (French part),2015,1,1,0,53,1.89,1.89,0.0,1,0,1,False,False,False
Saint Vincent and the Grenadines,2015,2,2,0,53,3.77,3.77,0.0,2,0,1,False,False,False
Saint Vincent and the Grenadines,2017,2,2,0,52,3.85,3.85,0.0,2,0,1,False,False,False
Saint Vincent and the Grenadines,2018,11,11,0,52,21.15,21.15,0.0,11,0,1,False,False,False
Saint Vincent and the Grenadines,2019,34,34,1,52,65.38,65.38,1.92,34,0,1,False,False,False
Saint Vincent and the Grenadines,2020,53,53,1,53,100.0,100.0,1.89,53,0,1,True,True,False
Saint Vincent and the Grenadines,2021,52,52,0,52,100.0,100.0,0.0,52,0,1,True,True,False
Saint Vincent and the Grenadines,2022,52,52,0,52,100.0,100.0,0.0,52,0,1,True,True,False
Saint Vincent and the Grenadines,2023,52,52,52,52,100.0,100.0,100.0,52,52,2,True,True,True
Saint Vincent and the Grenadines,2024,52,52,52,52,100.0,100.0,100.0,52,52,2,True,True,True
Saint Vincent and the Grenadines,2025,52,52,52,52,100.0,100.0,100.0,52,33,2,True,True,True
Saint Vincent and the Grenadines,2026,37,37,37,53,69.81,69.81,69.81,37,12,2,False,False,False
Saudi Arabia,2015,1,1,0,53,1.89,1.89,0.0,1,0,1,False,False,False
Saudi Arabia,2016,2,2,0,52,3.85,3.85,0.0,2,0,1,False,False,False
Saudi Arabia,2017,52,52,0,52,100.0,100.0,0.0,52,0,1,True,True,False
Saudi Arabia,2018,52,52,0,52,100.0,100.0,0.0,52,0,1,True,True,False
Saudi Arabia,2019,52,52,1,52,100.0,100.0,1.92,52,0,1,True,True,False
Saudi Arabia,2020,50,50,1,53,94.34,94.34,1.89,50,0,1,True,True,False
Saudi Arabia,2021,52,52,0,52,100.0,100.0,0.0,52,0,1,True,True,False
Saudi Arabia,2022,52,52,20,52,100.0,100.0,38.46,52,0,1,True,True,False
Saudi Arabia,2023,52,52,49,52,100.0,100.0,94.23,52,0,1,True,True,True
Saudi Arabia,2024,52,52,42,52,100.0,100.0,80.77,52,0,1,True,True,True
Saudi Arabia,2025,52,52,49,52,100.0,100.0,94.23,52,0,1,True,True,True
Saudi Arabia,2026,37,37,35,53,69.81,69.81,66.04,37,0,1,False,False,False
Senegal,1996,51,51,0,52,98.08,98.08,0.0,51,0,1,True,True,False
Senegal,1997,43,43,0,52,82.69,82.69,0.0,43,0,1,True,True,False
Senegal,1998,53,53,0,53,100.0,100.0,0.0,53,0,1,True,True,False
Senegal,1999,52,52,0,52,100.0,100.0,0.0,52,0,1,True,True,False
Senegal,2000,44,44,0,52,84.62,84.62,0.0,44,0,1,True,True,False
Senegal,2001,50,49,0,52,96.15,94.23,0.0,50,0,1,True,True,False
Senegal,2002,48,47,0,52,92.31,90.38,0.0,48,0,1,True,True,False
Senegal,2003,52,52,0,52,100.0,100.0,0.0,52,0,1,True,True,False
Senegal,2004,52,52,0,53,98.11,98.11,0.0,52,0,1,True,True,False
Senegal,2005,48,48,0,52,92.31,92.31,0.0,48,0,1,True,True,False
Senegal,2006,51,51,0,52,98.08,98.08,0.0,51,0,1,True,True,False
Senegal,2007,52,52,0,52,100.0,100.0,0.0,52,0,1,True,True,False
Senegal,2008,52,52,0,52,100.0,100.0,0.0,52,0,1,True,True,False
Senegal,2009,53,53,0,53,100.0,100.0,0.0,53,0,1,True,True,False
Senegal,2010,52,52,0,52,100.0,100.0,0.0,52,0,1,True,True,False
Senegal,2011,52,52,0,52,100.0,100.0,0.0,52,0,1,True,True,False
Senegal,2012,52,52,0,52,100.0,100.0,0.0,52,0,1,True,True,False
Senegal,2013,52,52,0,52,100.0,100.0,0.0,52,0,1,True,True,False
Senegal,2014,52,52,0,52,100.0,100.0,0.0,52,0,1,True,True,False
Senegal,2015,52,52,0,53,98.11,98.11,0.0,52,0,1,True,True,False
Senegal,2016,36,36,0,52,69.23,69.23,0.0,36,0,1,False,False,False
Senegal,2017,52,52,27,52,100.0,100.0,51.92,52,0,1,True,True,False
Senegal,2018,52,52,20,52,100.0,100.0,38.46,52,0,1,True,True,False
Senegal,2019,52,52,7,52,100.0,100.0,13.46,52,0,1,True,True,False
Senegal,2020,53,53,0,53,100.0,100.0,0.0,53,0,1,True,True,False
Senegal,2021,52,52,0,52,100.0,100.0,0.0,52,0,1,True,True,False
Senegal,2022,52,52,0,52,100.0,100.0,0.0,52,0,1,True,True,False
Senegal,2023,52,52,0,52,100.0,100.0,0.0,52,0,1,True,True,False
Senegal,2024,52,52,0,52,100.0,100.0,0.0,52,0,1,True,True,False
Senegal,2025,52,52,0,52,100.0,100.0,0.0,52,0,1,True,True,False
Senegal,2026,38,38,0,53,71.7,71.7,0.0,38,0,1,False,False,False
Serbia,2007,16,16,0,52,30.77,30.77,0.0,16,0,1,False,False,False
Serbia,2008,9,9,0,52,17.31,17.31,0.0,9,0,1,False,False,False
Serbia,2009,44,44,0,53,83.02,83.02,0.0,44,0,1,True,True,False
Serbia,2010,47,47,1,52,90.38,90.38,1.92,47,0,1,True,True,False
Serbia,2011,34,34,34,52,65.38,65.38,65.38,34,0,1,False,False,False
Serbia,2012,34,34,34,52,65.38,65.38,65.38,34,0,1,False,False,False
Serbia,2013,32,32,32,52,61.54,61.54,61.54,32,12,2,False,False,False
Serbia,2014,34,34,33,52,65.38,65.38,63.46,34,33,2,False,False,False
Serbia,2015,29,29,29,53,54.72,54.72,54.72,29,29,2,False,False,False
Serbia,2016,32,32,32,52,61.54,61.54,61.54,32,32,2,False,False,False
Serbia,2017,33,33,33,52,63.46,63.46,63.46,33,33,3,False,False,False
Serbia,2018,52,52,33,52,100.0,100.0,63.46,52,33,3,True,True,False
Serbia,2019,52,52,33,52,100.0,100.0,63.46,52,33,3,True,True,False
Serbia,2020,53,53,23,53,100.0,100.0,43.4,53,23,3,True,True,False
Serbia,2021,22,22,22,52,42.31,42.31,42.31,22,22,2,False,False,False
Serbia,2022,44,44,44,52,84.62,84.62,84.62,44,44,2,True,True,True
Serbia,2023,50,50,50,52,96.15,96.15,96.15,50,50,2,True,True,True
Serbia,2024,52,52,52,52,100.0,100.0,100.0,52,52,2,True,True,True
Serbia,2025,51,51,51,52,98.08,98.08,98.08,51,51,2,True,True,True
Serbia,2026,35,35,35,53,66.04,66.04,66.04,35,35,2,False,False,False
Serbia and Montenegro (2003-2006),1997,16,3,0,52,30.77,5.77,0.0,16,0,1,False,False,False
Serbia and Montenegro (2003-2006),1998,30,2,0,53,56.6,3.77,0.0,30,0,1,False,False,False
Serbia and Montenegro (2003-2006),1999,19,0,0,52,36.54,0.0,0.0,19,0,1,False,False,False
Serbia and Montenegro (2003-2006),2000,34,14,0,52,65.38,26.92,0.0,34,0,1,False,False,False
Serbia and Montenegro (2003-2006),2001,27,8,0,52,51.92,15.38,0.0,27,0,1,False,False,False
Serbia and Montenegro (2003-2006),2002,14,0,0,52,26.92,0.0,0.0,14,0,1,False,False,False
Serbia and Montenegro (2003-2006),2003,17,12,0,52,32.69,23.08,0.0,17,0,1,False,False,False
Serbia and Montenegro (2003-2006),2004,8,8,0,53,15.09,15.09,0.0,8,0,1,False,False,False
Serbia and Montenegro (2003-2006),2005,13,13,0,52,25.0,25.0,0.0,13,0,1,False,False,False
Serbia and Montenegro (2003-2006),2006,26,26,0,52,50.0,50.0,0.0,26,0,1,False,False,False
Seychelles,2019,52,52,0,52,100.0,100.0,0.0,52,0,1,True,True,False
Seychelles,2020,23,23,0,53,43.4,43.4,0.0,23,0,1,False,False,False
Seychelles,2023,52,52,0,52,100.0,100.0,0.0,52,0,1,True,True,False
Seychelles,2024,52,52,0,52,100.0,100.0,0.0,52,0,1,True,True,False
Seychelles,2025,49,49,0,52,94.23,94.23,0.0,49,0,1,True,True,False
Seychelles,2026,37,37,0,53,69.81,69.81,0.0,37,0,1,False,False,False
Sierra Leone,2011,19,19,0,52,36.54,36.54,0.0,19,0,1,False,False,False
Sierra Leone,2012,52,52,0,52,100.0,100.0,0.0,52,0,1,True,True,False
Sierra Leone,2013,52,52,0,52,100.0,100.0,0.0,52,0,1,True,True,False
Sierra Leone,2014,13,13,0,52,25.0,25.0,0.0,13,0,1,False,False,False
Sierra Leone,2016,46,46,43,52,88.46,88.46,82.69,46,0,1,True,True,True
Sierra Leone,2017,51,51,49,52,98.08,98.08,94.23,51,0,1,True,True,True
Sierra Leone,2018,51,51,43,52,98.08,98.08,82.69,51,0,1,True,True,True
Sierra Leone,2019,51,51,3,52,98.08,98.08,5.77,51,0,1,True,True,False
Sierra Leone,2020,3,3,0,53,5.66,5.66,0.0,3,0,1,False,False,False
Sierra Leone,2021,52,52,0,52,100.0,100.0,0.0,52,0,1,True,True,False
Sierra Leone,2022,47,47,0,52,90.38,90.38,0.0,47,24,2,True,True,False
Sierra Leone,2023,51,51,0,52,98.08,98.08,0.0,51,0,1,True,True,False
Sierra Leone,2024,52,52,0,52,100.0,100.0,0.0,52,0,1,True,True,False
Sierra Leone,2025,42,42,0,52,80.77,80.77,0.0,42,0,1,True,True,False
Sierra Leone,2026,34,34,0,53,64.15,64.15,0.0,34,0,1,False,False,False
Singapore,1997,3,0,0,52,5.77,0.0,0.0,3,0,1,False,False,False
Singapore,1998,13,0,0,53,24.53,0.0,0.0,13,0,1,False,False,False
Singapore,2001,1,1,0,52,1.92,1.92,0.0,1,0,1,False,False,False
Singapore,2002,13,12,0,52,25.0,23.08,0.0,13,0,1,False,False,False
Singapore,2007,52,52,0,52,100.0,100.0,0.0,52,0,1,True,True,False
Singapore,2008,52,52,0,52,100.0,100.0,0.0,52,7,2,True,True,False
Singapore,2009,47,47,0,53,88.68,88.68,0.0,47,36,2,True,True,False
Singapore,2010,52,52,0,52,100.0,100.0,0.0,52,0,1,True,True,False
Singapore,2011,50,50,0,52,96.15,96.15,0.0,50,0,1,True,True,False
Singapore,2012,52,52,0,52,100.0,100.0,0.0,52,0,1,True,True,False
Singapore,2013,52,52,0,52,100.0,100.0,0.0,52,0,1,True,True,False
Singapore,2014,52,52,0,52,100.0,100.0,0.0,52,0,1,True,True,False
Singapore,2015,53,53,0,53,100.0,100.0,0.0,53,0,1,True,True,False
Singapore,2016,52,52,0,52,100.0,100.0,0.0,52,0,1,True,True,False
Singapore,2017,52,52,0,52,100.0,100.0,0.0,52,0,1,True,True,False
Singapore,2018,52,52,0,52,100.0,100.0,0.0,52,0,1,True,True,False
Singapore,2019,52,52,0,52,100.0,100.0,0.0,52,0,1,True,True,False
Singapore,2020,53,53,0,53,100.0,100.0,0.0,53,0,1,True,True,False
Singapore,2021,52,52,0,52,100.0,100.0,0.0,52,0,1,True,True,False
Singapore,2022,52,52,0,52,100.0,100.0,0.0,52,0,1,True,True,False
Singapore,2023,52,52,0,52,100.0,100.0,0.0,52,0,1,True,True,False
Singapore,2024,52,52,0,52,100.0,100.0,0.0,52,0,1,True,True,False
Singapore,2025,52,52,0,52,100.0,100.0,0.0,52,0,1,True,True,False
Singapore,2026,39,39,0,53,73.58,73.58,0.0,39,0,1,False,False,False
Slovakia,1997,11,2,0,52,21.15,3.85,0.0,11,0,1,False,False,False
Slovakia,1998,19,1,0,53,35.85,1.89,0.0,19,0,1,False,False,False
Slovakia,1999,25,13,0,52,48.08,25.0,0.0,25,0,1,False,False,False
Slovakia,2000,37,19,0,52,71.15,36.54,0.0,37,0,1,False,False,False
Slovakia,2001,27,23,0,52,51.92,44.23,0.0,27,0,1,False,False,False
Slovakia,2002,26,23,0,52,50.0,44.23,0.0,26,0,1,False,False,False
Slovakia,2003,29,13,0,52,55.77,25.0,0.0,29,0,1,False,False,False
Slovakia,2004,7,0,0,53,13.21,0.0,0.0,7,0,1,False,False,False
Slovakia,2009,38,38,0,53,71.7,71.7,0.0,38,0,1,False,False,False
Slovakia,2010,49,49,0,52,94.23,94.23,0.0,49,0,1,True,True,False
Slovakia,2011,50,50,0,52,96.15,96.15,0.0,50,0,1,True,True,False
Slovakia,2012,50,50,14,52,96.15,96.15,26.92,50,0,1,True,True,False
Slovakia,2013,52,52,52,52,100.0,100.0,100.0,52,13,2,True,True,True
Slovakia,2014,52,52,51,52,100.0,100.0,98.08,52,51,2,True,True,True
Slovakia,2015,53,53,53,53,100.0,100.0,100.0,53,53,2,True,True,True
Slovakia,2016,52,52,52,52,100.0,100.0,100.0,52,52,2,True,True,True
Slovakia,2017,52,52,52,52,100.0,100.0,100.0,52,52,2,True,True,True
Slovakia,2018,52,52,52,52,100.0,100.0,100.0,52,52,2,True,True,True
Slovakia,2019,52,52,52,52,100.0,100.0,100.0,52,52,2,True,True,True
Slovakia,2020,53,53,53,53,100.0,100.0,100.0,53,53,2,True,True,True
Slovakia,2021,52,52,52,52,100.0,100.0,100.0,52,52,2,True,True,True
Slovakia,2022,52,52,52,52,100.0,100.0,100.0,52,52,2,True,True,True
Slovakia,2023,52,52,52,52,100.0,100.0,100.0,52,52,2,True,True,True
Slovakia,2024,52,52,52,52,100.0,100.0,100.0,52,52,2,True,True,True
Slovakia,2025,52,52,52,52,100.0,100.0,100.0,52,52,2,True,True,True
Slovakia,2026,39,39,38,53,73.58,73.58,71.7,39,39,2,False,False,False
Slovenia,1995,2,2,0,52,3.85,3.85,0.0,2,0,1,False,False,False
Slovenia,1999,15,2,0,52,28.85,3.85,0.0,15,0,1,False,False,False
Slovenia,2000,51,51,0,52,98.08,98.08,0.0,51,0,1,True,True,False
Slovenia,2001,31,31,0,52,59.62,59.62,0.0,31,0,1,False,False,False
Slovenia,2002,33,33,0,52,63.46,63.46,0.0,33,0,1,False,False,False
Slovenia,2003,32,32,0,52,61.54,61.54,0.0,32,0,1,False,False,False
Slovenia,2004,33,33,0,53,62.26,62.26,0.0,33,0,1,False,False,False
Slovenia,2005,31,31,0,52,59.62,59.62,0.0,31,0,1,False,False,False
Slovenia,2006,52,52,0,52,100.0,100.0,0.0,52,0,1,True,True,False
Slovenia,2007,52,52,0,52,100.0,100.0,0.0,52,0,1,True,True,False
Slovenia,2008,52,52,0,52,100.0,100.0,0.0,52,0,1,True,True,False
Slovenia,2009,53,53,14,53,100.0,100.0,26.42,53,0,1,True,True,False
Slovenia,2010,51,51,24,52,98.08,98.08,46.15,51,0,1,True,True,False
Slovenia,2011,52,52,52,52,100.0,100.0,100.0,52,0,1,True,True,True
Slovenia,2012,52,52,39,52,100.0,100.0,75.0,52,0,1,True,True,False
Slovenia,2013,52,52,52,52,100.0,100.0,100.0,52,13,2,True,True,True
Slovenia,2014,52,52,52,52,100.0,100.0,100.0,52,52,2,True,True,True
Slovenia,2015,53,53,53,53,100.0,100.0,100.0,53,53,2,True,True,True
Slovenia,2016,52,52,52,52,100.0,100.0,100.0,52,52,2,True,True,True
Slovenia,2017,52,52,52,52,100.0,100.0,100.0,52,52,2,True,True,True
Slovenia,2018,52,52,52,52,100.0,100.0,100.0,52,52,2,True,True,True
Slovenia,2019,52,52,52,52,100.0,100.0,100.0,52,52,2,True,True,True
Slovenia,2020,53,53,53,53,100.0,100.0,100.0,53,53,2,True,True,True
Slovenia,2021,52,52,52,52,100.0,100.0,100.0,52,52,2,True,True,True
Slovenia,2022,52,52,52,52,100.0,100.0,100.0,52,52,2,True,True,True
Slovenia,2023,52,52,52,52,100.0,100.0,100.0,52,52,2,True,True,True
Slovenia,2024,52,52,52,52,100.0,100.0,100.0,52,52,2,True,True,True
Slovenia,2025,52,52,52,52,100.0,100.0,100.0,52,52,2,True,True,True
Slovenia,2026,39,39,39,53,73.58,73.58,73.58,39,39,2,False,False,False
Somalia,2021,15,15,0,52,28.85,28.85,0.0,15,0,1,False,False,False
Somalia,2022,49,49,0,52,94.23,94.23,0.0,49,0,1,True,True,False
Somalia,2023,52,52,3,52,100.0,100.0,5.77,52,0,1,True,True,False
Somalia,2024,52,52,0,52,100.0,100.0,0.0,52,0,1,True,True,False
Somalia,2025,52,52,0,52,100.0,100.0,0.0,52,0,1,True,True,False
Somalia,2026,35,35,0,53,66.04,66.04,0.0,35,0,1,False,False,False
South Africa,1997,17,15,0,52,32.69,28.85,0.0,17,0,1,False,False,False
South Africa,1998,27,14,0,53,50.94,26.42,0.0,27,0,1,False,False,False
South Africa,1999,46,23,0,52,88.46,44.23,0.0,46,0,1,True,False,False
South Africa,2000,38,35,0,52,73.08,67.31,0.0,38,0,1,False,False,False
South Africa,2001,31,31,0,52,59.62,59.62,0.0,31,0,1,False,False,False
South Africa,2002,34,34,0,52,65.38,65.38,0.0,34,0,1,False,False,False
South Africa,2003,35,35,0,52,67.31,67.31,0.0,35,0,1,False,False,False
South Africa,2004,30,30,0,53,56.6,56.6,0.0,30,0,1,False,False,False
South Africa,2005,38,38,0,52,73.08,73.08,0.0,38,0,1,False,False,False
South Africa,2006,31,31,0,52,59.62,59.62,0.0,31,0,1,False,False,False
South Africa,2007,52,52,0,52,100.0,100.0,0.0,52,0,1,True,True,False
South Africa,2008,48,48,0,52,92.31,92.31,0.0,48,0,1,True,True,False
South Africa,2009,53,53,0,53,100.0,100.0,0.0,53,0,1,True,True,False
South Africa,2010,52,52,0,52,100.0,100.0,0.0,52,0,1,True,True,False
South Africa,2011,52,52,0,52,100.0,100.0,0.0,52,0,1,True,True,False
South Africa,2012,52,52,0,52,100.0,100.0,0.0,52,0,1,True,True,False
South Africa,2013,52,52,0,52,100.0,100.0,0.0,52,0,1,True,True,False
South Africa,2014,52,52,0,52,100.0,100.0,0.0,52,0,1,True,True,False
South Africa,2015,50,50,0,53,94.34,94.34,0.0,50,0,1,True,True,False
South Africa,2016,51,51,51,52,98.08,98.08,98.08,51,0,1,True,True,True
South Africa,2017,48,48,48,52,92.31,92.31,92.31,48,0,1,True,True,True
South Africa,2018,52,52,52,52,100.0,100.0,100.0,52,0,1,True,True,True
South Africa,2019,52,52,52,52,100.0,100.0,100.0,52,0,1,True,True,True
South Africa,2020,53,53,53,53,100.0,100.0,100.0,53,0,1,True,True,True
South Africa,2021,52,52,52,52,100.0,100.0,100.0,52,0,1,True,True,True
South Africa,2022,52,52,52,52,100.0,100.0,100.0,52,0,1,True,True,True
South Africa,2023,52,52,52,52,100.0,100.0,100.0,52,0,1,True,True,True
South Africa,2024,52,52,52,52,100.0,100.0,100.0,52,0,1,True,True,True
South Africa,2025,52,52,52,52,100.0,100.0,100.0,52,0,1,True,True,True
South Africa,2026,38,38,38,53,71.7,71.7,71.7,38,0,1,False,False,False
South Sudan,2019,36,36,0,52,69.23,69.23,0.0,36,0,1,False,False,False
South Sudan,2021,17,17,0,52,32.69,32.69,0.0,17,0,1,False,False,False
South Sudan,2022,47,47,0,52,90.38,90.38,0.0,47,0,1,True,True,False
South Sudan,2023,52,52,0,52,100.0,100.0,0.0,52,0,1,True,True,False
South Sudan,2024,52,52,0,52,100.0,100.0,0.0,52,0,1,True,True,False
South Sudan,2025,52,52,0,52,100.0,100.0,0.0,52,0,1,True,True,False
South Sudan,2026,35,35,0,53,66.04,66.04,0.0,35,0,1,False,False,False
Spain,1997,11,6,0,52,21.15,11.54,0.0,11,0,1,False,False,False
Spain,1998,23,20,0,53,43.4,37.74,0.0,23,0,1,False,False,False
Spain,1999,18,10,0,52,34.62,19.23,0.0,18,0,1,False,False,False
Spain,2000,18,17,0,52,34.62,32.69,0.0,18,0,1,False,False,False
Spain,2001,17,17,0,52,32.69,32.69,0.0,17,0,1,False,False,False
Spain,2002,19,18,0,52,36.54,34.62,0.0,19,0,1,False,False,False
Spain,2003,16,16,0,52,30.77,30.77,0.0,16,0,1,False,False,False
Spain,2005,12,12,0,52,23.08,23.08,0.0,12,0,1,False,False,False
Spain,2006,10,10,0,52,19.23,19.23,0.0,10,0,1,False,False,False
Spain,2007,13,13,0,52,25.0,25.0,0.0,13,0,1,False,False,False
Spain,2008,8,8,0,52,15.38,15.38,0.0,8,0,1,False,False,False
Spain,2009,33,33,0,53,62.26,62.26,0.0,33,0,1,False,False,False
Spain,2010,51,51,0,52,98.08,98.08,0.0,51,0,1,True,True,False
Spain,2011,48,48,0,52,92.31,92.31,0.0,48,0,1,True,True,False
Spain,2012,52,52,13,52,100.0,100.0,25.0,52,0,1,True,True,False
Spain,2013,52,52,52,52,100.0,100.0,100.0,52,13,2,True,True,True
Spain,2014,52,52,52,52,100.0,100.0,100.0,52,52,2,True,True,True
Spain,2015,27,27,27,53,50.94,50.94,50.94,27,0,1,False,False,False
Spain,2016,38,38,38,52,73.08,73.08,73.08,38,38,2,False,False,False
Spain,2017,52,52,52,52,100.0,100.0,100.0,52,52,2,True,True,True
Spain,2018,52,52,52,52,100.0,100.0,100.0,52,52,2,True,True,True
Spain,2019,52,52,52,52,100.0,100.0,100.0,52,52,2,True,True,True
Spain,2020,53,53,53,53,100.0,100.0,100.0,53,44,2,True,True,True
Spain,2021,52,52,52,52,100.0,100.0,100.0,52,52,2,True,True,True
Spain,2022,52,52,52,52,100.0,100.0,100.0,52,52,2,True,True,True
Spain,2023,52,52,52,52,100.0,100.0,100.0,52,52,2,True,True,True
Spain,2024,52,52,52,52,100.0,100.0,100.0,52,52,2,True,True,True
Spain,2025,52,52,52,52,100.0,100.0,100.0,52,52,2,True,True,True
Spain,2026,39,39,39,53,73.58,73.58,73.58,39,39,2,False,False,False
Sri Lanka,1998,17,1,0,53,32.08,1.89,0.0,17,0,1,False,False,False
Sri Lanka,2006,28,28,0,52,53.85,53.85,0.0,28,0,1,False,False,False
Sri Lanka,2007,52,52,0,52,100.0,100.0,0.0,52,0,1,True,True,False
Sri Lanka,2008,52,52,0,52,100.0,100.0,0.0,52,0,1,True,True,False
Sri Lanka,2009,47,47,0,53,88.68,88.68,0.0,47,0,1,True,True,False
Sri Lanka,2010,52,52,0,52,100.0,100.0,0.0,52,0,1,True,True,False
Sri Lanka,2011,52,52,0,52,100.0,100.0,0.0,52,0,1,True,True,False
Sri Lanka,2012,52,52,0,52,100.0,100.0,0.0,52,0,1,True,True,False
Sri Lanka,2013,52,52,0,52,100.0,100.0,0.0,52,0,1,True,True,False
Sri Lanka,2014,52,52,0,52,100.0,100.0,0.0,52,0,1,True,True,False
Sri Lanka,2015,53,53,0,53,100.0,100.0,0.0,53,0,1,True,True,False
Sri Lanka,2016,52,52,6,52,100.0,100.0,11.54,52,0,1,True,True,False
Sri Lanka,2017,52,51,0,52,100.0,98.08,0.0,52,0,1,True,True,False
Sri Lanka,2018,52,31,0,52,100.0,59.62,0.0,52,0,1,True,False,False
Sri Lanka,2019,52,52,0,52,100.0,100.0,0.0,52,0,1,True,True,False
Sri Lanka,2020,39,39,0,53,73.58,73.58,0.0,39,0,1,False,False,False
Sri Lanka,2021,39,39,0,52,75.0,75.0,0.0,39,0,1,False,False,False
Sri Lanka,2022,52,52,0,52,100.0,100.0,0.0,52,0,1,True,True,False
Sri Lanka,2023,52,52,14,52,100.0,100.0,26.92,52,0,1,True,True,False
Sri Lanka,2024,52,52,52,52,100.0,100.0,100.0,52,0,1,True,True,True
Sri Lanka,2025,52,52,52,52,100.0,100.0,100.0,52,0,1,True,True,True
Sri Lanka,2026,38,38,38,53,71.7,71.7,71.7,38,0,1,False,False,False
Sudan,2009,21,21,0,53,39.62,39.62,0.0,21,0,1,False,False,False
Sudan,2023,13,13,0,52,25.0,25.0,0.0,13,0,1,False,False,False
Sudan,2024,7,7,0,52,13.46,13.46,0.0,7,0,1,False,False,False
Sudan,2025,9,9,1,52,17.31,17.31,1.92,9,0,1,False,False,False
Sudan,2026,31,31,2,53,58.49,58.49,3.77,31,0,1,False,False,False
Suriname,2009,36,36,0,53,67.92,67.92,0.0,36,0,1,False,False,False
Suriname,2015,52,52,52,53,98.11,98.11,98.11,52,0,1,True,True,True
Suriname,2016,52,52,52,52,100.0,100.0,100.0,52,0,1,True,True,True
Suriname,2017,52,52,47,52,100.0,100.0,90.38,52,0,1,True,True,True
Suriname,2018,51,51,51,52,98.08,98.08,98.08,51,0,1,True,True,True
Suriname,2019,50,50,50,52,96.15,96.15,96.15,50,0,1,True,True,True
Suriname,2020,53,53,53,53,100.0,100.0,100.0,53,0,1,True,True,True
Suriname,2021,52,52,52,52,100.0,100.0,100.0,52,0,1,True,True,True
Suriname,2022,52,52,52,52,100.0,100.0,100.0,52,52,2,True,True,True
Suriname,2023,52,52,52,52,100.0,100.0,100.0,52,52,2,True,True,True
Suriname,2024,52,52,52,52,100.0,100.0,100.0,52,52,2,True,True,True
Suriname,2025,49,49,49,52,94.23,94.23,94.23,49,9,2,True,True,True
Suriname,2026,34,34,34,53,64.15,64.15,64.15,34,0,1,False,False,False
Sweden,1997,18,17,0,52,34.62,32.69,0.0,18,0,1,False,False,False
Sweden,1998,33,24,0,53,62.26,45.28,0.0,33,0,1,False,False,False
Sweden,1999,22,22,0,52,42.31,42.31,0.0,22,0,1,False,False,False
Sweden,2000,19,10,0,52,36.54,19.23,0.0,19,0,1,False,False,False
Sweden,2001,27,12,0,52,51.92,23.08,0.0,27,0,1,False,False,False
Sweden,2002,11,0,0,52,21.15,0.0,0.0,11,0,1,False,False,False
Sweden,2003,11,11,0,52,21.15,21.15,0.0,11,0,1,False,False,False
Sweden,2004,23,23,0,53,43.4,43.4,0.0,23,0,1,False,False,False
Sweden,2005,29,29,0,52,55.77,55.77,0.0,29,0,1,False,False,False
Sweden,2006,36,36,0,52,69.23,69.23,0.0,36,0,1,False,False,False
Sweden,2007,31,31,0,52,59.62,59.62,0.0,31,0,1,False,False,False
Sweden,2008,35,35,0,52,67.31,67.31,0.0,35,0,1,False,False,False
Sweden,2009,52,52,0,53,98.11,98.11,0.0,52,0,1,True,True,False
Sweden,2010,52,52,0,52,100.0,100.0,0.0,52,0,1,True,True,False
Sweden,2011,50,50,0,52,96.15,96.15,0.0,50,0,1,True,True,False
Sweden,2012,52,52,13,52,100.0,100.0,25.0,52,0,1,True,True,False
Sweden,2013,52,52,52,52,100.0,100.0,100.0,52,13,2,True,True,True
Sweden,2014,34,34,32,52,65.38,65.38,61.54,34,32,2,False,False,False
Sweden,2015,52,52,52,53,98.11,98.11,98.11,52,52,2,True,True,True
Sweden,2016,52,52,52,52,100.0,100.0,100.0,52,52,2,True,True,True
Sweden,2017,52,52,52,52,100.0,100.0,100.0,52,52,2,True,True,True
Sweden,2018,52,52,52,52,100.0,100.0,100.0,52,52,2,True,True,True
Sweden,2019,52,52,52,52,100.0,100.0,100.0,52,52,2,True,True,True
Sweden,2020,53,53,53,53,100.0,100.0,100.0,53,53,2,True,True,True
Sweden,2021,52,52,52,52,100.0,100.0,100.0,52,52,2,True,True,True
Sweden,2022,52,52,52,52,100.0,100.0,100.0,52,52,2,True,True,True
Sweden,2023,52,52,52,52,100.0,100.0,100.0,52,52,2,True,True,True
Sweden,2024,52,52,36,52,100.0,100.0,69.23,52,36,2,True,True,False
Sweden,2025,52,52,33,52,100.0,100.0,63.46,52,33,2,True,True,False
Sweden,2026,39,39,20,53,73.58,73.58,37.74,39,20,2,False,False,False
Switzerland,1995,24,24,0,52,46.15,46.15,0.0,24,0,1,False,False,False
Switzerland,1996,27,27,0,52,51.92,51.92,0.0,27,0,1,False,False,False
Switzerland,1997,52,29,0,52,100.0,55.77,0.0,52,0,1,True,False,False
Switzerland,1998,53,50,0,53,100.0,94.34,0.0,53,0,1,True,True,False
Switzerland,1999,33,29,0,52,63.46,55.77,0.0,33,0,1,False,False,False
Switzerland,2000,33,33,0,52,63.46,63.46,0.0,33,0,1,False,False,False
Switzerland,2001,30,29,0,52,57.69,55.77,0.0,30,0,1,False,False,False
Switzerland,2002,27,27,0,52,51.92,51.92,0.0,27,0,1,False,False,False
Switzerland,2003,30,30,0,52,57.69,57.69,0.0,30,0,1,False,False,False
Switzerland,2004,27,27,0,53,50.94,50.94,0.0,27,0,1,False,False,False
Switzerland,2005,29,29,0,52,55.77,55.77,0.0,29,0,1,False,False,False
Switzerland,2006,28,28,0,52,53.85,53.85,0.0,28,0,1,False,False,False
Switzerland,2007,26,26,0,52,50.0,50.0,0.0,26,0,1,False,False,False
Switzerland,2008,47,47,0,52,90.38,90.38,0.0,47,0,1,True,True,False
Switzerland,2009,53,52,0,53,100.0,98.11,0.0,53,0,1,True,True,False
Switzerland,2010,52,52,1,52,100.0,100.0,1.92,52,0,1,True,True,False
Switzerland,2011,52,52,52,52,100.0,100.0,100.0,52,0,1,True,True,True
Switzerland,2012,52,52,52,52,100.0,100.0,100.0,52,0,1,True,True,True
Switzerland,2013,52,52,52,52,100.0,100.0,100.0,52,13,2,True,True,True
Switzerland,2014,30,30,29,52,57.69,57.69,55.77,30,29,2,False,False,False
Switzerland,2015,30,30,30,53,56.6,56.6,56.6,30,30,2,False,False,False
Switzerland,2016,29,29,29,52,55.77,55.77,55.77,29,29,2,False,False,False
Switzerland,2017,29,29,29,52,55.77,55.77,55.77,29,29,2,False,False,False
Switzerland,2018,33,33,33,52,63.46,63.46,63.46,33,33,2,False,False,False
Switzerland,2019,33,33,33,52,63.46,63.46,63.46,33,33,2,False,False,False
Switzerland,2020,46,46,46,53,86.79,86.79,86.79,46,31,2,True,True,True
Switzerland,2021,52,52,52,52,100.0,100.0,100.0,52,52,2,True,True,True
Switzerland,2022,52,52,52,52,100.0,100.0,100.0,52,52,2,True,True,True
Switzerland,2023,52,52,52,52,100.0,100.0,100.0,52,52,2,True,True,True
Switzerland,2024,52,52,52,52,100.0,100.0,100.0,52,52,2,True,True,True
Switzerland,2025,52,52,52,52,100.0,100.0,100.0,52,52,2,True,True,True
Switzerland,2026,39,39,39,53,73.58,73.58,73.58,39,39,2,False,False,False
Syrian Arab Republic,2011,6,6,0,52,11.54,11.54,0.0,6,0,1,False,False,False
Syrian Arab Republic,2012,10,10,0,52,19.23,19.23,0.0,10,0,1,False,False,False
Syrian Arab Republic,2017,9,9,0,52,17.31,17.31,0.0,9,0,1,False,False,False
Syrian Arab Republic,2018,18,18,0,52,34.62,34.62,0.0,18,0,1,False,False,False
Syrian Arab Republic,2019,15,15,0,52,28.85,28.85,0.0,15,0,1,False,False,False
Syrian Arab Republic,2020,24,24,0,53,45.28,45.28,0.0,24,0,1,False,False,False
Syrian Arab Republic,2021,52,52,0,52,100.0,100.0,0.0,52,0,1,True,True,False
Syrian Arab Republic,2022,52,52,0,52,100.0,100.0,0.0,52,0,1,True,True,False
Syrian Arab Republic,2023,52,52,0,52,100.0,100.0,0.0,52,0,1,True,True,False
Syrian Arab Republic,2024,52,52,0,52,100.0,100.0,0.0,52,0,1,True,True,False
Syrian Arab Republic,2025,52,52,0,52,100.0,100.0,0.0,52,0,1,True,True,False
Syrian Arab Republic,2026,37,37,12,53,69.81,69.81,22.64,37,0,1,False,False,False
Tajikistan,2016,8,8,8,52,15.38,15.38,15.38,8,8,2,False,False,False
Tajikistan,2017,26,26,26,52,50.0,50.0,50.0,26,26,2,False,False,False
Tajikistan,2018,33,33,33,52,63.46,63.46,63.46,33,33,2,False,False,False
Tajikistan,2019,33,33,33,52,63.46,63.46,63.46,33,33,2,False,False,False
Tajikistan,2020,31,31,31,53,58.49,58.49,58.49,31,31,2,False,False,False
Tajikistan,2021,33,33,33,52,63.46,63.46,63.46,33,33,2,False,False,False
Tajikistan,2022,52,52,52,52,100.0,100.0,100.0,52,52,2,True,True,True
Tajikistan,2023,52,52,52,52,100.0,100.0,100.0,52,52,2,True,True,True
Tajikistan,2024,52,52,52,52,100.0,100.0,100.0,52,52,2,True,True,True
Tajikistan,2025,31,31,5,52,59.62,59.62,9.62,31,23,2,False,False,False
Tajikistan,2026,17,17,8,53,32.08,32.08,15.09,17,14,2,False,False,False
Thailand,1997,14,1,0,52,26.92,1.92,0.0,14,0,1,False,False,False
Thailand,1998,22,4,0,53,41.51,7.55,0.0,22,0,1,False,False,False
Thailand,1999,28,1,0,52,53.85,1.92,0.0,28,0,1,False,False,False
Thailand,2000,33,11,0,52,63.46,21.15,0.0,33,0,1,False,False,False
Thailand,2001,17,10,0,52,32.69,19.23,0.0,17,0,1,False,False,False
Thailand,2002,7,3,0,52,13.46,5.77,0.0,7,0,1,False,False,False
Thailand,2003,21,17,0,52,40.38,32.69,0.0,21,0,1,False,False,False
Thailand,2004,49,49,0,53,92.45,92.45,0.0,49,0,1,True,True,False
Thailand,2005,47,47,0,52,90.38,90.38,0.0,47,0,1,True,True,False
Thailand,2006,45,45,0,52,86.54,86.54,0.0,45,0,1,True,True,False
Thailand,2007,52,52,0,52,100.0,100.0,0.0,52,0,1,True,True,False
Thailand,2008,51,51,0,52,98.08,98.08,0.0,51,0,1,True,True,False
Thailand,2009,53,53,0,53,100.0,100.0,0.0,53,0,1,True,True,False
Thailand,2010,51,51,0,52,98.08,98.08,0.0,51,0,1,True,True,False
Thailand,2011,51,51,0,52,98.08,98.08,0.0,51,0,1,True,True,False
Thailand,2012,50,50,0,52,96.15,96.15,0.0,50,0,1,True,True,False
Thailand,2013,52,52,0,52,100.0,100.0,0.0,52,0,1,True,True,False
Thailand,2014,52,52,0,52,100.0,100.0,0.0,52,0,1,True,True,False
Thailand,2015,53,53,0,53,100.0,100.0,0.0,53,0,1,True,True,False
Thailand,2016,52,52,0,52,100.0,100.0,0.0,52,0,1,True,True,False
Thailand,2017,52,52,0,52,100.0,100.0,0.0,52,0,1,True,True,False
Thailand,2018,52,52,0,52,100.0,100.0,0.0,52,0,1,True,True,False
Thailand,2019,52,52,0,52,100.0,100.0,0.0,52,0,1,True,True,False
Thailand,2020,53,53,0,53,100.0,100.0,0.0,53,0,1,True,True,False
Thailand,2021,52,52,0,52,100.0,100.0,0.0,52,0,1,True,True,False
Thailand,2022,52,52,41,52,100.0,100.0,78.85,52,0,1,True,True,False
Thailand,2023,52,52,52,52,100.0,100.0,100.0,52,0,1,True,True,True
Thailand,2024,52,52,52,52,100.0,100.0,100.0,52,0,1,True,True,True
Thailand,2025,52,52,52,52,100.0,100.0,100.0,52,0,1,True,True,True
Thailand,2026,37,37,37,53,69.81,69.81,69.81,37,0,1,False,False,False
Timor-Leste,2016,6,6,0,52,11.54,11.54,0.0,6,0,1,False,False,False
Timor-Leste,2017,19,19,0,52,36.54,36.54,0.0,19,0,1,False,False,False
Timor-Leste,2018,52,52,0,52,100.0,100.0,0.0,52,0,1,True,True,False
Timor-Leste,2019,50,50,0,52,96.15,96.15,0.0,50,0,1,True,True,False
Timor-Leste,2020,53,53,0,53,100.0,100.0,0.0,53,0,1,True,True,False
Timor-Leste,2021,52,52,52,52,100.0,100.0,100.0,52,52,2,True,True,True
Timor-Leste,2022,49,49,49,52,94.23,94.23,94.23,49,49,3,True,True,True
Timor-Leste,2023,50,50,44,52,96.15,96.15,84.62,50,44,2,True,True,True
Timor-Leste,2024,52,52,52,52,100.0,100.0,100.0,52,7,2,True,True,True
Timor-Leste,2025,52,52,0,52,100.0,100.0,0.0,52,0,1,True,True,False
Timor-Leste,2026,37,37,37,53,69.81,69.81,69.81,37,0,1,False,False,False
Togo,2010,36,36,0,52,69.23,69.23,0.0,36,0,1,False,False,False
Togo,2011,52,52,0,52,100.0,100.0,0.0,52,0,1,True,True,False
Togo,2012,52,52,0,52,100.0,100.0,0.0,52,0,1,True,True,False
Togo,2013,52,52,0,52,100.0,100.0,0.0,52,0,1,True,True,False
Togo,2014,13,13,0,52,25.0,25.0,0.0,13,0,1,False,False,False
Togo,2015,52,52,0,53,98.11,98.11,0.0,52,0,1,True,True,False
Togo,2016,52,52,0,52,100.0,100.0,0.0,52,0,1,True,True,False
Togo,2017,52,52,0,52,100.0,100.0,0.0,52,0,1,True,True,False
Togo,2018,52,52,0,52,100.0,100.0,0.0,52,0,1,True,True,False
Togo,2019,52,52,0,52,100.0,100.0,0.0,52,0,1,True,True,False
Togo,2020,53,53,0,53,100.0,100.0,0.0,53,0,1,True,True,False
Togo,2021,52,52,0,52,100.0,100.0,0.0,52,0,1,True,True,False
Togo,2022,52,52,0,52,100.0,100.0,0.0,52,0,1,True,True,False
Togo,2023,52,52,0,52,100.0,100.0,0.0,52,0,1,True,True,False
Togo,2024,52,52,0,52,100.0,100.0,0.0,52,0,1,True,True,False
Togo,2025,52,52,0,52,100.0,100.0,0.0,52,0,1,True,True,False
Togo,2026,38,38,0,53,71.7,71.7,0.0,38,0,1,False,False,False
Tonga,2025,46,46,46,52,88.46,88.46,88.46,46,0,1,True,True,True
Trinidad and Tobago,2015,32,32,2,53,60.38,60.38,3.77,32,0,1,False,False,False
Trinidad and Tobago,2017,45,45,10,52,86.54,86.54,19.23,45,0,1,True,True,False
Trinidad and Tobago,2018,38,38,4,52,73.08,73.08,7.69,38,0,1,False,False,False
Trinidad and Tobago,2019,48,48,15,52,92.31,92.31,28.85,48,0,1,True,True,False
Trinidad and Tobago,2020,53,53,2,53,100.0,100.0,3.77,53,0,1,True,True,False
Trinidad and Tobago,2021,52,52,0,52,100.0,100.0,0.0,52,0,1,True,True,False
Trinidad and Tobago,2022,52,52,0,52,100.0,100.0,0.0,52,0,1,True,True,False
Trinidad and Tobago,2023,37,37,0,52,71.15,71.15,0.0,37,0,1,False,False,False
Trinidad and Tobago,2024,52,52,14,52,100.0,100.0,26.92,52,52,2,True,True,False
Tunisia,1997,11,0,0,52,21.15,0.0,0.0,11,0,1,False,False,False
Tunisia,1998,3,1,0,53,5.66,1.89,0.0,3,0,1,False,False,False
Tunisia,2000,4,1,0,52,7.69,1.92,0.0,4,0,1,False,False,False
Tunisia,2002,2,0,0,52,3.85,0.0,0.0,2,0,1,False,False,False
Tunisia,2003,2,2,0,52,3.85,3.85,0.0,2,0,1,False,False,False
Tunisia,2004,3,3,0,53,5.66,5.66,0.0,3,0,1,False,False,False
Tunisia,2005,23,23,0,52,44.23,44.23,0.0,23,0,1,False,False,False
Tunisia,2006,31,31,0,52,59.62,59.62,0.0,31,0,1,False,False,False
Tunisia,2007,27,27,0,52,51.92,51.92,0.0,27,0,1,False,False,False
Tunisia,2008,21,21,0,52,40.38,40.38,0.0,21,0,1,False,False,False
Tunisia,2009,42,42,0,53,79.25,79.25,0.0,42,0,1,False,False,False
Tunisia,2010,38,38,0,52,73.08,73.08,0.0,38,0,1,False,False,False
Tunisia,2011,31,31,0,52,59.62,59.62,0.0,31,0,1,False,False,False
Tunisia,2012,33,33,0,52,63.46,63.46,0.0,33,0,1,False,False,False
Tunisia,2013,31,31,0,52,59.62,59.62,0.0,31,0,1,False,False,False
Tunisia,2014,35,35,0,52,67.31,67.31,0.0,35,0,1,False,False,False
Tunisia,2015,35,35,0,53,66.04,66.04,0.0,35,0,1,False,False,False
Tunisia,2016,35,35,6,52,67.31,67.31,11.54,35,0,1,False,False,False
Tunisia,2017,34,34,30,52,65.38,65.38,57.69,34,0,1,False,False,False
Tunisia,2018,34,32,22,52,65.38,61.54,42.31,34,0,1,False,False,False
Tunisia,2019,30,30,0,52,57.69,57.69,0.0,30,0,1,False,False,False
Tunisia,2020,24,23,0,53,45.28,43.4,0.0,24,13,2,False,False,False
Tunisia,2021,31,31,0,52,59.62,59.62,0.0,31,31,2,False,False,False
Tunisia,2022,51,51,36,52,98.08,98.08,69.23,51,50,2,True,True,False
Tunisia,2023,52,52,32,52,100.0,100.0,61.54,52,51,2,True,True,False
Tunisia,2024,52,52,52,52,100.0,100.0,100.0,52,52,2,True,True,True
Tunisia,2025,52,52,52,52,100.0,100.0,100.0,52,52,2,True,True,True
Tunisia,2026,39,39,39,53,73.58,73.58,73.58,39,36,2,False,False,False
Turkmenistan,2016,8,8,8,52,15.38,15.38,15.38,8,8,2,False,False,False
Turkmenistan,2018,14,14,14,52,26.92,26.92,26.92,14,14,2,False,False,False
Turkmenistan,2019,33,33,33,52,63.46,63.46,63.46,33,33,2,False,False,False
Turkmenistan,2020,41,41,41,53,77.36,77.36,77.36,41,26,2,False,False,False
Turkmenistan,2021,15,15,15,52,28.85,28.85,28.85,15,15,2,False,False,False
Turkmenistan,2022,13,13,13,52,25.0,25.0,25.0,13,13,2,False,False,False
Turkmenistan,2023,35,35,35,52,67.31,67.31,67.31,35,35,2,False,False,False
Turkmenistan,2024,20,20,20,52,38.46,38.46,38.46,20,13,2,False,False,False
Turkmenistan,2025,1,1,1,52,1.92,1.92,1.92,1,1,2,False,False,False
Turkmenistan,2026,31,31,31,53,58.49,58.49,58.49,31,31,2,False,False,False
Turks and Caicos Islands,2018,2,2,0,52,3.85,3.85,0.0,2,0,1,False,False,False
Turks and Caicos Islands,2019,8,8,0,52,15.38,15.38,0.0,8,0,1,False,False,False
Turks and Caicos Islands,2020,53,53,0,53,100.0,100.0,0.0,53,0,1,True,True,False
Turks and Caicos Islands,2021,52,52,0,52,100.0,100.0,0.0,52,0,1,True,True,False
Turks and Caicos Islands,2022,52,52,0,52,100.0,100.0,0.0,52,0,1,True,True,False
Turks and Caicos Islands,2023,37,37,0,52,71.15,71.15,0.0,37,0,1,False,False,False
Tuvalu,2025,49,7,7,52,94.23,13.46,13.46,49,0,1,True,False,False
Türkiye,1999,6,4,0,52,11.54,7.69,0.0,6,0,1,False,False,False
Türkiye,2004,4,4,0,53,7.55,7.55,0.0,4,0,1,False,False,False
Türkiye,2005,14,14,0,52,26.92,26.92,0.0,14,0,1,False,False,False
Türkiye,2006,38,38,0,52,73.08,73.08,0.0,38,0,1,False,False,False
Türkiye,2007,9,9,0,52,17.31,17.31,0.0,9,0,1,False,False,False
Türkiye,2008,10,10,0,52,19.23,19.23,0.0,10,0,1,False,False,False
Türkiye,2009,42,42,0,53,79.25,79.25,0.0,42,0,1,False,False,False
Türkiye,2010,29,29,1,52,55.77,55.77,1.92,29,0,1,False,False,False
Türkiye,2011,52,52,52,52,100.0,100.0,100.0,52,0,1,True,True,True
Türkiye,2012,51,51,51,52,98.08,98.08,98.08,51,0,1,True,True,True
Türkiye,2013,52,52,52,52,100.0,100.0,100.0,52,13,3,True,True,True
Türkiye,2014,30,30,28,52,57.69,57.69,53.85,30,28,3,False,False,False
Türkiye,2015,41,41,41,53,77.36,77.36,77.36,41,41,2,False,False,False
Türkiye,2016,33,33,33,52,63.46,63.46,63.46,33,33,2,False,False,False
Türkiye,2017,51,51,51,52,98.08,98.08,98.08,51,51,2,True,True,True
Türkiye,2018,34,34,34,52,65.38,65.38,65.38,34,34,2,False,False,False
Türkiye,2019,33,33,33,52,63.46,63.46,63.46,33,33,2,False,False,False
Türkiye,2020,34,34,34,53,64.15,64.15,64.15,34,19,2,False,False,False
Türkiye,2021,52,52,52,52,100.0,100.0,100.0,52,39,2,True,True,True
Türkiye,2022,52,52,52,52,100.0,100.0,100.0,52,33,2,True,True,True
Türkiye,2023,52,52,52,52,100.0,100.0,100.0,52,52,2,True,True,True
Türkiye,2024,50,50,50,52,96.15,96.15,96.15,50,50,2,True,True,True
Türkiye,2025,51,51,51,52,98.08,98.08,98.08,51,51,2,True,True,True
Türkiye,2026,37,37,37,53,69.81,69.81,69.81,37,19,2,False,False,False
Uganda,2006,7,7,0,52,13.46,13.46,0.0,7,0,1,False,False,False
Uganda,2007,43,43,0,52,82.69,82.69,0.0,43,0,1,True,True,False
Uganda,2008,26,26,0,52,50.0,50.0,0.0,26,0,1,False,False,False
Uganda,2009,21,21,0,53,39.62,39.62,0.0,21,0,1,False,False,False
Uganda,2010,51,51,0,52,98.08,98.08,0.0,51,0,1,True,True,False
Uganda,2011,52,52,0,52,100.0,100.0,0.0,52,0,1,True,True,False
Uganda,2012,50,50,0,52,96.15,96.15,0.0,50,0,1,True,True,False
Uganda,2013,46,46,0,52,88.46,88.46,0.0,46,0,1,True,True,False
Uganda,2014,44,44,0,52,84.62,84.62,0.0,44,0,1,True,True,False
Uganda,2015,46,46,0,53,86.79,86.79,0.0,46,0,1,True,True,False
Uganda,2016,40,40,0,52,76.92,76.92,0.0,40,0,1,False,False,False
Uganda,2017,51,51,0,52,98.08,98.08,0.0,51,0,1,True,True,False
Uganda,2018,51,51,0,52,98.08,98.08,0.0,51,0,1,True,True,False
Uganda,2019,51,51,0,52,98.08,98.08,0.0,51,0,1,True,True,False
Uganda,2020,53,53,53,53,100.0,100.0,100.0,53,0,1,True,True,True
Uganda,2021,52,52,52,52,100.0,100.0,100.0,52,0,1,True,True,True
Uganda,2022,52,52,52,52,100.0,100.0,100.0,52,0,1,True,True,True
Uganda,2023,52,52,52,52,100.0,100.0,100.0,52,0,1,True,True,True
Uganda,2024,52,52,52,52,100.0,100.0,100.0,52,0,1,True,True,True
Uganda,2025,52,52,52,52,100.0,100.0,100.0,52,0,1,True,True,True
Uganda,2026,38,38,38,53,71.7,71.7,71.7,38,0,1,False,False,False
Ukraine,2006,7,7,0,52,13.46,13.46,0.0,7,0,1,False,False,False
Ukraine,2007,29,29,0,52,55.77,55.77,0.0,29,0,1,False,False,False
Ukraine,2008,29,29,0,52,55.77,55.77,0.0,29,0,1,False,False,False
Ukraine,2009,53,53,0,53,100.0,100.0,0.0,53,0,1,True,True,False
Ukraine,2010,42,42,1,52,80.77,80.77,1.92,42,0,1,True,True,False
Ukraine,2011,51,51,51,52,98.08,98.08,98.08,51,0,1,True,True,True
Ukraine,2012,52,52,52,52,100.0,100.0,100.0,52,0,1,True,True,True
Ukraine,2013,52,52,52,52,100.0,100.0,100.0,52,13,2,True,True,True
Ukraine,2014,34,34,34,52,65.38,65.38,65.38,34,33,2,False,False,False
Ukraine,2015,52,52,52,53,98.11,98.11,98.11,52,52,2,True,True,True
Ukraine,2016,51,51,51,52,98.08,98.08,98.08,51,51,2,True,True,True
Ukraine,2017,51,51,51,52,98.08,98.08,98.08,51,51,2,True,True,True
Ukraine,2018,52,52,52,52,100.0,100.0,100.0,52,52,2,True,True,True
Ukraine,2019,52,52,52,52,100.0,100.0,100.0,52,52,2,True,True,True
Ukraine,2020,53,53,53,53,100.0,100.0,100.0,53,50,2,True,True,True
Ukraine,2021,52,52,52,52,100.0,100.0,100.0,52,51,2,True,True,True
Ukraine,2022,52,52,52,52,100.0,100.0,100.0,52,52,2,True,True,True
Ukraine,2023,52,52,52,52,100.0,100.0,100.0,52,52,2,True,True,True
Ukraine,2024,52,52,52,52,100.0,100.0,100.0,52,52,2,True,True,True
Ukraine,2025,52,52,52,52,100.0,100.0,100.0,52,52,2,True,True,True
Ukraine,2026,38,38,38,53,71.7,71.7,71.7,38,38,2,False,False,False
United Arab Emirates,2020,53,53,48,53,100.0,100.0,90.57,53,0,1,True,True,True
United Arab Emirates,2021,51,51,51,52,98.08,98.08,98.08,51,0,1,True,True,True
United Arab Emirates,2022,51,51,50,52,98.08,98.08,96.15,51,0,1,True,True,True
United Arab Emirates,2023,51,51,51,52,98.08,98.08,98.08,51,34,2,True,True,True
United Arab Emirates,2024,52,52,52,52,100.0,100.0,100.0,52,52,2,True,True,True
United Arab Emirates,2025,52,52,52,52,100.0,100.0,100.0,52,52,2,True,True,True
United Arab Emirates,2026,38,38,38,53,71.7,71.7,71.7,38,37,2,False,False,False
"United Kingdom, England",1997,31,28,0,52,59.62,53.85,0.0,31,0,1,False,False,False
"United Kingdom, England",1998,44,39,0,53,83.02,73.58,0.0,44,0,1,True,False,False
"United Kingdom, England",1999,52,51,0,52,100.0,98.08,0.0,52,0,1,True,True,False
"United Kingdom, England",2000,42,42,0,52,80.77,80.77,0.0,42,0,1,True,True,False
"United Kingdom, England",2001,26,23,0,52,50.0,44.23,0.0,26,0,1,False,False,False
"United Kingdom, England",2002,25,17,0,52,48.08,32.69,0.0,25,0,1,False,False,False
"United Kingdom, England",2003,52,52,0,52,100.0,100.0,0.0,52,0,1,True,True,False
"United Kingdom, England",2004,53,53,0,53,100.0,100.0,0.0,53,0,1,True,True,False
"United Kingdom, England",2005,52,52,0,52,100.0,100.0,0.0,52,0,1,True,True,False
"United Kingdom, England",2006,36,36,0,52,69.23,69.23,0.0,36,0,1,False,False,False
"United Kingdom, England",2007,52,52,0,52,100.0,100.0,0.0,52,0,1,True,True,False
"United Kingdom, England",2008,35,35,0,52,67.31,67.31,0.0,35,0,1,False,False,False
"United Kingdom, England",2009,52,52,0,53,98.11,98.11,0.0,52,0,1,True,True,False
"United Kingdom, England",2010,52,52,0,52,100.0,100.0,0.0,52,0,1,True,True,False
"United Kingdom, England",2011,52,52,0,52,100.0,100.0,0.0,52,0,1,True,True,False
"United Kingdom, England",2012,52,52,13,52,100.0,100.0,25.0,52,0,1,True,True,False
"United Kingdom, England",2013,49,49,49,52,94.23,94.23,94.23,49,13,2,True,True,True
"United Kingdom, England",2014,33,33,32,52,63.46,63.46,61.54,33,31,2,False,False,False
"United Kingdom, England",2015,15,15,15,53,28.3,28.3,28.3,15,14,2,False,False,False
"United Kingdom, England",2016,35,35,35,52,67.31,67.31,67.31,35,35,2,False,False,False
"United Kingdom, England",2017,33,33,33,52,63.46,63.46,63.46,33,33,2,False,False,False
"United Kingdom, England",2018,35,35,35,52,67.31,67.31,67.31,35,33,2,False,False,False
"United Kingdom, England",2019,29,29,29,52,55.77,55.77,55.77,29,29,2,False,False,False
"United Kingdom, England",2020,49,49,49,53,92.45,92.45,92.45,49,34,2,True,True,True
"United Kingdom, England",2021,52,52,52,52,100.0,100.0,100.0,52,52,2,True,True,True
"United Kingdom, England",2022,52,52,52,52,100.0,100.0,100.0,52,52,2,True,True,True
"United Kingdom, England",2023,52,52,52,52,100.0,100.0,100.0,52,51,2,True,True,True
"United Kingdom, England",2024,52,52,52,52,100.0,100.0,100.0,52,52,2,True,True,True
"United Kingdom, England",2025,52,52,52,52,100.0,100.0,100.0,52,0,1,True,True,True
"United Kingdom, England",2026,38,38,38,53,71.7,71.7,71.7,38,19,2,False,False,False
"United Kingdom, Northern Ireland",1997,1,1,0,52,1.92,1.92,0.0,1,0,1,False,False,False
"United Kingdom, Northern Ireland",1998,3,0,0,53,5.66,0.0,0.0,3,0,1,False,False,False
"United Kingdom, Northern Ireland",1999,1,0,0,52,1.92,0.0,0.0,1,0,1,False,False,False
"United Kingdom, Northern Ireland",2000,1,0,0,52,1.92,0.0,0.0,1,0,1,False,False,False
"United Kingdom, Northern Ireland",2009,37,37,0,53,69.81,69.81,0.0,37,0,1,False,False,False
"United Kingdom, Northern Ireland",2010,51,51,0,52,98.08,98.08,0.0,51,0,1,True,True,False
"United Kingdom, Northern Ireland",2011,49,49,0,52,94.23,94.23,0.0,49,0,1,True,True,False
"United Kingdom, Northern Ireland",2012,49,49,14,52,94.23,94.23,26.92,49,0,1,True,True,False
"United Kingdom, Northern Ireland",2013,49,49,49,52,94.23,94.23,94.23,49,12,2,True,True,True
"United Kingdom, Northern Ireland",2014,52,52,51,52,100.0,100.0,98.08,52,51,2,True,True,True
"United Kingdom, Northern Ireland",2015,52,52,52,53,98.11,98.11,98.11,52,52,2,True,True,True
"United Kingdom, Northern Ireland",2016,52,52,52,52,100.0,100.0,100.0,52,52,2,True,True,True
"United Kingdom, Northern Ireland",2017,52,52,52,52,100.0,100.0,100.0,52,52,2,True,True,True
"United Kingdom, Northern Ireland",2018,52,52,52,52,100.0,100.0,100.0,52,52,2,True,True,True
"United Kingdom, Northern Ireland",2019,52,52,52,52,100.0,100.0,100.0,52,52,2,True,True,True
"United Kingdom, Northern Ireland",2020,53,53,53,53,100.0,100.0,100.0,53,53,2,True,True,True
"United Kingdom, Northern Ireland",2021,52,52,52,52,100.0,100.0,100.0,52,52,2,True,True,True
"United Kingdom, Northern Ireland",2022,52,52,52,52,100.0,100.0,100.0,52,52,2,True,True,True
"United Kingdom, Northern Ireland",2023,52,52,52,52,100.0,100.0,100.0,52,52,2,True,True,True
"United Kingdom, Northern Ireland",2024,52,52,52,52,100.0,100.0,100.0,52,52,2,True,True,True
"United Kingdom, Northern Ireland",2025,52,52,52,52,100.0,100.0,100.0,52,52,2,True,True,True
"United Kingdom, Northern Ireland",2026,39,39,39,53,73.58,73.58,73.58,39,39,2,False,False,False
"United Kingdom, Scotland",1997,7,3,0,52,13.46,5.77,0.0,7,0,1,False,False,False
"United Kingdom, Scotland",1998,23,2,0,53,43.4,3.77,0.0,23,0,1,False,False,False
"United Kingdom, Scotland",1999,24,3,0,52,46.15,5.77,0.0,24,0,1,False,False,False
"United Kingdom, Scotland",2000,21,8,0,52,40.38,15.38,0.0,21,0,1,False,False,False
"United Kingdom, Scotland",2001,17,2,0,52,32.69,3.85,0.0,17,0,1,False,False,False
"United Kingdom, Scotland",2002,1,1,0,52,1.92,1.92,0.0,1,0,1,False,False,False
"United Kingdom, Scotland",2010,18,18,0,52,34.62,34.62,0.0,18,0,1,False,False,False
"United Kingdom, Scotland",2011,41,41,0,52,78.85,78.85,0.0,41,0,1,False,False,False
"United Kingdom, Scotland",2012,51,51,13,52,98.08,98.08,25.0,51,0,1,True,True,False
"United Kingdom, Scotland",2013,52,52,52,52,100.0,100.0,100.0,52,13,2,True,True,True
"United Kingdom, Scotland",2014,49,49,48,52,94.23,94.23,92.31,49,48,2,True,True,True
"United Kingdom, Scotland",2015,53,53,53,53,100.0,100.0,100.0,53,53,2,True,True,True
"United Kingdom, Scotland",2016,52,52,52,52,100.0,100.0,100.0,52,52,2,True,True,True
"United Kingdom, Scotland",2017,35,35,35,52,67.31,67.31,67.31,35,35,2,False,False,False
"United Kingdom, Scotland",2018,52,52,52,52,100.0,100.0,100.0,52,32,2,True,True,True
"United Kingdom, Scotland",2019,52,52,52,52,100.0,100.0,100.0,52,52,2,True,True,True
"United Kingdom, Scotland",2020,53,53,53,53,100.0,100.0,100.0,53,52,2,True,True,True
"United Kingdom, Scotland",2021,52,52,52,52,100.0,100.0,100.0,52,52,2,True,True,True
"United Kingdom, Scotland",2022,52,52,52,52,100.0,100.0,100.0,52,52,2,True,True,True
"United Kingdom, Scotland",2023,52,52,52,52,100.0,100.0,100.0,52,52,2,True,True,True
"United Kingdom, Scotland",2024,52,52,52,52,100.0,100.0,100.0,52,52,2,True,True,True
"United Kingdom, Scotland",2025,52,52,52,52,100.0,100.0,100.0,52,52,2,True,True,True
"United Kingdom, Scotland",2026,39,39,39,53,73.58,73.58,73.58,39,38,2,False,False,False
"United Kingdom, Wales",2012,13,13,13,52,25.0,25.0,25.0,13,0,1,False,False,False
"United Kingdom, Wales",2013,50,50,50,52,96.15,96.15,96.15,50,11,2,True,True,True
"United Kingdom, Wales",2014,50,50,48,52,96.15,96.15,92.31,50,48,2,True,True,True
"United Kingdom, Wales",2015,52,52,52,53,98.11,98.11,98.11,52,52,2,True,True,True
"United Kingdom, Wales",2016,51,51,51,52,98.08,98.08,98.08,51,51,2,True,True,True
"United Kingdom, Wales",2017,52,52,52,52,100.0,100.0,100.0,52,52,2,True,True,True
"United Kingdom, Wales",2018,52,52,52,52,100.0,100.0,100.0,52,52,2,True,True,True
"United Kingdom, Wales",2019,52,52,52,52,100.0,100.0,100.0,52,52,2,True,True,True
"United Kingdom, Wales",2020,53,53,53,53,100.0,100.0,100.0,53,53,2,True,True,True
"United Kingdom, Wales",2021,52,52,52,52,100.0,100.0,100.0,52,52,2,True,True,True
"United Kingdom, Wales",2022,50,50,50,52,96.15,96.15,96.15,50,49,2,True,True,True
"United Kingdom, Wales",2023,47,47,47,52,90.38,90.38,90.38,47,45,2,True,True,True
"United Kingdom, Wales",2024,52,52,52,52,100.0,100.0,100.0,52,52,2,True,True,True
"United Kingdom, Wales",2025,52,52,52,52,100.0,100.0,100.0,52,52,2,True,True,True
"United Kingdom, Wales",2026,37,37,37,53,69.81,69.81,69.81,37,37,2,False,False,False
United Republic of Tanzania,2009,16,16,0,53,30.19,30.19,0.0,16,0,1,False,False,False
United Republic of Tanzania,2010,52,52,0,52,100.0,100.0,0.0,52,0,1,True,True,False
United Republic of Tanzania,2011,52,52,0,52,100.0,100.0,0.0,52,0,1,True,True,False
United Republic of Tanzania,2012,51,51,0,52,98.08,98.08,0.0,51,0,1,True,True,False
United Republic of Tanzania,2013,52,52,0,52,100.0,100.0,0.0,52,0,1,True,True,False
United Republic of Tanzania,2014,52,52,0,52,100.0,100.0,0.0,52,0,1,True,True,False
United Republic of Tanzania,2015,53,53,0,53,100.0,100.0,0.0,53,0,1,True,True,False
United Republic of Tanzania,2016,52,52,0,52,100.0,100.0,0.0,52,0,1,True,True,False
United Republic of Tanzania,2017,52,52,0,52,100.0,100.0,0.0,52,0,1,True,True,False
United Republic of Tanzania,2018,52,52,0,52,100.0,100.0,0.0,52,0,1,True,True,False
United Republic of Tanzania,2019,52,52,0,52,100.0,100.0,0.0,52,0,1,True,True,False
United Republic of Tanzania,2020,42,42,0,53,79.25,79.25,0.0,42,0,1,False,False,False
United Republic of Tanzania,2021,50,50,0,52,96.15,96.15,0.0,50,0,1,True,True,False
United Republic of Tanzania,2022,52,52,0,52,100.0,100.0,0.0,52,0,1,True,True,False
United Republic of Tanzania,2023,52,52,0,52,100.0,100.0,0.0,52,0,1,True,True,False
United Republic of Tanzania,2024,52,52,0,52,100.0,100.0,0.0,52,0,1,True,True,False
United Republic of Tanzania,2025,51,51,0,52,98.08,98.08,0.0,51,0,1,True,True,False
United Republic of Tanzania,2026,38,38,0,53,71.7,71.7,0.0,38,0,1,False,False,False
United States of America,1997,25,18,0,52,48.08,34.62,0.0,25,0,1,False,False,False
United States of America,1998,25,21,0,53,47.17,39.62,0.0,25,0,1,False,False,False
United States of America,1999,33,33,0,52,63.46,63.46,0.0,33,0,1,False,False,False
United States of America,2000,35,32,0,52,67.31,61.54,0.0,35,0,1,False,False,False
United States of America,2001,33,33,0,52,63.46,63.46,0.0,33,0,1,False,False,False
United States of America,2002,52,52,0,52,100.0,100.0,0.0,52,0,1,True,True,False
United States of America,2003,41,40,0,52,78.85,76.92,0.0,41,0,1,False,False,False
United States of America,2004,53,53,0,53,100.0,100.0,0.0,53,0,1,True,True,False
United States of America,2005,52,52,0,52,100.0,100.0,0.0,52,0,1,True,True,False
United States of America,2006,33,33,0,52,63.46,63.46,0.0,33,0,1,False,False,False
United States of America,2007,52,52,0,52,100.0,100.0,0.0,52,0,1,True,True,False
United States of America,2008,52,52,0,52,100.0,100.0,0.0,52,0,1,True,True,False
United States of America,2009,53,53,0,53,100.0,100.0,0.0,53,0,1,True,True,False
United States of America,2010,52,52,0,52,100.0,100.0,0.0,52,0,1,True,True,False
United States of America,2011,52,52,0,52,100.0,100.0,0.0,52,0,1,True,True,False
United States of America,2012,52,52,0,52,100.0,100.0,0.0,52,0,1,True,True,False
United States of America,2013,52,52,0,52,100.0,100.0,0.0,52,0,1,True,True,False
United States of America,2014,52,52,0,52,100.0,100.0,0.0,52,0,1,True,True,False
United States of America,2015,53,53,0,53,100.0,100.0,0.0,53,13,2,True,True,False
United States of America,2016,52,52,0,52,100.0,100.0,0.0,52,52,2,True,True,False
United States of America,2017,52,52,0,52,100.0,100.0,0.0,52,52,2,True,True,False
United States of America,2018,52,52,0,52,100.0,100.0,0.0,52,52,2,True,True,False
United States of America,2019,52,52,0,52,100.0,100.0,0.0,52,52,2,True,True,False
United States of America,2020,53,53,0,53,100.0,100.0,0.0,53,53,2,True,True,False
United States of America,2021,52,52,0,52,100.0,100.0,0.0,52,52,2,True,True,False
United States of America,2022,52,52,0,52,100.0,100.0,0.0,52,52,2,True,True,False
United States of America,2023,52,52,0,52,100.0,100.0,0.0,52,52,2,True,True,False
United States of America,2024,52,52,0,52,100.0,100.0,0.0,52,52,2,True,True,False
United States of America,2025,52,52,0,52,100.0,100.0,0.0,52,52,2,True,True,False
United States of America,2026,38,38,0,53,71.7,71.7,0.0,38,38,2,False,False,False
Uruguay,1997,1,0,0,52,1.92,0.0,0.0,1,0,1,False,False,False
Uruguay,1998,10,0,0,53,18.87,0.0,0.0,10,0,1,False,False,False
Uruguay,1999,12,2,0,52,23.08,3.85,0.0,12,0,1,False,False,False
Uruguay,2000,6,2,0,52,11.54,3.85,0.0,6,0,1,False,False,False
Uruguay,2001,5,2,0,52,9.62,3.85,0.0,5,0,1,False,False,False
Uruguay,2002,13,8,0,52,25.0,15.38,0.0,13,0,1,False,False,False
Uruguay,2003,26,26,0,52,50.0,50.0,0.0,26,0,1,False,False,False
Uruguay,2004,29,29,0,53,54.72,54.72,0.0,29,0,1,False,False,False
Uruguay,2005,27,27,0,52,51.92,51.92,0.0,27,0,1,False,False,False
Uruguay,2006,24,24,0,52,46.15,46.15,0.0,24,0,1,False,False,False
Uruguay,2007,33,33,0,52,63.46,63.46,0.0,33,0,1,False,False,False
Uruguay,2008,31,31,0,52,59.62,59.62,0.0,31,0,1,False,False,False
Uruguay,2009,25,25,0,53,47.17,47.17,0.0,25,0,1,False,False,False
Uruguay,2010,26,26,0,52,50.0,50.0,0.0,26,0,1,False,False,False
Uruguay,2011,37,37,0,52,71.15,71.15,0.0,37,0,1,False,False,False
Uruguay,2012,39,39,0,52,75.0,75.0,0.0,39,0,1,False,False,False
Uruguay,2013,52,52,0,52,100.0,100.0,0.0,52,0,1,True,True,False
Uruguay,2014,52,52,0,52,100.0,100.0,0.0,52,0,1,True,True,False
Uruguay,2015,52,52,52,53,98.11,98.11,98.11,52,0,1,True,True,True
Uruguay,2016,52,52,24,52,100.0,100.0,46.15,52,0,1,True,True,False
Uruguay,2017,50,50,50,52,96.15,96.15,96.15,50,0,1,True,True,True
Uruguay,2018,47,47,47,52,90.38,90.38,90.38,47,0,1,True,True,True
Uruguay,2019,51,51,51,52,98.08,98.08,98.08,51,0,1,True,True,True
Uruguay,2020,53,53,2,53,100.0,100.0,3.77,53,53,3,True,True,False
Uruguay,2021,52,52,52,52,100.0,100.0,100.0,52,52,2,True,True,True
Uruguay,2022,52,52,52,52,100.0,100.0,100.0,52,52,2,True,True,True
Uruguay,2023,52,52,52,52,100.0,100.0,100.0,52,52,2,True,True,True
Uruguay,2024,52,52,52,52,100.0,100.0,100.0,52,51,2,True,True,True
Uruguay,2025,52,52,52,52,100.0,100.0,100.0,52,8,2,True,True,True
Uruguay,2026,38,38,38,53,71.7,71.7,71.7,38,3,2,False,False,False
Uzbekistan,2011,33,33,33,52,63.46,63.46,63.46,33,0,1,False,False,False
Uzbekistan,2012,52,52,52,52,100.0,100.0,100.0,52,0,1,True,True,True
Uzbekistan,2013,33,33,33,52,63.46,63.46,63.46,33,13,2,False,False,False
Uzbekistan,2014,35,35,34,52,67.31,67.31,65.38,35,34,3,False,False,False
Uzbekistan,2015,25,25,25,53,47.17,47.17,47.17,25,25,2,False,False,False
Uzbekistan,2016,33,33,33,52,63.46,63.46,63.46,33,33,2,False,False,False
Uzbekistan,2017,33,33,33,52,63.46,63.46,63.46,33,33,2,False,False,False
Uzbekistan,2018,33,33,33,52,63.46,63.46,63.46,33,33,2,False,False,False
Uzbekistan,2019,32,32,32,52,61.54,61.54,61.54,32,32,2,False,False,False
Uzbekistan,2020,25,25,25,53,47.17,47.17,47.17,25,25,2,False,False,False
Uzbekistan,2021,52,52,52,52,100.0,100.0,100.0,52,34,2,True,True,True
Uzbekistan,2022,52,52,52,52,100.0,100.0,100.0,52,36,2,True,True,True
Uzbekistan,2023,52,52,52,52,100.0,100.0,100.0,52,52,2,True,True,True
Uzbekistan,2024,52,52,45,52,100.0,100.0,86.54,52,50,2,True,True,True
Uzbekistan,2025,52,52,31,52,100.0,100.0,59.62,52,52,2,True,True,False
Uzbekistan,2026,38,38,38,53,71.7,71.7,71.7,38,38,2,False,False,False
Venezuela (Bolivarian Republic of),2002,1,1,0,52,1.92,1.92,0.0,1,0,1,False,False,False
Venezuela (Bolivarian Republic of),2004,23,23,0,53,43.4,43.4,0.0,23,0,1,False,False,False
Venezuela (Bolivarian Republic of),2005,8,8,0,52,15.38,15.38,0.0,8,0,1,False,False,False
Venezuela (Bolivarian Republic of),2006,35,35,0,52,67.31,67.31,0.0,35,0,1,False,False,False
Venezuela (Bolivarian Republic of),2007,52,52,0,52,100.0,100.0,0.0,52,0,1,True,True,False
Venezuela (Bolivarian Republic of),2011,52,52,0,52,100.0,100.0,0.0,52,0,1,True,True,False
Venezuela (Bolivarian Republic of),2014,52,52,0,52,100.0,100.0,0.0,52,0,1,True,True,False
Venezuela (Bolivarian Republic of),2015,47,47,46,53,88.68,88.68,86.79,47,0,1,True,True,True
Venezuela (Bolivarian Republic of),2016,52,52,52,52,100.0,100.0,100.0,52,0,1,True,True,True
Venezuela (Bolivarian Republic of),2017,51,51,51,52,98.08,98.08,98.08,51,0,1,True,True,True
Venezuela (Bolivarian Republic of),2018,51,51,51,52,98.08,98.08,98.08,51,0,1,True,True,True
Venezuela (Bolivarian Republic of),2019,51,51,51,52,98.08,98.08,98.08,51,0,1,True,True,True
Venezuela (Bolivarian Republic of),2020,53,53,7,53,100.0,100.0,13.21,53,0,1,True,True,False
Venezuela (Bolivarian Republic of),2021,52,52,0,52,100.0,100.0,0.0,52,0,1,True,True,False
Venezuela (Bolivarian Republic of),2022,52,52,52,52,100.0,100.0,100.0,52,0,1,True,True,True
Venezuela (Bolivarian Republic of),2023,52,52,52,52,100.0,100.0,100.0,52,52,2,True,True,True
Venezuela (Bolivarian Republic of),2024,52,52,52,52,100.0,100.0,100.0,52,52,2,True,True,True
Venezuela (Bolivarian Republic of),2025,50,50,50,52,96.15,96.15,96.15,50,8,2,True,True,True
Venezuela (Bolivarian Republic of),2026,38,38,38,53,71.7,71.7,71.7,38,30,2,False,False,False
Viet Nam,2006,52,52,0,52,100.0,100.0,0.0,52,0,1,True,True,False
Viet Nam,2007,52,52,0,52,100.0,100.0,0.0,52,0,1,True,True,False
Viet Nam,2008,51,51,0,52,98.08,98.08,0.0,51,0,1,True,True,False
Viet Nam,2009,52,52,0,53,98.11,98.11,0.0,52,0,1,True,True,False
Viet Nam,2010,51,51,0,52,98.08,98.08,0.0,51,0,1,True,True,False
Viet Nam,2011,52,52,0,52,100.0,100.0,0.0,52,0,1,True,True,False
Viet Nam,2012,52,52,0,52,100.0,100.0,0.0,52,0,1,True,True,False
Viet Nam,2013,52,52,0,52,100.0,100.0,0.0,52,0,1,True,True,False
Viet Nam,2014,52,52,0,52,100.0,100.0,0.0,52,0,1,True,True,False
Viet Nam,2015,53,53,0,53,100.0,100.0,0.0,53,0,1,True,True,False
Viet Nam,2016,52,52,52,52,100.0,100.0,100.0,52,0,1,True,True,True
Viet Nam,2017,52,52,51,52,100.0,100.0,98.08,52,0,1,True,True,True
Viet Nam,2018,52,52,37,52,100.0,100.0,71.15,52,0,1,True,True,False
Viet Nam,2019,51,51,0,52,98.08,98.08,0.0,51,0,1,True,True,False
Viet Nam,2020,53,53,0,53,100.0,100.0,0.0,53,0,1,True,True,False
Viet Nam,2021,52,52,0,52,100.0,100.0,0.0,52,0,1,True,True,False
Viet Nam,2022,52,52,0,52,100.0,100.0,0.0,52,27,2,True,True,False
Viet Nam,2023,52,52,0,52,100.0,100.0,0.0,52,52,3,True,True,False
Viet Nam,2024,52,52,39,52,100.0,100.0,75.0,52,52,3,True,True,False
Viet Nam,2025,52,52,52,52,100.0,100.0,100.0,52,52,3,True,True,True
Viet Nam,2026,38,38,37,53,71.7,71.7,69.81,38,37,3,False,False,False
Yemen,2019,51,51,0,52,98.08,98.08,0.0,51,0,1,True,True,False
Yemen,2020,18,18,0,53,33.96,33.96,0.0,18,0,1,False,False,False
Yemen,2021,50,50,0,52,96.15,96.15,0.0,50,0,1,True,True,False
Yemen,2022,52,52,0,52,100.0,100.0,0.0,52,0,1,True,True,False
Yemen,2023,46,45,0,52,88.46,86.54,0.0,46,0,1,True,True,False
Yemen,2024,52,52,0,52,100.0,100.0,0.0,52,0,1,True,True,False
Yemen,2025,51,51,2,52,98.08,98.08,3.85,51,0,1,True,True,False
Yemen,2026,37,37,0,53,69.81,69.81,0.0,37,0,1,False,False,False
Zambia,1996,1,1,0,52,1.92,1.92,0.0,1,0,1,False,False,False
Zambia,1997,39,39,0,52,75.0,75.0,0.0,39,0,1,False,False,False
Zambia,2010,48,48,0,52,92.31,92.31,0.0,48,0,1,True,True,False
Zambia,2011,52,52,0,52,100.0,100.0,0.0,52,0,1,True,True,False
Zambia,2012,52,52,0,52,100.0,100.0,0.0,52,0,1,True,True,False
Zambia,2013,52,52,0,52,100.0,100.0,0.0,52,0,1,True,True,False
Zambia,2014,52,52,0,52,100.0,100.0,0.0,52,0,1,True,True,False
Zambia,2015,52,52,6,53,98.11,98.11,11.32,52,0,1,True,True,False
Zambia,2016,52,52,52,52,100.0,100.0,100.0,52,0,1,True,True,True
Zambia,2017,52,52,52,52,100.0,100.0,100.0,52,0,1,True,True,True
Zambia,2018,52,52,52,52,100.0,100.0,100.0,52,0,1,True,True,True
Zambia,2019,52,52,30,52,100.0,100.0,57.69,52,0,1,True,True,False
Zambia,2020,53,53,0,53,100.0,100.0,0.0,53,0,1,True,True,False
Zambia,2021,52,52,0,52,100.0,100.0,0.0,52,0,1,True,True,False
Zambia,2022,52,52,0,52,100.0,100.0,0.0,52,0,1,True,True,False
Zambia,2023,52,52,0,52,100.0,100.0,0.0,52,0,1,True,True,False
Zambia,2024,52,52,0,52,100.0,100.0,0.0,52,0,1,True,True,False
Zambia,2025,52,52,0,52,100.0,100.0,0.0,52,0,1,True,True,False
Zambia,2026,39,39,0,53,73.58,73.58,0.0,39,0,1,False,False,False
Zimbabwe,2021,1,1,0,52,1.92,1.92,0.0,1,0,1,False,False,False
Zimbabwe,2022,23,23,0,52,44.23,44.23,0.0,23,0,1,False,False,False
Zimbabwe,2023,45,45,0,52,86.54,86.54,0.0,45,0,1,True,True,False
Zimbabwe,2024,27,27,0,52,51.92,51.92,0.0,27,0,1,False,False,False
Zimbabwe,2025,41,41,0,52,78.85,78.85,0.0,41,0,1,False,False,False
Zimbabwe,2026,32,32,0,53,60.38,60.38,0.0,32,0,1,False,False,False
"occupied Palestinian territory, including east Jerusalem",2017,45,45,21,52,86.54,86.54,40.38,45,0,1,True,True,False
"occupied Palestinian territory, including east Jerusalem",2018,52,52,12,52,100.0,100.0,23.08,52,0,1,True,True,False
"occupied Palestinian territory, including east Jerusalem",2019,52,52,11,52,100.0,100.0,21.15,52,0,1,True,True,False
"occupied Palestinian territory, including east Jerusalem",2020,29,29,10,53,54.72,54.72,18.87,29,0,1,False,False,False
"occupied Palestinian territory, including east Jerusalem",2021,49,49,20,52,94.23,94.23,38.46,49,0,1,True,True,False
"occupied Palestinian territory, including east Jerusalem",2022,52,52,36,52,100.0,100.0,69.23,52,0,1,True,True,False
"occupied Palestinian territory, including east Jerusalem",2023,52,52,19,52,100.0,100.0,36.54,52,0,1,True,True,False
"occupied Palestinian territory, including east Jerusalem",2024,51,51,22,52,98.08,98.08,42.31,51,0,1,True,True,False
"occupied Palestinian territory, including east Jerusalem",2025,38,38,10,52,73.08,73.08,19.23,38,0,1,False,False,False
"occupied Palestinian territory, including east Jerusalem",2026,13,13,13,53,24.53,24.53,24.53,13,0,1,False,False,False
