COUNTRY_AREA_TERRITORY,ISO_YEAR,reported_weeks,expected_weeks,reporting_percent
Afghanistan,2009,13,52,25.0
Afghanistan,2010,49,52,94.23076923076923
Afghanistan,2011,33,52,63.46153846153846
Afghanistan,2012,22,52,42.30769230769231
Afghanistan,2013,3,52,5.769230769230769
Afghanistan,2014,13,52,25.0
Afghanistan,2015,51,52,98.07692307692307
Afghanistan,2016,52,52,100.0
Afghanistan,2017,52,52,100.0
Afghanistan,2018,52,52,100.0
Afghanistan,2019,52,52,100.0
Afghanistan,2020,53,52,101.92307692307692
Afghanistan,2021,52,52,100.0
Afghanistan,2022,52,52,100.0
Afghanistan,2023,52,52,100.0
Afghanistan,2024,52,52,100.0
Afghanistan,2025,52,52,100.0
Afghanistan,2026,39,52,75.0
Albania,1997,3,52,5.769230769230769
Albania,1998,16,52,30.76923076923077
Albania,1999,14,52,26.923076923076923
Albania,2000,2,52,3.8461538461538463
Albania,2001,2,52,3.8461538461538463
Albania,2002,7,52,13.461538461538462
Albania,2003,10,52,19.230769230769234
Albania,2010,7,52,13.461538461538462
Albania,2011,27,52,51.92307692307693
Albania,2012,28,52,53.84615384615385
Albania,2013,28,52,53.84615384615385
Albania,2014,22,52,42.30769230769231
Albania,2015,30,52,57.692307692307686
Albania,2016,24,52,46.15384615384615
Albania,2017,33,52,63.46153846153846
Albania,2018,31,52,59.61538461538461
Albania,2019,21,52,40.38461538461539
Albania,2020,42,52,80.76923076923077
Albania,2021,52,52,100.0
Albania,2022,52,52,100.0
Albania,2023,52,52,100.0
Albania,2024,52,52,100.0
Albania,2025,52,52,100.0
Albania,2026,18,52,34.61538461538461
Algeria,1998,2,52,3.8461538461538463
Algeria,2000,1,52,1.9230769230769231
Algeria,2004,2,52,3.8461538461538463
Algeria,2009,28,52,53.84615384615385
Algeria,2010,52,52,100.0
Algeria,2011,52,52,100.0
Algeria,2012,52,52,100.0
Algeria,2013,52,52,100.0
Algeria,2014,52,52,100.0
Algeria,2015,52,52,100.0
Algeria,2016,20,52,38.46153846153847
Algeria,2017,52,52,100.0
Algeria,2018,38,52,73.07692307692307
Algeria,2019,17,52,32.69230769230769
Algeria,2020,15,52,28.846153846153843
Algeria,2021,45,52,86.53846153846155
Algeria,2022,52,52,100.0
Algeria,2023,52,52,100.0
Algeria,2024,52,52,100.0
Algeria,2025,52,52,100.0
Algeria,2026,39,52,75.0
Angola,2010,49,52,94.23076923076923
Angola,2011,52,52,100.0
Angola,2012,39,52,75.0
Angola,2023,12,52,23.076923076923077
Angola,2024,17,52,32.69230769230769
Angola,2025,3,52,5.769230769230769
Angola,2026,9,52,17.307692307692307
Anguilla,2017,3,52,5.769230769230769
Anguilla,2018,1,52,1.9230769230769231
Anguilla,2019,4,52,7.6923076923076925
Anguilla,2020,53,52,101.92307692307692
Anguilla,2021,52,52,100.0
Anguilla,2022,52,52,100.0
Anguilla,2023,37,52,71.15384615384616
Antigua and Barbuda,2018,1,52,1.9230769230769231
Antigua and Barbuda,2019,1,52,1.9230769230769231
Antigua and Barbuda,2020,53,52,101.92307692307692
Antigua and Barbuda,2021,52,52,100.0
Antigua and Barbuda,2022,52,52,100.0
Antigua and Barbuda,2023,37,52,71.15384615384616
Argentina,1997,11,52,21.153846153846153
Argentina,1998,14,52,26.923076923076923
Argentina,1999,52,52,100.0
Argentina,2000,51,52,98.07692307692307
Argentina,2001,52,52,100.0
Argentina,2002,52,52,100.0
Argentina,2003,52,52,100.0
Argentina,2004,51,52,98.07692307692307
Argentina,2005,51,52,98.07692307692307
Argentina,2006,52,52,100.0
Argentina,2007,49,52,94.23076923076923
Argentina,2008,50,52,96.15384615384616
Argentina,2009,51,52,98.07692307692307
Argentina,2010,52,52,100.0
Argentina,2011,52,52,100.0
Argentina,2012,52,52,100.0
Argentina,2013,52,52,100.0
Argentina,2014,52,52,100.0
Argentina,2015,53,52,101.92307692307692
Argentina,2016,52,52,100.0
Argentina,2017,52,52,100.0
Argentina,2018,52,52,100.0
Argentina,2019,52,52,100.0
Argentina,2020,53,52,101.92307692307692
Argentina,2021,52,52,100.0
Argentina,2022,52,52,100.0
Argentina,2023,52,52,100.0
Argentina,2024,52,52,100.0
Argentina,2025,52,52,100.0
Argentina,2026,38,52,73.07692307692307
Armenia,2010,10,52,19.230769230769234
Armenia,2011,52,52,100.0
Armenia,2012,52,52,100.0
Armenia,2013,52,52,100.0
Armenia,2014,33,52,63.46153846153846
Armenia,2015,27,52,51.92307692307693
Armenia,2016,45,52,86.53846153846155
Armenia,2017,52,52,100.0
Armenia,2018,51,52,98.07692307692307
Armenia,2019,52,52,100.0
Armenia,2020,26,52,50.0
Armenia,2021,52,52,100.0
Armenia,2022,52,52,100.0
Armenia,2023,51,52,98.07692307692307
Armenia,2024,50,52,96.15384615384616
Armenia,2025,52,52,100.0
Armenia,2026,27,52,51.92307692307693
Aruba,2017,46,52,88.46153846153845
Aruba,2018,30,52,57.692307692307686
Aruba,2019,43,52,82.6923076923077
Aruba,2020,53,52,101.92307692307692
Aruba,2021,52,52,100.0
Aruba,2022,52,52,100.0
Aruba,2023,37,52,71.15384615384616
Australia,1996,1,52,1.9230769230769231
Australia,1997,52,52,100.0
Australia,1998,53,52,101.92307692307692
Australia,1999,52,52,100.0
Australia,2000,52,52,100.0
Australia,2001,43,52,82.6923076923077
Australia,2002,52,52,100.0
Australia,2003,52,52,100.0
Australia,2004,53,52,101.92307692307692
Australia,2005,46,52,88.46153846153845
Australia,2006,52,52,100.0
Australia,2007,52,52,100.0
Australia,2008,52,52,100.0
Australia,2009,53,52,101.92307692307692
Australia,2010,52,52,100.0
Australia,2011,52,52,100.0
Australia,2012,52,52,100.0
Australia,2013,52,52,100.0
Australia,2014,52,52,100.0
Australia,2015,53,52,101.92307692307692
Australia,2016,52,52,100.0
Australia,2017,52,52,100.0
Australia,2018,52,52,100.0
Australia,2019,52,52,100.0
Australia,2020,53,52,101.92307692307692
Australia,2021,52,52,100.0
Australia,2022,52,52,100.0
Australia,2023,52,52,100.0
Australia,2024,52,52,100.0
Australia,2025,52,52,100.0
Australia,2026,39,52,75.0
Austria,1997,22,52,42.30769230769231
Austria,1998,26,52,50.0
Austria,1999,24,52,46.15384615384615
Austria,2000,24,52,46.15384615384615
Austria,2001,27,52,51.92307692307693
Austria,2002,27,52,51.92307692307693
Austria,2003,18,52,34.61538461538461
Austria,2004,27,52,51.92307692307693
Austria,2010,41,52,78.84615384615384
Austria,2011,52,52,100.0
Austria,2012,52,52,100.0
Austria,2013,52,52,100.0
Austria,2014,34,52,65.38461538461539
Austria,2015,29,52,55.769230769230774
Austria,2016,27,52,51.92307692307693
Austria,2017,27,52,51.92307692307693
Austria,2018,28,52,53.84615384615385
Austria,2019,32,52,61.53846153846154
Austria,2020,42,52,80.76923076923077
Austria,2021,52,52,100.0
Austria,2022,52,52,100.0
Austria,2023,38,52,73.07692307692307
Austria,2024,52,52,100.0
Austria,2025,52,52,100.0
Austria,2026,39,52,75.0
Azerbaijan,2008,2,52,3.8461538461538463
Azerbaijan,2010,9,52,17.307692307692307
Azerbaijan,2011,48,52,92.3076923076923
Azerbaijan,2012,46,52,88.46153846153845
Azerbaijan,2013,50,52,96.15384615384616
Azerbaijan,2014,38,52,73.07692307692307
Azerbaijan,2015,50,52,96.15384615384616
Azerbaijan,2016,52,52,100.0
Azerbaijan,2017,52,52,100.0
Azerbaijan,2018,51,52,98.07692307692307
Azerbaijan,2019,51,52,98.07692307692307
Azerbaijan,2020,53,52,101.92307692307692
Azerbaijan,2021,52,52,100.0
Azerbaijan,2022,52,52,100.0
Azerbaijan,2023,52,52,100.0
Azerbaijan,2024,52,52,100.0
Azerbaijan,2025,34,52,65.38461538461539
Azerbaijan,2026,19,52,36.53846153846153
Bahamas,2018,3,52,5.769230769230769
Bahamas,2019,2,52,3.8461538461538463
Bahamas,2020,53,52,101.92307692307692
Bahamas,2021,52,52,100.0
Bahamas,2022,52,52,100.0
Bahamas,2023,37,52,71.15384615384616
Bahrain,2011,22,52,42.30769230769231
Bahrain,2012,52,52,100.0
Bahrain,2013,52,52,100.0
Bahrain,2014,52,52,100.0
Bahrain,2015,53,52,101.92307692307692
Bahrain,2016,52,52,100.0
Bahrain,2017,52,52,100.0
Bahrain,2018,52,52,100.0
Bahrain,2019,52,52,100.0
Bahrain,2020,7,52,13.461538461538462
Bahrain,2022,52,52,100.0
Bahrain,2023,52,52,100.0
Bahrain,2024,52,52,100.0
Bahrain,2025,52,52,100.0
Bahrain,2026,39,52,75.0
Bangladesh,2010,52,52,100.0
Bangladesh,2011,52,52,100.0
Bangladesh,2012,52,52,100.0
Bangladesh,2013,52,52,100.0
Bangladesh,2014,48,52,92.3076923076923
Bangladesh,2015,53,52,101.92307692307692
Bangladesh,2016,51,52,98.07692307692307
Bangladesh,2017,51,52,98.07692307692307
Bangladesh,2018,52,52,100.0
Bangladesh,2019,52,52,100.0
Bangladesh,2020,53,52,101.92307692307692
Bangladesh,2021,52,52,100.0
Bangladesh,2022,52,52,100.0
Bangladesh,2023,52,52,100.0
Bangladesh,2024,52,52,100.0
Bangladesh,2025,52,52,100.0
Bangladesh,2026,38,52,73.07692307692307
Barbados,2015,49,52,94.23076923076923
Barbados,2016,46,52,88.46153846153845
Barbados,2017,42,52,80.76923076923077
Barbados,2018,44,52,84.61538461538461
Barbados,2019,42,52,80.76923076923077
Barbados,2020,53,52,101.92307692307692
Barbados,2021,52,52,100.0
Barbados,2022,52,52,100.0
Barbados,2023,52,52,100.0
Barbados,2024,52,52,100.0
Barbados,2025,52,52,100.0
Barbados,2026,38,52,73.07692307692307
Belarus,1997,9,52,17.307692307692307
Belarus,1998,21,52,40.38461538461539
Belarus,1999,25,52,48.07692307692308
Belarus,2000,14,52,26.923076923076923
Belarus,2001,15,52,28.846153846153843
Belarus,2002,11,52,21.153846153846153
Belarus,2003,5,52,9.615384615384617
Belarus,2004,2,52,3.8461538461538463
Belarus,2005,8,52,15.384615384615385
Belarus,2006,12,52,23.076923076923077
Belarus,2007,10,52,19.230769230769234
Belarus,2008,11,52,21.153846153846153
Belarus,2009,11,52,21.153846153846153
Belarus,2010,10,52,19.230769230769234
Belarus,2011,51,52,98.07692307692307
Belarus,2012,52,52,100.0
Belarus,2013,33,52,63.46153846153846
Belarus,2014,34,52,65.38461538461539
Belarus,2015,50,52,96.15384615384616
Belarus,2016,44,52,84.61538461538461
Belarus,2017,51,52,98.07692307692307
Belarus,2018,48,52,92.3076923076923
Belarus,2019,33,52,63.46153846153846
Belarus,2020,26,52,50.0
Belarus,2021,52,52,100.0
Belarus,2022,52,52,100.0
Belarus,2023,52,52,100.0
Belarus,2024,47,52,90.38461538461539
Belarus,2025,43,52,82.6923076923077
Belarus,2026,30,52,57.692307692307686
Belgium,1997,27,52,51.92307692307693
Belgium,1998,27,52,51.92307692307693
Belgium,1999,26,52,50.0
Belgium,2000,21,52,40.38461538461539
Belgium,2001,33,52,63.46153846153846
Belgium,2002,18,52,34.61538461538461
Belgium,2003,12,52,23.076923076923077
Belgium,2004,26,52,50.0
Belgium,2005,12,52,23.076923076923077
Belgium,2007,18,52,34.61538461538461
Belgium,2008,50,52,96.15384615384616
Belgium,2009,53,52,101.92307692307692
Belgium,2010,44,52,84.61538461538461
Belgium,2011,48,52,92.3076923076923
Belgium,2012,37,52,71.15384615384616
Belgium,2013,52,52,100.0
Belgium,2014,52,52,100.0
Belgium,2015,53,52,101.92307692307692
Belgium,2016,52,52,100.0
Belgium,2017,52,52,100.0
Belgium,2018,34,52,65.38461538461539
Belgium,2019,31,52,59.61538461538461
Belgium,2020,53,52,101.92307692307692
Belgium,2021,52,52,100.0
Belgium,2022,52,52,100.0
Belgium,2023,52,52,100.0
Belgium,2024,52,52,100.0
Belgium,2025,52,52,100.0
Belgium,2026,39,52,75.0
Belize,2015,3,52,5.769230769230769
Belize,2017,51,52,98.07692307692307
Belize,2018,46,52,88.46153846153845
Belize,2019,52,52,100.0
Belize,2020,53,52,101.92307692307692
Belize,2021,52,52,100.0
Belize,2022,52,52,100.0
Belize,2023,52,52,100.0
Belize,2024,52,52,100.0
Belize,2025,52,52,100.0
Belize,2026,38,52,73.07692307692307
Bermuda,2017,3,52,5.769230769230769
Bermuda,2018,3,52,5.769230769230769
Bermuda,2019,8,52,15.384615384615385
Bermuda,2020,53,52,101.92307692307692
Bermuda,2021,52,52,100.0
Bermuda,2022,52,52,100.0
Bermuda,2023,37,52,71.15384615384616
Bhutan,2011,51,52,98.07692307692307
Bhutan,2012,51,52,98.07692307692307
Bhutan,2013,52,52,100.0
Bhutan,2014,52,52,100.0
Bhutan,2015,53,52,101.92307692307692
Bhutan,2016,52,52,100.0
Bhutan,2017,52,52,100.0
Bhutan,2018,52,52,100.0
Bhutan,2019,52,52,100.0
Bhutan,2020,52,52,100.0
Bhutan,2021,52,52,100.0
Bhutan,2022,52,52,100.0
Bhutan,2023,52,52,100.0
Bhutan,2024,52,52,100.0
Bhutan,2025,52,52,100.0
Bhutan,2026,38,52,73.07692307692307
Bolivia (Plurinational State of),2010,52,52,100.0
Bolivia (Plurinational State of),2011,52,52,100.0
Bolivia (Plurinational State of),2012,52,52,100.0
Bolivia (Plurinational State of),2013,52,52,100.0
Bolivia (Plurinational State of),2014,52,52,100.0
Bolivia (Plurinational State of),2015,52,52,100.0
Bolivia (Plurinational State of),2016,52,52,100.0
Bolivia (Plurinational State of),2017,52,52,100.0
Bolivia (Plurinational State of),2018,52,52,100.0
Bolivia (Plurinational State of),2019,52,52,100.0
Bolivia (Plurinational State of),2020,53,52,101.92307692307692
Bolivia (Plurinational State of),2021,52,52,100.0
Bolivia (Plurinational State of),2022,52,52,100.0
Bolivia (Plurinational State of),2023,52,52,100.0
Bolivia (Plurinational State of),2024,52,52,100.0
Bolivia (Plurinational State of),2025,52,52,100.0
Bolivia (Plurinational State of),2026,38,52,73.07692307692307
Bosnia and Herzegovina,2010,7,52,13.461538461538462
Bosnia and Herzegovina,2011,52,52,100.0
Bosnia and Herzegovina,2012,52,52,100.0
Bosnia and Herzegovina,2013,52,52,100.0
Bosnia and Herzegovina,2014,25,52,48.07692307692308
Bosnia and Herzegovina,2016,1,52,1.9230769230769231
Bosnia and Herzegovina,2018,13,52,25.0
Bosnia and Herzegovina,2019,33,52,63.46153846153846
Bosnia and Herzegovina,2020,49,52,94.23076923076923
Bosnia and Herzegovina,2021,52,52,100.0
Bosnia and Herzegovina,2022,52,52,100.0
Bosnia and Herzegovina,2023,51,52,98.07692307692307
Bosnia and Herzegovina,2024,50,52,96.15384615384616
Brazil,1997,22,52,42.30769230769231
Brazil,1998,35,52,67.3076923076923
Brazil,1999,28,52,53.84615384615385
Brazil,2000,17,52,32.69230769230769
Brazil,2001,24,52,46.15384615384615
Brazil,2002,19,52,36.53846153846153
Brazil,2003,52,52,100.0
Brazil,2004,53,52,101.92307692307692
Brazil,2005,52,52,100.0
Brazil,2006,52,52,100.0
Brazil,2007,52,52,100.0
Brazil,2008,52,52,100.0
Brazil,2009,53,52,101.92307692307692
Brazil,2010,52,52,100.0
Brazil,2011,52,52,100.0
Brazil,2012,52,52,100.0
Brazil,2013,52,52,100.0
Brazil,2014,52,52,100.0
Brazil,2015,53,52,101.92307692307692
Brazil,2016,52,52,100.0
Brazil,2017,52,52,100.0
Brazil,2018,52,52,100.0
Brazil,2019,51,52,98.07692307692307
Brazil,2020,53,52,101.92307692307692
Brazil,2021,52,52,100.0
Brazil,2022,52,52,100.0
Brazil,2023,52,52,100.0
Brazil,2024,52,52,100.0
Brazil,2025,52,52,100.0
Brazil,2026,38,52,73.07692307692307
British Virgin Islands,2020,53,52,101.92307692307692
British Virgin Islands,2021,52,52,100.0
British Virgin Islands,2022,24,52,46.15384615384615
British Virgin Islands,2023,37,52,71.15384615384616
Brunei Darussalam,2021,52,52,100.0
Brunei Darussalam,2022,52,52,100.0
Brunei Darussalam,2023,52,52,100.0
Brunei Darussalam,2024,48,52,92.3076923076923
Brunei Darussalam,2025,50,52,96.15384615384616
Brunei Darussalam,2026,39,52,75.0
Bulgaria,1997,2,52,3.8461538461538463
Bulgaria,1998,16,52,30.76923076923077
Bulgaria,1999,21,52,40.38461538461539
Bulgaria,2000,19,52,36.53846153846153
Bulgaria,2001,6,52,11.538461538461538
Bulgaria,2002,6,52,11.538461538461538
Bulgaria,2003,12,52,23.076923076923077
Bulgaria,2005,10,52,19.230769230769234
Bulgaria,2006,4,52,7.6923076923076925
Bulgaria,2007,17,52,32.69230769230769
Bulgaria,2008,28,52,53.84615384615385
Bulgaria,2009,36,52,69.23076923076923
Bulgaria,2010,42,52,80.76923076923077
Bulgaria,2011,51,52,98.07692307692307
Bulgaria,2012,52,52,100.0
Bulgaria,2013,52,52,100.0
Bulgaria,2014,52,52,100.0
Bulgaria,2015,53,52,101.92307692307692
Bulgaria,2016,52,52,100.0
Bulgaria,2017,52,52,100.0
Bulgaria,2018,52,52,100.0
Bulgaria,2019,52,52,100.0
Bulgaria,2020,43,52,82.6923076923077
Bulgaria,2021,52,52,100.0
Bulgaria,2022,52,52,100.0
Bulgaria,2023,52,52,100.0
Bulgaria,2024,52,52,100.0
Bulgaria,2025,52,52,100.0
Bulgaria,2026,39,52,75.0
Burkina Faso,2010,4,52,7.6923076923076925
Burkina Faso,2011,19,52,36.53846153846153
Burkina Faso,2012,52,52,100.0
Burkina Faso,2013,52,52,100.0
Burkina Faso,2014,46,52,88.46153846153845
Burkina Faso,2015,3,52,5.769230769230769
Burkina Faso,2016,52,52,100.0
Burkina Faso,2017,52,52,100.0
Burkina Faso,2018,52,52,100.0
Burkina Faso,2019,52,52,100.0
Burkina Faso,2020,52,52,100.0
Burkina Faso,2021,49,52,94.23076923076923
Burkina Faso,2022,52,52,100.0
Burkina Faso,2023,52,52,100.0
Burkina Faso,2024,52,52,100.0
Burkina Faso,2025,52,52,100.0
Burkina Faso,2026,38,52,73.07692307692307
Cambodia,2006,22,52,42.30769230769231
Cambodia,2007,52,52,100.0
Cambodia,2008,52,52,100.0
Cambodia,2009,51,52,98.07692307692307
Cambodia,2010,52,52,100.0
Cambodia,2011,52,52,100.0
Cambodia,2012,52,52,100.0
Cambodia,2013,52,52,100.0
Cambodia,2014,52,52,100.0
Cambodia,2015,53,52,101.92307692307692
Cambodia,2016,52,52,100.0
Cambodia,2017,52,52,100.0
Cambodia,2018,52,52,100.0
Cambodia,2019,52,52,100.0
Cambodia,2020,53,52,101.92307692307692
Cambodia,2021,52,52,100.0
Cambodia,2022,52,52,100.0
Cambodia,2023,52,52,100.0
Cambodia,2024,51,52,98.07692307692307
Cambodia,2025,52,52,100.0
Cambodia,2026,37,52,71.15384615384616
Cameroon,2007,8,52,15.384615384615385
Cameroon,2008,52,52,100.0
Cameroon,2009,40,52,76.92307692307693
Cameroon,2010,52,52,100.0
Cameroon,2011,52,52,100.0
Cameroon,2012,52,52,100.0
Cameroon,2013,52,52,100.0
Cameroon,2014,52,52,100.0
Cameroon,2015,53,52,101.92307692307692
Cameroon,2016,50,52,96.15384615384616
Cameroon,2017,52,52,100.0
Cameroon,2018,52,52,100.0
Cameroon,2019,52,52,100.0
Cameroon,2020,53,52,101.92307692307692
Cameroon,2021,49,52,94.23076923076923
Cameroon,2022,48,52,92.3076923076923
Cameroon,2023,48,52,92.3076923076923
Cameroon,2024,52,52,100.0
Cameroon,2025,52,52,100.0
Cameroon,2026,39,52,75.0
Canada,1997,26,52,50.0
Canada,1998,39,52,75.0
Canada,1999,47,52,90.38461538461539
Canada,2000,49,52,94.23076923076923
Canada,2001,51,52,98.07692307692307
Canada,2002,46,52,88.46153846153845
Canada,2003,46,52,88.46153846153845
Canada,2004,5,52,9.615384615384617
Canada,2006,18,52,34.61538461538461
Canada,2007,50,52,96.15384615384616
Canada,2008,52,52,100.0
Canada,2009,46,52,88.46153846153845
Canada,2010,52,52,100.0
Canada,2011,51,52,98.07692307692307
Canada,2012,51,52,98.07692307692307
Canada,2013,52,52,100.0
Canada,2014,52,52,100.0
Canada,2015,53,52,101.92307692307692
Canada,2016,52,52,100.0
Canada,2017,52,52,100.0
Canada,2018,52,52,100.0
Canada,2019,52,52,100.0
Canada,2020,53,52,101.92307692307692
Canada,2021,52,52,100.0
Canada,2022,52,52,100.0
Canada,2023,52,52,100.0
Canada,2024,52,52,100.0
Canada,2025,52,52,100.0
Canada,2026,38,52,73.07692307692307
Cayman Islands,2017,2,52,3.8461538461538463
Cayman Islands,2018,5,52,9.615384615384617
Cayman Islands,2020,53,52,101.92307692307692
Cayman Islands,2021,52,52,100.0
Cayman Islands,2022,52,52,100.0
Cayman Islands,2023,52,52,100.0
Cayman Islands,2024,52,52,100.0
Cayman Islands,2025,52,52,100.0
Cayman Islands,2026,39,52,75.0
Central African Republic,2010,50,52,96.15384615384616
Central African Republic,2011,45,52,86.53846153846155
Central African Republic,2012,52,52,100.0
Central African Republic,2013,47,52,90.38461538461539
Central African Republic,2014,11,52,21.153846153846153
Central African Republic,2015,3,52,5.769230769230769
Central African Republic,2016,52,52,100.0
Central African Republic,2017,51,52,98.07692307692307
Central African Republic,2018,52,52,100.0
Central African Republic,2019,47,52,90.38461538461539
Central African Republic,2020,7,52,13.461538461538462
Central African Republic,2022,38,52,73.07692307692307
Central African Republic,2023,48,52,92.3076923076923
Central African Republic,2024,43,52,82.6923076923077
Central African Republic,2025,51,52,98.07692307692307
Central African Republic,2026,34,52,65.38461538461539
Chad,2018,52,52,100.0
Chad,2019,52,52,100.0
Chad,2020,53,52,101.92307692307692
Chad,2021,52,52,100.0
Chad,2022,52,52,100.0
Chad,2023,52,52,100.0
Chad,2024,52,52,100.0
Chad,2025,52,52,100.0
Chad,2026,36,52,69.23076923076923
Chile,1997,37,52,71.15384615384616
Chile,1998,34,52,65.38461538461539
Chile,1999,37,52,71.15384615384616
Chile,2000,51,52,98.07692307692307
Chile,2001,52,52,100.0
Chile,2002,52,52,100.0
Chile,2003,52,52,100.0
Chile,2004,53,52,101.92307692307692
Chile,2005,52,52,100.0
Chile,2006,52,52,100.0
Chile,2007,51,52,98.07692307692307
Chile,2008,52,52,100.0
Chile,2009,51,52,98.07692307692307
Chile,2010,52,52,100.0
Chile,2011,52,52,100.0
Chile,2012,52,52,100.0
Chile,2013,52,52,100.0
Chile,2014,52,52,100.0
Chile,2015,53,52,101.92307692307692
Chile,2016,52,52,100.0
Chile,2017,52,52,100.0
Chile,2018,52,52,100.0
Chile,2019,52,52,100.0
Chile,2020,53,52,101.92307692307692
Chile,2021,52,52,100.0
Chile,2022,52,52,100.0
Chile,2023,52,52,100.0
Chile,2024,52,52,100.0
Chile,2025,52,52,100.0
Chile,2026,38,52,73.07692307692307
China,2005,14,52,26.923076923076923
China,2006,27,52,51.92307692307693
China,2007,26,52,50.0
China,2008,28,52,53.84615384615385
China,2009,51,52,98.07692307692307
China,2010,52,52,100.0
China,2011,52,52,100.0
China,2012,52,52,100.0
China,2013,52,52,100.0
China,2014,52,52,100.0
China,2015,53,52,101.92307692307692
China,2016,52,52,100.0
China,2017,52,52,100.0
China,2018,52,52,100.0
China,2019,49,52,94.23076923076923
China,2020,53,52,101.92307692307692
China,2021,52,52,100.0
China,2022,52,52,100.0
China,2023,52,52,100.0
China,2024,52,52,100.0
China,2025,52,52,100.0
China,2026,39,52,75.0
"China, Hong Kong SAR",1997,47,52,90.38461538461539
"China, Hong Kong SAR",1998,19,52,36.53846153846153
"China, Hong Kong SAR",1999,6,52,11.538461538461538
"China, Hong Kong SAR",2000,26,52,50.0
"China, Hong Kong SAR",2001,52,52,100.0
"China, Hong Kong SAR",2002,52,52,100.0
"China, Hong Kong SAR",2003,52,52,100.0
"China, Hong Kong SAR",2004,52,52,100.0
"China, Hong Kong SAR",2005,52,52,100.0
"China, Hong Kong SAR",2006,52,52,100.0
"China, Hong Kong SAR",2007,52,52,100.0
"China, Hong Kong SAR",2008,52,52,100.0
"China, Hong Kong SAR",2009,52,52,100.0
"China, Hong Kong SAR",2010,52,52,100.0
"China, Hong Kong SAR",2011,52,52,100.0
"China, Hong Kong SAR",2012,52,52,100.0
"China, Hong Kong SAR",2013,52,52,100.0
"China, Hong Kong SAR",2014,52,52,100.0
"China, Hong Kong SAR",2015,53,52,101.92307692307692
"China, Hong Kong SAR",2016,52,52,100.0
"China, Hong Kong SAR",2017,52,52,100.0
"China, Hong Kong SAR",2018,52,52,100.0
"China, Hong Kong SAR",2019,52,52,100.0
"China, Hong Kong SAR",2020,53,52,101.92307692307692
"China, Hong Kong SAR",2021,52,52,100.0
"China, Hong Kong SAR",2022,52,52,100.0
"China, Hong Kong SAR",2023,52,52,100.0
"China, Hong Kong SAR",2024,52,52,100.0
"China, Hong Kong SAR",2025,52,52,100.0
"China, Hong Kong SAR",2026,38,52,73.07692307692307
Colombia,1997,45,52,86.53846153846155
Colombia,1998,53,52,101.92307692307692
Colombia,1999,52,52,100.0
Colombia,2000,52,52,100.0
Colombia,2001,52,52,100.0
Colombia,2002,52,52,100.0
Colombia,2003,52,52,100.0
Colombia,2004,53,52,101.92307692307692
Colombia,2005,52,52,100.0
Colombia,2006,52,52,100.0
Colombia,2007,52,52,100.0
Colombia,2008,42,52,80.76923076923077
Colombia,2009,52,52,100.0
Colombia,2010,52,52,100.0
Colombia,2011,52,52,100.0
Colombia,2012,52,52,100.0
Colombia,2013,50,52,96.15384615384616
Colombia,2014,52,52,100.0
Colombia,2015,51,52,98.07692307692307
Colombia,2016,52,52,100.0
Colombia,2017,52,52,100.0
Colombia,2018,52,52,100.0
Colombia,2019,52,52,100.0
Colombia,2020,53,52,101.92307692307692
Colombia,2021,52,52,100.0
Colombia,2022,52,52,100.0
Colombia,2023,52,52,100.0
Colombia,2024,52,52,100.0
Colombia,2025,52,52,100.0
Colombia,2026,38,52,73.07692307692307
Congo,2012,8,52,15.384615384615385
Congo,2013,29,52,55.769230769230774
Costa Rica,2005,3,52,5.769230769230769
Costa Rica,2006,11,52,21.153846153846153
Costa Rica,2007,21,52,40.38461538461539
Costa Rica,2008,52,52,100.0
Costa Rica,2009,22,52,42.30769230769231
Costa Rica,2010,52,52,100.0
Costa Rica,2011,52,52,100.0
Costa Rica,2012,52,52,100.0
Costa Rica,2013,52,52,100.0
Costa Rica,2014,52,52,100.0
Costa Rica,2015,52,52,100.0
Costa Rica,2016,52,52,100.0
Costa Rica,2017,52,52,100.0
Costa Rica,2018,51,52,98.07692307692307
Costa Rica,2019,52,52,100.0
Costa Rica,2020,53,52,101.92307692307692
Costa Rica,2021,52,52,100.0
Costa Rica,2022,52,52,100.0
Costa Rica,2023,52,52,100.0
Costa Rica,2024,52,52,100.0
Costa Rica,2025,52,52,100.0
Costa Rica,2026,38,52,73.07692307692307
Croatia,1997,24,52,46.15384615384615
Croatia,1998,27,52,51.92307692307693
Croatia,1999,20,52,38.46153846153847
Croatia,2000,26,52,50.0
Croatia,2001,16,52,30.76923076923077
Croatia,2002,22,52,42.30769230769231
Croatia,2003,25,52,48.07692307692308
Croatia,2004,9,52,17.307692307692307
Croatia,2005,6,52,11.538461538461538
Croatia,2006,18,52,34.61538461538461
Croatia,2007,18,52,34.61538461538461
Croatia,2008,20,52,38.46153846153847
Croatia,2009,51,52,98.07692307692307
Croatia,2010,52,52,100.0
Croatia,2011,32,52,61.53846153846154
Croatia,2012,34,52,65.38461538461539
Croatia,2013,33,52,63.46153846153846
Croatia,2014,30,52,57.692307692307686
Croatia,2015,30,52,57.692307692307686
Croatia,2016,30,52,57.692307692307686
Croatia,2017,32,52,61.53846153846154
Croatia,2018,28,52,53.84615384615385
Croatia,2019,29,52,55.769230769230774
Croatia,2020,31,52,59.61538461538461
Croatia,2021,52,52,100.0
Croatia,2022,52,52,100.0
Croatia,2023,52,52,100.0
Croatia,2024,52,52,100.0
Croatia,2025,52,52,100.0
Croatia,2026,36,52,69.23076923076923
Cuba,1996,15,52,28.846153846153843
Cuba,1997,9,52,17.307692307692307
Cuba,1998,7,52,13.461538461538462
Cuba,1999,5,52,9.615384615384617
Cuba,2000,5,52,9.615384615384617
Cuba,2009,52,52,100.0
Cuba,2010,52,52,100.0
Cuba,2011,52,52,100.0
Cuba,2012,51,52,98.07692307692307
Cuba,2013,52,52,100.0
Cuba,2014,52,52,100.0
Cuba,2015,52,52,100.0
Cuba,2016,52,52,100.0
Cuba,2017,51,52,98.07692307692307
Cuba,2018,52,52,100.0
Cuba,2019,51,52,98.07692307692307
Cuba,2020,53,52,101.92307692307692
Cuba,2021,52,52,100.0
Cuba,2022,52,52,100.0
Cuba,2023,37,52,71.15384615384616
Cuba,2024,52,52,100.0
Cuba,2025,52,52,100.0
Cuba,2026,37,52,71.15384615384616
Cyprus,2016,6,52,11.538461538461538
Cyprus,2017,34,52,65.38461538461539
Cyprus,2018,33,52,63.46153846153846
Cyprus,2019,16,52,30.76923076923077
Cyprus,2020,29,52,55.769230769230774
Cyprus,2021,52,52,100.0
Cyprus,2022,52,52,100.0
Cyprus,2023,52,52,100.0
Cyprus,2024,52,52,100.0
Cyprus,2025,52,52,100.0
Cyprus,2026,36,52,69.23076923076923
Czechia,1997,20,52,38.46153846153847
Czechia,1998,25,52,48.07692307692308
Czechia,1999,31,52,59.61538461538461
Czechia,2000,33,52,63.46153846153846
Czechia,2001,30,52,57.692307692307686
Czechia,2002,22,52,42.30769230769231
Czechia,2003,26,52,50.0
Czechia,2004,29,52,55.769230769230774
Czechia,2005,17,52,32.69230769230769
Czechia,2006,33,52,63.46153846153846
Czechia,2007,28,52,53.84615384615385
Czechia,2008,21,52,40.38461538461539
Czechia,2009,25,52,48.07692307692308
Czechia,2010,19,52,36.53846153846153
Czechia,2011,23,52,44.230769230769226
Czechia,2012,28,52,53.84615384615385
Czechia,2013,24,52,46.15384615384615
Czechia,2014,28,52,53.84615384615385
Czechia,2015,30,52,57.692307692307686
Czechia,2016,30,52,57.692307692307686
Czechia,2017,33,52,63.46153846153846
Czechia,2018,33,52,63.46153846153846
Czechia,2019,35,52,67.3076923076923
Czechia,2020,37,52,71.15384615384616
Czechia,2021,52,52,100.0
Czechia,2022,52,52,100.0
Czechia,2023,52,52,100.0
Czechia,2024,52,52,100.0
Czechia,2025,52,52,100.0
Czechia,2026,39,52,75.0
Côte d’Ivoire,2009,40,52,76.92307692307693
Côte d’Ivoire,2010,46,52,88.46153846153845
Côte d’Ivoire,2011,35,52,67.3076923076923
Côte d’Ivoire,2012,52,52,100.0
Côte d’Ivoire,2013,52,52,100.0
Côte d’Ivoire,2014,52,52,100.0
Côte d’Ivoire,2015,53,52,101.92307692307692
Côte d’Ivoire,2016,52,52,100.0
Côte d’Ivoire,2017,52,52,100.0
Côte d’Ivoire,2018,52,52,100.0
Côte d’Ivoire,2019,52,52,100.0
Côte d’Ivoire,2020,53,52,101.92307692307692
Côte d’Ivoire,2021,52,52,100.0
Côte d’Ivoire,2022,52,52,100.0
Côte d’Ivoire,2023,52,52,100.0
Côte d’Ivoire,2024,52,52,100.0
Côte d’Ivoire,2025,52,52,100.0
Côte d’Ivoire,2026,36,52,69.23076923076923
Democratic People's Republic of Korea,1998,1,52,1.9230769230769231
Democratic People's Republic of Korea,2017,12,52,23.076923076923077
Democratic People's Republic of Korea,2018,12,52,23.076923076923077
Democratic People's Republic of Korea,2019,11,52,21.153846153846153
Democratic People's Republic of Korea,2020,12,52,23.076923076923077
Democratic People's Republic of Korea,2021,12,52,23.076923076923077
Democratic People's Republic of Korea,2022,9,52,17.307692307692307
Democratic People's Republic of Korea,2023,9,52,17.307692307692307
Democratic People's Republic of Korea,2024,19,52,36.53846153846153
Democratic People's Republic of Korea,2025,13,52,25.0
Democratic People's Republic of Korea,2026,7,52,13.461538461538462
Democratic Republic of the Congo,2010,52,52,100.0
Democratic Republic of the Congo,2011,45,52,86.53846153846155
Democratic Republic of the Congo,2012,52,52,100.0
Democratic Republic of the Congo,2013,52,52,100.0
Democratic Republic of the Congo,2014,52,52,100.0
Democratic Republic of the Congo,2015,52,52,100.0
Democratic Republic of the Congo,2016,40,52,76.92307692307693
Democratic Republic of the Congo,2017,52,52,100.0
Democratic Republic of the Congo,2018,52,52,100.0
Democratic Republic of the Congo,2019,52,52,100.0
Democratic Republic of the Congo,2020,53,52,101.92307692307692
Democratic Republic of the Congo,2021,52,52,100.0
Democratic Republic of the Congo,2022,52,52,100.0
Democratic Republic of the Congo,2023,52,52,100.0
Democratic Republic of the Congo,2024,52,52,100.0
Democratic Republic of the Congo,2025,52,52,100.0
Democratic Republic of the Congo,2026,38,52,73.07692307692307
Denmark,1997,4,52,7.6923076923076925
Denmark,1998,32,52,61.53846153846154
Denmark,1999,32,52,61.53846153846154
Denmark,2000,27,52,51.92307692307693
Denmark,2001,32,52,61.53846153846154
Denmark,2002,32,52,61.53846153846154
Denmark,2003,33,52,63.46153846153846
Denmark,2004,33,52,63.46153846153846
Denmark,2005,31,52,59.61538461538461
Denmark,2006,30,52,57.692307692307686
Denmark,2007,31,52,59.61538461538461
Denmark,2008,33,52,63.46153846153846
Denmark,2009,51,52,98.07692307692307
Denmark,2010,52,52,100.0
Denmark,2011,48,52,92.3076923076923
Denmark,2012,52,52,100.0
Denmark,2013,52,52,100.0
Denmark,2014,52,52,100.0
Denmark,2015,52,52,100.0
Denmark,2016,51,52,98.07692307692307
Denmark,2017,52,52,100.0
Denmark,2018,52,52,100.0
Denmark,2019,52,52,100.0
Denmark,2020,53,52,101.92307692307692
Denmark,2021,52,52,100.0
Denmark,2022,52,52,100.0
Denmark,2023,52,52,100.0
Denmark,2024,52,52,100.0
Denmark,2025,52,52,100.0
Denmark,2026,39,52,75.0
Dominica,2015,28,52,53.84615384615385
Dominica,2017,22,52,42.30769230769231
Dominica,2018,29,52,55.769230769230774
Dominica,2019,33,52,63.46153846153846
Dominica,2020,53,52,101.92307692307692
Dominica,2021,52,52,100.0
Dominica,2022,52,52,100.0
Dominica,2023,37,52,71.15384615384616
Dominica,2024,52,52,100.0
Dominica,2025,6,52,11.538461538461538
Dominica,2026,10,52,19.230769230769234
Dominican Republic,2004,23,52,44.230769230769226
Dominican Republic,2005,52,52,100.0
Dominican Republic,2006,52,52,100.0
Dominican Republic,2007,52,52,100.0
Dominican Republic,2008,52,52,100.0
Dominican Republic,2009,9,52,17.307692307692307
Dominican Republic,2010,52,52,100.0
Dominican Republic,2011,52,52,100.0
Dominican Republic,2012,52,52,100.0
Dominican Republic,2013,52,52,100.0
Dominican Republic,2014,50,52,96.15384615384616
Dominican Republic,2015,52,52,100.0
Dominican Republic,2016,52,52,100.0
Dominican Republic,2017,52,52,100.0
Dominican Republic,2018,52,52,100.0
Dominican Republic,2019,52,52,100.0
Dominican Republic,2020,53,52,101.92307692307692
Dominican Republic,2021,52,52,100.0
Dominican Republic,2022,52,52,100.0
Dominican Republic,2023,52,52,100.0
Dominican Republic,2024,52,52,100.0
Dominican Republic,2025,52,52,100.0
Dominican Republic,2026,38,52,73.07692307692307
Ecuador,2007,2,52,3.8461538461538463
Ecuador,2009,34,52,65.38461538461539
Ecuador,2010,46,52,88.46153846153845
Ecuador,2011,52,52,100.0
Ecuador,2012,52,52,100.0
Ecuador,2013,52,52,100.0
Ecuador,2014,52,52,100.0
Ecuador,2015,52,52,100.0
Ecuador,2016,52,52,100.0
Ecuador,2017,52,52,100.0
Ecuador,2018,52,52,100.0
Ecuador,2019,52,52,100.0
Ecuador,2020,53,52,101.92307692307692
Ecuador,2021,52,52,100.0
Ecuador,2022,52,52,100.0
Ecuador,2023,52,52,100.0
Ecuador,2024,52,52,100.0
Ecuador,2025,52,52,100.0
Ecuador,2026,39,52,75.0
Egypt,1997,1,52,1.9230769230769231
Egypt,1998,7,52,13.461538461538462
Egypt,1999,2,52,3.8461538461538463
Egypt,2000,8,52,15.384615384615385
Egypt,2001,16,52,30.76923076923077
Egypt,2002,17,52,32.69230769230769
Egypt,2003,2,52,3.8461538461538463
Egypt,2004,12,52,23.076923076923077
Egypt,2005,13,52,25.0
Egypt,2006,19,52,36.53846153846153
Egypt,2007,19,52,36.53846153846153
Egypt,2008,23,52,44.230769230769226
Egypt,2009,53,52,101.92307692307692
Egypt,2010,52,52,100.0
Egypt,2011,52,52,100.0
Egypt,2012,52,52,100.0
Egypt,2013,52,52,100.0
Egypt,2014,52,52,100.0
Egypt,2015,53,52,101.92307692307692
Egypt,2016,52,52,100.0
Egypt,2017,52,52,100.0
Egypt,2018,52,52,100.0
Egypt,2019,52,52,100.0
Egypt,2020,53,52,101.92307692307692
Egypt,2021,52,52,100.0
Egypt,2022,52,52,100.0
Egypt,2023,52,52,100.0
Egypt,2024,52,52,100.0
Egypt,2025,52,52,100.0
Egypt,2026,36,52,69.23076923076923
El Salvador,2006,43,52,82.6923076923077
El Salvador,2008,28,52,53.84615384615385
El Salvador,2009,45,52,86.53846153846155
El Salvador,2010,50,52,96.15384615384616
El Salvador,2011,52,52,100.0
El Salvador,2012,52,52,100.0
El Salvador,2013,52,52,100.0
El Salvador,2014,52,52,100.0
El Salvador,2015,53,52,101.92307692307692
El Salvador,2016,52,52,100.0
El Salvador,2017,52,52,100.0
El Salvador,2018,50,52,96.15384615384616
El Salvador,2019,52,52,100.0
El Salvador,2020,53,52,101.92307692307692
El Salvador,2021,52,52,100.0
El Salvador,2022,52,52,100.0
El Salvador,2023,52,52,100.0
El Salvador,2024,52,52,100.0
El Salvador,2025,52,52,100.0
El Salvador,2026,38,52,73.07692307692307
Estonia,2008,44,52,84.61538461538461
Estonia,2009,53,52,101.92307692307692
Estonia,2010,52,52,100.0
Estonia,2011,51,52,98.07692307692307
Estonia,2012,43,52,82.6923076923077
Estonia,2013,50,52,96.15384615384616
Estonia,2014,51,52,98.07692307692307
Estonia,2015,51,52,98.07692307692307
Estonia,2016,49,52,94.23076923076923
Estonia,2017,51,52,98.07692307692307
Estonia,2018,49,52,94.23076923076923
Estonia,2019,45,52,86.53846153846155
Estonia,2020,46,52,88.46153846153845
Estonia,2021,52,52,100.0
Estonia,2022,52,52,100.0
Estonia,2023,52,52,100.0
Estonia,2024,52,52,100.0
Estonia,2025,52,52,100.0
Estonia,2026,39,52,75.0
Ethiopia,2010,52,52,100.0
Ethiopia,2011,46,52,88.46153846153845
Ethiopia,2012,52,52,100.0
Ethiopia,2013,50,52,96.15384615384616
Ethiopia,2014,11,52,21.153846153846153
Ethiopia,2015,2,52,3.8461538461538463
Ethiopia,2016,52,52,100.0
Ethiopia,2017,52,52,100.0
Ethiopia,2018,45,52,86.53846153846155
Ethiopia,2019,48,52,92.3076923076923
Ethiopia,2021,52,52,100.0
Ethiopia,2022,52,52,100.0
Ethiopia,2023,52,52,100.0
Ethiopia,2024,52,52,100.0
Ethiopia,2025,49,52,94.23076923076923
Ethiopia,2026,36,52,69.23076923076923
Fiji,1997,2,52,3.8461538461538463
Fiji,1998,1,52,1.9230769230769231
Fiji,2009,49,52,94.23076923076923
Fiji,2010,51,52,98.07692307692307
Fiji,2011,52,52,100.0
Fiji,2012,20,52,38.46153846153847
Fiji,2013,52,52,100.0
Fiji,2014,52,52,100.0
Fiji,2015,52,52,100.0
Fiji,2016,52,52,100.0
Fiji,2017,52,52,100.0
Fiji,2018,35,52,67.3076923076923
Fiji,2019,31,52,59.61538461538461
Fiji,2020,12,52,23.076923076923077
Fiji,2021,14,52,26.923076923076923
Fiji,2022,37,52,71.15384615384616
Fiji,2023,47,52,90.38461538461539
Fiji,2024,50,52,96.15384615384616
Fiji,2025,52,52,100.0
Fiji,2026,39,52,75.0
Finland,1997,51,52,98.07692307692307
Finland,1998,36,52,69.23076923076923
Finland,1999,45,52,86.53846153846155
Finland,2000,27,52,51.92307692307693
Finland,2001,31,52,59.61538461538461
Finland,2002,23,52,44.230769230769226
Finland,2003,30,52,57.692307692307686
Finland,2004,16,52,30.76923076923077
Finland,2005,18,52,34.61538461538461
Finland,2006,33,52,63.46153846153846
Finland,2007,33,52,63.46153846153846
Finland,2008,25,52,48.07692307692308
Finland,2009,51,52,98.07692307692307
Finland,2010,19,52,36.53846153846153
Finland,2011,45,52,86.53846153846155
Finland,2012,47,52,90.38461538461539
Finland,2013,40,52,76.92307692307693
Finland,2014,44,52,84.61538461538461
Finland,2015,53,52,101.92307692307692
Finland,2016,52,52,100.0
Finland,2017,52,52,100.0
Finland,2018,52,52,100.0
Finland,2019,52,52,100.0
Finland,2020,53,52,101.92307692307692
Finland,2021,52,52,100.0
Finland,2022,52,52,100.0
Finland,2023,49,52,94.23076923076923
Finland,2024,13,52,25.0
Finland,2025,52,52,100.0
Finland,2026,32,52,61.53846153846154
France,1997,29,52,55.769230769230774
France,1998,45,52,86.53846153846155
France,1999,46,52,88.46153846153845
France,2000,32,52,61.53846153846154
France,2001,37,52,71.15384615384616
France,2002,36,52,69.23076923076923
France,2003,31,52,59.61538461538461
France,2004,21,52,40.38461538461539
France,2005,30,52,57.692307692307686
France,2006,30,52,57.692307692307686
France,2007,30,52,57.692307692307686
France,2008,31,52,59.61538461538461
France,2009,53,52,101.92307692307692
France,2010,52,52,100.0
France,2011,52,52,100.0
France,2012,52,52,100.0
France,2013,52,52,100.0
France,2014,40,52,76.92307692307693
France,2015,29,52,55.769230769230774
France,2016,33,52,63.46153846153846
France,2017,28,52,53.84615384615385
France,2018,33,52,63.46153846153846
France,2019,30,52,57.692307692307686
France,2020,48,52,92.3076923076923
France,2021,52,52,100.0
France,2022,52,52,100.0
France,2023,52,52,100.0
France,2024,52,52,100.0
France,2025,52,52,100.0
France,2026,39,52,75.0
French Guiana,1997,2,52,3.8461538461538463
French Guiana,1998,6,52,11.538461538461538
French Guiana,1999,52,52,100.0
French Guiana,2000,12,52,23.076923076923077
French Guiana,2001,4,52,7.6923076923076925
French Guiana,2002,52,52,100.0
French Guiana,2003,50,52,96.15384615384616
French Guiana,2004,46,52,88.46153846153845
French Guiana,2005,18,52,34.61538461538461
French Guiana,2008,27,52,51.92307692307693
French Guiana,2009,53,52,101.92307692307692
French Guiana,2010,52,52,100.0
French Guiana,2011,52,52,100.0
French Guiana,2012,52,52,100.0
French Guiana,2013,52,52,100.0
French Guiana,2014,52,52,100.0
French Guiana,2015,53,52,101.92307692307692
French Guiana,2016,52,52,100.0
French Guiana,2017,52,52,100.0
French Guiana,2018,52,52,100.0
French Guiana,2019,52,52,100.0
French Guiana,2020,52,52,100.0
French Guiana,2021,52,52,100.0
French Guiana,2022,10,52,19.230769230769234
French Guiana,2023,52,52,100.0
French Guiana,2024,51,52,98.07692307692307
French Guiana,2025,52,52,100.0
French Guiana,2026,39,52,75.0
Gabon,2022,24,52,46.15384615384615
Gabon,2023,44,52,84.61538461538461
Gabon,2024,52,52,100.0
Gabon,2025,52,52,100.0
Gabon,2026,30,52,57.692307692307686
Georgia,2009,36,52,69.23076923076923
Georgia,2010,42,52,80.76923076923077
Georgia,2011,52,52,100.0
Georgia,2012,52,52,100.0
Georgia,2013,52,52,100.0
Georgia,2014,39,52,75.0
Georgia,2015,53,52,101.92307692307692
Georgia,2016,52,52,100.0
Georgia,2017,52,52,100.0
Georgia,2018,52,52,100.0
Georgia,2019,52,52,100.0
Georgia,2020,52,52,100.0
Georgia,2021,52,52,100.0
Georgia,2022,52,52,100.0
Georgia,2023,52,52,100.0
Georgia,2024,52,52,100.0
Georgia,2025,52,52,100.0
Georgia,2026,39,52,75.0
Germany,1997,29,52,55.769230769230774
Germany,1998,29,52,55.769230769230774
Germany,1999,27,52,51.92307692307693
Germany,2000,28,52,53.84615384615385
Germany,2001,33,52,63.46153846153846
Germany,2002,30,52,57.692307692307686
Germany,2003,28,52,53.84615384615385
Germany,2004,28,52,53.84615384615385
Germany,2005,24,52,46.15384615384615
Germany,2006,34,52,65.38461538461539
Germany,2007,51,52,98.07692307692307
Germany,2008,52,52,100.0
Germany,2009,52,52,100.0
Germany,2010,47,52,90.38461538461539
Germany,2011,51,52,98.07692307692307
Germany,2012,52,52,100.0
Germany,2013,52,52,100.0
Germany,2014,52,52,100.0
Germany,2015,53,52,101.92307692307692
Germany,2016,52,52,100.0
Germany,2017,51,52,98.07692307692307
Germany,2018,51,52,98.07692307692307
Germany,2019,51,52,98.07692307692307
Germany,2020,53,52,101.92307692307692
Germany,2021,52,52,100.0
Germany,2022,52,52,100.0
Germany,2023,52,52,100.0
Germany,2024,52,52,100.0
Germany,2025,52,52,100.0
Germany,2026,39,52,75.0
Ghana,2008,52,52,100.0
Ghana,2009,53,52,101.92307692307692
Ghana,2010,52,52,100.0
Ghana,2011,52,52,100.0
Ghana,2012,52,52,100.0
Ghana,2013,52,52,100.0
Ghana,2014,52,52,100.0
Ghana,2015,53,52,101.92307692307692
Ghana,2016,52,52,100.0
Ghana,2017,52,52,100.0
Ghana,2018,52,52,100.0
Ghana,2019,52,52,100.0
Ghana,2020,18,52,34.61538461538461
Ghana,2021,51,52,98.07692307692307
Ghana,2022,52,52,100.0
Ghana,2023,52,52,100.0
Ghana,2024,52,52,100.0
Ghana,2025,52,52,100.0
Ghana,2026,38,52,73.07692307692307
Greece,1997,16,52,30.76923076923077
Greece,1998,23,52,44.230769230769226
Greece,1999,12,52,23.076923076923077
Greece,2000,17,52,32.69230769230769
Greece,2001,17,52,32.69230769230769
Greece,2002,22,52,42.30769230769231
Greece,2003,23,52,44.230769230769226
Greece,2004,10,52,19.230769230769234
Greece,2005,23,52,44.230769230769226
Greece,2006,32,52,61.53846153846154
Greece,2007,38,52,73.07692307692307
Greece,2008,40,52,76.92307692307693
Greece,2009,53,52,101.92307692307692
Greece,2010,52,52,100.0
Greece,2011,32,52,61.53846153846154
Greece,2012,52,52,100.0
Greece,2013,52,52,100.0
Greece,2014,47,52,90.38461538461539
Greece,2015,47,52,90.38461538461539
Greece,2016,34,52,65.38461538461539
Greece,2017,31,52,59.61538461538461
Greece,2018,35,52,67.3076923076923
Greece,2019,33,52,63.46153846153846
Greece,2020,44,52,84.61538461538461
Greece,2021,52,52,100.0
Greece,2022,52,52,100.0
Greece,2023,52,52,100.0
Greece,2024,52,52,100.0
Greece,2025,52,52,100.0
Greece,2026,39,52,75.0
Grenada,2020,53,52,101.92307692307692
Grenada,2021,52,52,100.0
Grenada,2022,24,52,46.15384615384615
Grenada,2023,37,52,71.15384615384616
Grenada,2025,8,52,15.384615384615385
Grenada,2026,5,52,9.615384615384617
Guadeloupe,2008,4,52,7.6923076923076925
Guadeloupe,2009,53,52,101.92307692307692
Guadeloupe,2010,31,52,59.61538461538461
Guadeloupe,2011,52,52,100.0
Guadeloupe,2012,20,52,38.46153846153847
Guadeloupe,2013,52,52,100.0
Guadeloupe,2014,52,52,100.0
Guadeloupe,2015,53,52,101.92307692307692
Guadeloupe,2016,52,52,100.0
Guadeloupe,2017,52,52,100.0
Guadeloupe,2018,52,52,100.0
Guadeloupe,2019,52,52,100.0
Guadeloupe,2020,52,52,100.0
Guadeloupe,2021,52,52,100.0
Guadeloupe,2022,39,52,75.0
Guadeloupe,2023,52,52,100.0
Guadeloupe,2024,52,52,100.0
Guadeloupe,2025,52,52,100.0
Guadeloupe,2026,39,52,75.0
Guatemala,2009,18,52,34.61538461538461
Guatemala,2010,51,52,98.07692307692307
Guatemala,2011,52,52,100.0
Guatemala,2012,50,52,96.15384615384616
Guatemala,2013,52,52,100.0
Guatemala,2014,49,52,94.23076923076923
Guatemala,2015,52,52,100.0
Guatemala,2016,52,52,100.0
Guatemala,2017,48,52,92.3076923076923
Guatemala,2018,52,52,100.0
Guatemala,2019,52,52,100.0
Guatemala,2020,53,52,101.92307692307692
Guatemala,2021,52,52,100.0
Guatemala,2022,52,52,100.0
Guatemala,2023,52,52,100.0
Guatemala,2024,52,52,100.0
Guatemala,2025,52,52,100.0
Guatemala,2026,39,52,75.0
Guinea,2018,52,52,100.0
Guinea,2019,52,52,100.0
Guinea,2020,52,52,100.0
Guinea,2021,52,52,100.0
Guinea,2022,52,52,100.0
Guinea,2023,52,52,100.0
Guinea,2024,52,52,100.0
Guinea,2025,52,52,100.0
Guinea,2026,30,52,57.692307692307686
Guyana,2015,1,52,1.9230769230769231
Guyana,2018,1,52,1.9230769230769231
Guyana,2023,52,52,100.0
Guyana,2024,52,52,100.0
Guyana,2025,52,52,100.0
Guyana,2026,38,52,73.07692307692307
Haiti,2015,13,52,25.0
Haiti,2016,14,52,26.923076923076923
Haiti,2017,52,52,100.0
Haiti,2018,52,52,100.0
Haiti,2019,48,52,92.3076923076923
Haiti,2020,53,52,101.92307692307692
Haiti,2021,52,52,100.0
Haiti,2022,52,52,100.0
Haiti,2023,52,52,100.0
Haiti,2024,52,52,100.0
Haiti,2025,44,52,84.61538461538461
Haiti,2026,30,52,57.692307692307686
Honduras,2007,52,52,100.0
Honduras,2008,51,52,98.07692307692307
Honduras,2009,52,52,100.0
Honduras,2010,52,52,100.0
Honduras,2011,52,52,100.0
Honduras,2012,50,52,96.15384615384616
Honduras,2013,51,52,98.07692307692307
Honduras,2014,48,52,92.3076923076923
Honduras,2015,52,52,100.0
Honduras,2016,52,52,100.0
Honduras,2017,51,52,98.07692307692307
Honduras,2018,52,52,100.0
Honduras,2019,51,52,98.07692307692307
Honduras,2020,53,52,101.92307692307692
Honduras,2021,52,52,100.0
Honduras,2022,52,52,100.0
Honduras,2023,52,52,100.0
Honduras,2024,52,52,100.0
Honduras,2025,52,52,100.0
Honduras,2026,38,52,73.07692307692307
Hungary,1997,7,52,13.461538461538462
Hungary,1998,5,52,9.615384615384617
Hungary,1999,12,52,23.076923076923077
Hungary,2000,3,52,5.769230769230769
Hungary,2001,10,52,19.230769230769234
Hungary,2002,8,52,15.384615384615385
Hungary,2003,13,52,25.0
Hungary,2009,35,52,67.3076923076923
Hungary,2010,45,52,86.53846153846155
Hungary,2011,33,52,63.46153846153846
Hungary,2012,33,52,63.46153846153846
Hungary,2013,31,52,59.61538461538461
Hungary,2014,33,52,63.46153846153846
Hungary,2015,33,52,63.46153846153846
Hungary,2016,33,52,63.46153846153846
Hungary,2017,32,52,61.53846153846154
Hungary,2018,33,52,63.46153846153846
Hungary,2019,32,52,61.53846153846154
Hungary,2020,42,52,80.76923076923077
Hungary,2021,52,52,100.0
Hungary,2022,52,52,100.0
Hungary,2023,52,52,100.0
Hungary,2024,51,52,98.07692307692307
Hungary,2025,52,52,100.0
Hungary,2026,39,52,75.0
Iceland,1997,11,52,21.153846153846153
Iceland,1998,22,52,42.30769230769231
Iceland,1999,49,52,94.23076923076923
Iceland,2000,29,52,55.769230769230774
Iceland,2001,29,52,55.769230769230774
Iceland,2002,35,52,67.3076923076923
Iceland,2003,36,52,69.23076923076923
Iceland,2004,10,52,19.230769230769234
Iceland,2005,12,52,23.076923076923077
Iceland,2006,19,52,36.53846153846153
Iceland,2007,18,52,34.61538461538461
Iceland,2008,19,52,36.53846153846153
Iceland,2010,4,52,7.6923076923076925
Iceland,2011,51,52,98.07692307692307
Iceland,2012,52,52,100.0
Iceland,2013,52,52,100.0
Iceland,2014,52,52,100.0
Iceland,2015,53,52,101.92307692307692
Iceland,2016,51,52,98.07692307692307
Iceland,2017,52,52,100.0
Iceland,2018,52,52,100.0
Iceland,2019,52,52,100.0
Iceland,2020,53,52,101.92307692307692
Iceland,2021,52,52,100.0
Iceland,2022,52,52,100.0
Iceland,2023,52,52,100.0
Iceland,2024,52,52,100.0
Iceland,2025,51,52,98.07692307692307
Iceland,2026,38,52,73.07692307692307
India,1997,28,52,53.84615384615385
India,1998,28,52,53.84615384615385
India,1999,33,52,63.46153846153846
India,2000,51,52,98.07692307692307
India,2001,42,52,80.76923076923077
India,2002,52,52,100.0
India,2003,49,52,94.23076923076923
India,2008,45,52,86.53846153846155
India,2009,41,52,78.84615384615384
India,2010,50,52,96.15384615384616
India,2011,52,52,100.0
India,2012,52,52,100.0
India,2013,52,52,100.0
India,2014,52,52,100.0
India,2015,53,52,101.92307692307692
India,2016,52,52,100.0
India,2017,48,52,92.3076923076923
India,2018,52,52,100.0
India,2019,52,52,100.0
India,2020,48,52,92.3076923076923
India,2021,52,52,100.0
India,2022,52,52,100.0
India,2023,52,52,100.0
India,2024,52,52,100.0
India,2025,52,52,100.0
India,2026,38,52,73.07692307692307
Indonesia,2004,18,52,34.61538461538461
Indonesia,2005,20,52,38.46153846153847
Indonesia,2010,52,52,100.0
Indonesia,2011,52,52,100.0
Indonesia,2012,52,52,100.0
Indonesia,2013,52,52,100.0
Indonesia,2014,52,52,100.0
Indonesia,2015,53,52,101.92307692307692
Indonesia,2016,52,52,100.0
Indonesia,2017,52,52,100.0
Indonesia,2018,52,52,100.0
Indonesia,2019,52,52,100.0
Indonesia,2020,53,52,101.92307692307692
Indonesia,2021,52,52,100.0
Indonesia,2022,52,52,100.0
Indonesia,2023,52,52,100.0
Indonesia,2024,52,52,100.0
Indonesia,2025,52,52,100.0
Indonesia,2026,38,52,73.07692307692307
Iran (Islamic Republic of),1997,4,52,7.6923076923076925
Iran (Islamic Republic of),1998,12,52,23.076923076923077
Iran (Islamic Republic of),1999,9,52,17.307692307692307
Iran (Islamic Republic of),2000,5,52,9.615384615384617
Iran (Islamic Republic of),2001,1,52,1.9230769230769231
Iran (Islamic Republic of),2002,2,52,3.8461538461538463
Iran (Islamic Republic of),2005,6,52,11.538461538461538
Iran (Islamic Republic of),2006,21,52,40.38461538461539
Iran (Islamic Republic of),2007,47,52,90.38461538461539
Iran (Islamic Republic of),2008,52,52,100.0
Iran (Islamic Republic of),2009,51,52,98.07692307692307
Iran (Islamic Republic of),2010,52,52,100.0
Iran (Islamic Republic of),2011,52,52,100.0
Iran (Islamic Republic of),2012,52,52,100.0
Iran (Islamic Republic of),2013,52,52,100.0
Iran (Islamic Republic of),2014,52,52,100.0
Iran (Islamic Republic of),2015,53,52,101.92307692307692
Iran (Islamic Republic of),2016,52,52,100.0
Iran (Islamic Republic of),2017,52,52,100.0
Iran (Islamic Republic of),2018,52,52,100.0
Iran (Islamic Republic of),2019,52,52,100.0
Iran (Islamic Republic of),2020,53,52,101.92307692307692
Iran (Islamic Republic of),2021,52,52,100.0
Iran (Islamic Republic of),2022,52,52,100.0
Iran (Islamic Republic of),2023,52,52,100.0
Iran (Islamic Republic of),2024,52,52,100.0
Iran (Islamic Republic of),2025,52,52,100.0
Iran (Islamic Republic of),2026,38,52,73.07692307692307
Iraq,2009,53,52,101.92307692307692
Iraq,2010,52,52,100.0
Iraq,2011,52,52,100.0
Iraq,2012,52,52,100.0
Iraq,2013,52,52,100.0
Iraq,2014,52,52,100.0
Iraq,2015,53,52,101.92307692307692
Iraq,2016,52,52,100.0
Iraq,2017,52,52,100.0
Iraq,2018,50,52,96.15384615384616
Iraq,2019,50,52,96.15384615384616
Iraq,2020,53,52,101.92307692307692
Iraq,2021,52,52,100.0
Iraq,2022,51,52,98.07692307692307
Iraq,2023,51,52,98.07692307692307
Iraq,2024,52,52,100.0
Iraq,2025,49,52,94.23076923076923
Iraq,2026,38,52,73.07692307692307
Ireland,1997,6,52,11.538461538461538
Ireland,1998,1,52,1.9230769230769231
Ireland,1999,8,52,15.384615384615385
Ireland,2000,21,52,40.38461538461539
Ireland,2001,31,52,59.61538461538461
Ireland,2002,24,52,46.15384615384615
Ireland,2003,17,52,32.69230769230769
Ireland,2004,34,52,65.38461538461539
Ireland,2005,29,52,55.769230769230774
Ireland,2009,38,52,73.07692307692307
Ireland,2010,52,52,100.0
Ireland,2011,52,52,100.0
Ireland,2012,52,52,100.0
Ireland,2013,52,52,100.0
Ireland,2014,52,52,100.0
Ireland,2015,53,52,101.92307692307692
Ireland,2016,52,52,100.0
Ireland,2017,52,52,100.0
Ireland,2018,52,52,100.0
Ireland,2019,52,52,100.0
Ireland,2020,50,52,96.15384615384616
Ireland,2021,52,52,100.0
Ireland,2022,52,52,100.0
Ireland,2023,52,52,100.0
Ireland,2024,52,52,100.0
Ireland,2025,52,52,100.0
Ireland,2026,37,52,71.15384615384616
Israel,1997,10,52,19.230769230769234
Israel,1998,20,52,38.46153846153847
Israel,1999,20,52,38.46153846153847
Israel,2000,18,52,34.61538461538461
Israel,2001,16,52,30.76923076923077
Israel,2002,18,52,34.61538461538461
Israel,2003,28,52,53.84615384615385
Israel,2004,19,52,36.53846153846153
Israel,2005,20,52,38.46153846153847
Israel,2006,21,52,40.38461538461539
Israel,2007,5,52,9.615384615384617
Israel,2008,17,52,32.69230769230769
Israel,2009,53,52,101.92307692307692
Israel,2010,28,52,53.84615384615385
Israel,2011,22,52,42.30769230769231
Israel,2012,28,52,53.84615384615385
Israel,2013,28,52,53.84615384615385
Israel,2014,32,52,61.53846153846154
Israel,2015,29,52,55.769230769230774
Israel,2016,26,52,50.0
Israel,2017,27,52,51.92307692307693
Israel,2018,33,52,63.46153846153846
Israel,2019,32,52,61.53846153846154
Israel,2020,37,52,71.15384615384616
Israel,2021,52,52,100.0
Israel,2022,52,52,100.0
Israel,2023,26,52,50.0
Israel,2024,50,52,96.15384615384616
Israel,2025,27,52,51.92307692307693
Israel,2026,10,52,19.230769230769234
Italy,1997,22,52,42.30769230769231
Italy,1998,25,52,48.07692307692308
Italy,1999,26,52,50.0
Italy,2000,21,52,40.38461538461539
Italy,2001,23,52,44.230769230769226
Italy,2002,23,52,44.230769230769226
Italy,2003,44,52,84.61538461538461
Italy,2004,25,52,48.07692307692308
Italy,2005,24,52,46.15384615384615
Italy,2006,23,52,44.230769230769226
Italy,2007,23,52,44.230769230769226
Italy,2008,24,52,46.15384615384615
Italy,2009,53,52,101.92307692307692
Italy,2010,34,52,65.38461538461539
Italy,2011,24,52,46.15384615384615
Italy,2012,23,52,44.230769230769226
Italy,2013,24,52,46.15384615384615
Italy,2014,29,52,55.769230769230774
Italy,2015,25,52,48.07692307692308
Italy,2016,23,52,44.230769230769226
Italy,2017,24,52,46.15384615384615
Italy,2018,24,52,46.15384615384615
Italy,2019,24,52,46.15384615384615
Italy,2020,46,52,88.46153846153845
Italy,2021,52,52,100.0
Italy,2022,52,52,100.0
Italy,2023,52,52,100.0
Italy,2024,41,52,78.84615384615384
Italy,2025,28,52,53.84615384615385
Italy,2026,9,52,17.307692307692307
Jamaica,1997,14,52,26.923076923076923
Jamaica,1998,17,52,32.69230769230769
Jamaica,1999,33,52,63.46153846153846
Jamaica,2000,15,52,28.846153846153843
Jamaica,2008,52,52,100.0
Jamaica,2009,52,52,100.0
Jamaica,2010,52,52,100.0
Jamaica,2011,51,52,98.07692307692307
Jamaica,2012,52,52,100.0
Jamaica,2013,52,52,100.0
Jamaica,2014,52,52,100.0
Jamaica,2015,53,52,101.92307692307692
Jamaica,2016,50,52,96.15384615384616
Jamaica,2017,52,52,100.0
Jamaica,2018,51,52,98.07692307692307
Jamaica,2019,52,52,100.0
Jamaica,2020,53,52,101.92307692307692
Jamaica,2021,52,52,100.0
Jamaica,2022,52,52,100.0
Jamaica,2023,52,52,100.0
Jamaica,2024,52,52,100.0
Jamaica,2025,52,52,100.0
Jamaica,2026,38,52,73.07692307692307
Japan,1996,12,52,23.076923076923077
Japan,1997,20,52,38.46153846153847
Japan,1998,51,52,98.07692307692307
Japan,1999,52,52,100.0
Japan,2000,51,52,98.07692307692307
Japan,2001,52,52,100.0
Japan,2002,52,52,100.0
Japan,2003,52,52,100.0
Japan,2004,53,52,101.92307692307692
Japan,2005,52,52,100.0
Japan,2006,52,52,100.0
Japan,2007,52,52,100.0
Japan,2008,52,52,100.0
Japan,2009,53,52,101.92307692307692
Japan,2010,52,52,100.0
Japan,2011,52,52,100.0
Japan,2012,52,52,100.0
Japan,2013,52,52,100.0
Japan,2014,52,52,100.0
Japan,2015,53,52,101.92307692307692
Japan,2016,52,52,100.0
Japan,2017,52,52,100.0
Japan,2018,52,52,100.0
Japan,2019,52,52,100.0
Japan,2020,53,52,101.92307692307692
Japan,2021,52,52,100.0
Japan,2022,52,52,100.0
Japan,2023,52,52,100.0
Japan,2024,52,52,100.0
Japan,2025,52,52,100.0
Japan,2026,38,52,73.07692307692307
Jordan,2010,7,52,13.461538461538462
Jordan,2011,50,52,96.15384615384616
Jordan,2012,52,52,100.0
Jordan,2013,52,52,100.0
Jordan,2014,52,52,100.0
Jordan,2015,52,52,100.0
Jordan,2016,52,52,100.0
Jordan,2017,52,52,100.0
Jordan,2018,52,52,100.0
Jordan,2019,52,52,100.0
Jordan,2020,53,52,101.92307692307692
Jordan,2021,52,52,100.0
Jordan,2022,52,52,100.0
Jordan,2023,52,52,100.0
Jordan,2024,52,52,100.0
Jordan,2025,52,52,100.0
Jordan,2026,35,52,67.3076923076923
Kazakhstan,2007,14,52,26.923076923076923
Kazakhstan,2008,30,52,57.692307692307686
Kazakhstan,2009,26,52,50.0
Kazakhstan,2010,27,52,51.92307692307693
Kazakhstan,2011,52,52,100.0
Kazakhstan,2012,52,52,100.0
Kazakhstan,2013,52,52,100.0
Kazakhstan,2014,37,52,71.15384615384616
Kazakhstan,2015,50,52,96.15384615384616
Kazakhstan,2016,51,52,98.07692307692307
Kazakhstan,2017,39,52,75.0
Kazakhstan,2018,52,52,100.0
Kazakhstan,2019,52,52,100.0
Kazakhstan,2020,53,52,101.92307692307692
Kazakhstan,2021,52,52,100.0
Kazakhstan,2022,52,52,100.0
Kazakhstan,2023,52,52,100.0
Kazakhstan,2024,52,52,100.0
Kazakhstan,2025,52,52,100.0
Kazakhstan,2026,39,52,75.0
Kenya,1998,1,52,1.9230769230769231
Kenya,2006,31,52,59.61538461538461
Kenya,2007,52,52,100.0
Kenya,2008,52,52,100.0
Kenya,2009,53,52,101.92307692307692
Kenya,2010,52,52,100.0
Kenya,2011,52,52,100.0
Kenya,2012,52,52,100.0
Kenya,2013,52,52,100.0
Kenya,2014,46,52,88.46153846153845
Kenya,2016,45,52,86.53846153846155
Kenya,2017,20,52,38.46153846153847
Kenya,2018,52,52,100.0
Kenya,2019,52,52,100.0
Kenya,2020,32,52,61.53846153846154
Kenya,2021,52,52,100.0
Kenya,2022,52,52,100.0
Kenya,2023,52,52,100.0
Kenya,2024,52,52,100.0
Kenya,2025,52,52,100.0
Kenya,2026,37,52,71.15384615384616
Kosovo (in accordance with UN Security Council resolution 1244 (1999)),2016,35,52,67.3076923076923
Kosovo (in accordance with UN Security Council resolution 1244 (1999)),2017,36,52,69.23076923076923
Kosovo (in accordance with UN Security Council resolution 1244 (1999)),2018,33,52,63.46153846153846
Kosovo (in accordance with UN Security Council resolution 1244 (1999)),2019,33,52,63.46153846153846
Kosovo (in accordance with UN Security Council resolution 1244 (1999)),2020,42,52,80.76923076923077
Kosovo (in accordance with UN Security Council resolution 1244 (1999)),2021,52,52,100.0
Kosovo (in accordance with UN Security Council resolution 1244 (1999)),2022,51,52,98.07692307692307
Kosovo (in accordance with UN Security Council resolution 1244 (1999)),2023,35,52,67.3076923076923
Kosovo (in accordance with UN Security Council resolution 1244 (1999)),2024,33,52,63.46153846153846
Kosovo (in accordance with UN Security Council resolution 1244 (1999)),2025,15,52,28.846153846153843
Kosovo (in accordance with UN Security Council resolution 1244 (1999)),2026,9,52,17.307692307692307
Kuwait,2017,18,52,34.61538461538461
Kuwait,2018,51,52,98.07692307692307
Kuwait,2019,52,52,100.0
Kuwait,2020,6,52,11.538461538461538
Kuwait,2024,14,52,26.923076923076923
Kuwait,2025,52,52,100.0
Kuwait,2026,37,52,71.15384615384616
Kyrgyzstan,2008,37,52,71.15384615384616
Kyrgyzstan,2009,37,52,71.15384615384616
Kyrgyzstan,2010,51,52,98.07692307692307
Kyrgyzstan,2011,30,52,57.692307692307686
Kyrgyzstan,2012,51,52,98.07692307692307
Kyrgyzstan,2013,49,52,94.23076923076923
Kyrgyzstan,2014,37,52,71.15384615384616
Kyrgyzstan,2015,53,52,101.92307692307692
Kyrgyzstan,2016,51,52,98.07692307692307
Kyrgyzstan,2017,52,52,100.0
Kyrgyzstan,2018,52,52,100.0
Kyrgyzstan,2019,50,52,96.15384615384616
Kyrgyzstan,2020,24,52,46.15384615384615
Kyrgyzstan,2021,52,52,100.0
Kyrgyzstan,2022,52,52,100.0
Kyrgyzstan,2023,52,52,100.0
Kyrgyzstan,2024,51,52,98.07692307692307
Kyrgyzstan,2025,52,52,100.0
Kyrgyzstan,2026,20,52,38.46153846153847
Lao People's Democratic Republic,2010,9,52,17.307692307692307
Lao People's Democratic Republic,2011,52,52,100.0
Lao People's Democratic Republic,2012,52,52,100.0
Lao People's Democratic Republic,2013,52,52,100.0
Lao People's Democratic Republic,2014,52,52,100.0
Lao People's Democratic Republic,2015,51,52,98.07692307692307
Lao People's Democratic Republic,2016,51,52,98.07692307692307
Lao People's Democratic Republic,2017,52,52,100.0
Lao People's Democratic Republic,2018,52,52,100.0
Lao People's Democratic Republic,2019,52,52,100.0
Lao People's Democratic Republic,2020,53,52,101.92307692307692
Lao People's Democratic Republic,2021,52,52,100.0
Lao People's Democratic Republic,2022,52,52,100.0
Lao People's Democratic Republic,2023,51,52,98.07692307692307
Lao People's Democratic Republic,2024,52,52,100.0
Lao People's Democratic Republic,2025,52,52,100.0
Lao People's Democratic Republic,2026,38,52,73.07692307692307
Latvia,1995,1,52,1.9230769230769231
Latvia,1997,12,52,23.076923076923077
Latvia,1998,17,52,32.69230769230769
Latvia,1999,29,52,55.769230769230774
Latvia,2000,32,52,61.53846153846154
Latvia,2001,38,52,73.07692307692307
Latvia,2002,33,52,63.46153846153846
Latvia,2003,33,52,63.46153846153846
Latvia,2004,30,52,57.692307692307686
Latvia,2005,30,52,57.692307692307686
Latvia,2006,31,52,59.61538461538461
Latvia,2007,29,52,55.769230769230774
Latvia,2008,34,52,65.38461538461539
Latvia,2009,47,52,90.38461538461539
Latvia,2010,37,52,71.15384615384616
Latvia,2011,43,52,82.6923076923077
Latvia,2012,37,52,71.15384615384616
Latvia,2013,40,52,76.92307692307693
Latvia,2014,39,52,75.0
Latvia,2015,39,52,75.0
Latvia,2016,38,52,73.07692307692307
Latvia,2017,38,52,73.07692307692307
Latvia,2018,34,52,65.38461538461539
Latvia,2019,34,52,65.38461538461539
Latvia,2020,49,52,94.23076923076923
Latvia,2021,52,52,100.0
Latvia,2022,52,52,100.0
Latvia,2023,51,52,98.07692307692307
Latvia,2024,27,52,51.92307692307693
Latvia,2025,52,52,100.0
Latvia,2026,36,52,69.23076923076923
Lebanon,2015,53,52,101.92307692307692
Lebanon,2016,52,52,100.0
Lebanon,2017,52,52,100.0
Lebanon,2018,52,52,100.0
Lebanon,2019,52,52,100.0
Lebanon,2020,53,52,101.92307692307692
Lebanon,2021,52,52,100.0
Lebanon,2022,52,52,100.0
Lebanon,2023,52,52,100.0
Lebanon,2024,52,52,100.0
Lebanon,2025,52,52,100.0
Lebanon,2026,39,52,75.0
Lesotho,2025,40,52,76.92307692307693
Liberia,2022,18,52,34.61538461538461
Liberia,2023,52,52,100.0
Liberia,2024,51,52,98.07692307692307
Liberia,2025,52,52,100.0
Liberia,2026,37,52,71.15384615384616
Libya,2022,46,52,88.46153846153845
Libya,2023,36,52,69.23076923076923
Libya,2024,48,52,92.3076923076923
Libya,2025,7,52,13.461538461538462
Liechtenstein,2020,29,52,55.769230769230774
Liechtenstein,2021,52,52,100.0
Liechtenstein,2022,52,52,100.0
Liechtenstein,2023,51,52,98.07692307692307
Liechtenstein,2024,52,52,100.0
Liechtenstein,2025,51,52,98.07692307692307
Liechtenstein,2026,38,52,73.07692307692307
Lithuania,2009,19,52,36.53846153846153
Lithuania,2010,18,52,34.61538461538461
Lithuania,2011,52,52,100.0
Lithuania,2012,52,52,100.0
Lithuania,2013,52,52,100.0
Lithuania,2014,52,52,100.0
Lithuania,2015,52,52,100.0
Lithuania,2016,52,52,100.0
Lithuania,2017,51,52,98.07692307692307
Lithuania,2018,49,52,94.23076923076923
Lithuania,2019,52,52,100.0
Lithuania,2020,52,52,100.0
Lithuania,2021,52,52,100.0
Lithuania,2022,52,52,100.0
Lithuania,2023,52,52,100.0
Lithuania,2024,52,52,100.0
Lithuania,2025,34,52,65.38461538461539
Lithuania,2026,28,52,53.84615384615385
Luxembourg,2004,37,52,71.15384615384616
Luxembourg,2006,28,52,53.84615384615385
Luxembourg,2007,32,52,61.53846153846154
Luxembourg,2008,33,52,63.46153846153846
Luxembourg,2009,39,52,75.0
Luxembourg,2010,25,52,48.07692307692308
Luxembourg,2011,31,52,59.61538461538461
Luxembourg,2012,33,52,63.46153846153846
Luxembourg,2013,32,52,61.53846153846154
Luxembourg,2014,34,52,65.38461538461539
Luxembourg,2015,34,52,65.38461538461539
Luxembourg,2016,31,52,59.61538461538461
Luxembourg,2017,23,52,44.230769230769226
Luxembourg,2018,33,52,63.46153846153846
Luxembourg,2019,32,52,61.53846153846154
Luxembourg,2020,49,52,94.23076923076923
Luxembourg,2021,52,52,100.0
Luxembourg,2022,52,52,100.0
Luxembourg,2023,52,52,100.0
Luxembourg,2024,52,52,100.0
Luxembourg,2025,52,52,100.0
Luxembourg,2026,39,52,75.0
Madagascar,1997,3,52,5.769230769230769
Madagascar,1998,14,52,26.923076923076923
Madagascar,1999,6,52,11.538461538461538
Madagascar,2000,15,52,28.846153846153843
Madagascar,2001,7,52,13.461538461538462
Madagascar,2002,52,52,100.0
Madagascar,2003,52,52,100.0
Madagascar,2004,53,52,101.92307692307692
Madagascar,2005,52,52,100.0
Madagascar,2006,52,52,100.0
Madagascar,2007,52,52,100.0
Madagascar,2008,52,52,100.0
Madagascar,2009,41,52,78.84615384615384
Madagascar,2010,52,52,100.0
Madagascar,2011,52,52,100.0
Madagascar,2012,52,52,100.0
Madagascar,2013,51,52,98.07692307692307
Madagascar,2014,52,52,100.0
Madagascar,2015,52,52,100.0
Madagascar,2016,52,52,100.0
Madagascar,2017,52,52,100.0
Madagascar,2018,52,52,100.0
Madagascar,2019,52,52,100.0
Madagascar,2020,52,52,100.0
Madagascar,2021,52,52,100.0
Madagascar,2022,52,52,100.0
Madagascar,2023,52,52,100.0
Madagascar,2024,52,52,100.0
Madagascar,2025,52,52,100.0
Madagascar,2026,39,52,75.0
Malaysia,1996,1,52,1.9230769230769231
Malaysia,1997,50,52,96.15384615384616
Malaysia,1998,53,52,101.92307692307692
Malaysia,1999,52,52,100.0
Malaysia,2000,51,52,98.07692307692307
Malaysia,2001,52,52,100.0
Malaysia,2002,52,52,100.0
Malaysia,2003,52,52,100.0
Malaysia,2004,53,52,101.92307692307692
Malaysia,2005,6,52,11.538461538461538
Malaysia,2006,52,52,100.0
Malaysia,2007,52,52,100.0
Malaysia,2008,52,52,100.0
Malaysia,2009,53,52,101.92307692307692
Malaysia,2010,52,52,100.0
Malaysia,2011,52,52,100.0
Malaysia,2012,52,52,100.0
Malaysia,2013,52,52,100.0
Malaysia,2014,52,52,100.0
Malaysia,2015,53,52,101.92307692307692
Malaysia,2016,52,52,100.0
Malaysia,2017,52,52,100.0
Malaysia,2018,52,52,100.0
Malaysia,2019,52,52,100.0
Malaysia,2020,53,52,101.92307692307692
Malaysia,2021,52,52,100.0
Malaysia,2022,52,52,100.0
Malaysia,2023,52,52,100.0
Malaysia,2024,52,52,100.0
Malaysia,2025,52,52,100.0
Malaysia,2026,37,52,71.15384615384616
Maldives,2015,47,52,90.38461538461539
Maldives,2016,52,52,100.0
Maldives,2017,52,52,100.0
Maldives,2018,52,52,100.0
Maldives,2019,33,52,63.46153846153846
Maldives,2020,53,52,101.92307692307692
Maldives,2021,52,52,100.0
Maldives,2022,52,52,100.0
Maldives,2023,52,52,100.0
Maldives,2024,52,52,100.0
Maldives,2025,52,52,100.0
Maldives,2026,39,52,75.0
Mali,2010,52,52,100.0
Mali,2011,33,52,63.46153846153846
Mali,2012,52,52,100.0
Mali,2013,51,52,98.07692307692307
Mali,2014,2,52,3.8461538461538463
Mali,2016,52,52,100.0
Mali,2017,52,52,100.0
Mali,2018,52,52,100.0
Mali,2019,48,52,92.3076923076923
Mali,2020,51,52,98.07692307692307
Mali,2021,52,52,100.0
Mali,2022,52,52,100.0
Mali,2023,52,52,100.0
Mali,2024,52,52,100.0
Mali,2025,52,52,100.0
Mali,2026,34,52,65.38461538461539
Malta,2009,31,52,59.61538461538461
Malta,2010,9,52,17.307692307692307
Malta,2011,31,52,59.61538461538461
Malta,2012,17,52,32.69230769230769
Malta,2013,52,52,100.0
Malta,2014,52,52,100.0
Malta,2015,50,52,96.15384615384616
Malta,2016,29,52,55.769230769230774
Malta,2017,50,52,96.15384615384616
Malta,2018,33,52,63.46153846153846
Malta,2019,21,52,40.38461538461539
Malta,2020,35,52,67.3076923076923
Malta,2021,52,52,100.0
Malta,2022,52,52,100.0
Malta,2023,52,52,100.0
Malta,2024,52,52,100.0
Malta,2025,52,52,100.0
Malta,2026,39,52,75.0
Martinique,2007,1,52,1.9230769230769231
Martinique,2008,6,52,11.538461538461538
Martinique,2009,36,52,69.23076923076923
Martinique,2010,24,52,46.15384615384615
Martinique,2011,52,52,100.0
Martinique,2012,18,52,34.61538461538461
Martinique,2013,52,52,100.0
Martinique,2014,52,52,100.0
Martinique,2015,53,52,101.92307692307692
Martinique,2016,52,52,100.0
Martinique,2017,52,52,100.0
Martinique,2018,52,52,100.0
Martinique,2019,52,52,100.0
Martinique,2020,52,52,100.0
Martinique,2021,52,52,100.0
Martinique,2022,39,52,75.0
Martinique,2023,52,52,100.0
Martinique,2024,52,52,100.0
Martinique,2025,52,52,100.0
Martinique,2026,39,52,75.0
Mauritania,2016,52,52,100.0
Mauritania,2017,44,52,84.61538461538461
Mauritania,2018,52,52,100.0
Mauritania,2019,43,52,82.6923076923077
Mauritania,2020,18,52,34.61538461538461
Mauritania,2021,51,52,98.07692307692307
Mauritania,2022,52,52,100.0
Mauritania,2023,48,52,92.3076923076923
Mauritania,2024,52,52,100.0
Mauritania,2025,52,52,100.0
Mauritania,2026,39,52,75.0
Mauritius,1998,11,52,21.153846153846153
Mauritius,1999,11,52,21.153846153846153
Mauritius,2000,12,52,23.076923076923077
Mauritius,2001,21,52,40.38461538461539
Mauritius,2002,21,52,40.38461538461539
Mauritius,2010,8,52,15.384615384615385
Mauritius,2011,46,52,88.46153846153845
Mauritius,2012,51,52,98.07692307692307
Mauritius,2013,52,52,100.0
Mauritius,2014,11,52,21.153846153846153
Mauritius,2015,3,52,5.769230769230769
Mauritius,2016,52,52,100.0
Mauritius,2017,45,52,86.53846153846155
Mauritius,2018,52,52,100.0
Mauritius,2019,45,52,86.53846153846155
Mauritius,2020,35,52,67.3076923076923
Mauritius,2022,52,52,100.0
Mauritius,2023,52,52,100.0
Mauritius,2024,52,52,100.0
Mauritius,2025,52,52,100.0
Mauritius,2026,39,52,75.0
Mexico,1997,2,52,3.8461538461538463
Mexico,1999,1,52,1.9230769230769231
Mexico,2000,51,52,98.07692307692307
Mexico,2001,52,52,100.0
Mexico,2002,52,52,100.0
Mexico,2003,52,52,100.0
Mexico,2004,53,52,101.92307692307692
Mexico,2005,52,52,100.0
Mexico,2006,52,52,100.0
Mexico,2007,52,52,100.0
Mexico,2008,52,52,100.0
Mexico,2009,53,52,101.92307692307692
Mexico,2010,52,52,100.0
Mexico,2011,52,52,100.0
Mexico,2012,52,52,100.0
Mexico,2013,52,52,100.0
Mexico,2014,52,52,100.0
Mexico,2015,52,52,100.0
Mexico,2016,52,52,100.0
Mexico,2017,52,52,100.0
Mexico,2018,52,52,100.0
Mexico,2019,52,52,100.0
Mexico,2020,53,52,101.92307692307692
Mexico,2021,52,52,100.0
Mexico,2022,52,52,100.0
Mexico,2023,52,52,100.0
Mexico,2024,52,52,100.0
Mexico,2025,52,52,100.0
Mexico,2026,38,52,73.07692307692307
Mongolia,1998,15,52,28.846153846153843
Mongolia,2005,33,52,63.46153846153846
Mongolia,2006,41,52,78.84615384615384
Mongolia,2007,52,52,100.0
Mongolia,2008,52,52,100.0
Mongolia,2009,52,52,100.0
Mongolia,2010,52,52,100.0
Mongolia,2011,52,52,100.0
Mongolia,2012,52,52,100.0
Mongolia,2013,52,52,100.0
Mongolia,2014,52,52,100.0
Mongolia,2015,53,52,101.92307692307692
Mongolia,2016,52,52,100.0
Mongolia,2017,52,52,100.0
Mongolia,2018,52,52,100.0
Mongolia,2019,52,52,100.0
Mongolia,2020,53,52,101.92307692307692
Mongolia,2021,52,52,100.0
Mongolia,2022,52,52,100.0
Mongolia,2023,52,52,100.0
Mongolia,2024,52,52,100.0
Mongolia,2025,52,52,100.0
Mongolia,2026,37,52,71.15384615384616
Montenegro,2008,1,52,1.9230769230769231
Montenegro,2016,28,52,53.84615384615385
Montenegro,2017,29,52,55.769230769230774
Montenegro,2018,33,52,63.46153846153846
Montenegro,2019,33,52,63.46153846153846
Montenegro,2020,36,52,69.23076923076923
Montenegro,2021,52,52,100.0
Montenegro,2022,49,52,94.23076923076923
Montenegro,2023,35,52,67.3076923076923
Montenegro,2024,33,52,63.46153846153846
Montenegro,2025,33,52,63.46153846153846
Montenegro,2026,33,52,63.46153846153846
Montserrat,2008,1,52,1.9230769230769231
Morocco,1997,5,52,9.615384615384617
Morocco,1998,3,52,5.769230769230769
Morocco,2000,10,52,19.230769230769234
Morocco,2001,5,52,9.615384615384617
Morocco,2002,11,52,21.153846153846153
Morocco,2003,20,52,38.46153846153847
Morocco,2004,25,52,48.07692307692308
Morocco,2005,17,52,32.69230769230769
Morocco,2006,13,52,25.0
Morocco,2007,23,52,44.230769230769226
Morocco,2008,30,52,57.692307692307686
Morocco,2009,44,52,84.61538461538461
Morocco,2010,19,52,36.53846153846153
Morocco,2011,36,52,69.23076923076923
Morocco,2012,32,52,61.53846153846154
Morocco,2013,45,52,86.53846153846155
Morocco,2014,41,52,78.84615384615384
Morocco,2015,43,52,82.6923076923077
Morocco,2016,52,52,100.0
Morocco,2017,51,52,98.07692307692307
Morocco,2018,52,52,100.0
Morocco,2019,51,52,98.07692307692307
Morocco,2020,10,52,19.230769230769234
Morocco,2021,52,52,100.0
Morocco,2022,52,52,100.0
Morocco,2023,52,52,100.0
Morocco,2024,52,52,100.0
Morocco,2025,52,52,100.0
Morocco,2026,32,52,61.53846153846154
Mozambique,2013,45,52,86.53846153846155
Mozambique,2014,47,52,90.38461538461539
Mozambique,2015,52,52,100.0
Mozambique,2016,50,52,96.15384615384616
Mozambique,2017,52,52,100.0
Mozambique,2018,52,52,100.0
Mozambique,2019,51,52,98.07692307692307
Mozambique,2020,53,52,101.92307692307692
Mozambique,2021,52,52,100.0
Mozambique,2022,52,52,100.0
Mozambique,2023,52,52,100.0
Mozambique,2024,52,52,100.0
Mozambique,2025,50,52,96.15384615384616
Mozambique,2026,30,52,57.692307692307686
Myanmar,2016,52,52,100.0
Myanmar,2017,52,52,100.0
Myanmar,2018,52,52,100.0
Myanmar,2019,52,52,100.0
Myanmar,2020,53,52,101.92307692307692
Myanmar,2021,52,52,100.0
Myanmar,2022,50,52,96.15384615384616
Myanmar,2023,52,52,100.0
Myanmar,2024,37,52,71.15384615384616
Myanmar,2025,52,52,100.0
Myanmar,2026,38,52,73.07692307692307
Namibia,2021,14,52,26.923076923076923
Namibia,2022,38,52,73.07692307692307
Namibia,2023,52,52,100.0
Namibia,2024,52,52,100.0
Namibia,2025,23,52,44.230769230769226
Nepal,2011,14,52,26.923076923076923
Nepal,2012,52,52,100.0
Nepal,2013,52,52,100.0
Nepal,2014,52,52,100.0
Nepal,2015,53,52,101.92307692307692
Nepal,2016,52,52,100.0
Nepal,2017,52,52,100.0
Nepal,2018,52,52,100.0
Nepal,2019,52,52,100.0
Nepal,2020,53,52,101.92307692307692
Nepal,2021,52,52,100.0
Nepal,2022,52,52,100.0
Nepal,2023,52,52,100.0
Nepal,2024,52,52,100.0
Nepal,2025,52,52,100.0
Nepal,2026,38,52,73.07692307692307
Netherlands (Kingdom of the),1996,12,52,23.076923076923077
Netherlands (Kingdom of the),1997,34,52,65.38461538461539
Netherlands (Kingdom of the),1998,41,52,78.84615384615384
Netherlands (Kingdom of the),1999,32,52,61.53846153846154
Netherlands (Kingdom of the),2000,36,52,69.23076923076923
Netherlands (Kingdom of the),2001,25,52,48.07692307692308
Netherlands (Kingdom of the),2002,33,52,63.46153846153846
Netherlands (Kingdom of the),2003,36,52,69.23076923076923
Netherlands (Kingdom of the),2004,50,52,96.15384615384616
Netherlands (Kingdom of the),2005,52,52,100.0
Netherlands (Kingdom of the),2006,50,52,96.15384615384616
Netherlands (Kingdom of the),2007,52,52,100.0
Netherlands (Kingdom of the),2008,51,52,98.07692307692307
Netherlands (Kingdom of the),2009,53,52,101.92307692307692
Netherlands (Kingdom of the),2010,52,52,100.0
Netherlands (Kingdom of the),2011,52,52,100.0
Netherlands (Kingdom of the),2012,52,52,100.0
Netherlands (Kingdom of the),2013,52,52,100.0
Netherlands (Kingdom of the),2014,52,52,100.0
Netherlands (Kingdom of the),2015,53,52,101.92307692307692
Netherlands (Kingdom of the),2016,52,52,100.0
Netherlands (Kingdom of the),2017,52,52,100.0
Netherlands (Kingdom of the),2018,52,52,100.0
Netherlands (Kingdom of the),2019,52,52,100.0
Netherlands (Kingdom of the),2020,53,52,101.92307692307692
Netherlands (Kingdom of the),2021,52,52,100.0
Netherlands (Kingdom of the),2022,52,52,100.0
Netherlands (Kingdom of the),2023,52,52,100.0
Netherlands (Kingdom of the),2024,52,52,100.0
Netherlands (Kingdom of the),2025,52,52,100.0
Netherlands (Kingdom of the),2026,39,52,75.0
New Caledonia,1998,17,52,32.69230769230769
New Caledonia,1999,22,52,42.30769230769231
New Caledonia,2000,26,52,50.0
New Caledonia,2001,46,52,88.46153846153845
New Caledonia,2002,52,52,100.0
New Caledonia,2003,52,52,100.0
New Caledonia,2004,53,52,101.92307692307692
New Caledonia,2005,52,52,100.0
New Caledonia,2006,52,52,100.0
New Caledonia,2007,52,52,100.0
New Caledonia,2008,52,52,100.0
New Caledonia,2009,29,52,55.769230769230774
New Caledonia,2010,52,52,100.0
New Caledonia,2011,52,52,100.0
New Caledonia,2012,52,52,100.0
New Caledonia,2013,52,52,100.0
New Caledonia,2014,52,52,100.0
New Caledonia,2015,53,52,101.92307692307692
New Caledonia,2016,51,52,98.07692307692307
New Caledonia,2017,52,52,100.0
New Caledonia,2018,52,52,100.0
New Caledonia,2019,52,52,100.0
New Caledonia,2020,51,52,98.07692307692307
New Caledonia,2022,46,52,88.46153846153845
New Caledonia,2023,52,52,100.0
New Caledonia,2024,52,52,100.0
New Caledonia,2025,52,52,100.0
New Caledonia,2026,32,52,61.53846153846154
New Zealand,1997,26,52,50.0
New Zealand,1998,20,52,38.46153846153847
New Zealand,1999,19,52,36.53846153846153
New Zealand,2001,22,52,42.30769230769231
New Zealand,2002,22,52,42.30769230769231
New Zealand,2003,23,52,44.230769230769226
New Zealand,2004,27,52,51.92307692307693
New Zealand,2005,26,52,50.0
New Zealand,2006,22,52,42.30769230769231
New Zealand,2007,22,52,42.30769230769231
New Zealand,2008,23,52,44.230769230769226
New Zealand,2009,34,52,65.38461538461539
New Zealand,2010,39,52,75.0
New Zealand,2011,35,52,67.3076923076923
New Zealand,2012,21,52,40.38461538461539
New Zealand,2013,27,52,51.92307692307693
New Zealand,2014,21,52,40.38461538461539
New Zealand,2015,22,52,42.30769230769231
New Zealand,2016,22,52,42.30769230769231
New Zealand,2017,22,52,42.30769230769231
New Zealand,2018,24,52,46.15384615384615
New Zealand,2019,22,52,42.30769230769231
New Zealand,2020,15,52,28.846153846153843
New Zealand,2023,50,52,96.15384615384616
New Zealand,2024,52,52,100.0
New Zealand,2025,52,52,100.0
New Zealand,2026,37,52,71.15384615384616
Nicaragua,2010,52,52,100.0
Nicaragua,2011,52,52,100.0
Nicaragua,2012,52,52,100.0
Nicaragua,2013,52,52,100.0
Nicaragua,2014,52,52,100.0
Nicaragua,2015,53,52,101.92307692307692
Nicaragua,2016,52,52,100.0
Nicaragua,2017,52,52,100.0
Nicaragua,2018,52,52,100.0
Nicaragua,2019,52,52,100.0
Nicaragua,2020,53,52,101.92307692307692
Nicaragua,2021,52,52,100.0
Nicaragua,2022,52,52,100.0
Nicaragua,2023,52,52,100.0
Nicaragua,2024,52,52,100.0
Nicaragua,2025,52,52,100.0
Nicaragua,2026,38,52,73.07692307692307
Niger,2009,52,52,100.0
Niger,2010,52,52,100.0
Niger,2011,52,52,100.0
Niger,2012,52,52,100.0
Niger,2013,52,52,100.0
Niger,2014,52,52,100.0
Niger,2015,53,52,101.92307692307692
Niger,2016,52,52,100.0
Niger,2017,52,52,100.0
Niger,2018,52,52,100.0
Niger,2019,52,52,100.0
Niger,2020,52,52,100.0
Niger,2021,52,52,100.0
Niger,2022,52,52,100.0
Niger,2023,52,52,100.0
Niger,2024,52,52,100.0
Niger,2025,52,52,100.0
Niger,2026,38,52,73.07692307692307
Nigeria,2010,51,52,98.07692307692307
Nigeria,2011,52,52,100.0
Nigeria,2012,52,52,100.0
Nigeria,2013,51,52,98.07692307692307
Nigeria,2014,52,52,100.0
Nigeria,2015,53,52,101.92307692307692
Nigeria,2016,52,52,100.0
Nigeria,2017,52,52,100.0
Nigeria,2018,52,52,100.0
Nigeria,2019,52,52,100.0
Nigeria,2020,13,52,25.0
Nigeria,2021,52,52,100.0
Nigeria,2022,46,52,88.46153846153845
Nigeria,2023,52,52,100.0
Nigeria,2024,52,52,100.0
Nigeria,2025,52,52,100.0
Nigeria,2026,38,52,73.07692307692307
North Macedonia,2009,9,52,17.307692307692307
North Macedonia,2014,1,52,1.9230769230769231
North Macedonia,2015,16,52,30.76923076923077
North Macedonia,2016,28,52,53.84615384615385
North Macedonia,2017,39,52,75.0
North Macedonia,2018,49,52,94.23076923076923
North Macedonia,2019,36,52,69.23076923076923
North Macedonia,2020,36,52,69.23076923076923
North Macedonia,2021,52,52,100.0
North Macedonia,2022,52,52,100.0
North Macedonia,2023,52,52,100.0
North Macedonia,2024,52,52,100.0
North Macedonia,2025,14,52,26.923076923076923
Norway,1997,15,52,28.846153846153843
Norway,1998,34,52,65.38461538461539
Norway,1999,29,52,55.769230769230774
Norway,2000,33,52,63.46153846153846
Norway,2001,34,52,65.38461538461539
Norway,2002,32,52,61.53846153846154
Norway,2003,41,52,78.84615384615384
Norway,2004,33,52,63.46153846153846
Norway,2005,33,52,63.46153846153846
Norway,2006,48,52,92.3076923076923
Norway,2007,52,52,100.0
Norway,2008,52,52,100.0
Norway,2009,46,52,88.46153846153845
Norway,2010,52,52,100.0
Norway,2011,52,52,100.0
Norway,2012,52,52,100.0
Norway,2013,52,52,100.0
Norway,2014,52,52,100.0
Norway,2015,53,52,101.92307692307692
Norway,2016,52,52,100.0
Norway,2017,52,52,100.0
Norway,2018,52,52,100.0
Norway,2019,52,52,100.0
Norway,2020,53,52,101.92307692307692
Norway,2021,52,52,100.0
Norway,2022,52,52,100.0
Norway,2023,52,52,100.0
Norway,2024,52,52,100.0
Norway,2025,52,52,100.0
Norway,2026,39,52,75.0
Oman,2008,43,52,82.6923076923077
Oman,2009,39,52,75.0
Oman,2010,51,52,98.07692307692307
Oman,2011,52,52,100.0
Oman,2012,52,52,100.0
Oman,2013,52,52,100.0
Oman,2014,52,52,100.0
Oman,2015,52,52,100.0
Oman,2016,17,52,32.69230769230769
Oman,2017,52,52,100.0
Oman,2018,52,52,100.0
Oman,2019,52,52,100.0
Oman,2020,53,52,101.92307692307692
Oman,2021,51,52,98.07692307692307
Oman,2022,52,52,100.0
Oman,2023,51,52,98.07692307692307
Oman,2024,52,52,100.0
Oman,2025,51,52,98.07692307692307
Oman,2026,35,52,67.3076923076923
Pakistan,2007,6,52,11.538461538461538
Pakistan,2008,52,52,100.0
Pakistan,2009,53,52,101.92307692307692
Pakistan,2010,52,52,100.0
Pakistan,2011,52,52,100.0
Pakistan,2012,52,52,100.0
Pakistan,2013,52,52,100.0
Pakistan,2014,51,52,98.07692307692307
Pakistan,2015,41,52,78.84615384615384
Pakistan,2016,48,52,92.3076923076923
Pakistan,2017,49,52,94.23076923076923
Pakistan,2018,35,52,67.3076923076923
Pakistan,2019,52,52,100.0
Pakistan,2020,19,52,36.53846153846153
Pakistan,2021,52,52,100.0
Pakistan,2022,52,52,100.0
Pakistan,2023,52,52,100.0
Pakistan,2024,51,52,98.07692307692307
Pakistan,2025,52,52,100.0
Pakistan,2026,38,52,73.07692307692307
Panama,2007,52,52,100.0
Panama,2008,52,52,100.0
Panama,2009,13,52,25.0
Panama,2010,52,52,100.0
Panama,2011,52,52,100.0
Panama,2012,52,52,100.0
Panama,2013,52,52,100.0
Panama,2014,52,52,100.0
Panama,2015,53,52,101.92307692307692
Panama,2016,52,52,100.0
Panama,2017,52,52,100.0
Panama,2018,52,52,100.0
Panama,2019,52,52,100.0
Panama,2020,53,52,101.92307692307692
Panama,2021,52,52,100.0
Panama,2022,52,52,100.0
Panama,2023,52,52,100.0
Panama,2024,52,52,100.0
Panama,2025,52,52,100.0
Panama,2026,38,52,73.07692307692307
Papua New Guinea,1998,2,52,3.8461538461538463
Papua New Guinea,2015,50,52,96.15384615384616
Papua New Guinea,2016,51,52,98.07692307692307
Papua New Guinea,2017,52,52,100.0
Papua New Guinea,2018,52,52,100.0
Papua New Guinea,2019,45,52,86.53846153846155
Papua New Guinea,2023,3,52,5.769230769230769
Papua New Guinea,2024,41,52,78.84615384615384
Papua New Guinea,2025,41,52,78.84615384615384
Papua New Guinea,2026,27,52,51.92307692307693
Paraguay,1998,15,52,28.846153846153843
Paraguay,1999,22,52,42.30769230769231
Paraguay,2000,7,52,13.461538461538462
Paraguay,2001,27,52,51.92307692307693
Paraguay,2002,23,52,44.230769230769226
Paraguay,2003,50,52,96.15384615384616
Paraguay,2004,52,52,100.0
Paraguay,2005,52,52,100.0
Paraguay,2006,16,52,30.76923076923077
Paraguay,2008,51,52,98.07692307692307
Paraguay,2009,53,52,101.92307692307692
Paraguay,2010,52,52,100.0
Paraguay,2011,52,52,100.0
Paraguay,2012,52,52,100.0
Paraguay,2013,52,52,100.0
Paraguay,2014,52,52,100.0
Paraguay,2015,52,52,100.0
Paraguay,2016,52,52,100.0
Paraguay,2017,52,52,100.0
Paraguay,2018,52,52,100.0
Paraguay,2019,52,52,100.0
Paraguay,2020,53,52,101.92307692307692
Paraguay,2021,52,52,100.0
Paraguay,2022,52,52,100.0
Paraguay,2023,52,52,100.0
Paraguay,2024,52,52,100.0
Paraguay,2025,52,52,100.0
Paraguay,2026,39,52,75.0
Peru,2000,3,52,5.769230769230769
Peru,2001,1,52,1.9230769230769231
Peru,2002,52,52,100.0
Peru,2003,51,52,98.07692307692307
Peru,2004,53,52,101.92307692307692
Peru,2005,52,52,100.0
Peru,2006,52,52,100.0
Peru,2007,52,52,100.0
Peru,2008,51,52,98.07692307692307
Peru,2009,21,52,40.38461538461539
Peru,2010,52,52,100.0
Peru,2011,52,52,100.0
Peru,2012,52,52,100.0
Peru,2013,52,52,100.0
Peru,2014,52,52,100.0
Peru,2015,53,52,101.92307692307692
Peru,2016,51,52,98.07692307692307
Peru,2017,52,52,100.0
Peru,2018,43,52,82.6923076923077
Peru,2019,52,52,100.0
Peru,2020,53,52,101.92307692307692
Peru,2021,52,52,100.0
Peru,2022,52,52,100.0
Peru,2023,52,52,100.0
Peru,2024,52,52,100.0
Peru,2025,52,52,100.0
Peru,2026,38,52,73.07692307692307
Philippines,1997,2,52,3.8461538461538463
Philippines,1999,3,52,5.769230769230769
Philippines,2000,1,52,1.9230769230769231
Philippines,2001,1,52,1.9230769230769231
Philippines,2002,52,52,100.0
Philippines,2003,52,52,100.0
Philippines,2004,53,52,101.92307692307692
Philippines,2005,51,52,98.07692307692307
Philippines,2006,52,52,100.0
Philippines,2007,52,52,100.0
Philippines,2008,52,52,100.0
Philippines,2009,50,52,96.15384615384616
Philippines,2010,51,52,98.07692307692307
Philippines,2011,52,52,100.0
Philippines,2012,50,52,96.15384615384616
Philippines,2013,51,52,98.07692307692307
Philippines,2014,51,52,98.07692307692307
Philippines,2015,52,52,100.0
Philippines,2016,51,52,98.07692307692307
Philippines,2017,52,52,100.0
Philippines,2018,50,52,96.15384615384616
Philippines,2019,52,52,100.0
Philippines,2020,51,52,98.07692307692307
Philippines,2021,52,52,100.0
Philippines,2022,52,52,100.0
Philippines,2023,52,52,100.0
Philippines,2024,52,52,100.0
Philippines,2025,52,52,100.0
Philippines,2026,37,52,71.15384615384616
Poland,1997,15,52,28.846153846153843
Poland,1998,35,52,67.3076923076923
Poland,1999,27,52,51.92307692307693
Poland,2000,24,52,46.15384615384615
Poland,2001,27,52,51.92307692307693
Poland,2002,26,52,50.0
Poland,2003,29,52,55.769230769230774
Poland,2004,34,52,65.38461538461539
Poland,2005,32,52,61.53846153846154
Poland,2006,40,52,76.92307692307693
Poland,2007,52,52,100.0
Poland,2008,52,52,100.0
Poland,2009,53,52,101.92307692307692
Poland,2010,52,52,100.0
Poland,2011,52,52,100.0
Poland,2012,52,52,100.0
Poland,2013,52,52,100.0
Poland,2014,52,52,100.0
Poland,2015,53,52,101.92307692307692
Poland,2016,52,52,100.0
Poland,2017,52,52,100.0
Poland,2018,52,52,100.0
Poland,2019,52,52,100.0
Poland,2020,51,52,98.07692307692307
Poland,2021,52,52,100.0
Poland,2022,52,52,100.0
Poland,2023,52,52,100.0
Poland,2024,52,52,100.0
Poland,2025,52,52,100.0
Poland,2026,34,52,65.38461538461539
Portugal,1996,17,52,32.69230769230769
Portugal,1997,33,52,63.46153846153846
Portugal,1998,24,52,46.15384615384615
Portugal,1999,28,52,53.84615384615385
Portugal,2000,24,52,46.15384615384615
Portugal,2001,30,52,57.692307692307686
Portugal,2002,36,52,69.23076923076923
Portugal,2003,27,52,51.92307692307693
Portugal,2004,42,52,80.76923076923077
Portugal,2005,52,52,100.0
Portugal,2006,52,52,100.0
Portugal,2007,52,52,100.0
Portugal,2008,52,52,100.0
Portugal,2009,19,52,36.53846153846153
Portugal,2010,47,52,90.38461538461539
Portugal,2011,37,52,71.15384615384616
Portugal,2012,51,52,98.07692307692307
Portugal,2013,52,52,100.0
Portugal,2014,40,52,76.92307692307693
Portugal,2015,39,52,75.0
Portugal,2016,47,52,90.38461538461539
Portugal,2017,52,52,100.0
Portugal,2018,41,52,78.84615384615384
Portugal,2019,39,52,75.0
Portugal,2020,49,52,94.23076923076923
Portugal,2021,52,52,100.0
Portugal,2022,52,52,100.0
Portugal,2023,52,52,100.0
Portugal,2024,52,52,100.0
Portugal,2025,52,52,100.0
Portugal,2026,39,52,75.0
Qatar,2011,50,52,96.15384615384616
Qatar,2012,52,52,100.0
Qatar,2013,52,52,100.0
Qatar,2014,52,52,100.0
Qatar,2015,52,52,100.0
Qatar,2016,52,52,100.0
Qatar,2017,52,52,100.0
Qatar,2018,52,52,100.0
Qatar,2019,52,52,100.0
Qatar,2020,53,52,101.92307692307692
Qatar,2021,52,52,100.0
Qatar,2022,52,52,100.0
Qatar,2023,52,52,100.0
Qatar,2024,52,52,100.0
Qatar,2025,52,52,100.0
Qatar,2026,37,52,71.15384615384616
Republic of Korea,2001,6,52,11.538461538461538
Republic of Korea,2002,30,52,57.692307692307686
Republic of Korea,2003,9,52,17.307692307692307
Republic of Korea,2004,32,52,61.53846153846154
Republic of Korea,2005,32,52,61.53846153846154
Republic of Korea,2006,26,52,50.0
Republic of Korea,2007,33,52,63.46153846153846
Republic of Korea,2008,32,52,61.53846153846154
Republic of Korea,2009,52,52,100.0
Republic of Korea,2010,52,52,100.0
Republic of Korea,2011,52,52,100.0
Republic of Korea,2012,52,52,100.0
Republic of Korea,2013,52,52,100.0
Republic of Korea,2014,52,52,100.0
Republic of Korea,2015,53,52,101.92307692307692
Republic of Korea,2016,52,52,100.0
Republic of Korea,2017,52,52,100.0
Republic of Korea,2018,52,52,100.0
Republic of Korea,2019,52,52,100.0
Republic of Korea,2020,22,52,42.30769230769231
Republic of Korea,2021,52,52,100.0
Republic of Korea,2022,51,52,98.07692307692307
Republic of Korea,2023,52,52,100.0
Republic of Korea,2024,52,52,100.0
Republic of Korea,2025,52,52,100.0
Republic of Korea,2026,38,52,73.07692307692307
Republic of Moldova,2009,12,52,23.076923076923077
Republic of Moldova,2010,49,52,94.23076923076923
Republic of Moldova,2011,52,52,100.0
Republic of Moldova,2012,52,52,100.0
Republic of Moldova,2013,52,52,100.0
Republic of Moldova,2014,39,52,75.0
Republic of Moldova,2015,53,52,101.92307692307692
Republic of Moldova,2016,52,52,100.0
Republic of Moldova,2017,51,52,98.07692307692307
Republic of Moldova,2018,52,52,100.0
Republic of Moldova,2019,50,52,96.15384615384616
Republic of Moldova,2020,52,52,100.0
Republic of Moldova,2021,52,52,100.0
Republic of Moldova,2022,52,52,100.0
Republic of Moldova,2023,52,52,100.0
Republic of Moldova,2024,52,52,100.0
Republic of Moldova,2025,52,52,100.0
Republic of Moldova,2026,39,52,75.0
Romania,1997,11,52,21.153846153846153
Romania,1998,20,52,38.46153846153847
Romania,1999,30,52,57.692307692307686
Romania,2000,26,52,50.0
Romania,2001,30,52,57.692307692307686
Romania,2002,28,52,53.84615384615385
Romania,2003,29,52,55.769230769230774
Romania,2004,30,52,57.692307692307686
Romania,2005,32,52,61.53846153846154
Romania,2006,31,52,59.61538461538461
Romania,2007,52,52,100.0
Romania,2008,29,52,55.769230769230774
Romania,2009,52,52,100.0
Romania,2010,52,52,100.0
Romania,2011,52,52,100.0
Romania,2012,52,52,100.0
Romania,2013,52,52,100.0
Romania,2014,52,52,100.0
Romania,2015,53,52,101.92307692307692
Romania,2016,52,52,100.0
Romania,2017,33,52,63.46153846153846
Romania,2018,33,52,63.46153846153846
Romania,2019,33,52,63.46153846153846
Romania,2020,49,52,94.23076923076923
Romania,2021,52,52,100.0
Romania,2022,52,52,100.0
Romania,2023,52,52,100.0
Romania,2024,52,52,100.0
Romania,2025,50,52,96.15384615384616
Romania,2026,39,52,75.0
Russian Federation,1997,28,52,53.84615384615385
Russian Federation,1998,28,52,53.84615384615385
Russian Federation,1999,20,52,38.46153846153847
Russian Federation,2000,23,52,44.230769230769226
Russian Federation,2001,25,52,48.07692307692308
Russian Federation,2002,24,52,46.15384615384615
Russian Federation,2003,29,52,55.769230769230774
Russian Federation,2004,18,52,34.61538461538461
Russian Federation,2005,26,52,50.0
Russian Federation,2006,33,52,63.46153846153846
Russian Federation,2007,31,52,59.61538461538461
Russian Federation,2008,45,52,86.53846153846155
Russian Federation,2009,53,52,101.92307692307692
Russian Federation,2010,52,52,100.0
Russian Federation,2011,52,52,100.0
Russian Federation,2012,52,52,100.0
Russian Federation,2013,52,52,100.0
Russian Federation,2014,52,52,100.0
Russian Federation,2015,53,52,101.92307692307692
Russian Federation,2016,52,52,100.0
Russian Federation,2017,52,52,100.0
Russian Federation,2018,52,52,100.0
Russian Federation,2019,52,52,100.0
Russian Federation,2020,53,52,101.92307692307692
Russian Federation,2021,52,52,100.0
Russian Federation,2022,52,52,100.0
Russian Federation,2023,52,52,100.0
Russian Federation,2024,52,52,100.0
Russian Federation,2025,52,52,100.0
Russian Federation,2026,39,52,75.0
Rwanda,2010,51,52,98.07692307692307
Rwanda,2011,39,52,75.0
Rwanda,2012,51,52,98.07692307692307
Rwanda,2013,44,52,84.61538461538461
Rwanda,2014,49,52,94.23076923076923
Rwanda,2015,38,52,73.07692307692307
Rwanda,2016,51,52,98.07692307692307
Rwanda,2017,21,52,40.38461538461539
Rwanda,2018,50,52,96.15384615384616
Rwanda,2019,42,52,80.76923076923077
Rwanda,2023,52,52,100.0
Rwanda,2024,52,52,100.0
Rwanda,2025,49,52,94.23076923076923
Saint Barthélemy,2009,45,52,86.53846153846155
Saint Barthélemy,2010,4,52,7.6923076923076925
Saint Barthélemy,2013,52,52,100.0
Saint Barthélemy,2014,52,52,100.0
Saint Barthélemy,2015,1,52,1.9230769230769231
Saint Kitts and Nevis,2015,4,52,7.6923076923076925
Saint Kitts and Nevis,2018,5,52,9.615384615384617
Saint Kitts and Nevis,2019,6,52,11.538461538461538
Saint Kitts and Nevis,2020,53,52,101.92307692307692
Saint Kitts and Nevis,2021,52,52,100.0
Saint Kitts and Nevis,2022,52,52,100.0
Saint Kitts and Nevis,2023,37,52,71.15384615384616
Saint Lucia,2008,2,52,3.8461538461538463
Saint Lucia,2015,14,52,26.923076923076923
Saint Lucia,2017,23,52,44.230769230769226
Saint Lucia,2018,38,52,73.07692307692307
Saint Lucia,2019,33,52,63.46153846153846
Saint Lucia,2020,53,52,101.92307692307692
Saint Lucia,2021,52,52,100.0
Saint Lucia,2022,52,52,100.0
Saint Lucia,2023,52,52,100.0
Saint Lucia,2024,52,52,100.0
Saint Lucia,2025,48,52,92.3076923076923
Saint Lucia,2026,37,52,71.15384615384616
Saint Martin (French part),2009,45,52,86.53846153846155
Saint Martin (French part),2010,3,52,5.769230769230769
Saint Martin (French part),2013,52,52,100.0
Saint Martin (French part),2014,52,52,100.0
Saint Martin (French part),2015,1,52,1.9230769230769231
Saint Vincent and the Grenadines,2015,2,52,3.8461538461538463
Saint Vincent and the Grenadines,2017,2,52,3.8461538461538463
Saint Vincent and the Grenadines,2018,11,52,21.153846153846153
Saint Vincent and the Grenadines,2019,34,52,65.38461538461539
Saint Vincent and the Grenadines,2020,53,52,101.92307692307692
Saint Vincent and the Grenadines,2021,52,52,100.0
Saint Vincent and the Grenadines,2022,52,52,100.0
Saint Vincent and the Grenadines,2023,52,52,100.0
Saint Vincent and the Grenadines,2024,52,52,100.0
Saint Vincent and the Grenadines,2025,52,52,100.0
Saint Vincent and the Grenadines,2026,37,52,71.15384615384616
Saudi Arabia,2015,1,52,1.9230769230769231
Saudi Arabia,2016,2,52,3.8461538461538463
Saudi Arabia,2017,52,52,100.0
Saudi Arabia,2018,52,52,100.0
Saudi Arabia,2019,52,52,100.0
Saudi Arabia,2020,50,52,96.15384615384616
Saudi Arabia,2021,52,52,100.0
Saudi Arabia,2022,52,52,100.0
Saudi Arabia,2023,52,52,100.0
Saudi Arabia,2024,52,52,100.0
Saudi Arabia,2025,52,52,100.0
Saudi Arabia,2026,37,52,71.15384615384616
Senegal,1996,51,52,98.07692307692307
Senegal,1997,43,52,82.6923076923077
Senegal,1998,53,52,101.92307692307692
Senegal,1999,52,52,100.0
Senegal,2000,44,52,84.61538461538461
Senegal,2001,50,52,96.15384615384616
Senegal,2002,48,52,92.3076923076923
Senegal,2003,52,52,100.0
Senegal,2004,52,52,100.0
Senegal,2005,48,52,92.3076923076923
Senegal,2006,51,52,98.07692307692307
Senegal,2007,52,52,100.0
Senegal,2008,52,52,100.0
Senegal,2009,53,52,101.92307692307692
Senegal,2010,52,52,100.0
Senegal,2011,52,52,100.0
Senegal,2012,52,52,100.0
Senegal,2013,52,52,100.0
Senegal,2014,52,52,100.0
Senegal,2015,52,52,100.0
Senegal,2016,36,52,69.23076923076923
Senegal,2017,52,52,100.0
Senegal,2018,52,52,100.0
Senegal,2019,52,52,100.0
Senegal,2020,53,52,101.92307692307692
Senegal,2021,52,52,100.0
Senegal,2022,52,52,100.0
Senegal,2023,52,52,100.0
Senegal,2024,52,52,100.0
Senegal,2025,52,52,100.0
Senegal,2026,38,52,73.07692307692307
Serbia,2007,16,52,30.76923076923077
Serbia,2008,9,52,17.307692307692307
Serbia,2009,44,52,84.61538461538461
Serbia,2010,47,52,90.38461538461539
Serbia,2011,34,52,65.38461538461539
Serbia,2012,34,52,65.38461538461539
Serbia,2013,32,52,61.53846153846154
Serbia,2014,34,52,65.38461538461539
Serbia,2015,29,52,55.769230769230774
Serbia,2016,32,52,61.53846153846154
Serbia,2017,33,52,63.46153846153846
Serbia,2018,52,52,100.0
Serbia,2019,52,52,100.0
Serbia,2020,53,52,101.92307692307692
Serbia,2021,22,52,42.30769230769231
Serbia,2022,44,52,84.61538461538461
Serbia,2023,50,52,96.15384615384616
Serbia,2024,52,52,100.0
Serbia,2025,51,52,98.07692307692307
Serbia,2026,35,52,67.3076923076923
Serbia and Montenegro (2003-2006),1997,16,52,30.76923076923077
Serbia and Montenegro (2003-2006),1998,30,52,57.692307692307686
Serbia and Montenegro (2003-2006),1999,19,52,36.53846153846153
Serbia and Montenegro (2003-2006),2000,34,52,65.38461538461539
Serbia and Montenegro (2003-2006),2001,27,52,51.92307692307693
Serbia and Montenegro (2003-2006),2002,14,52,26.923076923076923
Serbia and Montenegro (2003-2006),2003,17,52,32.69230769230769
Serbia and Montenegro (2003-2006),2004,8,52,15.384615384615385
Serbia and Montenegro (2003-2006),2005,13,52,25.0
Serbia and Montenegro (2003-2006),2006,26,52,50.0
Seychelles,2019,52,52,100.0
Seychelles,2020,23,52,44.230769230769226
Seychelles,2023,52,52,100.0
Seychelles,2024,52,52,100.0
Seychelles,2025,49,52,94.23076923076923
Seychelles,2026,37,52,71.15384615384616
Sierra Leone,2011,19,52,36.53846153846153
Sierra Leone,2012,52,52,100.0
Sierra Leone,2013,52,52,100.0
Sierra Leone,2014,13,52,25.0
Sierra Leone,2016,46,52,88.46153846153845
Sierra Leone,2017,51,52,98.07692307692307
Sierra Leone,2018,51,52,98.07692307692307
Sierra Leone,2019,51,52,98.07692307692307
Sierra Leone,2020,3,52,5.769230769230769
Sierra Leone,2021,52,52,100.0
Sierra Leone,2022,47,52,90.38461538461539
Sierra Leone,2023,51,52,98.07692307692307
Sierra Leone,2024,52,52,100.0
Sierra Leone,2025,42,52,80.76923076923077
Sierra Leone,2026,34,52,65.38461538461539
Singapore,1997,3,52,5.769230769230769
Singapore,1998,13,52,25.0
Singapore,2001,1,52,1.9230769230769231
Singapore,2002,13,52,25.0
Singapore,2007,52,52,100.0
Singapore,2008,52,52,100.0
Singapore,2009,47,52,90.38461538461539
Singapore,2010,52,52,100.0
Singapore,2011,50,52,96.15384615384616
Singapore,2012,52,52,100.0
Singapore,2013,52,52,100.0
Singapore,2014,52,52,100.0
Singapore,2015,53,52,101.92307692307692
Singapore,2016,52,52,100.0
Singapore,2017,52,52,100.0
Singapore,2018,52,52,100.0
Singapore,2019,52,52,100.0
Singapore,2020,53,52,101.92307692307692
Singapore,2021,52,52,100.0
Singapore,2022,52,52,100.0
Singapore,2023,52,52,100.0
Singapore,2024,52,52,100.0
Singapore,2025,52,52,100.0
Singapore,2026,39,52,75.0
Slovakia,1997,11,52,21.153846153846153
Slovakia,1998,19,52,36.53846153846153
Slovakia,1999,25,52,48.07692307692308
Slovakia,2000,37,52,71.15384615384616
Slovakia,2001,27,52,51.92307692307693
Slovakia,2002,26,52,50.0
Slovakia,2003,29,52,55.769230769230774
Slovakia,2004,7,52,13.461538461538462
Slovakia,2009,38,52,73.07692307692307
Slovakia,2010,49,52,94.23076923076923
Slovakia,2011,50,52,96.15384615384616
Slovakia,2012,50,52,96.15384615384616
Slovakia,2013,52,52,100.0
Slovakia,2014,52,52,100.0
Slovakia,2015,53,52,101.92307692307692
Slovakia,2016,52,52,100.0
Slovakia,2017,52,52,100.0
Slovakia,2018,52,52,100.0
Slovakia,2019,52,52,100.0
Slovakia,2020,53,52,101.92307692307692
Slovakia,2021,52,52,100.0
Slovakia,2022,52,52,100.0
Slovakia,2023,52,52,100.0
Slovakia,2024,52,52,100.0
Slovakia,2025,52,52,100.0
Slovakia,2026,39,52,75.0
Slovenia,1995,2,52,3.8461538461538463
Slovenia,1999,15,52,28.846153846153843
Slovenia,2000,51,52,98.07692307692307
Slovenia,2001,31,52,59.61538461538461
Slovenia,2002,33,52,63.46153846153846
Slovenia,2003,32,52,61.53846153846154
Slovenia,2004,33,52,63.46153846153846
Slovenia,2005,31,52,59.61538461538461
Slovenia,2006,52,52,100.0
Slovenia,2007,52,52,100.0
Slovenia,2008,52,52,100.0
Slovenia,2009,53,52,101.92307692307692
Slovenia,2010,51,52,98.07692307692307
Slovenia,2011,52,52,100.0
Slovenia,2012,52,52,100.0
Slovenia,2013,52,52,100.0
Slovenia,2014,52,52,100.0
Slovenia,2015,53,52,101.92307692307692
Slovenia,2016,52,52,100.0
Slovenia,2017,52,52,100.0
Slovenia,2018,52,52,100.0
Slovenia,2019,52,52,100.0
Slovenia,2020,53,52,101.92307692307692
Slovenia,2021,52,52,100.0
Slovenia,2022,52,52,100.0
Slovenia,2023,52,52,100.0
Slovenia,2024,52,52,100.0
Slovenia,2025,52,52,100.0
Slovenia,2026,39,52,75.0
Somalia,2021,15,52,28.846153846153843
Somalia,2022,49,52,94.23076923076923
Somalia,2023,52,52,100.0
Somalia,2024,52,52,100.0
Somalia,2025,52,52,100.0
Somalia,2026,35,52,67.3076923076923
South Africa,1997,17,52,32.69230769230769
South Africa,1998,27,52,51.92307692307693
South Africa,1999,46,52,88.46153846153845
South Africa,2000,38,52,73.07692307692307
South Africa,2001,31,52,59.61538461538461
South Africa,2002,34,52,65.38461538461539
South Africa,2003,35,52,67.3076923076923
South Africa,2004,30,52,57.692307692307686
South Africa,2005,38,52,73.07692307692307
South Africa,2006,31,52,59.61538461538461
South Africa,2007,52,52,100.0
South Africa,2008,48,52,92.3076923076923
South Africa,2009,53,52,101.92307692307692
South Africa,2010,52,52,100.0
South Africa,2011,52,52,100.0
South Africa,2012,52,52,100.0
South Africa,2013,52,52,100.0
South Africa,2014,52,52,100.0
South Africa,2015,50,52,96.15384615384616
South Africa,2016,51,52,98.07692307692307
South Africa,2017,48,52,92.3076923076923
South Africa,2018,52,52,100.0
South Africa,2019,52,52,100.0
South Africa,2020,53,52,101.92307692307692
South Africa,2021,52,52,100.0
South Africa,2022,52,52,100.0
South Africa,2023,52,52,100.0
South Africa,2024,52,52,100.0
South Africa,2025,52,52,100.0
South Africa,2026,38,52,73.07692307692307
South Sudan,2019,36,52,69.23076923076923
South Sudan,2021,17,52,32.69230769230769
South Sudan,2022,47,52,90.38461538461539
South Sudan,2023,52,52,100.0
South Sudan,2024,52,52,100.0
South Sudan,2025,52,52,100.0
South Sudan,2026,35,52,67.3076923076923
Spain,1997,11,52,21.153846153846153
Spain,1998,23,52,44.230769230769226
Spain,1999,18,52,34.61538461538461
Spain,2000,18,52,34.61538461538461
Spain,2001,17,52,32.69230769230769
Spain,2002,19,52,36.53846153846153
Spain,2003,16,52,30.76923076923077
Spain,2005,12,52,23.076923076923077
Spain,2006,10,52,19.230769230769234
Spain,2007,13,52,25.0
Spain,2008,8,52,15.384615384615385
Spain,2009,33,52,63.46153846153846
Spain,2010,51,52,98.07692307692307
Spain,2011,48,52,92.3076923076923
Spain,2012,52,52,100.0
Spain,2013,52,52,100.0
Spain,2014,52,52,100.0
Spain,2015,27,52,51.92307692307693
Spain,2016,38,52,73.07692307692307
Spain,2017,52,52,100.0
Spain,2018,52,52,100.0
Spain,2019,52,52,100.0
Spain,2020,53,52,101.92307692307692
Spain,2021,52,52,100.0
Spain,2022,52,52,100.0
Spain,2023,52,52,100.0
Spain,2024,52,52,100.0
Spain,2025,52,52,100.0
Spain,2026,39,52,75.0
Sri Lanka,1998,17,52,32.69230769230769
Sri Lanka,2006,28,52,53.84615384615385
Sri Lanka,2007,52,52,100.0
Sri Lanka,2008,52,52,100.0
Sri Lanka,2009,47,52,90.38461538461539
Sri Lanka,2010,52,52,100.0
Sri Lanka,2011,52,52,100.0
Sri Lanka,2012,52,52,100.0
Sri Lanka,2013,52,52,100.0
Sri Lanka,2014,52,52,100.0
Sri Lanka,2015,53,52,101.92307692307692
Sri Lanka,2016,52,52,100.0
Sri Lanka,2017,52,52,100.0
Sri Lanka,2018,52,52,100.0
Sri Lanka,2019,52,52,100.0
Sri Lanka,2020,39,52,75.0
Sri Lanka,2021,39,52,75.0
Sri Lanka,2022,52,52,100.0
Sri Lanka,2023,52,52,100.0
Sri Lanka,2024,52,52,100.0
Sri Lanka,2025,52,52,100.0
Sri Lanka,2026,38,52,73.07692307692307
Sudan,2009,21,52,40.38461538461539
Sudan,2023,13,52,25.0
Sudan,2024,7,52,13.461538461538462
Sudan,2025,9,52,17.307692307692307
Sudan,2026,31,52,59.61538461538461
Suriname,2009,36,52,69.23076923076923
Suriname,2015,52,52,100.0
Suriname,2016,52,52,100.0
Suriname,2017,52,52,100.0
Suriname,2018,51,52,98.07692307692307
Suriname,2019,50,52,96.15384615384616
Suriname,2020,53,52,101.92307692307692
Suriname,2021,52,52,100.0
Suriname,2022,52,52,100.0
Suriname,2023,52,52,100.0
Suriname,2024,52,52,100.0
Suriname,2025,49,52,94.23076923076923
Suriname,2026,34,52,65.38461538461539
Sweden,1997,18,52,34.61538461538461
Sweden,1998,33,52,63.46153846153846
Sweden,1999,22,52,42.30769230769231
Sweden,2000,19,52,36.53846153846153
Sweden,2001,27,52,51.92307692307693
Sweden,2002,11,52,21.153846153846153
Sweden,2003,11,52,21.153846153846153
Sweden,2004,23,52,44.230769230769226
Sweden,2005,29,52,55.769230769230774
Sweden,2006,36,52,69.23076923076923
Sweden,2007,31,52,59.61538461538461
Sweden,2008,35,52,67.3076923076923
Sweden,2009,52,52,100.0
Sweden,2010,52,52,100.0
Sweden,2011,50,52,96.15384615384616
Sweden,2012,52,52,100.0
Sweden,2013,52,52,100.0
Sweden,2014,34,52,65.38461538461539
Sweden,2015,52,52,100.0
Sweden,2016,52,52,100.0
Sweden,2017,52,52,100.0
Sweden,2018,52,52,100.0
Sweden,2019,52,52,100.0
Sweden,2020,53,52,101.92307692307692
Sweden,2021,52,52,100.0
Sweden,2022,52,52,100.0
Sweden,2023,52,52,100.0
Sweden,2024,52,52,100.0
Sweden,2025,52,52,100.0
Sweden,2026,39,52,75.0
Switzerland,1995,24,52,46.15384615384615
Switzerland,1996,27,52,51.92307692307693
Switzerland,1997,52,52,100.0
Switzerland,1998,53,52,101.92307692307692
Switzerland,1999,33,52,63.46153846153846
Switzerland,2000,33,52,63.46153846153846
Switzerland,2001,30,52,57.692307692307686
Switzerland,2002,27,52,51.92307692307693
Switzerland,2003,30,52,57.692307692307686
Switzerland,2004,27,52,51.92307692307693
Switzerland,2005,29,52,55.769230769230774
Switzerland,2006,28,52,53.84615384615385
Switzerland,2007,26,52,50.0
Switzerland,2008,47,52,90.38461538461539
Switzerland,2009,53,52,101.92307692307692
Switzerland,2010,52,52,100.0
Switzerland,2011,52,52,100.0
Switzerland,2012,52,52,100.0
Switzerland,2013,52,52,100.0
Switzerland,2014,30,52,57.692307692307686
Switzerland,2015,30,52,57.692307692307686
Switzerland,2016,29,52,55.769230769230774
Switzerland,2017,29,52,55.769230769230774
Switzerland,2018,33,52,63.46153846153846
Switzerland,2019,33,52,63.46153846153846
Switzerland,2020,46,52,88.46153846153845
Switzerland,2021,52,52,100.0
Switzerland,2022,52,52,100.0
Switzerland,2023,52,52,100.0
Switzerland,2024,52,52,100.0
Switzerland,2025,52,52,100.0
Switzerland,2026,39,52,75.0
Syrian Arab Republic,2011,6,52,11.538461538461538
Syrian Arab Republic,2012,10,52,19.230769230769234
Syrian Arab Republic,2017,9,52,17.307692307692307
Syrian Arab Republic,2018,18,52,34.61538461538461
Syrian Arab Republic,2019,15,52,28.846153846153843
Syrian Arab Republic,2020,24,52,46.15384615384615
Syrian Arab Republic,2021,52,52,100.0
Syrian Arab Republic,2022,52,52,100.0
Syrian Arab Republic,2023,52,52,100.0
Syrian Arab Republic,2024,52,52,100.0
Syrian Arab Republic,2025,52,52,100.0
Syrian Arab Republic,2026,37,52,71.15384615384616
Tajikistan,2016,8,52,15.384615384615385
Tajikistan,2017,26,52,50.0
Tajikistan,2018,33,52,63.46153846153846
Tajikistan,2019,33,52,63.46153846153846
Tajikistan,2020,31,52,59.61538461538461
Tajikistan,2021,33,52,63.46153846153846
Tajikistan,2022,52,52,100.0
Tajikistan,2023,52,52,100.0
Tajikistan,2024,52,52,100.0
Tajikistan,2025,31,52,59.61538461538461
Tajikistan,2026,17,52,32.69230769230769
Thailand,1997,14,52,26.923076923076923
Thailand,1998,22,52,42.30769230769231
Thailand,1999,28,52,53.84615384615385
Thailand,2000,33,52,63.46153846153846
Thailand,2001,17,52,32.69230769230769
Thailand,2002,7,52,13.461538461538462
Thailand,2003,21,52,40.38461538461539
Thailand,2004,49,52,94.23076923076923
Thailand,2005,47,52,90.38461538461539
Thailand,2006,45,52,86.53846153846155
Thailand,2007,52,52,100.0
Thailand,2008,51,52,98.07692307692307
Thailand,2009,53,52,101.92307692307692
Thailand,2010,51,52,98.07692307692307
Thailand,2011,51,52,98.07692307692307
Thailand,2012,50,52,96.15384615384616
Thailand,2013,52,52,100.0
Thailand,2014,52,52,100.0
Thailand,2015,53,52,101.92307692307692
Thailand,2016,52,52,100.0
Thailand,2017,52,52,100.0
Thailand,2018,52,52,100.0
Thailand,2019,52,52,100.0
Thailand,2020,53,52,101.92307692307692
Thailand,2021,52,52,100.0
Thailand,2022,52,52,100.0
Thailand,2023,52,52,100.0
Thailand,2024,52,52,100.0
Thailand,2025,52,52,100.0
Thailand,2026,37,52,71.15384615384616
Timor-Leste,2016,6,52,11.538461538461538
Timor-Leste,2017,19,52,36.53846153846153
Timor-Leste,2018,52,52,100.0
Timor-Leste,2019,50,52,96.15384615384616
Timor-Leste,2020,53,52,101.92307692307692
Timor-Leste,2021,52,52,100.0
Timor-Leste,2022,49,52,94.23076923076923
Timor-Leste,2023,50,52,96.15384615384616
Timor-Leste,2024,52,52,100.0
Timor-Leste,2025,52,52,100.0
Timor-Leste,2026,37,52,71.15384615384616
Togo,2010,36,52,69.23076923076923
Togo,2011,52,52,100.0
Togo,2012,52,52,100.0
Togo,2013,52,52,100.0
Togo,2014,13,52,25.0
Togo,2015,52,52,100.0
Togo,2016,52,52,100.0
Togo,2017,52,52,100.0
Togo,2018,52,52,100.0
Togo,2019,52,52,100.0
Togo,2020,53,52,101.92307692307692
Togo,2021,52,52,100.0
Togo,2022,52,52,100.0
Togo,2023,52,52,100.0
Togo,2024,52,52,100.0
Togo,2025,52,52,100.0
Togo,2026,38,52,73.07692307692307
Tonga,2025,46,52,88.46153846153845
Trinidad and Tobago,2015,32,52,61.53846153846154
Trinidad and Tobago,2017,45,52,86.53846153846155
Trinidad and Tobago,2018,38,52,73.07692307692307
Trinidad and Tobago,2019,48,52,92.3076923076923
Trinidad and Tobago,2020,53,52,101.92307692307692
Trinidad and Tobago,2021,52,52,100.0
Trinidad and Tobago,2022,52,52,100.0
Trinidad and Tobago,2023,37,52,71.15384615384616
Trinidad and Tobago,2024,52,52,100.0
Tunisia,1997,11,52,21.153846153846153
Tunisia,1998,3,52,5.769230769230769
Tunisia,2000,4,52,7.6923076923076925
Tunisia,2002,2,52,3.8461538461538463
Tunisia,2003,2,52,3.8461538461538463
Tunisia,2004,3,52,5.769230769230769
Tunisia,2005,23,52,44.230769230769226
Tunisia,2006,31,52,59.61538461538461
Tunisia,2007,27,52,51.92307692307693
Tunisia,2008,21,52,40.38461538461539
Tunisia,2009,42,52,80.76923076923077
Tunisia,2010,38,52,73.07692307692307
Tunisia,2011,31,52,59.61538461538461
Tunisia,2012,33,52,63.46153846153846
Tunisia,2013,31,52,59.61538461538461
Tunisia,2014,35,52,67.3076923076923
Tunisia,2015,35,52,67.3076923076923
Tunisia,2016,35,52,67.3076923076923
Tunisia,2017,34,52,65.38461538461539
Tunisia,2018,34,52,65.38461538461539
Tunisia,2019,30,52,57.692307692307686
Tunisia,2020,24,52,46.15384615384615
Tunisia,2021,31,52,59.61538461538461
Tunisia,2022,51,52,98.07692307692307
Tunisia,2023,52,52,100.0
Tunisia,2024,52,52,100.0
Tunisia,2025,52,52,100.0
Tunisia,2026,39,52,75.0
Turkmenistan,2016,8,52,15.384615384615385
Turkmenistan,2018,14,52,26.923076923076923
Turkmenistan,2019,33,52,63.46153846153846
Turkmenistan,2020,41,52,78.84615384615384
Turkmenistan,2021,15,52,28.846153846153843
Turkmenistan,2022,13,52,25.0
Turkmenistan,2023,35,52,67.3076923076923
Turkmenistan,2024,20,52,38.46153846153847
Turkmenistan,2025,1,52,1.9230769230769231
Turkmenistan,2026,31,52,59.61538461538461
Turks and Caicos Islands,2018,2,52,3.8461538461538463
Turks and Caicos Islands,2019,8,52,15.384615384615385
Turks and Caicos Islands,2020,53,52,101.92307692307692
Turks and Caicos Islands,2021,52,52,100.0
Turks and Caicos Islands,2022,52,52,100.0
Turks and Caicos Islands,2023,37,52,71.15384615384616
Tuvalu,2025,49,52,94.23076923076923
Türkiye,1999,6,52,11.538461538461538
Türkiye,2004,4,52,7.6923076923076925
Türkiye,2005,14,52,26.923076923076923
Türkiye,2006,38,52,73.07692307692307
Türkiye,2007,9,52,17.307692307692307
Türkiye,2008,10,52,19.230769230769234
Türkiye,2009,42,52,80.76923076923077
Türkiye,2010,29,52,55.769230769230774
Türkiye,2011,52,52,100.0
Türkiye,2012,51,52,98.07692307692307
Türkiye,2013,52,52,100.0
Türkiye,2014,30,52,57.692307692307686
Türkiye,2015,41,52,78.84615384615384
Türkiye,2016,33,52,63.46153846153846
Türkiye,2017,51,52,98.07692307692307
Türkiye,2018,34,52,65.38461538461539
Türkiye,2019,33,52,63.46153846153846
Türkiye,2020,34,52,65.38461538461539
Türkiye,2021,52,52,100.0
Türkiye,2022,52,52,100.0
Türkiye,2023,52,52,100.0
Türkiye,2024,50,52,96.15384615384616
Türkiye,2025,51,52,98.07692307692307
Türkiye,2026,37,52,71.15384615384616
Uganda,2006,7,52,13.461538461538462
Uganda,2007,43,52,82.6923076923077
Uganda,2008,26,52,50.0
Uganda,2009,21,52,40.38461538461539
Uganda,2010,51,52,98.07692307692307
Uganda,2011,52,52,100.0
Uganda,2012,50,52,96.15384615384616
Uganda,2013,46,52,88.46153846153845
Uganda,2014,44,52,84.61538461538461
Uganda,2015,46,52,88.46153846153845
Uganda,2016,40,52,76.92307692307693
Uganda,2017,51,52,98.07692307692307
Uganda,2018,51,52,98.07692307692307
Uganda,2019,51,52,98.07692307692307
Uganda,2020,53,52,101.92307692307692
Uganda,2021,52,52,100.0
Uganda,2022,52,52,100.0
Uganda,2023,52,52,100.0
Uganda,2024,52,52,100.0
Uganda,2025,52,52,100.0
Uganda,2026,38,52,73.07692307692307
Ukraine,2006,7,52,13.461538461538462
Ukraine,2007,29,52,55.769230769230774
Ukraine,2008,29,52,55.769230769230774
Ukraine,2009,53,52,101.92307692307692
Ukraine,2010,42,52,80.76923076923077
Ukraine,2011,51,52,98.07692307692307
Ukraine,2012,52,52,100.0
Ukraine,2013,52,52,100.0
Ukraine,2014,34,52,65.38461538461539
Ukraine,2015,52,52,100.0
Ukraine,2016,51,52,98.07692307692307
Ukraine,2017,51,52,98.07692307692307
Ukraine,2018,52,52,100.0
Ukraine,2019,52,52,100.0
Ukraine,2020,53,52,101.92307692307692
Ukraine,2021,52,52,100.0
Ukraine,2022,52,52,100.0
Ukraine,2023,52,52,100.0
Ukraine,2024,52,52,100.0
Ukraine,2025,52,52,100.0
Ukraine,2026,38,52,73.07692307692307
United Arab Emirates,2020,53,52,101.92307692307692
United Arab Emirates,2021,51,52,98.07692307692307
United Arab Emirates,2022,51,52,98.07692307692307
United Arab Emirates,2023,51,52,98.07692307692307
United Arab Emirates,2024,52,52,100.0
United Arab Emirates,2025,52,52,100.0
United Arab Emirates,2026,38,52,73.07692307692307
"United Kingdom, England",1997,31,52,59.61538461538461
"United Kingdom, England",1998,44,52,84.61538461538461
"United Kingdom, England",1999,52,52,100.0
"United Kingdom, England",2000,42,52,80.76923076923077
"United Kingdom, England",2001,26,52,50.0
"United Kingdom, England",2002,25,52,48.07692307692308
"United Kingdom, England",2003,52,52,100.0
"United Kingdom, England",2004,53,52,101.92307692307692
"United Kingdom, England",2005,52,52,100.0
"United Kingdom, England",2006,36,52,69.23076923076923
"United Kingdom, England",2007,52,52,100.0
"United Kingdom, England",2008,35,52,67.3076923076923
"United Kingdom, England",2009,52,52,100.0
"United Kingdom, England",2010,52,52,100.0
"United Kingdom, England",2011,52,52,100.0
"United Kingdom, England",2012,52,52,100.0
"United Kingdom, England",2013,49,52,94.23076923076923
"United Kingdom, England",2014,33,52,63.46153846153846
"United Kingdom, England",2015,15,52,28.846153846153843
"United Kingdom, England",2016,35,52,67.3076923076923
"United Kingdom, England",2017,33,52,63.46153846153846
"United Kingdom, England",2018,35,52,67.3076923076923
"United Kingdom, England",2019,29,52,55.769230769230774
"United Kingdom, England",2020,49,52,94.23076923076923
"United Kingdom, England",2021,52,52,100.0
"United Kingdom, England",2022,52,52,100.0
"United Kingdom, England",2023,52,52,100.0
"United Kingdom, England",2024,52,52,100.0
"United Kingdom, England",2025,52,52,100.0
"United Kingdom, England",2026,38,52,73.07692307692307
"United Kingdom, Northern Ireland",1997,1,52,1.9230769230769231
"United Kingdom, Northern Ireland",1998,3,52,5.769230769230769
"United Kingdom, Northern Ireland",1999,1,52,1.9230769230769231
"United Kingdom, Northern Ireland",2000,1,52,1.9230769230769231
"United Kingdom, Northern Ireland",2009,37,52,71.15384615384616
"United Kingdom, Northern Ireland",2010,51,52,98.07692307692307
"United Kingdom, Northern Ireland",2011,49,52,94.23076923076923
"United Kingdom, Northern Ireland",2012,49,52,94.23076923076923
"United Kingdom, Northern Ireland",2013,49,52,94.23076923076923
"United Kingdom, Northern Ireland",2014,52,52,100.0
"United Kingdom, Northern Ireland",2015,52,52,100.0
"United Kingdom, Northern Ireland",2016,52,52,100.0
"United Kingdom, Northern Ireland",2017,52,52,100.0
"United Kingdom, Northern Ireland",2018,52,52,100.0
"United Kingdom, Northern Ireland",2019,52,52,100.0
"United Kingdom, Northern Ireland",2020,53,52,101.92307692307692
"United Kingdom, Northern Ireland",2021,52,52,100.0
"United Kingdom, Northern Ireland",2022,52,52,100.0
"United Kingdom, Northern Ireland",2023,52,52,100.0
"United Kingdom, Northern Ireland",2024,52,52,100.0
"United Kingdom, Northern Ireland",2025,52,52,100.0
"United Kingdom, Northern Ireland",2026,39,52,75.0
"United Kingdom, Scotland",1997,7,52,13.461538461538462
"United Kingdom, Scotland",1998,23,52,44.230769230769226
"United Kingdom, Scotland",1999,24,52,46.15384615384615
"United Kingdom, Scotland",2000,21,52,40.38461538461539
"United Kingdom, Scotland",2001,17,52,32.69230769230769
"United Kingdom, Scotland",2002,1,52,1.9230769230769231
"United Kingdom, Scotland",2010,18,52,34.61538461538461
"United Kingdom, Scotland",2011,41,52,78.84615384615384
"United Kingdom, Scotland",2012,51,52,98.07692307692307
"United Kingdom, Scotland",2013,52,52,100.0
"United Kingdom, Scotland",2014,49,52,94.23076923076923
"United Kingdom, Scotland",2015,53,52,101.92307692307692
"United Kingdom, Scotland",2016,52,52,100.0
"United Kingdom, Scotland",2017,35,52,67.3076923076923
"United Kingdom, Scotland",2018,52,52,100.0
"United Kingdom, Scotland",2019,52,52,100.0
"United Kingdom, Scotland",2020,53,52,101.92307692307692
"United Kingdom, Scotland",2021,52,52,100.0
"United Kingdom, Scotland",2022,52,52,100.0
"United Kingdom, Scotland",2023,52,52,100.0
"United Kingdom, Scotland",2024,52,52,100.0
"United Kingdom, Scotland",2025,52,52,100.0
"United Kingdom, Scotland",2026,39,52,75.0
"United Kingdom, Wales",2012,13,52,25.0
"United Kingdom, Wales",2013,50,52,96.15384615384616
"United Kingdom, Wales",2014,50,52,96.15384615384616
"United Kingdom, Wales",2015,52,52,100.0
"United Kingdom, Wales",2016,51,52,98.07692307692307
"United Kingdom, Wales",2017,52,52,100.0
"United Kingdom, Wales",2018,52,52,100.0
"United Kingdom, Wales",2019,52,52,100.0
"United Kingdom, Wales",2020,53,52,101.92307692307692
"United Kingdom, Wales",2021,52,52,100.0
"United Kingdom, Wales",2022,50,52,96.15384615384616
"United Kingdom, Wales",2023,47,52,90.38461538461539
"United Kingdom, Wales",2024,52,52,100.0
"United Kingdom, Wales",2025,52,52,100.0
"United Kingdom, Wales",2026,37,52,71.15384615384616
United Republic of Tanzania,2009,16,52,30.76923076923077
United Republic of Tanzania,2010,52,52,100.0
United Republic of Tanzania,2011,52,52,100.0
United Republic of Tanzania,2012,51,52,98.07692307692307
United Republic of Tanzania,2013,52,52,100.0
United Republic of Tanzania,2014,52,52,100.0
United Republic of Tanzania,2015,53,52,101.92307692307692
United Republic of Tanzania,2016,52,52,100.0
United Republic of Tanzania,2017,52,52,100.0
United Republic of Tanzania,2018,52,52,100.0
United Republic of Tanzania,2019,52,52,100.0
United Republic of Tanzania,2020,42,52,80.76923076923077
United Republic of Tanzania,2021,50,52,96.15384615384616
United Republic of Tanzania,2022,52,52,100.0
United Republic of Tanzania,2023,52,52,100.0
United Republic of Tanzania,2024,52,52,100.0
United Republic of Tanzania,2025,51,52,98.07692307692307
United Republic of Tanzania,2026,38,52,73.07692307692307
United States of America,1997,25,52,48.07692307692308
United States of America,1998,25,52,48.07692307692308
United States of America,1999,33,52,63.46153846153846
United States of America,2000,35,52,67.3076923076923
United States of America,2001,33,52,63.46153846153846
United States of America,2002,52,52,100.0
United States of America,2003,41,52,78.84615384615384
United States of America,2004,53,52,101.92307692307692
United States of America,2005,52,52,100.0
United States of America,2006,33,52,63.46153846153846
United States of America,2007,52,52,100.0
United States of America,2008,52,52,100.0
United States of America,2009,53,52,101.92307692307692
United States of America,2010,52,52,100.0
United States of America,2011,52,52,100.0
United States of America,2012,52,52,100.0
United States of America,2013,52,52,100.0
United States of America,2014,52,52,100.0
United States of America,2015,53,52,101.92307692307692
United States of America,2016,52,52,100.0
United States of America,2017,52,52,100.0
United States of America,2018,52,52,100.0
United States of America,2019,52,52,100.0
United States of America,2020,53,52,101.92307692307692
United States of America,2021,52,52,100.0
United States of America,2022,52,52,100.0
United States of America,2023,52,52,100.0
United States of America,2024,52,52,100.0
United States of America,2025,52,52,100.0
United States of America,2026,38,52,73.07692307692307
Uruguay,1997,1,52,1.9230769230769231
Uruguay,1998,10,52,19.230769230769234
Uruguay,1999,12,52,23.076923076923077
Uruguay,2000,6,52,11.538461538461538
Uruguay,2001,5,52,9.615384615384617
Uruguay,2002,13,52,25.0
Uruguay,2003,26,52,50.0
Uruguay,2004,29,52,55.769230769230774
Uruguay,2005,27,52,51.92307692307693
Uruguay,2006,24,52,46.15384615384615
Uruguay,2007,33,52,63.46153846153846
Uruguay,2008,31,52,59.61538461538461
Uruguay,2009,25,52,48.07692307692308
Uruguay,2010,26,52,50.0
Uruguay,2011,37,52,71.15384615384616
Uruguay,2012,39,52,75.0
Uruguay,2013,52,52,100.0
Uruguay,2014,52,52,100.0
Uruguay,2015,52,52,100.0
Uruguay,2016,52,52,100.0
Uruguay,2017,50,52,96.15384615384616
Uruguay,2018,47,52,90.38461538461539
Uruguay,2019,51,52,98.07692307692307
Uruguay,2020,53,52,101.92307692307692
Uruguay,2021,52,52,100.0
Uruguay,2022,52,52,100.0
Uruguay,2023,52,52,100.0
Uruguay,2024,52,52,100.0
Uruguay,2025,52,52,100.0
Uruguay,2026,38,52,73.07692307692307
Uzbekistan,2011,33,52,63.46153846153846
Uzbekistan,2012,52,52,100.0
Uzbekistan,2013,33,52,63.46153846153846
Uzbekistan,2014,35,52,67.3076923076923
Uzbekistan,2015,25,52,48.07692307692308
Uzbekistan,2016,33,52,63.46153846153846
Uzbekistan,2017,33,52,63.46153846153846
Uzbekistan,2018,33,52,63.46153846153846
Uzbekistan,2019,32,52,61.53846153846154
Uzbekistan,2020,25,52,48.07692307692308
Uzbekistan,2021,52,52,100.0
Uzbekistan,2022,52,52,100.0
Uzbekistan,2023,52,52,100.0
Uzbekistan,2024,52,52,100.0
Uzbekistan,2025,52,52,100.0
Uzbekistan,2026,38,52,73.07692307692307
Venezuela (Bolivarian Republic of),2002,1,52,1.9230769230769231
Venezuela (Bolivarian Republic of),2004,23,52,44.230769230769226
Venezuela (Bolivarian Republic of),2005,8,52,15.384615384615385
Venezuela (Bolivarian Republic of),2006,35,52,67.3076923076923
Venezuela (Bolivarian Republic of),2007,52,52,100.0
Venezuela (Bolivarian Republic of),2011,52,52,100.0
Venezuela (Bolivarian Republic of),2014,52,52,100.0
Venezuela (Bolivarian Republic of),2015,47,52,90.38461538461539
Venezuela (Bolivarian Republic of),2016,52,52,100.0
Venezuela (Bolivarian Republic of),2017,51,52,98.07692307692307
Venezuela (Bolivarian Republic of),2018,51,52,98.07692307692307
Venezuela (Bolivarian Republic of),2019,51,52,98.07692307692307
Venezuela (Bolivarian Republic of),2020,53,52,101.92307692307692
Venezuela (Bolivarian Republic of),2021,52,52,100.0
Venezuela (Bolivarian Republic of),2022,52,52,100.0
Venezuela (Bolivarian Republic of),2023,52,52,100.0
Venezuela (Bolivarian Republic of),2024,52,52,100.0
Venezuela (Bolivarian Republic of),2025,50,52,96.15384615384616
Venezuela (Bolivarian Republic of),2026,38,52,73.07692307692307
Viet Nam,2006,52,52,100.0
Viet Nam,2007,52,52,100.0
Viet Nam,2008,51,52,98.07692307692307
Viet Nam,2009,52,52,100.0
Viet Nam,2010,51,52,98.07692307692307
Viet Nam,2011,52,52,100.0
Viet Nam,2012,52,52,100.0
Viet Nam,2013,52,52,100.0
Viet Nam,2014,52,52,100.0
Viet Nam,2015,53,52,101.92307692307692
Viet Nam,2016,52,52,100.0
Viet Nam,2017,52,52,100.0
Viet Nam,2018,52,52,100.0
Viet Nam,2019,51,52,98.07692307692307
Viet Nam,2020,53,52,101.92307692307692
Viet Nam,2021,52,52,100.0
Viet Nam,2022,52,52,100.0
Viet Nam,2023,52,52,100.0
Viet Nam,2024,52,52,100.0
Viet Nam,2025,52,52,100.0
Viet Nam,2026,38,52,73.07692307692307
Yemen,2019,51,52,98.07692307692307
Yemen,2020,18,52,34.61538461538461
Yemen,2021,50,52,96.15384615384616
Yemen,2022,52,52,100.0
Yemen,2023,46,52,88.46153846153845
Yemen,2024,52,52,100.0
Yemen,2025,51,52,98.07692307692307
Yemen,2026,37,52,71.15384615384616
Zambia,1996,1,52,1.9230769230769231
Zambia,1997,39,52,75.0
Zambia,2010,48,52,92.3076923076923
Zambia,2011,52,52,100.0
Zambia,2012,52,52,100.0
Zambia,2013,52,52,100.0
Zambia,2014,52,52,100.0
Zambia,2015,52,52,100.0
Zambia,2016,52,52,100.0
Zambia,2017,52,52,100.0
Zambia,2018,52,52,100.0
Zambia,2019,52,52,100.0
Zambia,2020,53,52,101.92307692307692
Zambia,2021,52,52,100.0
Zambia,2022,52,52,100.0
Zambia,2023,52,52,100.0
Zambia,2024,52,52,100.0
Zambia,2025,52,52,100.0
Zambia,2026,39,52,75.0
Zimbabwe,2021,1,52,1.9230769230769231
Zimbabwe,2022,23,52,44.230769230769226
Zimbabwe,2023,45,52,86.53846153846155
Zimbabwe,2024,27,52,51.92307692307693
Zimbabwe,2025,41,52,78.84615384615384
Zimbabwe,2026,32,52,61.53846153846154
"occupied Palestinian territory, including east Jerusalem",2017,45,52,86.53846153846155
"occupied Palestinian territory, including east Jerusalem",2018,52,52,100.0
"occupied Palestinian territory, including east Jerusalem",2019,52,52,100.0
"occupied Palestinian territory, including east Jerusalem",2020,29,52,55.769230769230774
"occupied Palestinian territory, including east Jerusalem",2021,49,52,94.23076923076923
"occupied Palestinian territory, including east Jerusalem",2022,52,52,100.0
"occupied Palestinian territory, including east Jerusalem",2023,52,52,100.0
"occupied Palestinian territory, including east Jerusalem",2024,51,52,98.07692307692307
"occupied Palestinian territory, including east Jerusalem",2025,38,52,73.07692307692307
"occupied Palestinian territory, including east Jerusalem",2026,13,52,25.0
