country,ISO_YEAR,ISO_WEEK,raw_source_rows,influenza_positive,influenza_tested,rsv_positive,rsv_tested,influenza_source_qc_problem,rsv_source_qc_problem,influenza_eligible,rsv_eligible,week_start,influenza_denominator_valid,rsv_denominator_valid,influenza_positivity,rsv_positivity
Brunei Darussalam,2021,1,2,0.0,23.0,6.0,,False,False,True,True,2021-01-04,True,False,0.0,
Brunei Darussalam,2021,2,2,0.0,4.0,2.0,,False,False,True,True,2021-01-11,True,False,0.0,
Brunei Darussalam,2021,3,2,0.0,8.0,5.0,,False,False,True,True,2021-01-18,True,False,0.0,
Brunei Darussalam,2021,4,2,0.0,10.0,8.0,,False,False,True,True,2021-01-25,True,False,0.0,
Brunei Darussalam,2021,5,2,0.0,6.0,4.0,,False,False,True,True,2021-02-01,True,False,0.0,
Brunei Darussalam,2021,6,2,0.0,0.0,0.0,,False,False,True,True,2021-02-08,False,False,,
Brunei Darussalam,2021,7,2,0.0,4.0,2.0,,False,False,True,True,2021-02-15,True,False,0.0,
Brunei Darussalam,2021,8,2,0.0,2.0,0.0,,False,False,True,True,2021-02-22,True,False,0.0,
Brunei Darussalam,2021,9,2,0.0,1.0,0.0,,False,False,True,True,2021-03-01,True,False,0.0,
Brunei Darussalam,2021,10,2,0.0,3.0,0.0,,False,False,True,True,2021-03-08,True,False,0.0,
Brunei Darussalam,2021,11,2,0.0,2.0,0.0,,False,False,True,True,2021-03-15,True,False,0.0,
Brunei Darussalam,2021,12,2,0.0,2.0,1.0,,False,False,True,True,2021-03-22,True,False,0.0,
Brunei Darussalam,2021,13,2,0.0,0.0,0.0,,False,False,True,True,2021-03-29,False,False,,
Brunei Darussalam,2021,14,2,0.0,1.0,0.0,,False,False,True,True,2021-04-05,True,False,0.0,
Brunei Darussalam,2021,15,2,0.0,0.0,0.0,,False,False,True,True,2021-04-12,False,False,,
Brunei Darussalam,2021,16,2,0.0,2.0,0.0,,False,False,True,True,2021-04-19,True,False,0.0,
Brunei Darussalam,2021,17,2,0.0,2.0,0.0,,False,False,True,True,2021-04-26,True,False,0.0,
Brunei Darussalam,2021,18,2,0.0,5.0,0.0,,False,False,True,True,2021-05-03,True,False,0.0,
Brunei Darussalam,2021,19,2,0.0,2.0,0.0,,False,False,True,True,2021-05-10,True,False,0.0,
Brunei Darussalam,2021,20,2,0.0,1.0,0.0,,False,False,True,True,2021-05-17,True,False,0.0,
Brunei Darussalam,2021,21,2,0.0,4.0,1.0,,False,False,True,True,2021-05-24,True,False,0.0,
Brunei Darussalam,2021,22,2,0.0,6.0,0.0,,False,False,True,True,2021-05-31,True,False,0.0,
Brunei Darussalam,2021,23,2,0.0,0.0,0.0,,False,False,True,True,2021-06-07,False,False,,
Brunei Darussalam,2021,24,2,0.0,2.0,0.0,,False,False,True,True,2021-06-14,True,False,0.0,
Brunei Darussalam,2021,25,2,0.0,4.0,1.0,,False,False,True,True,2021-06-21,True,False,0.0,
Brunei Darussalam,2021,26,2,0.0,1.0,0.0,,False,False,True,True,2021-06-28,True,False,0.0,
Brunei Darussalam,2021,27,2,0.0,2.0,0.0,,False,False,True,True,2021-07-05,True,False,0.0,
Brunei Darussalam,2021,28,2,0.0,2.0,0.0,,False,False,True,True,2021-07-12,True,False,0.0,
Brunei Darussalam,2021,29,2,0.0,0.0,0.0,,False,False,True,True,2021-07-19,False,False,,
Brunei Darussalam,2021,30,2,0.0,1.0,0.0,,False,False,True,True,2021-07-26,True,False,0.0,
Brunei Darussalam,2021,31,2,0.0,3.0,0.0,,False,False,True,True,2021-08-02,True,False,0.0,
Brunei Darussalam,2021,32,2,0.0,1.0,0.0,,False,False,True,True,2021-08-09,True,False,0.0,
Brunei Darussalam,2021,33,2,0.0,2.0,0.0,,False,False,True,True,2021-08-16,True,False,0.0,
Brunei Darussalam,2021,34,2,0.0,0.0,0.0,,False,False,True,True,2021-08-23,False,False,,
Brunei Darussalam,2021,35,2,0.0,2.0,0.0,,False,False,True,True,2021-08-30,True,False,0.0,
Brunei Darussalam,2021,36,2,0.0,1.0,0.0,,False,False,True,True,2021-09-06,True,False,0.0,
Brunei Darussalam,2021,37,2,0.0,2.0,0.0,,False,False,True,True,2021-09-13,True,False,0.0,
Brunei Darussalam,2021,38,2,0.0,20.0,0.0,,False,False,True,True,2021-09-20,True,False,0.0,
Brunei Darussalam,2021,39,2,0.0,4.0,0.0,,False,False,True,True,2021-09-27,True,False,0.0,
Brunei Darussalam,2021,40,2,0.0,0.0,0.0,,False,False,True,True,2021-10-04,False,False,,
Brunei Darussalam,2021,41,2,0.0,0.0,0.0,,False,False,True,True,2021-10-11,False,False,,
Brunei Darussalam,2021,42,2,0.0,0.0,0.0,,False,False,True,True,2021-10-18,False,False,,
Brunei Darussalam,2021,43,2,0.0,1.0,0.0,,False,False,True,True,2021-10-25,True,False,0.0,
Brunei Darussalam,2021,44,2,0.0,1.0,0.0,,False,False,True,True,2021-11-01,True,False,0.0,
Brunei Darussalam,2021,45,2,0.0,0.0,0.0,,False,False,True,True,2021-11-08,False,False,,
Brunei Darussalam,2021,46,2,0.0,0.0,0.0,,False,False,True,True,2021-11-15,False,False,,
Brunei Darussalam,2021,47,2,0.0,4.0,0.0,,False,False,True,True,2021-11-22,True,False,0.0,
Brunei Darussalam,2021,48,2,0.0,0.0,0.0,,False,False,True,True,2021-11-29,False,False,,
Brunei Darussalam,2021,49,2,0.0,2.0,0.0,,False,False,True,True,2021-12-06,True,False,0.0,
Brunei Darussalam,2021,50,2,0.0,1.0,0.0,,False,False,True,True,2021-12-13,True,False,0.0,
Brunei Darussalam,2021,51,2,0.0,2.0,0.0,,False,False,True,True,2021-12-20,True,False,0.0,
Brunei Darussalam,2021,52,2,0.0,1.0,0.0,,False,False,True,True,2021-12-27,True,False,0.0,
Brunei Darussalam,2022,1,1,0.0,1.0,0.0,,False,False,True,True,2022-01-03,True,False,0.0,
Brunei Darussalam,2022,2,1,0.0,1.0,0.0,,False,False,True,True,2022-01-10,True,False,0.0,
Brunei Darussalam,2022,3,1,0.0,0.0,0.0,,False,False,True,True,2022-01-17,False,False,,
Brunei Darussalam,2022,4,1,0.0,1.0,0.0,,False,False,True,True,2022-01-24,True,False,0.0,
Brunei Darussalam,2022,5,1,0.0,0.0,0.0,,False,False,True,True,2022-01-31,False,False,,
Brunei Darussalam,2022,6,1,0.0,2.0,0.0,,False,False,True,True,2022-02-07,True,False,0.0,
Brunei Darussalam,2022,7,1,0.0,1.0,0.0,,False,False,True,True,2022-02-14,True,False,0.0,
Brunei Darussalam,2022,8,1,0.0,0.0,0.0,,False,False,True,True,2022-02-21,False,False,,
Brunei Darussalam,2022,9,1,0.0,0.0,0.0,,False,False,True,True,2022-02-28,False,False,,
Brunei Darussalam,2022,10,1,0.0,1.0,0.0,,False,False,True,True,2022-03-07,True,False,0.0,
Brunei Darussalam,2022,11,1,0.0,0.0,0.0,,False,False,True,True,2022-03-14,False,False,,
Brunei Darussalam,2022,12,1,0.0,0.0,0.0,,False,False,True,True,2022-03-21,False,False,,
Brunei Darussalam,2022,13,1,0.0,0.0,0.0,,False,False,True,True,2022-03-28,False,False,,
Brunei Darussalam,2022,14,1,0.0,0.0,0.0,,False,False,True,True,2022-04-04,False,False,,
Brunei Darussalam,2022,15,1,0.0,1.0,0.0,,False,False,True,True,2022-04-11,True,False,0.0,
Brunei Darussalam,2022,16,1,0.0,2.0,0.0,,False,False,True,True,2022-04-18,True,False,0.0,
Brunei Darussalam,2022,17,1,0.0,2.0,0.0,,False,False,True,True,2022-04-25,True,False,0.0,
Brunei Darussalam,2022,18,1,0.0,2.0,0.0,,False,False,True,True,2022-05-02,True,False,0.0,
Brunei Darussalam,2022,19,1,0.0,1.0,0.0,,False,False,True,True,2022-05-09,True,False,0.0,
Brunei Darussalam,2022,20,1,0.0,2.0,0.0,,False,False,True,True,2022-05-16,True,False,0.0,
Brunei Darussalam,2022,21,1,0.0,3.0,0.0,,False,False,True,True,2022-05-23,True,False,0.0,
Brunei Darussalam,2022,22,1,0.0,1.0,0.0,,False,False,True,True,2022-05-30,True,False,0.0,
Brunei Darussalam,2022,23,1,0.0,4.0,0.0,,False,False,True,True,2022-06-06,True,False,0.0,
Brunei Darussalam,2022,24,1,0.0,6.0,0.0,,False,False,True,True,2022-06-13,True,False,0.0,
Brunei Darussalam,2022,25,1,0.0,12.0,0.0,,False,False,True,True,2022-06-20,True,False,0.0,
Brunei Darussalam,2022,26,1,0.0,11.0,0.0,,False,False,True,True,2022-06-27,True,False,0.0,
Brunei Darussalam,2022,27,1,0.0,23.0,0.0,,False,False,True,True,2022-07-04,True,False,0.0,
Brunei Darussalam,2022,28,1,0.0,25.0,0.0,,False,False,True,True,2022-07-11,True,False,0.0,
Brunei Darussalam,2022,29,1,0.0,1.0,0.0,,False,False,True,True,2022-07-18,True,False,0.0,
Brunei Darussalam,2022,30,1,0.0,0.0,0.0,,False,False,True,True,2022-07-25,False,False,,
Brunei Darussalam,2022,31,1,0.0,26.0,0.0,,False,False,True,True,2022-08-01,True,False,0.0,
Brunei Darussalam,2022,32,1,0.0,25.0,0.0,,False,False,True,True,2022-08-08,True,False,0.0,
Brunei Darussalam,2022,33,1,1.0,19.0,0.0,,False,False,True,True,2022-08-15,True,False,0.05263157894736842,
Brunei Darussalam,2022,34,1,0.0,1.0,0.0,,False,False,True,True,2022-08-22,True,False,0.0,
Brunei Darussalam,2022,35,1,0.0,3.0,0.0,,False,False,True,True,2022-08-29,True,False,0.0,
Brunei Darussalam,2022,36,1,4.0,16.0,0.0,,False,False,True,True,2022-09-05,True,False,0.25,
Brunei Darussalam,2022,37,1,5.0,15.0,1.0,,False,False,True,True,2022-09-12,True,False,0.3333333333333333,
Brunei Darussalam,2022,38,1,10.0,21.0,1.0,,False,False,True,True,2022-09-19,True,False,0.47619047619047616,
Brunei Darussalam,2022,39,1,14.0,28.0,1.0,,False,False,True,True,2022-09-26,True,False,0.5,
Brunei Darussalam,2022,40,1,18.0,44.0,0.0,,False,False,True,True,2022-10-03,True,False,0.4090909090909091,
Brunei Darussalam,2022,41,1,19.0,65.0,1.0,,False,False,True,True,2022-10-10,True,False,0.2923076923076923,
Brunei Darussalam,2022,42,1,12.0,50.0,1.0,,False,False,True,True,2022-10-17,True,False,0.24,
Brunei Darussalam,2022,43,1,10.0,64.0,1.0,,False,False,True,True,2022-10-24,True,False,0.15625,
Brunei Darussalam,2022,44,1,9.0,61.0,0.0,,False,False,True,True,2022-10-31,True,False,0.14754098360655737,
Brunei Darussalam,2022,45,1,5.0,53.0,1.0,,False,False,True,True,2022-11-07,True,False,0.09433962264150944,
Brunei Darussalam,2022,46,1,5.0,54.0,1.0,,False,False,True,True,2022-11-14,True,False,0.09259259259259259,
Brunei Darussalam,2022,47,1,2.0,44.0,3.0,,False,False,True,True,2022-11-21,True,False,0.045454545454545456,
Brunei Darussalam,2022,48,1,4.0,51.0,2.0,,False,False,True,True,2022-11-28,True,False,0.0784313725490196,
Brunei Darussalam,2022,49,1,2.0,51.0,3.0,,False,False,True,True,2022-12-05,True,False,0.0392156862745098,
Brunei Darussalam,2022,50,1,0.0,34.0,2.0,,False,False,True,True,2022-12-12,True,False,0.0,
Brunei Darussalam,2022,51,1,1.0,34.0,1.0,,False,False,True,True,2022-12-19,True,False,0.029411764705882353,
Brunei Darussalam,2022,52,1,1.0,51.0,5.0,,False,False,True,True,2022-12-26,True,False,0.0196078431372549,
Brunei Darussalam,2023,1,2,4.0,53.0,8.0,,False,False,True,True,2023-01-02,True,False,0.07547169811320754,
Brunei Darussalam,2023,2,2,1.0,48.0,12.0,,False,False,True,True,2023-01-09,True,False,0.020833333333333332,
Brunei Darussalam,2023,3,2,4.0,57.0,2.0,,False,False,True,True,2023-01-16,True,False,0.07017543859649122,
Brunei Darussalam,2023,4,2,0.0,54.0,4.0,,False,False,True,True,2023-01-23,True,False,0.0,
Brunei Darussalam,2023,5,2,7.0,59.0,7.0,,False,False,True,True,2023-01-30,True,False,0.11864406779661017,
Brunei Darussalam,2023,6,2,7.0,52.0,15.0,,False,False,True,True,2023-02-06,True,False,0.1346153846153846,
Brunei Darussalam,2023,7,2,2.0,48.0,6.0,,False,False,True,True,2023-02-13,True,False,0.041666666666666664,
Brunei Darussalam,2023,8,2,4.0,73.0,17.0,,False,False,True,True,2023-02-20,True,False,0.0547945205479452,
Brunei Darussalam,2023,9,2,1.0,24.0,5.0,,False,False,True,True,2023-02-27,True,False,0.041666666666666664,
Brunei Darussalam,2023,10,2,7.0,62.0,10.0,,False,False,True,True,2023-03-06,True,False,0.11290322580645161,
Brunei Darussalam,2023,11,2,9.0,61.0,11.0,,False,False,True,True,2023-03-13,True,False,0.14754098360655737,
Brunei Darussalam,2023,12,2,5.0,79.0,5.0,,False,False,True,True,2023-03-20,True,False,0.06329113924050633,
Brunei Darussalam,2023,13,2,11.0,44.0,7.0,,False,False,True,True,2023-03-27,True,False,0.25,
Brunei Darussalam,2023,14,2,4.0,32.0,6.0,,False,False,True,True,2023-04-03,True,False,0.125,
Brunei Darussalam,2023,15,2,4.0,40.0,9.0,,False,False,True,True,2023-04-10,True,False,0.1,
Brunei Darussalam,2023,16,2,2.0,23.0,4.0,,False,False,True,True,2023-04-17,True,False,0.08695652173913043,
Brunei Darussalam,2023,17,2,3.0,37.0,2.0,,False,False,True,True,2023-04-24,True,False,0.08108108108108109,
Brunei Darussalam,2023,18,2,2.0,36.0,3.0,,False,False,True,True,2023-05-01,True,False,0.05555555555555555,
Brunei Darussalam,2023,19,2,3.0,40.0,3.0,,False,False,True,True,2023-05-08,True,False,0.075,
Brunei Darussalam,2023,20,2,6.0,41.0,3.0,,False,False,True,True,2023-05-15,True,False,0.14634146341463414,
Brunei Darussalam,2023,21,2,3.0,39.0,3.0,,False,False,True,True,2023-05-22,True,False,0.07692307692307693,
Brunei Darussalam,2023,22,2,2.0,37.0,4.0,,False,False,True,True,2023-05-29,True,False,0.05405405405405406,
Brunei Darussalam,2023,23,2,3.0,30.0,4.0,,False,False,True,True,2023-06-05,True,False,0.1,
Brunei Darussalam,2023,24,2,4.0,33.0,0.0,,False,False,True,True,2023-06-12,True,False,0.12121212121212122,
Brunei Darussalam,2023,25,2,2.0,25.0,2.0,,False,False,True,True,2023-06-19,True,False,0.08,
Brunei Darussalam,2023,26,2,7.0,33.0,1.0,,False,False,True,True,2023-06-26,True,False,0.21212121212121213,
Brunei Darussalam,2023,27,2,5.0,46.0,3.0,,False,False,True,True,2023-07-03,True,False,0.10869565217391304,
Brunei Darussalam,2023,28,2,5.0,51.0,1.0,,False,False,True,True,2023-07-10,True,False,0.09803921568627451,
Brunei Darussalam,2023,29,2,6.0,33.0,0.0,,False,False,True,True,2023-07-17,True,False,0.18181818181818182,
Brunei Darussalam,2023,30,2,7.0,49.0,1.0,,False,False,True,True,2023-07-24,True,False,0.14285714285714285,
Brunei Darussalam,2023,31,2,2.0,41.0,1.0,,False,False,True,True,2023-07-31,True,False,0.04878048780487805,
Brunei Darussalam,2023,32,2,2.0,43.0,3.0,,False,False,True,True,2023-08-07,True,False,0.046511627906976744,
Brunei Darussalam,2023,33,2,5.0,32.0,2.0,,False,False,True,True,2023-08-14,True,False,0.15625,
Brunei Darussalam,2023,34,2,5.0,54.0,1.0,,False,False,True,True,2023-08-21,True,False,0.09259259259259259,
Brunei Darussalam,2023,35,2,3.0,46.0,2.0,,False,False,True,True,2023-08-28,True,False,0.06521739130434782,
Brunei Darussalam,2023,36,2,5.0,54.0,1.0,,False,False,True,True,2023-09-04,True,False,0.09259259259259259,
Brunei Darussalam,2023,37,2,5.0,36.0,1.0,,False,False,True,True,2023-09-11,True,False,0.1388888888888889,
Brunei Darussalam,2023,38,2,5.0,51.0,1.0,,False,False,True,True,2023-09-18,True,False,0.09803921568627451,
Brunei Darussalam,2023,39,2,4.0,42.0,0.0,,False,False,True,True,2023-09-25,True,False,0.09523809523809523,
Brunei Darussalam,2023,40,2,5.0,43.0,2.0,,False,False,True,True,2023-10-02,True,False,0.11627906976744186,
Brunei Darussalam,2023,41,2,9.0,45.0,1.0,,False,False,True,True,2023-10-09,True,False,0.2,
Brunei Darussalam,2023,42,2,8.0,46.0,2.0,,False,False,True,True,2023-10-16,True,False,0.17391304347826086,
Brunei Darussalam,2023,43,2,13.0,53.0,1.0,,False,False,True,True,2023-10-23,True,False,0.24528301886792453,
Brunei Darussalam,2023,44,2,13.0,59.0,2.0,,False,False,True,True,2023-10-30,True,False,0.22033898305084745,
Brunei Darussalam,2023,45,2,16.0,52.0,1.0,,False,False,True,True,2023-11-06,True,False,0.3076923076923077,
Brunei Darussalam,2023,46,2,12.0,43.0,1.0,,False,False,True,True,2023-11-13,True,False,0.27906976744186046,
Brunei Darussalam,2023,47,2,15.0,43.0,4.0,,False,False,True,True,2023-11-20,True,False,0.3488372093023256,
Brunei Darussalam,2023,48,2,10.0,62.0,0.0,,False,False,True,True,2023-11-27,True,False,0.16129032258064516,
Brunei Darussalam,2023,49,2,7.0,56.0,2.0,,False,False,True,True,2023-12-04,True,False,0.125,
Brunei Darussalam,2023,50,2,7.0,50.0,2.0,,False,False,True,True,2023-12-11,True,False,0.14,
Brunei Darussalam,2023,51,2,5.0,46.0,1.0,,False,False,True,True,2023-12-18,True,False,0.10869565217391304,
Brunei Darussalam,2023,52,2,0.0,33.0,1.0,,False,False,True,True,2023-12-25,True,False,0.0,
Brunei Darussalam,2024,1,2,4.0,27.0,3.0,,False,False,True,True,2024-01-01,True,False,0.14814814814814814,
Brunei Darussalam,2024,2,2,2.0,21.0,2.0,,False,False,True,True,2024-01-08,True,False,0.09523809523809523,
Brunei Darussalam,2024,3,2,4.0,48.0,5.0,,False,False,True,True,2024-01-15,True,False,0.08333333333333333,
Brunei Darussalam,2024,4,2,0.0,35.0,1.0,,False,False,True,True,2024-01-22,True,False,0.0,
Brunei Darussalam,2024,5,2,3.0,24.0,0.0,,False,False,True,True,2024-01-29,True,False,0.125,
Brunei Darussalam,2024,6,2,3.0,23.0,1.0,,False,False,True,True,2024-02-05,True,False,0.13043478260869565,
Brunei Darussalam,2024,7,2,6.0,45.0,3.0,,False,False,True,True,2024-02-12,True,False,0.13333333333333333,
Brunei Darussalam,2024,8,2,2.0,29.0,1.0,,False,False,True,True,2024-02-19,True,False,0.06896551724137931,
Brunei Darussalam,2024,9,2,5.0,37.0,0.0,,False,False,True,True,2024-02-26,True,False,0.13513513513513514,
Brunei Darussalam,2024,10,2,2.0,41.0,4.0,,False,False,True,True,2024-03-04,True,False,0.04878048780487805,
Brunei Darussalam,2024,11,2,5.0,25.0,4.0,,False,False,True,True,2024-03-11,True,False,0.2,
Brunei Darussalam,2024,12,2,2.0,32.0,7.0,,False,False,True,True,2024-03-18,True,False,0.0625,
Brunei Darussalam,2024,13,2,2.0,30.0,4.0,,False,False,True,True,2024-03-25,True,False,0.06666666666666667,
Brunei Darussalam,2024,14,2,3.0,32.0,6.0,,False,False,True,True,2024-04-01,True,False,0.09375,
Brunei Darussalam,2024,15,2,4.0,26.0,0.0,,False,False,True,True,2024-04-08,True,False,0.15384615384615385,
Brunei Darussalam,2024,16,2,9.0,29.0,0.0,,False,False,True,True,2024-04-15,True,False,0.3103448275862069,
Brunei Darussalam,2024,17,2,4.0,30.0,3.0,,False,False,True,True,2024-04-22,True,False,0.13333333333333333,
Brunei Darussalam,2024,18,2,7.0,42.0,2.0,,False,False,True,True,2024-04-29,True,False,0.16666666666666666,
Brunei Darussalam,2024,20,2,5.0,39.0,2.0,,False,False,True,True,2024-05-13,True,False,0.1282051282051282,
Brunei Darussalam,2024,21,2,8.0,43.0,7.0,,False,False,True,True,2024-05-20,True,False,0.18604651162790697,
Brunei Darussalam,2024,22,2,8.0,45.0,2.0,,False,False,True,True,2024-05-27,True,False,0.17777777777777778,
Brunei Darussalam,2024,23,2,6.0,45.0,2.0,,False,False,True,True,2024-06-03,True,False,0.13333333333333333,
Brunei Darussalam,2024,24,2,20.0,67.0,8.0,,False,False,True,True,2024-06-10,True,False,0.29850746268656714,
Brunei Darussalam,2024,25,2,10.0,43.0,1.0,,False,False,True,True,2024-06-17,True,False,0.23255813953488372,
Brunei Darussalam,2024,26,2,7.0,49.0,5.0,,False,False,True,True,2024-06-24,True,False,0.14285714285714285,
Brunei Darussalam,2024,27,2,13.0,62.0,2.0,,False,False,True,True,2024-07-01,True,False,0.20967741935483872,
Brunei Darussalam,2024,28,2,12.0,65.0,3.0,,False,False,True,True,2024-07-08,True,False,0.18461538461538463,
Brunei Darussalam,2024,29,2,16.0,69.0,4.0,,False,False,True,True,2024-07-15,True,False,0.2318840579710145,
Brunei Darussalam,2024,31,2,11.0,50.0,3.0,,False,False,True,True,2024-07-29,True,False,0.22,
Brunei Darussalam,2024,32,2,8.0,52.0,3.0,,False,False,True,True,2024-08-05,True,False,0.15384615384615385,
Brunei Darussalam,2024,33,2,1.0,29.0,1.0,,False,False,True,True,2024-08-12,True,False,0.034482758620689655,
Brunei Darussalam,2024,34,2,4.0,28.0,1.0,,False,False,True,True,2024-08-19,True,False,0.14285714285714285,
Brunei Darussalam,2024,35,2,6.0,28.0,5.0,,False,False,True,True,2024-08-26,True,False,0.21428571428571427,
Brunei Darussalam,2024,36,2,8.0,24.0,1.0,,False,False,True,True,2024-09-02,True,False,0.3333333333333333,
Brunei Darussalam,2024,37,2,2.0,24.0,1.0,,False,False,True,True,2024-09-09,True,False,0.08333333333333333,
Brunei Darussalam,2024,38,2,2.0,18.0,0.0,,False,False,True,True,2024-09-16,True,False,0.1111111111111111,
Brunei Darussalam,2024,39,2,1.0,19.0,4.0,,False,False,True,True,2024-09-23,True,False,0.05263157894736842,
Brunei Darussalam,2024,41,2,11.0,55.0,3.0,,False,False,True,True,2024-10-07,True,False,0.2,
Brunei Darussalam,2024,42,2,1.0,21.0,1.0,,False,False,True,True,2024-10-14,True,False,0.047619047619047616,
Brunei Darussalam,2024,43,2,2.0,27.0,1.0,,False,False,True,True,2024-10-21,True,False,0.07407407407407407,
Brunei Darussalam,2024,44,2,1.0,22.0,0.0,,False,False,True,True,2024-10-28,True,False,0.045454545454545456,
Brunei Darussalam,2024,46,1,1.0,13.0,1.0,,False,False,True,True,2024-11-11,True,False,0.07692307692307693,
Brunei Darussalam,2024,47,2,1.0,20.0,2.0,,False,False,True,True,2024-11-18,True,False,0.05,
Brunei Darussalam,2024,48,2,2.0,27.0,1.0,,False,False,True,True,2024-11-25,True,False,0.07407407407407407,
Brunei Darussalam,2024,49,2,4.0,29.0,1.0,,False,False,True,True,2024-12-02,True,False,0.13793103448275862,
Brunei Darussalam,2024,50,2,8.0,32.0,1.0,,False,False,True,True,2024-12-09,True,False,0.25,
Brunei Darussalam,2024,51,2,7.0,27.0,1.0,,False,False,True,True,2024-12-16,True,False,0.25925925925925924,
Brunei Darussalam,2024,52,2,9.0,38.0,2.0,,False,False,True,True,2024-12-23,True,False,0.23684210526315788,
Brunei Darussalam,2025,2,2,15.0,51.0,0.0,,False,False,True,True,2025-01-06,True,False,0.29411764705882354,
Brunei Darussalam,2025,3,2,19.0,57.0,1.0,,False,False,True,True,2025-01-13,True,False,0.3333333333333333,
Brunei Darussalam,2025,4,2,20.0,48.0,0.0,,False,False,True,True,2025-01-20,True,False,0.4166666666666667,
Brunei Darussalam,2025,5,2,17.0,47.0,1.0,,False,False,True,True,2025-01-27,True,False,0.3617021276595745,
Brunei Darussalam,2025,6,2,14.0,22.0,1.0,,False,False,True,True,2025-02-03,True,False,0.6363636363636364,
Brunei Darussalam,2025,7,2,14.0,41.0,1.0,,False,False,True,True,2025-02-10,True,False,0.34146341463414637,
Brunei Darussalam,2025,8,2,11.0,50.0,5.0,,False,False,True,True,2025-02-17,True,False,0.22,
Brunei Darussalam,2025,9,2,8.0,44.0,3.0,,False,False,True,True,2025-02-24,True,False,0.18181818181818182,
Brunei Darussalam,2025,10,2,8.0,38.0,2.0,,False,False,True,True,2025-03-03,True,False,0.21052631578947367,
Brunei Darussalam,2025,11,2,9.0,40.0,5.0,,False,False,True,True,2025-03-10,True,False,0.225,
Brunei Darussalam,2025,12,2,1.0,29.0,2.0,,False,False,True,True,2025-03-17,True,False,0.034482758620689655,
Brunei Darussalam,2025,13,2,2.0,28.0,2.0,,False,False,True,True,2025-03-24,True,False,0.07142857142857142,
Brunei Darussalam,2025,14,2,0.0,19.0,4.0,,False,False,True,True,2025-03-31,True,False,0.0,
Brunei Darussalam,2025,15,2,1.0,34.0,2.0,,False,False,True,True,2025-04-07,True,False,0.029411764705882353,
Brunei Darussalam,2025,16,2,4.0,33.0,6.0,,False,False,True,True,2025-04-14,True,False,0.12121212121212122,
Brunei Darussalam,2025,17,2,2.0,26.0,3.0,,False,False,True,True,2025-04-21,True,False,0.07692307692307693,
Brunei Darussalam,2025,18,2,0.0,29.0,2.0,,False,False,True,True,2025-04-28,True,False,0.0,
Brunei Darussalam,2025,19,2,0.0,32.0,5.0,,False,False,True,True,2025-05-05,True,False,0.0,
Brunei Darussalam,2025,20,2,3.0,27.0,2.0,,False,False,True,True,2025-05-12,True,False,0.1111111111111111,
Brunei Darussalam,2025,21,2,1.0,23.0,6.0,,False,False,True,True,2025-05-19,True,False,0.043478260869565216,
Brunei Darussalam,2025,22,2,2.0,27.0,4.0,,False,False,True,True,2025-05-26,True,False,0.07407407407407407,
Brunei Darussalam,2025,23,2,1.0,26.0,4.0,,False,False,True,True,2025-06-02,True,False,0.038461538461538464,
Brunei Darussalam,2025,24,2,0.0,27.0,4.0,,False,False,True,True,2025-06-09,True,False,0.0,
Brunei Darussalam,2025,25,2,1.0,29.0,4.0,,False,False,True,True,2025-06-16,True,False,0.034482758620689655,
Brunei Darussalam,2025,26,2,0.0,24.0,1.0,,False,False,True,True,2025-06-23,True,False,0.0,
Brunei Darussalam,2025,27,2,1.0,20.0,3.0,,False,False,True,True,2025-06-30,True,False,0.05,
Brunei Darussalam,2025,28,2,1.0,16.0,2.0,,False,False,True,True,2025-07-07,True,False,0.0625,
Brunei Darussalam,2025,29,2,0.0,14.0,0.0,,False,False,True,True,2025-07-14,True,False,0.0,
Brunei Darussalam,2025,30,2,0.0,21.0,1.0,,False,False,True,True,2025-07-21,True,False,0.0,
Brunei Darussalam,2025,32,2,0.0,20.0,2.0,,False,False,True,True,2025-08-04,True,False,0.0,
Brunei Darussalam,2025,33,2,1.0,13.0,1.0,,False,False,True,True,2025-08-11,True,False,0.07692307692307693,
Brunei Darussalam,2025,34,2,2.0,20.0,8.0,,False,False,True,True,2025-08-18,True,False,0.1,
Brunei Darussalam,2025,35,2,2.0,23.0,1.0,,False,False,True,True,2025-08-25,True,False,0.08695652173913043,
Brunei Darussalam,2025,36,2,4.0,20.0,2.0,,False,False,True,True,2025-09-01,True,False,0.2,
Brunei Darussalam,2025,37,2,4.0,30.0,1.0,,False,False,True,True,2025-09-08,True,False,0.13333333333333333,
Brunei Darussalam,2025,38,2,2.0,24.0,2.0,,False,False,True,True,2025-09-15,True,False,0.08333333333333333,
Brunei Darussalam,2025,39,2,5.0,27.0,4.0,,False,False,True,True,2025-09-22,True,False,0.18518518518518517,
Brunei Darussalam,2025,40,2,14.0,29.0,2.0,,False,False,True,True,2025-09-29,True,False,0.4827586206896552,
Brunei Darussalam,2025,41,2,10.0,36.0,2.0,,False,False,True,True,2025-10-06,True,False,0.2777777777777778,
Brunei Darussalam,2025,42,2,19.0,49.0,3.0,,False,False,True,True,2025-10-13,True,False,0.3877551020408163,
Brunei Darussalam,2025,43,2,15.0,55.0,7.0,,False,False,True,True,2025-10-20,True,False,0.2727272727272727,
Brunei Darussalam,2025,44,2,21.0,44.0,4.0,,False,False,True,True,2025-10-27,True,False,0.4772727272727273,
Brunei Darussalam,2025,45,2,22.0,43.0,3.0,,False,False,True,True,2025-11-03,True,False,0.5116279069767442,
Brunei Darussalam,2025,46,2,5.0,37.0,4.0,,False,False,True,True,2025-11-10,True,False,0.13513513513513514,
Brunei Darussalam,2025,47,2,10.0,40.0,3.0,,False,False,True,True,2025-11-17,True,False,0.25,
Brunei Darussalam,2025,48,2,11.0,39.0,2.0,,False,False,True,True,2025-11-24,True,False,0.28205128205128205,
Brunei Darussalam,2025,49,2,14.0,44.0,6.0,,False,False,True,True,2025-12-01,True,False,0.3181818181818182,
Brunei Darussalam,2025,50,2,7.0,35.0,3.0,,False,False,True,True,2025-12-08,True,False,0.2,
Brunei Darussalam,2025,51,2,11.0,51.0,4.0,,False,False,True,True,2025-12-15,True,False,0.21568627450980393,
Brunei Darussalam,2025,52,2,3.0,27.0,8.0,,False,False,True,True,2025-12-22,True,False,0.1111111111111111,
Cambodia,2007,1,1,0.0,26.0,,,False,False,True,False,2007-01-01,True,False,0.0,
Cambodia,2007,2,1,0.0,36.0,,,False,False,True,False,2007-01-08,True,False,0.0,
Cambodia,2007,3,1,0.0,33.0,,,False,False,True,False,2007-01-15,True,False,0.0,
Cambodia,2007,4,1,0.0,29.0,,,False,False,True,False,2007-01-22,True,False,0.0,
Cambodia,2007,5,1,0.0,29.0,,,False,False,True,False,2007-01-29,True,False,0.0,
Cambodia,2007,6,1,0.0,25.0,,,False,False,True,False,2007-02-05,True,False,0.0,
Cambodia,2007,7,1,0.0,21.0,,,False,False,True,False,2007-02-12,True,False,0.0,
Cambodia,2007,8,1,0.0,36.0,,,False,False,True,False,2007-02-19,True,False,0.0,
Cambodia,2007,9,1,0.0,27.0,,,False,False,True,False,2007-02-26,True,False,0.0,
Cambodia,2007,10,1,11.0,28.0,,,False,False,True,False,2007-03-05,True,False,0.39285714285714285,
Cambodia,2007,11,1,0.0,21.0,,,False,False,True,False,2007-03-12,True,False,0.0,
Cambodia,2007,12,1,0.0,31.0,,,False,False,True,False,2007-03-19,True,False,0.0,
Cambodia,2007,13,1,1.0,28.0,,,False,False,True,False,2007-03-26,True,False,0.03571428571428571,
Cambodia,2007,14,1,0.0,24.0,,,False,False,True,False,2007-04-02,True,False,0.0,
Cambodia,2007,15,1,0.0,31.0,,,False,False,True,False,2007-04-09,True,False,0.0,
Cambodia,2007,16,1,0.0,21.0,,,False,False,True,False,2007-04-16,True,False,0.0,
Cambodia,2007,17,1,0.0,24.0,,,False,False,True,False,2007-04-23,True,False,0.0,
Cambodia,2007,18,1,0.0,29.0,,,False,False,True,False,2007-04-30,True,False,0.0,
Cambodia,2007,19,1,0.0,26.0,,,False,False,True,False,2007-05-07,True,False,0.0,
Cambodia,2007,20,1,0.0,19.0,,,False,False,True,False,2007-05-14,True,False,0.0,
Cambodia,2007,21,1,0.0,30.0,,,False,False,True,False,2007-05-21,True,False,0.0,
Cambodia,2007,22,1,0.0,20.0,,,False,False,True,False,2007-05-28,True,False,0.0,
Cambodia,2007,23,1,0.0,28.0,,,False,False,True,False,2007-06-04,True,False,0.0,
Cambodia,2007,24,1,0.0,16.0,,,False,False,True,False,2007-06-11,True,False,0.0,
Cambodia,2007,25,1,0.0,12.0,,,False,False,True,False,2007-06-18,True,False,0.0,
Cambodia,2007,26,1,1.0,12.0,,,False,False,True,False,2007-06-25,True,False,0.08333333333333333,
Cambodia,2007,27,1,0.0,34.0,,,False,False,True,False,2007-07-02,True,False,0.0,
Cambodia,2007,28,1,3.0,18.0,,,False,False,True,False,2007-07-09,True,False,0.16666666666666666,
Cambodia,2007,29,1,0.0,28.0,,,False,False,True,False,2007-07-16,True,False,0.0,
Cambodia,2007,30,1,2.0,26.0,,,False,False,True,False,2007-07-23,True,False,0.07692307692307693,
Cambodia,2007,31,1,6.0,23.0,,,False,False,True,False,2007-07-30,True,False,0.2608695652173913,
Cambodia,2007,32,1,6.0,31.0,,,False,False,True,False,2007-08-06,True,False,0.1935483870967742,
Cambodia,2007,33,1,4.0,25.0,,,False,False,True,False,2007-08-13,True,False,0.16,
Cambodia,2007,34,1,5.0,28.0,,,False,False,True,False,2007-08-20,True,False,0.17857142857142858,
Cambodia,2007,35,1,7.0,30.0,,,False,False,True,False,2007-08-27,True,False,0.23333333333333334,
Cambodia,2007,36,1,5.0,26.0,,,False,False,True,False,2007-09-03,True,False,0.19230769230769232,
Cambodia,2007,37,1,5.0,28.0,,,False,False,True,False,2007-09-10,True,False,0.17857142857142858,
Cambodia,2007,38,1,8.0,28.0,,,False,False,True,False,2007-09-17,True,False,0.2857142857142857,
Cambodia,2007,39,1,1.0,18.0,,,False,False,True,False,2007-09-24,True,False,0.05555555555555555,
Cambodia,2007,40,1,3.0,25.0,,,False,False,True,False,2007-10-01,True,False,0.12,
Cambodia,2007,41,1,0.0,3.0,,,False,False,True,False,2007-10-08,True,False,0.0,
Cambodia,2007,42,1,5.0,30.0,,,False,False,True,False,2007-10-15,True,False,0.16666666666666666,
Cambodia,2007,43,1,3.0,26.0,,,False,False,True,False,2007-10-22,True,False,0.11538461538461539,
Cambodia,2007,44,1,2.0,15.0,,,False,False,True,False,2007-10-29,True,False,0.13333333333333333,
Cambodia,2007,45,1,2.0,22.0,,,False,False,True,False,2007-11-05,True,False,0.09090909090909091,
Cambodia,2007,46,1,2.0,24.0,,,False,False,True,False,2007-11-12,True,False,0.08333333333333333,
Cambodia,2007,47,1,0.0,13.0,,,False,False,True,False,2007-11-19,True,False,0.0,
Cambodia,2007,48,1,3.0,12.0,,,False,False,True,False,2007-11-26,True,False,0.25,
Cambodia,2007,49,1,4.0,15.0,,,False,False,True,False,2007-12-03,True,False,0.26666666666666666,
Cambodia,2007,50,1,2.0,21.0,,,False,False,True,False,2007-12-10,True,False,0.09523809523809523,
Cambodia,2007,51,1,2.0,23.0,,,False,False,True,False,2007-12-17,True,False,0.08695652173913043,
Cambodia,2007,52,1,2.0,13.0,,,False,False,True,False,2007-12-24,True,False,0.15384615384615385,
Cambodia,2008,1,1,0.0,13.0,,,False,False,True,False,2007-12-31,True,False,0.0,
Cambodia,2008,2,1,1.0,33.0,,,False,False,True,False,2008-01-07,True,False,0.030303030303030304,
Cambodia,2008,3,1,0.0,24.0,,,False,False,True,False,2008-01-14,True,False,0.0,
Cambodia,2008,4,1,0.0,14.0,,,False,False,True,False,2008-01-21,True,False,0.0,
Cambodia,2008,5,1,0.0,25.0,,,False,False,True,False,2008-01-28,True,False,0.0,
Cambodia,2008,6,1,0.0,15.0,,,False,False,True,False,2008-02-04,True,False,0.0,
Cambodia,2008,7,1,0.0,23.0,,,False,False,True,False,2008-02-11,True,False,0.0,
Cambodia,2008,8,1,0.0,20.0,,,False,False,True,False,2008-02-18,True,False,0.0,
Cambodia,2008,9,1,0.0,24.0,,,False,False,True,False,2008-02-25,True,False,0.0,
Cambodia,2008,10,1,0.0,23.0,,,False,False,True,False,2008-03-03,True,False,0.0,
Cambodia,2008,11,1,0.0,14.0,,,False,False,True,False,2008-03-10,True,False,0.0,
Cambodia,2008,12,1,0.0,26.0,,,False,False,True,False,2008-03-17,True,False,0.0,
Cambodia,2008,13,1,0.0,22.0,,,False,False,True,False,2008-03-24,True,False,0.0,
Cambodia,2008,14,1,0.0,24.0,,,False,False,True,False,2008-03-31,True,False,0.0,
Cambodia,2008,15,1,0.0,25.0,,,False,False,True,False,2008-04-07,True,False,0.0,
Cambodia,2008,16,1,0.0,17.0,,,False,False,True,False,2008-04-14,True,False,0.0,
Cambodia,2008,17,1,0.0,17.0,,,False,False,True,False,2008-04-21,True,False,0.0,
Cambodia,2008,18,1,0.0,23.0,,,False,False,True,False,2008-04-28,True,False,0.0,
Cambodia,2008,19,1,0.0,12.0,,,False,False,True,False,2008-05-05,True,False,0.0,
Cambodia,2008,20,1,0.0,31.0,,,False,False,True,False,2008-05-12,True,False,0.0,
Cambodia,2008,21,1,0.0,,,,False,False,True,False,2008-05-19,False,False,,
Cambodia,2008,22,1,0.0,22.0,,,False,False,True,False,2008-05-26,True,False,0.0,
Cambodia,2008,23,1,0.0,20.0,,,False,False,True,False,2008-06-02,True,False,0.0,
Cambodia,2008,24,1,0.0,24.0,,,False,False,True,False,2008-06-09,True,False,0.0,
Cambodia,2008,25,1,1.0,14.0,,,False,False,True,False,2008-06-16,True,False,0.07142857142857142,
Cambodia,2008,26,1,1.0,36.0,,,False,False,True,False,2008-06-23,True,False,0.027777777777777776,
Cambodia,2008,27,1,2.0,30.0,,,False,False,True,False,2008-06-30,True,False,0.06666666666666667,
Cambodia,2008,28,1,0.0,23.0,,,False,False,True,False,2008-07-07,True,False,0.0,
Cambodia,2008,29,1,0.0,28.0,,,False,False,True,False,2008-07-14,True,False,0.0,
Cambodia,2008,30,1,2.0,22.0,,,False,False,True,False,2008-07-21,True,False,0.09090909090909091,
Cambodia,2008,31,1,4.0,30.0,,,False,False,True,False,2008-07-28,True,False,0.13333333333333333,
Cambodia,2008,32,1,2.0,22.0,,,False,False,True,False,2008-08-04,True,False,0.09090909090909091,
Cambodia,2008,33,1,2.0,31.0,,,False,False,True,False,2008-08-11,True,False,0.06451612903225806,
Cambodia,2008,34,1,,,,,False,False,True,False,2008-08-18,False,False,,
Cambodia,2008,35,1,6.0,28.0,,,False,False,True,False,2008-08-25,True,False,0.21428571428571427,
Cambodia,2008,36,1,4.0,25.0,,,False,False,True,False,2008-09-01,True,False,0.16,
Cambodia,2008,37,1,10.0,25.0,,,False,False,True,False,2008-09-08,True,False,0.4,
Cambodia,2008,38,1,12.0,28.0,,,False,False,True,False,2008-09-15,True,False,0.42857142857142855,
Cambodia,2008,39,1,5.0,24.0,,,False,False,True,False,2008-09-22,True,False,0.20833333333333334,
Cambodia,2008,40,1,9.0,27.0,,,False,False,True,False,2008-09-29,True,False,0.3333333333333333,
Cambodia,2008,41,1,20.0,37.0,,,False,False,True,False,2008-10-06,True,False,0.5405405405405406,
Cambodia,2008,42,1,21.0,46.0,,,False,False,True,False,2008-10-13,True,False,0.45652173913043476,
Cambodia,2008,43,1,17.0,36.0,,,False,False,True,False,2008-10-20,True,False,0.4722222222222222,
Cambodia,2008,44,1,16.0,36.0,,,False,False,True,False,2008-10-27,True,False,0.4444444444444444,
Cambodia,2008,45,1,12.0,33.0,,,False,False,True,False,2008-11-03,True,False,0.36363636363636365,
Cambodia,2008,46,1,8.0,33.0,,,False,False,True,False,2008-11-10,True,False,0.24242424242424243,
Cambodia,2008,47,1,13.0,31.0,,,False,False,True,False,2008-11-17,True,False,0.41935483870967744,
Cambodia,2008,48,1,13.0,36.0,,,False,False,True,False,2008-11-24,True,False,0.3611111111111111,
Cambodia,2008,49,1,8.0,35.0,,,False,False,True,False,2008-12-01,True,False,0.22857142857142856,
Cambodia,2008,50,1,9.0,37.0,,,False,False,True,False,2008-12-08,True,False,0.24324324324324326,
Cambodia,2008,51,1,4.0,33.0,,,False,False,True,False,2008-12-15,True,False,0.12121212121212122,
Cambodia,2008,52,1,6.0,34.0,,,False,False,True,False,2008-12-22,True,False,0.17647058823529413,
Cambodia,2009,1,1,0.0,30.0,,,False,False,True,False,2008-12-29,True,False,0.0,
Cambodia,2009,2,1,0.0,34.0,,,False,False,True,False,2009-01-05,True,False,0.0,
Cambodia,2009,3,1,3.0,31.0,,,False,False,True,False,2009-01-12,True,False,0.0967741935483871,
Cambodia,2009,4,1,0.0,37.0,,,False,False,True,False,2009-01-19,True,False,0.0,
Cambodia,2009,5,1,0.0,34.0,,,False,False,True,False,2009-01-26,True,False,0.0,
Cambodia,2009,6,1,1.0,35.0,,,False,False,True,False,2009-02-02,True,False,0.02857142857142857,
Cambodia,2009,7,1,2.0,36.0,,,False,False,True,False,2009-02-09,True,False,0.05555555555555555,
Cambodia,2009,8,1,3.0,34.0,,,False,False,True,False,2009-02-16,True,False,0.08823529411764706,
Cambodia,2009,9,1,0.0,36.0,,,False,False,True,False,2009-02-23,True,False,0.0,
Cambodia,2009,10,1,0.0,36.0,,,False,False,True,False,2009-03-02,True,False,0.0,
Cambodia,2009,11,1,1.0,35.0,,,False,False,True,False,2009-03-09,True,False,0.02857142857142857,
Cambodia,2009,12,1,0.0,34.0,,,False,False,True,False,2009-03-16,True,False,0.0,
Cambodia,2009,13,1,0.0,35.0,,,False,False,True,False,2009-03-23,True,False,0.0,
Cambodia,2009,14,1,1.0,32.0,,,False,False,True,False,2009-03-30,True,False,0.03125,
Cambodia,2009,15,1,1.0,32.0,,,False,False,True,False,2009-04-06,True,False,0.03125,
Cambodia,2009,16,1,1.0,30.0,,,False,False,True,False,2009-04-13,True,False,0.03333333333333333,
Cambodia,2009,17,1,1.0,39.0,,,False,False,True,False,2009-04-20,True,False,0.02564102564102564,
Cambodia,2009,18,1,0.0,38.0,,,False,False,True,False,2009-04-27,True,False,0.0,
Cambodia,2009,19,1,0.0,43.0,,,False,False,True,False,2009-05-04,True,False,0.0,
Cambodia,2009,20,1,0.0,38.0,,,False,False,True,False,2009-05-11,True,False,0.0,
Cambodia,2009,21,1,1.0,48.0,,,False,False,True,False,2009-05-18,True,False,0.020833333333333332,
Cambodia,2009,22,1,7.0,46.0,,,False,False,True,False,2009-05-25,True,False,0.15217391304347827,
Cambodia,2009,23,1,9.0,41.0,,,False,False,True,False,2009-06-01,True,False,0.21951219512195122,
Cambodia,2009,24,1,11.0,44.0,,,False,False,True,False,2009-06-08,True,False,0.25,
Cambodia,2009,25,1,22.0,180.0,,,False,False,True,False,2009-06-15,True,False,0.12222222222222222,
Cambodia,2009,26,1,22.0,182.0,,,False,False,True,False,2009-06-22,True,False,0.12087912087912088,
Cambodia,2009,27,1,17.0,114.0,,,False,False,True,False,2009-06-29,True,False,0.14912280701754385,
Cambodia,2009,28,1,23.0,161.0,,,False,False,True,False,2009-07-06,True,False,0.14285714285714285,
Cambodia,2009,29,1,29.0,137.0,,,False,False,True,False,2009-07-13,True,False,0.2116788321167883,
Cambodia,2009,31,1,32.0,118.0,,,False,False,True,False,2009-07-27,True,False,0.2711864406779661,
Cambodia,2009,32,1,20.0,139.0,,,False,False,True,False,2009-08-03,True,False,0.14388489208633093,
Cambodia,2009,33,1,19.0,162.0,,,False,False,True,False,2009-08-10,True,False,0.11728395061728394,
Cambodia,2009,34,1,18.0,139.0,,,False,False,True,False,2009-08-17,True,False,0.12949640287769784,
Cambodia,2009,35,1,17.0,120.0,,,False,False,True,False,2009-08-24,True,False,0.14166666666666666,
Cambodia,2009,36,1,31.0,219.0,,,False,False,True,False,2009-08-31,True,False,0.1415525114155251,
Cambodia,2009,37,1,36.0,152.0,,,False,False,True,False,2009-09-07,True,False,0.23684210526315788,
Cambodia,2009,38,1,31.0,215.0,,,False,False,True,False,2009-09-14,True,False,0.14418604651162792,
Cambodia,2009,39,1,51.0,172.0,,,False,False,True,False,2009-09-21,True,False,0.29651162790697677,
Cambodia,2009,40,1,44.0,241.0,,,False,False,True,False,2009-09-28,True,False,0.1825726141078838,
Cambodia,2009,41,1,60.0,219.0,,,False,False,True,False,2009-10-05,True,False,0.273972602739726,
Cambodia,2009,42,1,70.0,204.0,,,False,False,True,False,2009-10-12,True,False,0.3431372549019608,
Cambodia,2009,43,1,50.0,197.0,,,False,False,True,False,2009-10-19,True,False,0.25380710659898476,
Cambodia,2009,44,1,49.0,202.0,,,False,False,True,False,2009-10-26,True,False,0.24257425742574257,
Cambodia,2009,45,1,45.0,104.0,,,False,False,True,False,2009-11-02,True,False,0.4326923076923077,
Cambodia,2009,46,1,30.0,171.0,,,False,False,True,False,2009-11-09,True,False,0.17543859649122806,
Cambodia,2009,47,1,33.0,129.0,,,False,False,True,False,2009-11-16,True,False,0.2558139534883721,
Cambodia,2009,48,1,25.0,138.0,,,False,False,True,False,2009-11-23,True,False,0.18115942028985507,
Cambodia,2009,49,1,26.0,135.0,,,False,False,True,False,2009-11-30,True,False,0.1925925925925926,
Cambodia,2009,50,1,14.0,112.0,,,False,False,True,False,2009-12-07,True,False,0.125,
Cambodia,2009,51,1,7.0,163.0,,,False,False,True,False,2009-12-14,True,False,0.04294478527607362,
Cambodia,2009,52,1,9.0,104.0,,,False,False,True,False,2009-12-21,True,False,0.08653846153846154,
Cambodia,2010,1,1,3.0,94.0,,,False,False,True,False,2010-01-04,True,False,0.031914893617021274,
Cambodia,2010,2,1,8.0,106.0,,,False,False,True,False,2010-01-11,True,False,0.07547169811320754,
Cambodia,2010,3,1,3.0,113.0,,,False,False,True,False,2010-01-18,True,False,0.02654867256637168,
Cambodia,2010,4,1,2.0,123.0,,,False,False,True,False,2010-01-25,True,False,0.016260162601626018,
Cambodia,2010,5,1,7.0,149.0,,,False,False,True,False,2010-02-01,True,False,0.04697986577181208,
Cambodia,2010,6,1,3.0,111.0,,,False,False,True,False,2010-02-08,True,False,0.02702702702702703,
Cambodia,2010,7,1,2.0,87.0,,,False,False,True,False,2010-02-15,True,False,0.022988505747126436,
Cambodia,2010,8,1,2.0,115.0,,,False,False,True,False,2010-02-22,True,False,0.017391304347826087,
Cambodia,2010,9,1,2.0,73.0,,,False,False,True,False,2010-03-01,True,False,0.0273972602739726,
Cambodia,2010,10,1,1.0,62.0,,,False,False,True,False,2010-03-08,True,False,0.016129032258064516,
Cambodia,2010,11,1,1.0,58.0,,,False,False,True,False,2010-03-15,True,False,0.017241379310344827,
Cambodia,2010,12,1,8.0,107.0,,,False,False,True,False,2010-03-22,True,False,0.07476635514018691,
Cambodia,2010,13,1,0.0,80.0,,,False,False,True,False,2010-03-29,True,False,0.0,
Cambodia,2010,14,1,0.0,57.0,,,False,False,True,False,2010-04-05,True,False,0.0,
Cambodia,2010,15,1,0.0,60.0,,,False,False,True,False,2010-04-12,True,False,0.0,
Cambodia,2010,16,1,1.0,87.0,,,False,False,True,False,2010-04-19,True,False,0.011494252873563218,
Cambodia,2010,17,1,0.0,68.0,,,False,False,True,False,2010-04-26,True,False,0.0,
Cambodia,2010,18,1,0.0,63.0,,,False,False,True,False,2010-05-03,True,False,0.0,
Cambodia,2010,19,1,0.0,59.0,,,False,False,True,False,2010-05-10,True,False,0.0,
Cambodia,2010,20,1,0.0,67.0,,,False,False,True,False,2010-05-17,True,False,0.0,
Cambodia,2010,21,1,0.0,56.0,,,False,False,True,False,2010-05-24,True,False,0.0,
Cambodia,2010,22,1,0.0,104.0,,,False,False,True,False,2010-05-31,True,False,0.0,
Cambodia,2010,23,1,1.0,73.0,,,False,False,True,False,2010-06-07,True,False,0.0136986301369863,
Cambodia,2010,24,1,2.0,58.0,,,False,False,True,False,2010-06-14,True,False,0.034482758620689655,
Cambodia,2010,25,1,2.0,65.0,,,False,False,True,False,2010-06-21,True,False,0.03076923076923077,
Cambodia,2010,26,1,11.0,175.0,,,False,False,True,False,2010-06-28,True,False,0.06285714285714286,
Cambodia,2010,27,1,14.0,96.0,,,False,False,True,False,2010-07-05,True,False,0.14583333333333334,
Cambodia,2010,28,1,18.0,79.0,,,False,False,True,False,2010-07-12,True,False,0.22784810126582278,
Cambodia,2010,29,1,22.0,108.0,,,False,False,True,False,2010-07-19,True,False,0.2037037037037037,
Cambodia,2010,30,1,18.0,111.0,,,False,False,True,False,2010-07-26,True,False,0.16216216216216217,
Cambodia,2010,31,1,11.0,51.0,,,False,False,True,False,2010-08-02,True,False,0.21568627450980393,
Cambodia,2010,32,1,6.0,40.0,,,False,False,True,False,2010-08-09,True,False,0.15,
Cambodia,2010,33,1,8.0,37.0,,,False,False,True,False,2010-08-16,True,False,0.21621621621621623,
Cambodia,2010,34,1,12.0,36.0,,,False,False,True,False,2010-08-23,True,False,0.3333333333333333,
Cambodia,2010,35,1,12.0,83.0,,,False,False,True,False,2010-08-30,True,False,0.14457831325301204,
Cambodia,2010,36,1,15.0,41.0,,,False,False,True,False,2010-09-06,True,False,0.36585365853658536,
Cambodia,2010,37,1,68.0,230.0,,,False,False,True,False,2010-09-13,True,False,0.2956521739130435,
Cambodia,2010,38,1,71.0,248.0,,,False,False,True,False,2010-09-20,True,False,0.2862903225806452,
Cambodia,2010,39,1,79.0,235.0,,,False,False,True,False,2010-09-27,True,False,0.33617021276595743,
Cambodia,2010,40,1,85.0,253.0,,,False,False,True,False,2010-10-04,True,False,0.3359683794466403,
Cambodia,2010,41,1,86.0,208.0,,,False,False,True,False,2010-10-11,True,False,0.41346153846153844,
Cambodia,2010,42,1,85.0,195.0,,,False,False,True,False,2010-10-18,True,False,0.4358974358974359,
Cambodia,2010,43,1,138.0,291.0,,,False,False,True,False,2010-10-25,True,False,0.4742268041237113,
Cambodia,2010,44,1,85.0,201.0,,,False,False,True,False,2010-11-01,True,False,0.4228855721393035,
Cambodia,2010,45,1,43.0,143.0,,,False,False,True,False,2010-11-08,True,False,0.3006993006993007,
Cambodia,2010,46,1,29.0,101.0,,,False,False,True,False,2010-11-15,True,False,0.2871287128712871,
Cambodia,2010,47,1,36.0,140.0,,,False,False,True,False,2010-11-22,True,False,0.2571428571428571,
Cambodia,2010,48,1,14.0,97.0,,,False,False,True,False,2010-11-29,True,False,0.14432989690721648,
Cambodia,2010,49,1,31.0,135.0,,,False,False,True,False,2010-12-06,True,False,0.22962962962962963,
Cambodia,2010,50,1,20.0,117.0,,,False,False,True,False,2010-12-13,True,False,0.17094017094017094,
Cambodia,2010,51,1,19.0,144.0,,,False,False,True,False,2010-12-20,True,False,0.13194444444444445,
Cambodia,2010,52,1,21.0,123.0,,,False,False,True,False,2010-12-27,True,False,0.17073170731707318,
Cambodia,2011,1,1,12.0,106.0,,,False,False,True,False,2011-01-03,True,False,0.11320754716981132,
Cambodia,2011,2,1,12.0,89.0,,,False,False,True,False,2011-01-10,True,False,0.1348314606741573,
Cambodia,2011,3,1,5.0,100.0,,,False,False,True,False,2011-01-17,True,False,0.05,
Cambodia,2011,4,1,6.0,81.0,,,False,False,True,False,2011-01-24,True,False,0.07407407407407407,
Cambodia,2011,5,1,4.0,88.0,,,False,False,True,False,2011-01-31,True,False,0.045454545454545456,
Cambodia,2011,6,1,7.0,103.0,,,False,False,True,False,2011-02-07,True,False,0.06796116504854369,
Cambodia,2011,7,1,3.0,104.0,,,False,False,True,False,2011-02-14,True,False,0.028846153846153848,
Cambodia,2011,8,1,3.0,110.0,,,False,False,True,False,2011-02-21,True,False,0.02727272727272727,
Cambodia,2011,9,1,4.0,97.0,,,False,False,True,False,2011-02-28,True,False,0.041237113402061855,
Cambodia,2011,10,1,4.0,102.0,,,False,False,True,False,2011-03-07,True,False,0.0392156862745098,
Cambodia,2011,11,1,5.0,81.0,,,False,False,True,False,2011-03-14,True,False,0.06172839506172839,
Cambodia,2011,12,1,2.0,99.0,,,False,False,True,False,2011-03-21,True,False,0.020202020202020204,
Cambodia,2011,13,1,2.0,90.0,,,False,False,True,False,2011-03-28,True,False,0.022222222222222223,
Cambodia,2011,14,1,2.0,88.0,,,False,False,True,False,2011-04-04,True,False,0.022727272727272728,
Cambodia,2011,15,1,1.0,92.0,,,False,False,True,False,2011-04-11,True,False,0.010869565217391304,
Cambodia,2011,16,1,2.0,89.0,,,False,False,True,False,2011-04-18,True,False,0.02247191011235955,
Cambodia,2011,17,1,1.0,76.0,,,False,False,True,False,2011-04-25,True,False,0.013157894736842105,
Cambodia,2011,18,1,2.0,108.0,,,False,False,True,False,2011-05-02,True,False,0.018518518518518517,
Cambodia,2011,19,1,3.0,75.0,,,False,False,True,False,2011-05-09,True,False,0.04,
Cambodia,2011,20,1,4.0,87.0,,,False,False,True,False,2011-05-16,True,False,0.04597701149425287,
Cambodia,2011,21,1,4.0,63.0,,,False,False,True,False,2011-05-23,True,False,0.06349206349206349,
Cambodia,2011,22,1,7.0,95.0,,,False,False,True,False,2011-05-30,True,False,0.07368421052631578,
Cambodia,2011,23,1,8.0,105.0,,,False,False,True,False,2011-06-06,True,False,0.0761904761904762,
Cambodia,2011,24,1,10.0,148.0,,,False,False,True,False,2011-06-13,True,False,0.06756756756756757,
Cambodia,2011,25,1,14.0,148.0,,,False,False,True,False,2011-06-20,True,False,0.0945945945945946,
Cambodia,2011,26,1,13.0,125.0,,,False,False,True,False,2011-06-27,True,False,0.104,
Cambodia,2011,27,1,15.0,153.0,,,False,False,True,False,2011-07-04,True,False,0.09803921568627451,
Cambodia,2011,28,1,10.0,157.0,,,False,False,True,False,2011-07-11,True,False,0.06369426751592357,
Cambodia,2011,29,1,17.0,164.0,,,False,False,True,False,2011-07-18,True,False,0.10365853658536585,
Cambodia,2011,30,1,13.0,126.0,,,False,False,True,False,2011-07-25,True,False,0.10317460317460317,
Cambodia,2011,31,1,22.0,143.0,,,False,False,True,False,2011-08-01,True,False,0.15384615384615385,
Cambodia,2011,32,1,10.0,148.0,,,False,False,True,False,2011-08-08,True,False,0.06756756756756757,
Cambodia,2011,33,1,19.0,147.0,,,False,False,True,False,2011-08-15,True,False,0.1292517006802721,
Cambodia,2011,34,1,28.0,131.0,,,False,False,True,False,2011-08-22,True,False,0.21374045801526717,
Cambodia,2011,35,1,44.0,157.0,,,False,False,True,False,2011-08-29,True,False,0.2802547770700637,
Cambodia,2011,36,1,38.0,136.0,,,False,False,True,False,2011-09-05,True,False,0.27941176470588236,
Cambodia,2011,37,1,31.0,177.0,,,False,False,True,False,2011-09-12,True,False,0.1751412429378531,
Cambodia,2011,38,1,57.0,204.0,,,False,False,True,False,2011-09-19,True,False,0.27941176470588236,
Cambodia,2011,39,1,67.0,166.0,,,False,False,True,False,2011-09-26,True,False,0.4036144578313253,
Cambodia,2011,40,1,25.0,57.0,,,False,False,True,False,2011-10-03,True,False,0.43859649122807015,
Cambodia,2011,41,1,111.0,187.0,,,False,False,True,False,2011-10-10,True,False,0.5935828877005348,
Cambodia,2011,42,1,137.0,208.0,,,False,False,True,False,2011-10-17,True,False,0.6586538461538461,
Cambodia,2011,43,1,136.0,240.0,,,False,False,True,False,2011-10-24,True,False,0.5666666666666667,
Cambodia,2011,44,1,165.0,223.0,,,False,False,True,False,2011-10-31,True,False,0.7399103139013453,
Cambodia,2011,45,1,50.0,121.0,,,False,False,True,False,2011-11-07,True,False,0.4132231404958678,
Cambodia,2011,46,1,41.0,109.0,,,False,False,True,False,2011-11-14,True,False,0.3761467889908257,
Cambodia,2011,47,1,33.0,101.0,,,False,False,True,False,2011-11-21,True,False,0.32673267326732675,
Cambodia,2011,48,1,20.0,101.0,,,False,False,True,False,2011-11-28,True,False,0.19801980198019803,
Cambodia,2011,49,1,17.0,91.0,,,False,False,True,False,2011-12-05,True,False,0.18681318681318682,
Cambodia,2011,50,1,8.0,98.0,,,False,False,True,False,2011-12-12,True,False,0.08163265306122448,
Cambodia,2011,51,1,3.0,100.0,,,False,False,True,False,2011-12-19,True,False,0.03,
Cambodia,2011,52,1,0.0,79.0,,,False,False,True,False,2011-12-26,True,False,0.0,
Cambodia,2012,1,1,3.0,87.0,,,False,False,True,False,2012-01-02,True,False,0.034482758620689655,
Cambodia,2012,2,1,0.0,103.0,,,False,False,True,False,2012-01-09,True,False,0.0,
Cambodia,2012,3,1,1.0,112.0,,,False,False,True,False,2012-01-16,True,False,0.008928571428571428,
Cambodia,2012,4,1,0.0,112.0,,,False,False,True,False,2012-01-23,True,False,0.0,
Cambodia,2012,5,1,1.0,100.0,,,False,False,True,False,2012-01-30,True,False,0.01,
Cambodia,2012,6,1,0.0,85.0,,,False,False,True,False,2012-02-06,True,False,0.0,
Cambodia,2012,7,1,1.0,130.0,,,False,False,True,False,2012-02-13,True,False,0.007692307692307693,
Cambodia,2012,8,1,0.0,110.0,,,False,False,True,False,2012-02-20,True,False,0.0,
Cambodia,2012,9,1,0.0,97.0,,,False,False,True,False,2012-02-27,True,False,0.0,
Cambodia,2012,10,1,2.0,97.0,,,False,False,True,False,2012-03-05,True,False,0.020618556701030927,
Cambodia,2012,11,1,2.0,84.0,,,False,False,True,False,2012-03-12,True,False,0.023809523809523808,
Cambodia,2012,12,1,0.0,105.0,,,False,False,True,False,2012-03-19,True,False,0.0,
Cambodia,2012,13,1,0.0,123.0,,,False,False,True,False,2012-03-26,True,False,0.0,
Cambodia,2012,14,1,2.0,90.0,,,False,False,True,False,2012-04-02,True,False,0.022222222222222223,
Cambodia,2012,15,1,0.0,87.0,,,False,False,True,False,2012-04-09,True,False,0.0,
Cambodia,2012,16,1,2.0,52.0,,,False,False,True,False,2012-04-16,True,False,0.038461538461538464,
Cambodia,2012,17,1,0.0,52.0,,,False,False,True,False,2012-04-23,True,False,0.0,
Cambodia,2012,18,1,0.0,52.0,,,False,False,True,False,2012-04-30,True,False,0.0,
Cambodia,2012,19,1,0.0,54.0,,,False,False,True,False,2012-05-07,True,False,0.0,
Cambodia,2012,20,1,2.0,47.0,,,False,False,True,False,2012-05-14,True,False,0.0425531914893617,
Cambodia,2012,21,1,2.0,53.0,,,False,False,True,False,2012-05-21,True,False,0.03773584905660377,
Cambodia,2012,22,1,3.0,58.0,,,False,False,True,False,2012-05-28,True,False,0.05172413793103448,
Cambodia,2012,23,1,4.0,59.0,,,False,False,True,False,2012-06-04,True,False,0.06779661016949153,
Cambodia,2012,24,1,2.0,58.0,,,False,False,True,False,2012-06-11,True,False,0.034482758620689655,
Cambodia,2012,25,1,7.0,64.0,,,False,False,True,False,2012-06-18,True,False,0.109375,
Cambodia,2012,26,1,9.0,59.0,,,False,False,True,False,2012-06-25,True,False,0.15254237288135594,
Cambodia,2012,27,1,2.0,57.0,,,False,False,True,False,2012-07-02,True,False,0.03508771929824561,
Cambodia,2012,28,1,5.0,54.0,,,False,False,True,False,2012-07-09,True,False,0.09259259259259259,
Cambodia,2012,29,1,5.0,50.0,,,False,False,True,False,2012-07-16,True,False,0.1,
Cambodia,2012,30,1,9.0,50.0,,,False,False,True,False,2012-07-23,True,False,0.18,
Cambodia,2012,31,1,8.0,51.0,,,False,False,True,False,2012-07-30,True,False,0.1568627450980392,
Cambodia,2012,32,1,5.0,51.0,,,False,False,True,False,2012-08-06,True,False,0.09803921568627451,
Cambodia,2012,33,1,3.0,51.0,,,False,False,True,False,2012-08-13,True,False,0.058823529411764705,
Cambodia,2012,34,1,3.0,50.0,,,False,False,True,False,2012-08-20,True,False,0.06,
Cambodia,2012,35,1,4.0,55.0,,,False,False,True,False,2012-08-27,True,False,0.07272727272727272,
Cambodia,2012,36,1,3.0,53.0,,,False,False,True,False,2012-09-03,True,False,0.05660377358490566,
Cambodia,2012,37,1,10.0,51.0,,,False,False,True,False,2012-09-10,True,False,0.19607843137254902,
Cambodia,2012,38,1,10.0,50.0,,,False,False,True,False,2012-09-17,True,False,0.2,
Cambodia,2012,39,1,14.0,51.0,,,False,False,True,False,2012-09-24,True,False,0.27450980392156865,
Cambodia,2012,40,1,10.0,50.0,,,False,False,True,False,2012-10-01,True,False,0.2,
Cambodia,2012,41,1,15.0,51.0,,,False,False,True,False,2012-10-08,True,False,0.29411764705882354,
Cambodia,2012,42,1,16.0,48.0,,,False,False,True,False,2012-10-15,True,False,0.3333333333333333,
Cambodia,2012,43,1,20.0,68.0,,,False,False,True,False,2012-10-22,True,False,0.29411764705882354,
Cambodia,2012,44,1,21.0,65.0,,,False,False,True,False,2012-10-29,True,False,0.3230769230769231,
Cambodia,2012,45,1,21.0,51.0,,,False,False,True,False,2012-11-05,True,False,0.4117647058823529,
Cambodia,2012,46,1,17.0,50.0,,,False,False,True,False,2012-11-12,True,False,0.34,
Cambodia,2012,47,1,21.0,50.0,,,False,False,True,False,2012-11-19,True,False,0.42,
Cambodia,2012,48,1,14.0,47.0,,,False,False,True,False,2012-11-26,True,False,0.2978723404255319,
Cambodia,2012,49,1,14.0,53.0,,,False,False,True,False,2012-12-03,True,False,0.2641509433962264,
Cambodia,2012,50,1,16.0,52.0,,,False,False,True,False,2012-12-10,True,False,0.3076923076923077,
Cambodia,2012,51,1,17.0,51.0,,,False,False,True,False,2012-12-17,True,False,0.3333333333333333,
Cambodia,2012,52,1,11.0,49.0,,,False,False,True,False,2012-12-24,True,False,0.22448979591836735,
Cambodia,2013,1,1,7.0,30.0,,,False,False,True,False,2012-12-31,True,False,0.23333333333333334,
Cambodia,2013,2,1,7.0,32.0,,,False,False,True,False,2013-01-07,True,False,0.21875,
Cambodia,2013,3,1,6.0,29.0,,,False,False,True,False,2013-01-14,True,False,0.20689655172413793,
Cambodia,2013,4,1,3.0,36.0,,,False,False,True,False,2013-01-21,True,False,0.08333333333333333,
Cambodia,2013,5,1,2.0,38.0,,,False,False,True,False,2013-01-28,True,False,0.05263157894736842,
Cambodia,2013,6,1,2.0,46.0,,,False,False,True,False,2013-02-04,True,False,0.043478260869565216,
Cambodia,2013,7,1,3.0,41.0,,,False,False,True,False,2013-02-11,True,False,0.07317073170731707,
Cambodia,2013,8,1,0.0,28.0,,,False,False,True,False,2013-02-18,True,False,0.0,
Cambodia,2013,9,1,1.0,33.0,,,False,False,True,False,2013-02-25,True,False,0.030303030303030304,
Cambodia,2013,10,1,1.0,31.0,,,False,False,True,False,2013-03-04,True,False,0.03225806451612903,
Cambodia,2013,11,1,0.0,37.0,,,False,False,True,False,2013-03-11,True,False,0.0,
Cambodia,2013,12,1,0.0,34.0,,,False,False,True,False,2013-03-18,True,False,0.0,
Cambodia,2013,13,1,2.0,42.0,,,False,False,True,False,2013-03-25,True,False,0.047619047619047616,
Cambodia,2013,14,1,0.0,42.0,,,False,False,True,False,2013-04-01,True,False,0.0,
Cambodia,2013,15,1,0.0,23.0,,,False,False,True,False,2013-04-08,True,False,0.0,
Cambodia,2013,16,1,0.0,39.0,,,False,False,True,False,2013-04-15,True,False,0.0,
Cambodia,2013,17,1,0.0,26.0,,,False,False,True,False,2013-04-22,True,False,0.0,
Cambodia,2013,18,1,3.0,31.0,,,False,False,True,False,2013-04-29,True,False,0.0967741935483871,
Cambodia,2013,19,1,2.0,25.0,,,False,False,True,False,2013-05-06,True,False,0.08,
Cambodia,2013,20,1,0.0,33.0,,,False,False,True,False,2013-05-13,True,False,0.0,
Cambodia,2013,21,1,0.0,36.0,,,False,False,True,False,2013-05-20,True,False,0.0,
Cambodia,2013,22,1,0.0,37.0,,,False,False,True,False,2013-05-27,True,False,0.0,
Cambodia,2013,23,1,2.0,34.0,,,False,False,True,False,2013-06-03,True,False,0.058823529411764705,
Cambodia,2013,24,1,3.0,22.0,,,False,False,True,False,2013-06-10,True,False,0.13636363636363635,
Cambodia,2013,25,1,4.0,26.0,,,False,False,True,False,2013-06-17,True,False,0.15384615384615385,
Cambodia,2013,26,1,5.0,41.0,,,False,False,True,False,2013-06-24,True,False,0.12195121951219512,
Cambodia,2013,27,1,7.0,41.0,,,False,False,True,False,2013-07-01,True,False,0.17073170731707318,
Cambodia,2013,28,1,10.0,40.0,,,False,False,True,False,2013-07-08,True,False,0.25,
Cambodia,2013,29,1,4.0,37.0,,,False,False,True,False,2013-07-15,True,False,0.10810810810810811,
Cambodia,2013,30,1,3.0,29.0,,,False,False,True,False,2013-07-22,True,False,0.10344827586206896,
Cambodia,2013,31,1,6.0,30.0,,,False,False,True,False,2013-07-29,True,False,0.2,
Cambodia,2013,32,1,5.0,27.0,,,False,False,True,False,2013-08-05,True,False,0.18518518518518517,
Cambodia,2013,33,1,8.0,32.0,,,False,False,True,False,2013-08-12,True,False,0.25,
Cambodia,2013,34,1,9.0,38.0,,,False,False,True,False,2013-08-19,True,False,0.23684210526315788,
Cambodia,2013,35,1,8.0,40.0,,,False,False,True,False,2013-08-26,True,False,0.2,
Cambodia,2013,36,1,4.0,35.0,,,False,False,True,False,2013-09-02,True,False,0.11428571428571428,
Cambodia,2013,37,1,7.0,42.0,,,False,False,True,False,2013-09-09,True,False,0.16666666666666666,
Cambodia,2013,38,1,5.0,24.0,,,False,False,True,False,2013-09-16,True,False,0.20833333333333334,
Cambodia,2013,39,1,6.0,26.0,,,False,False,True,False,2013-09-23,True,False,0.23076923076923078,
Cambodia,2013,40,1,9.0,26.0,,,False,False,True,False,2013-09-30,True,False,0.34615384615384615,
Cambodia,2013,41,1,9.0,40.0,,,False,False,True,False,2013-10-07,True,False,0.225,
Cambodia,2013,42,1,16.0,49.0,,,False,False,True,False,2013-10-14,True,False,0.32653061224489793,
Cambodia,2013,43,1,11.0,37.0,,,False,False,True,False,2013-10-21,True,False,0.2972972972972973,
Cambodia,2013,44,1,15.0,41.0,,,False,False,True,False,2013-10-28,True,False,0.36585365853658536,
Cambodia,2013,45,1,28.0,58.0,,,False,False,True,False,2013-11-04,True,False,0.4827586206896552,
Cambodia,2013,46,1,8.0,25.0,,,False,False,True,False,2013-11-11,True,False,0.32,
Cambodia,2013,47,1,11.0,33.0,,,False,False,True,False,2013-11-18,True,False,0.3333333333333333,
Cambodia,2013,48,1,10.0,28.0,,,False,False,True,False,2013-11-25,True,False,0.35714285714285715,
Cambodia,2013,49,1,9.0,31.0,,,False,False,True,False,2013-12-02,True,False,0.2903225806451613,
Cambodia,2013,50,1,7.0,35.0,,,False,False,True,False,2013-12-09,True,False,0.2,
Cambodia,2013,51,1,4.0,31.0,,,False,False,True,False,2013-12-16,True,False,0.12903225806451613,
Cambodia,2013,52,1,4.0,26.0,,,False,False,True,False,2013-12-23,True,False,0.15384615384615385,
Cambodia,2014,1,1,4.0,29.0,,,False,False,True,False,2013-12-30,True,False,0.13793103448275862,
Cambodia,2014,2,1,3.0,31.0,,,False,False,True,False,2014-01-06,True,False,0.0967741935483871,
Cambodia,2014,3,1,2.0,33.0,,,False,False,True,False,2014-01-13,True,False,0.06060606060606061,
Cambodia,2014,4,1,1.0,26.0,,,False,False,True,False,2014-01-20,True,False,0.038461538461538464,
Cambodia,2014,5,1,0.0,26.0,,,False,False,True,False,2014-01-27,True,False,0.0,
Cambodia,2014,6,1,2.0,33.0,,,False,False,True,False,2014-02-03,True,False,0.06060606060606061,
Cambodia,2014,7,1,1.0,34.0,,,False,False,True,False,2014-02-10,True,False,0.029411764705882353,
Cambodia,2014,8,1,2.0,44.0,,,False,False,True,False,2014-02-17,True,False,0.045454545454545456,
Cambodia,2014,9,1,0.0,29.0,,,False,False,True,False,2014-02-24,True,False,0.0,
Cambodia,2014,10,1,3.0,35.0,,,False,False,True,False,2014-03-03,True,False,0.08571428571428572,
Cambodia,2014,11,1,2.0,35.0,,,False,False,True,False,2014-03-10,True,False,0.05714285714285714,
Cambodia,2014,12,1,3.0,37.0,,,False,False,True,False,2014-03-17,True,False,0.08108108108108109,
Cambodia,2014,13,1,0.0,35.0,,,False,False,True,False,2014-03-24,True,False,0.0,
Cambodia,2014,14,1,2.0,34.0,,,False,False,True,False,2014-03-31,True,False,0.058823529411764705,
Cambodia,2014,15,1,1.0,25.0,,,False,False,True,False,2014-04-07,True,False,0.04,
Cambodia,2014,16,1,0.0,27.0,,,False,False,True,False,2014-04-14,True,False,0.0,
Cambodia,2014,17,1,5.0,32.0,,,False,False,True,False,2014-04-21,True,False,0.15625,
Cambodia,2014,18,1,4.0,28.0,,,False,False,True,False,2014-04-28,True,False,0.14285714285714285,
Cambodia,2014,19,1,7.0,29.0,,,False,False,True,False,2014-05-05,True,False,0.2413793103448276,
Cambodia,2014,20,1,16.0,30.0,,,False,False,True,False,2014-05-12,True,False,0.5333333333333333,
Cambodia,2014,21,1,6.0,26.0,,,False,False,True,False,2014-05-19,True,False,0.23076923076923078,
Cambodia,2014,22,1,9.0,24.0,,,False,False,True,False,2014-05-26,True,False,0.375,
Cambodia,2014,23,1,17.0,33.0,,,False,False,True,False,2014-06-02,True,False,0.5151515151515151,
Cambodia,2014,24,1,9.0,26.0,,,False,False,True,False,2014-06-09,True,False,0.34615384615384615,
Cambodia,2014,25,1,9.0,35.0,,,False,False,True,False,2014-06-16,True,False,0.2571428571428571,
Cambodia,2014,26,1,11.0,29.0,,,False,False,True,False,2014-06-23,True,False,0.3793103448275862,
Cambodia,2014,27,1,5.0,33.0,,,False,False,True,False,2014-06-30,True,False,0.15151515151515152,
Cambodia,2014,28,1,12.0,30.0,,,False,False,True,False,2014-07-07,True,False,0.4,
Cambodia,2014,29,1,3.0,28.0,,,False,False,True,False,2014-07-14,True,False,0.10714285714285714,
Cambodia,2014,30,1,4.0,25.0,,,False,False,True,False,2014-07-21,True,False,0.16,
Cambodia,2014,31,1,7.0,27.0,,,False,False,True,False,2014-07-28,True,False,0.25925925925925924,
Cambodia,2014,32,1,6.0,33.0,,,False,False,True,False,2014-08-04,True,False,0.18181818181818182,
Cambodia,2014,33,1,3.0,29.0,,,False,False,True,False,2014-08-11,True,False,0.10344827586206896,
Cambodia,2014,34,1,0.0,34.0,,,False,False,True,False,2014-08-18,True,False,0.0,
Cambodia,2014,35,1,5.0,33.0,,,False,False,True,False,2014-08-25,True,False,0.15151515151515152,
Cambodia,2014,36,1,1.0,30.0,,,False,False,True,False,2014-09-01,True,False,0.03333333333333333,
Cambodia,2014,37,1,0.0,36.0,,,False,False,True,False,2014-09-08,True,False,0.0,
Cambodia,2014,38,1,0.0,23.0,,,False,False,True,False,2014-09-15,True,False,0.0,
Cambodia,2014,39,1,1.0,27.0,,,False,False,True,False,2014-09-22,True,False,0.037037037037037035,
Cambodia,2014,40,1,1.0,27.0,,,False,False,True,False,2014-09-29,True,False,0.037037037037037035,
Cambodia,2014,41,1,1.0,28.0,,,False,False,True,False,2014-10-06,True,False,0.03571428571428571,
Cambodia,2014,42,1,2.0,30.0,,,False,False,True,False,2014-10-13,True,False,0.06666666666666667,
Cambodia,2014,43,1,0.0,25.0,,,False,False,True,False,2014-10-20,True,False,0.0,
Cambodia,2014,44,1,4.0,28.0,,,False,False,True,False,2014-10-27,True,False,0.14285714285714285,
Cambodia,2014,45,1,1.0,24.0,,,False,False,True,False,2014-11-03,True,False,0.041666666666666664,
Cambodia,2014,46,1,4.0,30.0,,,False,False,True,False,2014-11-10,True,False,0.13333333333333333,
Cambodia,2014,47,1,5.0,35.0,,,False,False,True,False,2014-11-17,True,False,0.14285714285714285,
Cambodia,2014,48,1,3.0,29.0,,,False,False,True,False,2014-11-24,True,False,0.10344827586206896,
Cambodia,2014,49,1,5.0,37.0,,,False,False,True,False,2014-12-01,True,False,0.13513513513513514,
Cambodia,2014,50,1,3.0,26.0,,,False,False,True,False,2014-12-08,True,False,0.11538461538461539,
Cambodia,2014,51,1,2.0,25.0,,,False,False,True,False,2014-12-15,True,False,0.08,
Cambodia,2014,52,1,0.0,28.0,,,False,False,True,False,2014-12-22,True,False,0.0,
Cambodia,2015,1,1,0.0,2.0,,,False,False,True,False,2014-12-29,True,False,0.0,
Cambodia,2015,2,1,0.0,24.0,,,False,False,True,False,2015-01-05,True,False,0.0,
Cambodia,2015,3,1,1.0,28.0,,,False,False,True,False,2015-01-12,True,False,0.03571428571428571,
Cambodia,2015,4,1,0.0,30.0,,,False,False,True,False,2015-01-19,True,False,0.0,
Cambodia,2015,5,1,0.0,28.0,,,False,False,True,False,2015-01-26,True,False,0.0,
Cambodia,2015,6,1,1.0,27.0,,,False,False,True,False,2015-02-02,True,False,0.037037037037037035,
Cambodia,2015,7,1,1.0,27.0,,,False,False,True,False,2015-02-09,True,False,0.037037037037037035,
Cambodia,2015,8,1,1.0,27.0,,,False,False,True,False,2015-02-16,True,False,0.037037037037037035,
Cambodia,2015,9,1,0.0,26.0,,,False,False,True,False,2015-02-23,True,False,0.0,
Cambodia,2015,10,1,2.0,30.0,,,False,False,True,False,2015-03-02,True,False,0.06666666666666667,
Cambodia,2015,11,1,0.0,27.0,,,False,False,True,False,2015-03-09,True,False,0.0,
Cambodia,2015,12,1,2.0,29.0,,,False,False,True,False,2015-03-16,True,False,0.06896551724137931,
Cambodia,2015,13,1,2.0,29.0,,,False,False,True,False,2015-03-23,True,False,0.06896551724137931,
Cambodia,2015,14,1,3.0,28.0,,,False,False,True,False,2015-03-30,True,False,0.10714285714285714,
Cambodia,2015,15,1,0.0,29.0,,,False,False,True,False,2015-04-06,True,False,0.0,
Cambodia,2015,16,1,1.0,24.0,,,False,False,True,False,2015-04-13,True,False,0.041666666666666664,
Cambodia,2015,17,1,2.0,25.0,,,False,False,True,False,2015-04-20,True,False,0.08,
Cambodia,2015,18,1,1.0,28.0,,,False,False,True,False,2015-04-27,True,False,0.03571428571428571,
Cambodia,2015,19,1,1.0,28.0,,,False,False,True,False,2015-05-04,True,False,0.03571428571428571,
Cambodia,2015,20,1,1.0,27.0,,,False,False,True,False,2015-05-11,True,False,0.037037037037037035,
Cambodia,2015,21,1,0.0,25.0,,,False,False,True,False,2015-05-18,True,False,0.0,
Cambodia,2015,22,1,1.0,30.0,,,False,False,True,False,2015-05-25,True,False,0.03333333333333333,
Cambodia,2015,23,1,6.0,29.0,,,False,False,True,False,2015-06-01,True,False,0.20689655172413793,
Cambodia,2015,24,1,11.0,32.0,,,False,False,True,False,2015-06-08,True,False,0.34375,
Cambodia,2015,25,1,8.0,27.0,,,False,False,True,False,2015-06-15,True,False,0.2962962962962963,
Cambodia,2015,26,1,4.0,18.0,,,False,False,True,False,2015-06-22,True,False,0.2222222222222222,
Cambodia,2015,27,1,16.0,26.0,,,False,False,True,False,2015-06-29,True,False,0.6153846153846154,
Cambodia,2015,28,1,14.0,32.0,,,False,False,True,False,2015-07-06,True,False,0.4375,
Cambodia,2015,29,1,17.0,31.0,,,False,False,True,False,2015-07-13,True,False,0.5483870967741935,
Cambodia,2015,30,1,19.0,29.0,,,False,False,True,False,2015-07-20,True,False,0.6551724137931034,
Cambodia,2015,31,1,14.0,29.0,,,False,False,True,False,2015-07-27,True,False,0.4827586206896552,
Cambodia,2015,32,1,12.0,28.0,,,False,False,True,False,2015-08-03,True,False,0.42857142857142855,
Cambodia,2015,33,1,18.0,30.0,,,False,False,True,False,2015-08-10,True,False,0.6,
Cambodia,2015,34,1,15.0,25.0,,,False,False,True,False,2015-08-17,True,False,0.6,
Cambodia,2015,35,1,10.0,28.0,,,False,False,True,False,2015-08-24,True,False,0.35714285714285715,
Cambodia,2015,36,1,7.0,27.0,,,False,False,True,False,2015-08-31,True,False,0.25925925925925924,
Cambodia,2015,37,1,4.0,32.0,,,False,False,True,False,2015-09-07,True,False,0.125,
Cambodia,2015,38,1,2.0,26.0,,,False,False,True,False,2015-09-14,True,False,0.07692307692307693,
Cambodia,2015,39,1,7.0,26.0,,,False,False,True,False,2015-09-21,True,False,0.2692307692307692,
Cambodia,2015,40,1,3.0,25.0,,,False,False,True,False,2015-09-28,True,False,0.12,
Cambodia,2015,41,1,1.0,26.0,,,False,False,True,False,2015-10-05,True,False,0.038461538461538464,
Cambodia,2015,42,1,2.0,25.0,,,False,False,True,False,2015-10-12,True,False,0.08,
Cambodia,2015,43,1,3.0,29.0,,,False,False,True,False,2015-10-19,True,False,0.10344827586206896,
Cambodia,2015,44,1,6.0,34.0,,,False,False,True,False,2015-10-26,True,False,0.17647058823529413,
Cambodia,2015,45,1,4.0,31.0,,,False,False,True,False,2015-11-02,True,False,0.12903225806451613,
Cambodia,2015,46,1,4.0,30.0,,,False,False,True,False,2015-11-09,True,False,0.13333333333333333,
Cambodia,2015,47,1,5.0,27.0,,,False,False,True,False,2015-11-16,True,False,0.18518518518518517,
Cambodia,2015,48,1,4.0,23.0,,,False,False,True,False,2015-11-23,True,False,0.17391304347826086,
Cambodia,2015,49,1,5.0,34.0,,,False,False,True,False,2015-11-30,True,False,0.14705882352941177,
Cambodia,2015,50,1,11.0,25.0,,,False,False,True,False,2015-12-07,True,False,0.44,
Cambodia,2015,51,1,8.0,29.0,,,False,False,True,False,2015-12-14,True,False,0.27586206896551724,
Cambodia,2015,52,1,4.0,51.0,,,False,False,True,False,2015-12-21,True,False,0.0784313725490196,
Cambodia,2015,53,1,4.0,27.0,,,False,False,True,False,2015-12-28,True,False,0.14814814814814814,
Cambodia,2016,1,1,4.0,22.0,,,False,False,True,False,2016-01-04,True,False,0.18181818181818182,
Cambodia,2016,2,1,3.0,25.0,,,False,False,True,False,2016-01-11,True,False,0.12,
Cambodia,2016,3,1,5.0,26.0,,,False,False,True,False,2016-01-18,True,False,0.19230769230769232,
Cambodia,2016,4,1,3.0,27.0,,,False,False,True,False,2016-01-25,True,False,0.1111111111111111,
Cambodia,2016,5,1,3.0,23.0,,,False,False,True,False,2016-02-01,True,False,0.13043478260869565,
Cambodia,2016,6,1,2.0,26.0,,,False,False,True,False,2016-02-08,True,False,0.07692307692307693,
Cambodia,2016,7,1,3.0,22.0,,,False,False,True,False,2016-02-15,True,False,0.13636363636363635,
Cambodia,2016,8,1,3.0,23.0,,,False,False,True,False,2016-02-22,True,False,0.13043478260869565,
Cambodia,2016,9,1,2.0,24.0,,,False,False,True,False,2016-02-29,True,False,0.08333333333333333,
Cambodia,2016,10,1,4.0,24.0,,,False,False,True,False,2016-03-07,True,False,0.16666666666666666,
Cambodia,2016,11,1,3.0,28.0,,,False,False,True,False,2016-03-14,True,False,0.10714285714285714,
Cambodia,2016,12,1,1.0,23.0,,,False,False,True,False,2016-03-21,True,False,0.043478260869565216,
Cambodia,2016,13,1,1.0,25.0,,,False,False,True,False,2016-03-28,True,False,0.04,
Cambodia,2016,14,1,4.0,26.0,,,False,False,True,False,2016-04-04,True,False,0.15384615384615385,
Cambodia,2016,15,1,1.0,23.0,,,False,False,True,False,2016-04-11,True,False,0.043478260869565216,
Cambodia,2016,16,1,3.0,21.0,,,False,False,True,False,2016-04-18,True,False,0.14285714285714285,
Cambodia,2016,17,1,3.0,24.0,,,False,False,True,False,2016-04-25,True,False,0.125,
Cambodia,2016,18,1,1.0,26.0,,,False,False,True,False,2016-05-02,True,False,0.038461538461538464,
Cambodia,2016,19,1,5.0,23.0,,,False,False,True,False,2016-05-09,True,False,0.21739130434782608,
Cambodia,2016,20,1,1.0,25.0,,,False,False,True,False,2016-05-16,True,False,0.04,
Cambodia,2016,21,1,3.0,20.0,,,False,False,True,False,2016-05-23,True,False,0.15,
Cambodia,2016,22,1,6.0,24.0,,,False,False,True,False,2016-05-30,True,False,0.25,
Cambodia,2016,23,1,6.0,25.0,,,False,False,True,False,2016-06-06,True,False,0.24,
Cambodia,2016,24,1,4.0,23.0,,,False,False,True,False,2016-06-13,True,False,0.17391304347826086,
Cambodia,2016,25,1,6.0,32.0,,,False,False,True,False,2016-06-20,True,False,0.1875,
Cambodia,2016,26,1,9.0,32.0,,,False,False,True,False,2016-06-27,True,False,0.28125,
Cambodia,2016,27,1,11.0,29.0,,,False,False,True,False,2016-07-04,True,False,0.3793103448275862,
Cambodia,2016,28,1,13.0,29.0,,,False,False,True,False,2016-07-11,True,False,0.4482758620689655,
Cambodia,2016,29,1,16.0,31.0,,,False,False,True,False,2016-07-18,True,False,0.5161290322580645,
Cambodia,2016,30,1,18.0,31.0,,,False,False,True,False,2016-07-25,True,False,0.5806451612903226,
Cambodia,2016,31,1,16.0,29.0,,,False,False,True,False,2016-08-01,True,False,0.5517241379310345,
Cambodia,2016,32,1,20.0,35.0,,,False,False,True,False,2016-08-08,True,False,0.5714285714285714,
Cambodia,2016,33,1,15.0,27.0,,,False,False,True,False,2016-08-15,True,False,0.5555555555555556,
Cambodia,2016,34,1,19.0,40.0,,,False,False,True,False,2016-08-22,True,False,0.475,
Cambodia,2016,35,1,31.0,42.0,,,False,False,True,False,2016-08-29,True,False,0.7380952380952381,
Cambodia,2016,36,1,19.0,31.0,,,False,False,True,False,2016-09-05,True,False,0.6129032258064516,
Cambodia,2016,37,1,20.0,32.0,,,False,False,True,False,2016-09-12,True,False,0.625,
Cambodia,2016,38,1,13.0,27.0,,,False,False,True,False,2016-09-19,True,False,0.48148148148148145,
Cambodia,2016,39,1,9.0,28.0,,,False,False,True,False,2016-09-26,True,False,0.32142857142857145,
Cambodia,2016,40,1,18.0,33.0,,,False,False,True,False,2016-10-03,True,False,0.5454545454545454,
Cambodia,2016,41,1,12.0,35.0,,,False,False,True,False,2016-10-10,True,False,0.34285714285714286,
Cambodia,2016,42,1,14.0,32.0,,,False,False,True,False,2016-10-17,True,False,0.4375,
Cambodia,2016,43,1,9.0,36.0,,,False,False,True,False,2016-10-24,True,False,0.25,
Cambodia,2016,44,1,8.0,37.0,,,False,False,True,False,2016-10-31,True,False,0.21621621621621623,
Cambodia,2016,45,1,10.0,28.0,,,False,False,True,False,2016-11-07,True,False,0.35714285714285715,
Cambodia,2016,46,1,6.0,22.0,,,False,False,True,False,2016-11-14,True,False,0.2727272727272727,
Cambodia,2016,47,1,10.0,32.0,,,False,False,True,False,2016-11-21,True,False,0.3125,
Cambodia,2016,48,1,4.0,26.0,,,False,False,True,False,2016-11-28,True,False,0.15384615384615385,
Cambodia,2016,49,1,2.0,30.0,,,False,False,True,False,2016-12-05,True,False,0.06666666666666667,
Cambodia,2016,50,1,5.0,32.0,,,False,False,True,False,2016-12-12,True,False,0.15625,
Cambodia,2016,51,1,1.0,32.0,,,False,False,True,False,2016-12-19,True,False,0.03125,
Cambodia,2016,52,1,3.0,28.0,,,False,False,True,False,2016-12-26,True,False,0.10714285714285714,
Cambodia,2017,1,1,2.0,23.0,,,False,False,True,False,2017-01-02,True,False,0.08695652173913043,
Cambodia,2017,2,1,1.0,31.0,,,False,False,True,False,2017-01-09,True,False,0.03225806451612903,
Cambodia,2017,3,1,0.0,24.0,,,False,False,True,False,2017-01-16,True,False,0.0,
Cambodia,2017,4,1,3.0,22.0,,,False,False,True,False,2017-01-23,True,False,0.13636363636363635,
Cambodia,2017,5,1,2.0,21.0,,,False,False,True,False,2017-01-30,True,False,0.09523809523809523,
Cambodia,2017,6,1,0.0,30.0,,,False,False,True,False,2017-02-06,True,False,0.0,
Cambodia,2017,7,1,0.0,22.0,,,False,False,True,False,2017-02-13,True,False,0.0,
Cambodia,2017,8,1,0.0,26.0,,,False,False,True,False,2017-02-20,True,False,0.0,
Cambodia,2017,9,1,0.0,26.0,,,False,False,True,False,2017-02-27,True,False,0.0,
Cambodia,2017,10,1,0.0,19.0,,,False,False,True,False,2017-03-06,True,False,0.0,
Cambodia,2017,11,1,0.0,23.0,,,False,False,True,False,2017-03-13,True,False,0.0,
Cambodia,2017,12,1,0.0,20.0,,,False,False,True,False,2017-03-20,True,False,0.0,
Cambodia,2017,13,1,0.0,21.0,,,False,False,True,False,2017-03-27,True,False,0.0,
Cambodia,2017,14,1,0.0,24.0,,,False,False,True,False,2017-04-03,True,False,0.0,
Cambodia,2017,15,1,0.0,23.0,,,False,False,True,False,2017-04-10,True,False,0.0,
Cambodia,2017,16,1,0.0,19.0,,,False,False,True,False,2017-04-17,True,False,0.0,
Cambodia,2017,17,1,0.0,43.0,,,False,False,True,False,2017-04-24,True,False,0.0,
Cambodia,2017,18,1,1.0,24.0,,,False,False,True,False,2017-05-01,True,False,0.041666666666666664,
Cambodia,2017,19,1,0.0,21.0,,,False,False,True,False,2017-05-08,True,False,0.0,
Cambodia,2017,20,1,1.0,24.0,,,False,False,True,False,2017-05-15,True,False,0.041666666666666664,
Cambodia,2017,21,1,4.0,25.0,,,False,False,True,False,2017-05-22,True,False,0.16,
Cambodia,2017,22,1,1.0,19.0,,,False,False,True,False,2017-05-29,True,False,0.05263157894736842,
Cambodia,2017,23,1,3.0,23.0,,,False,False,True,False,2017-06-05,True,False,0.13043478260869565,
Cambodia,2017,24,1,2.0,23.0,,,False,False,True,False,2017-06-12,True,False,0.08695652173913043,
Cambodia,2017,25,1,1.0,26.0,,,False,False,True,False,2017-06-19,True,False,0.038461538461538464,
Cambodia,2017,26,1,5.0,25.0,,,False,False,True,False,2017-06-26,True,False,0.2,
Cambodia,2017,27,1,6.0,27.0,,,False,False,True,False,2017-07-03,True,False,0.2222222222222222,
Cambodia,2017,28,1,3.0,22.0,,,False,False,True,False,2017-07-10,True,False,0.13636363636363635,
Cambodia,2017,29,1,5.0,26.0,,,False,False,True,False,2017-07-17,True,False,0.19230769230769232,
Cambodia,2017,30,1,6.0,25.0,,,False,False,True,False,2017-07-24,True,False,0.24,
Cambodia,2017,31,1,9.0,37.0,,,False,False,True,False,2017-07-31,True,False,0.24324324324324326,
Cambodia,2017,32,1,7.0,28.0,,,False,False,True,False,2017-08-07,True,False,0.25,
Cambodia,2017,33,1,12.0,33.0,,,False,False,True,False,2017-08-14,True,False,0.36363636363636365,
Cambodia,2017,34,1,12.0,32.0,,,False,False,True,False,2017-08-21,True,False,0.375,
Cambodia,2017,35,1,10.0,30.0,,,False,False,True,False,2017-08-28,True,False,0.3333333333333333,
Cambodia,2017,36,1,10.0,25.0,,,False,False,True,False,2017-09-04,True,False,0.4,
Cambodia,2017,37,1,13.0,28.0,,,False,False,True,False,2017-09-11,True,False,0.4642857142857143,
Cambodia,2017,38,1,18.0,33.0,,,False,False,True,False,2017-09-18,True,False,0.5454545454545454,
Cambodia,2017,39,1,16.0,34.0,,,False,False,True,False,2017-09-25,True,False,0.47058823529411764,
Cambodia,2017,40,1,20.0,34.0,,,False,False,True,False,2017-10-02,True,False,0.5882352941176471,
Cambodia,2017,41,1,18.0,28.0,,,False,False,True,False,2017-10-09,True,False,0.6428571428571429,
Cambodia,2017,42,1,5.0,23.0,,,False,False,True,False,2017-10-16,True,False,0.21739130434782608,
Cambodia,2017,43,1,11.0,30.0,,,False,False,True,False,2017-10-23,True,False,0.36666666666666664,
Cambodia,2017,44,1,4.0,17.0,,,False,False,True,False,2017-10-30,True,False,0.23529411764705882,
Cambodia,2017,45,1,1.0,13.0,,,False,False,True,False,2017-11-06,True,False,0.07692307692307693,
Cambodia,2017,46,1,1.0,22.0,,,False,False,True,False,2017-11-13,True,False,0.045454545454545456,
Cambodia,2017,47,1,1.0,21.0,,,False,False,True,False,2017-11-20,True,False,0.047619047619047616,
Cambodia,2017,48,1,2.0,25.0,,,False,False,True,False,2017-11-27,True,False,0.08,
Cambodia,2017,49,1,4.0,20.0,,,False,False,True,False,2017-12-04,True,False,0.2,
Cambodia,2017,50,1,2.0,24.0,,,False,False,True,False,2017-12-11,True,False,0.08333333333333333,
Cambodia,2017,51,1,2.0,21.0,,,False,False,True,False,2017-12-18,True,False,0.09523809523809523,
Cambodia,2017,52,1,2.0,16.0,,,False,False,True,False,2017-12-25,True,False,0.125,
Cambodia,2018,1,1,1.0,24.0,,,False,False,True,False,2018-01-01,True,False,0.041666666666666664,
Cambodia,2018,2,1,2.0,22.0,,,False,False,True,False,2018-01-08,True,False,0.09090909090909091,
Cambodia,2018,3,1,4.0,23.0,,,False,False,True,False,2018-01-15,True,False,0.17391304347826086,
Cambodia,2018,4,1,2.0,24.0,,,False,False,True,False,2018-01-22,True,False,0.08333333333333333,
Cambodia,2018,5,1,3.0,22.0,,,False,False,True,False,2018-01-29,True,False,0.13636363636363635,
Cambodia,2018,6,1,1.0,20.0,,,False,False,True,False,2018-02-05,True,False,0.05,
Cambodia,2018,7,1,1.0,20.0,,,False,False,True,False,2018-02-12,True,False,0.05,
Cambodia,2018,8,1,1.0,32.0,,,False,False,True,False,2018-02-19,True,False,0.03125,
Cambodia,2018,9,1,1.0,25.0,,,False,False,True,False,2018-02-26,True,False,0.04,
Cambodia,2018,10,1,3.0,22.0,,,False,False,True,False,2018-03-05,True,False,0.13636363636363635,
Cambodia,2018,11,1,1.0,19.0,,,False,False,True,False,2018-03-12,True,False,0.05263157894736842,
Cambodia,2018,12,1,2.0,27.0,,,False,False,True,False,2018-03-19,True,False,0.07407407407407407,
Cambodia,2018,13,1,1.0,20.0,,,False,False,True,False,2018-03-26,True,False,0.05,
Cambodia,2018,14,1,0.0,20.0,,,False,False,True,False,2018-04-02,True,False,0.0,
Cambodia,2018,15,1,1.0,18.0,,,False,False,True,False,2018-04-09,True,False,0.05555555555555555,
Cambodia,2018,16,1,3.0,24.0,,,False,False,True,False,2018-04-16,True,False,0.125,
Cambodia,2018,17,1,4.0,24.0,,,False,False,True,False,2018-04-23,True,False,0.16666666666666666,
Cambodia,2018,18,1,8.0,23.0,,,False,False,True,False,2018-04-30,True,False,0.34782608695652173,
Cambodia,2018,19,1,6.0,21.0,,,False,False,True,False,2018-05-07,True,False,0.2857142857142857,
Cambodia,2018,20,1,5.0,24.0,,,False,False,True,False,2018-05-14,True,False,0.20833333333333334,
Cambodia,2018,21,1,3.0,28.0,,,False,False,True,False,2018-05-21,True,False,0.10714285714285714,
Cambodia,2018,22,1,5.0,21.0,,,False,False,True,False,2018-05-28,True,False,0.23809523809523808,
Cambodia,2018,23,1,4.0,28.0,,,False,False,True,False,2018-06-04,True,False,0.14285714285714285,
Cambodia,2018,24,1,6.0,27.0,,,False,False,True,False,2018-06-11,True,False,0.2222222222222222,
Cambodia,2018,25,1,6.0,21.0,,,False,False,True,False,2018-06-18,True,False,0.2857142857142857,
Cambodia,2018,26,1,8.0,23.0,,,False,False,True,False,2018-06-25,True,False,0.34782608695652173,
Cambodia,2018,27,1,7.0,31.0,,,False,False,True,False,2018-07-02,True,False,0.22580645161290322,
Cambodia,2018,28,1,7.0,22.0,,,False,False,True,False,2018-07-09,True,False,0.3181818181818182,
Cambodia,2018,29,1,13.0,31.0,,,False,False,True,False,2018-07-16,True,False,0.41935483870967744,
Cambodia,2018,30,1,10.0,27.0,,,False,False,True,False,2018-07-23,True,False,0.37037037037037035,
Cambodia,2018,31,1,10.0,30.0,,,False,False,True,False,2018-07-30,True,False,0.3333333333333333,
Cambodia,2018,32,1,11.0,36.0,,,False,False,True,False,2018-08-06,True,False,0.3055555555555556,
Cambodia,2018,33,1,9.0,27.0,,,False,False,True,False,2018-08-13,True,False,0.3333333333333333,
Cambodia,2018,34,1,9.0,27.0,,,False,False,True,False,2018-08-20,True,False,0.3333333333333333,
Cambodia,2018,35,1,2.0,25.0,,,False,False,True,False,2018-08-27,True,False,0.08,
Cambodia,2018,36,1,4.0,20.0,,,False,False,True,False,2018-09-03,True,False,0.2,
Cambodia,2018,37,1,6.0,24.0,,,False,False,True,False,2018-09-10,True,False,0.25,
Cambodia,2018,38,1,7.0,19.0,,,False,False,True,False,2018-09-17,True,False,0.3684210526315789,
Cambodia,2018,39,1,2.0,24.0,,,False,False,True,False,2018-09-24,True,False,0.08333333333333333,
Cambodia,2018,40,1,5.0,15.0,,,False,False,True,False,2018-10-01,True,False,0.3333333333333333,
Cambodia,2018,41,1,5.0,23.0,,,False,False,True,False,2018-10-08,True,False,0.21739130434782608,
Cambodia,2018,42,1,5.0,24.0,,,False,False,True,False,2018-10-15,True,False,0.20833333333333334,
Cambodia,2018,43,1,7.0,23.0,,,False,False,True,False,2018-10-22,True,False,0.30434782608695654,
Cambodia,2018,44,1,5.0,25.0,,,False,False,True,False,2018-10-29,True,False,0.2,
Cambodia,2018,45,1,5.0,27.0,,,False,False,True,False,2018-11-05,True,False,0.18518518518518517,
Cambodia,2018,46,1,2.0,24.0,,,False,False,True,False,2018-11-12,True,False,0.08333333333333333,
Cambodia,2018,47,1,4.0,17.0,,,False,False,True,False,2018-11-19,True,False,0.23529411764705882,
Cambodia,2018,48,1,4.0,20.0,,,False,False,True,False,2018-11-26,True,False,0.2,
Cambodia,2018,49,1,5.0,23.0,,,False,False,True,False,2018-12-03,True,False,0.21739130434782608,
Cambodia,2018,50,1,4.0,27.0,,,False,False,True,False,2018-12-10,True,False,0.14814814814814814,
Cambodia,2018,51,1,4.0,20.0,,,False,False,True,False,2018-12-17,True,False,0.2,
Cambodia,2018,52,1,0.0,18.0,,,False,False,True,False,2018-12-24,True,False,0.0,
Cambodia,2019,1,1,4.0,23.0,,,False,False,True,False,2018-12-31,True,False,0.17391304347826086,
Cambodia,2019,2,1,2.0,19.0,,,False,False,True,False,2019-01-07,True,False,0.10526315789473684,
Cambodia,2019,3,1,1.0,22.0,,,False,False,True,False,2019-01-14,True,False,0.045454545454545456,
Cambodia,2019,4,1,7.0,23.0,,,False,False,True,False,2019-01-21,True,False,0.30434782608695654,
Cambodia,2019,5,1,1.0,23.0,,,False,False,True,False,2019-01-28,True,False,0.043478260869565216,
Cambodia,2019,6,1,0.0,24.0,,,False,False,True,False,2019-02-04,True,False,0.0,
Cambodia,2019,7,1,3.0,25.0,,,False,False,True,False,2019-02-11,True,False,0.12,
Cambodia,2019,8,1,3.0,19.0,,,False,False,True,False,2019-02-18,True,False,0.15789473684210525,
Cambodia,2019,9,1,4.0,26.0,,,False,False,True,False,2019-02-25,True,False,0.15384615384615385,
Cambodia,2019,10,1,1.0,16.0,,,False,False,True,False,2019-03-04,True,False,0.0625,
Cambodia,2019,11,1,5.0,24.0,,,False,False,True,False,2019-03-11,True,False,0.20833333333333334,
Cambodia,2019,12,1,5.0,22.0,,,False,False,True,False,2019-03-18,True,False,0.22727272727272727,
Cambodia,2019,13,1,2.0,27.0,,,False,False,True,False,2019-03-25,True,False,0.07407407407407407,
Cambodia,2019,14,1,7.0,24.0,,,False,False,True,False,2019-04-01,True,False,0.2916666666666667,
Cambodia,2019,15,1,5.0,19.0,,,False,False,True,False,2019-04-08,True,False,0.2631578947368421,
Cambodia,2019,16,1,6.0,25.0,,,False,False,True,False,2019-04-15,True,False,0.24,
Cambodia,2019,17,1,10.0,25.0,,,False,False,True,False,2019-04-22,True,False,0.4,
Cambodia,2019,18,1,14.0,30.0,,,False,False,True,False,2019-04-29,True,False,0.4666666666666667,
Cambodia,2019,19,1,12.0,25.0,,,False,False,True,False,2019-05-06,True,False,0.48,
Cambodia,2019,20,1,13.0,28.0,,,False,False,True,False,2019-05-13,True,False,0.4642857142857143,
Cambodia,2019,21,1,7.0,18.0,,,False,False,True,False,2019-05-20,True,False,0.3888888888888889,
Cambodia,2019,22,1,7.0,23.0,,,False,False,True,False,2019-05-27,True,False,0.30434782608695654,
Cambodia,2019,23,1,13.0,25.0,,,False,False,True,False,2019-06-03,True,False,0.52,
Cambodia,2019,24,1,14.0,25.0,,,False,False,True,False,2019-06-10,True,False,0.56,
Cambodia,2019,25,1,21.0,32.0,,,False,False,True,False,2019-06-17,True,False,0.65625,
Cambodia,2019,26,1,11.0,25.0,,,False,False,True,False,2019-06-24,True,False,0.44,
Cambodia,2019,27,1,5.0,21.0,,,False,False,True,False,2019-07-01,True,False,0.23809523809523808,
Cambodia,2019,28,1,10.0,20.0,,,False,False,True,False,2019-07-08,True,False,0.5,
Cambodia,2019,29,1,6.0,15.0,,,False,False,True,False,2019-07-15,True,False,0.4,
Cambodia,2019,30,1,6.0,27.0,,,False,False,True,False,2019-07-22,True,False,0.2222222222222222,
Cambodia,2019,31,1,8.0,27.0,,,False,False,True,False,2019-07-29,True,False,0.2962962962962963,
Cambodia,2019,32,1,5.0,25.0,,,False,False,True,False,2019-08-05,True,False,0.2,
Cambodia,2019,33,1,4.0,28.0,,,False,False,True,False,2019-08-12,True,False,0.14285714285714285,
Cambodia,2019,34,1,8.0,28.0,,,False,False,True,False,2019-08-19,True,False,0.2857142857142857,
Cambodia,2019,35,1,3.0,22.0,,,False,False,True,False,2019-08-26,True,False,0.13636363636363635,
Cambodia,2019,36,1,7.0,23.0,,,False,False,True,False,2019-09-02,True,False,0.30434782608695654,
Cambodia,2019,37,1,3.0,29.0,,,False,False,True,False,2019-09-09,True,False,0.10344827586206896,
Cambodia,2019,38,1,3.0,23.0,,,False,False,True,False,2019-09-16,True,False,0.13043478260869565,
Cambodia,2019,39,1,3.0,19.0,,,False,False,True,False,2019-09-23,True,False,0.15789473684210525,
Cambodia,2019,40,1,4.0,21.0,,,False,False,True,False,2019-09-30,True,False,0.19047619047619047,
Cambodia,2019,41,1,4.0,19.0,,,False,False,True,False,2019-10-07,True,False,0.21052631578947367,
Cambodia,2019,42,1,6.0,21.0,,,False,False,True,False,2019-10-14,True,False,0.2857142857142857,
Cambodia,2019,43,1,4.0,18.0,,,False,False,True,False,2019-10-21,True,False,0.2222222222222222,
Cambodia,2019,44,1,3.0,21.0,,,False,False,True,False,2019-10-28,True,False,0.14285714285714285,
Cambodia,2019,45,1,4.0,18.0,,,False,False,True,False,2019-11-04,True,False,0.2222222222222222,
Cambodia,2019,46,1,7.0,23.0,,,False,False,True,False,2019-11-11,True,False,0.30434782608695654,
Cambodia,2019,47,1,5.0,17.0,,,False,False,True,False,2019-11-18,True,False,0.29411764705882354,
Cambodia,2019,48,1,5.0,22.0,,,False,False,True,False,2019-11-25,True,False,0.22727272727272727,
Cambodia,2019,49,1,2.0,23.0,,,False,False,True,False,2019-12-02,True,False,0.08695652173913043,
Cambodia,2019,50,1,5.0,18.0,,,False,False,True,False,2019-12-09,True,False,0.2777777777777778,
Cambodia,2019,51,1,6.0,28.0,,,False,False,True,False,2019-12-16,True,False,0.21428571428571427,
Cambodia,2019,52,1,8.0,31.0,,,False,False,True,False,2019-12-23,True,False,0.25806451612903225,
Cambodia,2020,1,1,5.0,22.0,,,False,False,True,False,2019-12-30,True,False,0.22727272727272727,
Cambodia,2020,2,1,2.0,23.0,,,False,False,True,False,2020-01-06,True,False,0.08695652173913043,
Cambodia,2020,3,1,5.0,18.0,,,False,False,True,False,2020-01-13,True,False,0.2777777777777778,
Cambodia,2020,4,1,6.0,28.0,,,False,False,True,False,2020-01-20,True,False,0.21428571428571427,
Cambodia,2020,5,1,8.0,31.0,,,False,False,True,False,2020-01-27,True,False,0.25806451612903225,
Cambodia,2020,6,1,6.0,28.0,,,False,False,True,False,2020-02-03,True,False,0.21428571428571427,
Cambodia,2020,7,1,4.0,20.0,,,False,False,True,False,2020-02-10,True,False,0.2,
Cambodia,2020,8,1,5.0,25.0,,,False,False,True,False,2020-02-17,True,False,0.2,
Cambodia,2020,9,1,7.0,23.0,,,False,False,True,False,2020-02-24,True,False,0.30434782608695654,
Cambodia,2020,10,1,5.0,20.0,,,False,False,True,False,2020-03-02,True,False,0.25,
Cambodia,2020,11,1,4.0,18.0,,,False,False,True,False,2020-03-09,True,False,0.2222222222222222,
Cambodia,2020,12,1,7.0,26.0,,,False,False,True,False,2020-03-16,True,False,0.2692307692307692,
Cambodia,2020,13,1,3.0,24.0,,,False,False,True,False,2020-03-23,True,False,0.125,
Cambodia,2020,14,1,1.0,22.0,,,False,False,True,False,2020-03-30,True,False,0.045454545454545456,
Cambodia,2020,15,1,0.0,13.0,,,False,False,True,False,2020-04-06,True,False,0.0,
Cambodia,2020,16,1,0.0,19.0,,,False,False,True,False,2020-04-13,True,False,0.0,
Cambodia,2020,17,1,0.0,17.0,,,False,False,True,False,2020-04-20,True,False,0.0,
Cambodia,2020,18,1,0.0,15.0,,,False,False,True,False,2020-04-27,True,False,0.0,
Cambodia,2020,19,1,0.0,26.0,,,False,False,True,False,2020-05-04,True,False,0.0,
Cambodia,2020,20,1,0.0,16.0,,,False,False,True,False,2020-05-11,True,False,0.0,
Cambodia,2020,21,1,0.0,21.0,,,False,False,True,False,2020-05-18,True,False,0.0,
Cambodia,2020,22,1,0.0,19.0,,,False,False,True,False,2020-05-25,True,False,0.0,
Cambodia,2020,23,1,0.0,21.0,,,False,False,True,False,2020-06-01,True,False,0.0,
Cambodia,2020,24,1,0.0,17.0,,,False,False,True,False,2020-06-08,True,False,0.0,
Cambodia,2020,25,1,0.0,27.0,,,False,False,True,False,2020-06-15,True,False,0.0,
Cambodia,2020,26,1,0.0,28.0,,,False,False,True,False,2020-06-22,True,False,0.0,
Cambodia,2020,27,1,1.0,22.0,,,False,False,True,False,2020-06-29,True,False,0.045454545454545456,
Cambodia,2020,28,1,0.0,22.0,,,False,False,True,False,2020-07-06,True,False,0.0,
Cambodia,2020,29,1,2.0,19.0,,,False,False,True,False,2020-07-13,True,False,0.10526315789473684,
Cambodia,2020,30,1,0.0,32.0,,,False,False,True,False,2020-07-20,True,False,0.0,
Cambodia,2020,31,1,2.0,25.0,,,False,False,True,False,2020-07-27,True,False,0.08,
Cambodia,2020,32,1,5.0,22.0,,,False,False,True,False,2020-08-03,True,False,0.22727272727272727,
Cambodia,2020,33,1,6.0,18.0,,,False,False,True,False,2020-08-10,True,False,0.3333333333333333,
Cambodia,2020,34,1,2.0,11.0,,,False,False,True,False,2020-08-17,True,False,0.18181818181818182,
Cambodia,2020,35,1,8.0,17.0,,,False,False,True,False,2020-08-24,True,False,0.47058823529411764,
Cambodia,2020,36,1,10.0,18.0,,,False,False,True,False,2020-08-31,True,False,0.5555555555555556,
Cambodia,2020,37,1,8.0,24.0,,,False,False,True,False,2020-09-07,True,False,0.3333333333333333,
Cambodia,2020,38,1,14.0,20.0,,,False,False,True,False,2020-09-14,True,False,0.7,
Cambodia,2020,39,1,9.0,23.0,,,False,False,True,False,2020-09-21,True,False,0.391304347826087,
Cambodia,2020,40,1,16.0,26.0,,,False,False,True,False,2020-09-28,True,False,0.6153846153846154,
Cambodia,2020,41,1,9.0,21.0,,,False,False,True,False,2020-10-05,True,False,0.42857142857142855,
Cambodia,2020,42,1,6.0,18.0,,,False,False,True,False,2020-10-12,True,False,0.3333333333333333,
Cambodia,2020,43,1,4.0,18.0,,,False,False,True,False,2020-10-19,True,False,0.2222222222222222,
Cambodia,2020,44,1,5.0,17.0,,,False,False,True,False,2020-10-26,True,False,0.29411764705882354,
Cambodia,2020,45,1,0.0,20.0,,,False,False,True,False,2020-11-02,True,False,0.0,
Cambodia,2020,46,1,1.0,28.0,,,False,False,True,False,2020-11-09,True,False,0.03571428571428571,
Cambodia,2020,47,1,0.0,27.0,,,False,False,True,False,2020-11-16,True,False,0.0,
Cambodia,2020,48,1,0.0,21.0,,,False,False,True,False,2020-11-23,True,False,0.0,
Cambodia,2020,49,1,0.0,25.0,,,False,False,True,False,2020-11-30,True,False,0.0,
Cambodia,2020,50,1,0.0,19.0,,,False,False,True,False,2020-12-07,True,False,0.0,
Cambodia,2020,51,1,0.0,18.0,,,False,False,True,False,2020-12-14,True,False,0.0,
Cambodia,2020,52,1,0.0,17.0,,,False,False,True,False,2020-12-21,True,False,0.0,
Cambodia,2020,53,1,0.0,21.0,,,False,False,True,False,2020-12-28,True,False,0.0,
Cambodia,2021,1,1,0.0,28.0,,,False,False,True,False,2021-01-04,True,False,0.0,
Cambodia,2021,2,1,0.0,55.0,,,False,False,True,False,2021-01-11,True,False,0.0,
Cambodia,2021,3,1,0.0,62.0,,,False,False,True,False,2021-01-18,True,False,0.0,
Cambodia,2021,4,1,0.0,,,,False,False,True,False,2021-01-25,False,False,,
Cambodia,2021,5,1,0.0,75.0,,,False,False,True,False,2021-02-01,True,False,0.0,
Cambodia,2021,6,1,0.0,38.0,,,False,False,True,False,2021-02-08,True,False,0.0,
Cambodia,2021,7,1,0.0,69.0,,,False,False,True,False,2021-02-15,True,False,0.0,
Cambodia,2021,8,1,0.0,77.0,,,False,False,True,False,2021-02-22,True,False,0.0,
Cambodia,2021,9,1,0.0,47.0,,,False,False,True,False,2021-03-01,True,False,0.0,
Cambodia,2021,10,1,0.0,51.0,,,False,False,True,False,2021-03-08,True,False,0.0,
Cambodia,2021,11,1,0.0,52.0,,,False,False,True,False,2021-03-15,True,False,0.0,
Cambodia,2021,12,1,0.0,61.0,,,False,False,True,False,2021-03-22,True,False,0.0,
Cambodia,2021,13,1,0.0,67.0,,,False,False,True,False,2021-03-29,True,False,0.0,
Cambodia,2021,14,1,0.0,44.0,,,False,False,True,False,2021-04-05,True,False,0.0,
Cambodia,2021,15,1,0.0,64.0,,,False,False,True,False,2021-04-12,True,False,0.0,
Cambodia,2021,16,1,0.0,61.0,,,False,False,True,False,2021-04-19,True,False,0.0,
Cambodia,2021,17,1,0.0,61.0,,,False,False,True,False,2021-04-26,True,False,0.0,
Cambodia,2021,18,1,0.0,69.0,,,False,False,True,False,2021-05-03,True,False,0.0,
Cambodia,2021,19,1,0.0,63.0,,,False,False,True,False,2021-05-10,True,False,0.0,
Cambodia,2021,20,1,0.0,85.0,,,False,False,True,False,2021-05-17,True,False,0.0,
Cambodia,2021,21,1,0.0,51.0,,,False,False,True,False,2021-05-24,True,False,0.0,
Cambodia,2021,22,1,0.0,64.0,,,False,False,True,False,2021-05-31,True,False,0.0,
Cambodia,2021,23,1,0.0,125.0,,,False,False,True,False,2021-06-07,True,False,0.0,
Cambodia,2021,24,1,0.0,189.0,,,False,False,True,False,2021-06-14,True,False,0.0,
Cambodia,2021,25,1,0.0,234.0,,,False,False,True,False,2021-06-21,True,False,0.0,
Cambodia,2021,26,1,0.0,144.0,,,False,False,True,False,2021-06-28,True,False,0.0,
Cambodia,2021,27,1,0.0,205.0,,,False,False,True,False,2021-07-05,True,False,0.0,
Cambodia,2021,28,1,0.0,301.0,,,False,False,True,False,2021-07-12,True,False,0.0,
Cambodia,2021,29,1,0.0,148.0,,,False,False,True,False,2021-07-19,True,False,0.0,
Cambodia,2021,30,1,0.0,219.0,,,False,False,True,False,2021-07-26,True,False,0.0,
Cambodia,2021,31,1,0.0,205.0,,,False,False,True,False,2021-08-02,True,False,0.0,
Cambodia,2021,32,1,0.0,274.0,,,False,False,True,False,2021-08-09,True,False,0.0,
Cambodia,2021,33,1,0.0,202.0,,,False,False,True,False,2021-08-16,True,False,0.0,
Cambodia,2021,34,1,0.0,201.0,,,False,False,True,False,2021-08-23,True,False,0.0,
Cambodia,2021,35,1,0.0,183.0,,,False,False,True,False,2021-08-30,True,False,0.0,
Cambodia,2021,36,1,0.0,301.0,,,False,False,True,False,2021-09-06,True,False,0.0,
Cambodia,2021,37,1,0.0,218.0,,,False,False,True,False,2021-09-13,True,False,0.0,
Cambodia,2021,38,1,0.0,163.0,,,False,False,True,False,2021-09-20,True,False,0.0,
Cambodia,2021,39,1,0.0,238.0,,,False,False,True,False,2021-09-27,True,False,0.0,
Cambodia,2021,40,1,0.0,279.0,,,False,False,True,False,2021-10-04,True,False,0.0,
Cambodia,2021,41,1,0.0,263.0,,,False,False,True,False,2021-10-11,True,False,0.0,
Cambodia,2021,42,1,0.0,322.0,,,False,False,True,False,2021-10-18,True,False,0.0,
Cambodia,2021,43,1,0.0,228.0,,,False,False,True,False,2021-10-25,True,False,0.0,
Cambodia,2021,44,1,0.0,302.0,,,False,False,True,False,2021-11-01,True,False,0.0,
Cambodia,2021,45,1,0.0,187.0,,,False,False,True,False,2021-11-08,True,False,0.0,
Cambodia,2021,46,1,0.0,151.0,,,False,False,True,False,2021-11-15,True,False,0.0,
Cambodia,2021,47,1,0.0,191.0,,,False,False,True,False,2021-11-22,True,False,0.0,
Cambodia,2021,48,1,0.0,177.0,,,False,False,True,False,2021-11-29,True,False,0.0,
Cambodia,2021,49,1,0.0,165.0,,,False,False,True,False,2021-12-06,True,False,0.0,
Cambodia,2021,50,1,0.0,160.0,,,False,False,True,False,2021-12-13,True,False,0.0,
Cambodia,2021,51,1,0.0,125.0,,,False,False,True,False,2021-12-20,True,False,0.0,
Cambodia,2021,52,1,0.0,130.0,,,False,False,True,False,2021-12-27,True,False,0.0,
Cambodia,2022,1,1,0.0,185.0,,,False,False,True,False,2022-01-03,True,False,0.0,
Cambodia,2022,2,1,0.0,181.0,,,False,False,True,False,2022-01-10,True,False,0.0,
Cambodia,2022,3,1,0.0,226.0,,,False,False,True,False,2022-01-17,True,False,0.0,
Cambodia,2022,4,1,0.0,179.0,,,False,False,True,False,2022-01-24,True,False,0.0,
Cambodia,2022,5,1,0.0,127.0,,,False,False,True,False,2022-01-31,True,False,0.0,
Cambodia,2022,6,1,0.0,178.0,,,False,False,True,False,2022-02-07,True,False,0.0,
Cambodia,2022,7,1,0.0,210.0,,,False,False,True,False,2022-02-14,True,False,0.0,
Cambodia,2022,8,1,0.0,183.0,,,False,False,True,False,2022-02-21,True,False,0.0,
Cambodia,2022,9,1,0.0,160.0,,,False,False,True,False,2022-02-28,True,False,0.0,
Cambodia,2022,10,1,1.0,167.0,,,False,False,True,False,2022-03-07,True,False,0.005988023952095809,
Cambodia,2022,11,1,0.0,161.0,,,False,False,True,False,2022-03-14,True,False,0.0,
Cambodia,2022,12,1,0.0,183.0,,,False,False,True,False,2022-03-21,True,False,0.0,
Cambodia,2022,13,1,0.0,154.0,,,False,False,True,False,2022-03-28,True,False,0.0,
Cambodia,2022,14,1,0.0,112.0,,,False,False,True,False,2022-04-04,True,False,0.0,
Cambodia,2022,15,1,0.0,95.0,,,False,False,True,False,2022-04-11,True,False,0.0,
Cambodia,2022,16,1,0.0,82.0,,,False,False,True,False,2022-04-18,True,False,0.0,
Cambodia,2022,17,1,0.0,51.0,,,False,False,True,False,2022-04-25,True,False,0.0,
Cambodia,2022,18,1,0.0,52.0,,,False,False,True,False,2022-05-02,True,False,0.0,
Cambodia,2022,19,1,0.0,57.0,,,False,False,True,False,2022-05-09,True,False,0.0,
Cambodia,2022,20,1,0.0,58.0,,,False,False,True,False,2022-05-16,True,False,0.0,
Cambodia,2022,21,1,0.0,53.0,,,False,False,True,False,2022-05-23,True,False,0.0,
Cambodia,2022,22,1,0.0,57.0,,,False,False,True,False,2022-05-30,True,False,0.0,
Cambodia,2022,23,1,0.0,72.0,,,False,False,True,False,2022-06-06,True,False,0.0,
Cambodia,2022,24,1,2.0,111.0,,,False,False,True,False,2022-06-13,True,False,0.018018018018018018,
Cambodia,2022,25,1,1.0,88.0,,,False,False,True,False,2022-06-20,True,False,0.011363636363636364,
Cambodia,2022,26,1,0.0,96.0,,,False,False,True,False,2022-06-27,True,False,0.0,
Cambodia,2022,27,1,1.0,91.0,,,False,False,True,False,2022-07-04,True,False,0.01098901098901099,
Cambodia,2022,28,1,1.0,104.0,,,False,False,True,False,2022-07-11,True,False,0.009615384615384616,
Cambodia,2022,29,1,2.0,108.0,,,False,False,True,False,2022-07-18,True,False,0.018518518518518517,
Cambodia,2022,30,1,5.0,98.0,,,False,False,True,False,2022-07-25,True,False,0.05102040816326531,
Cambodia,2022,31,1,4.0,75.0,,,False,False,True,False,2022-08-01,True,False,0.05333333333333334,
Cambodia,2022,32,1,3.0,120.0,,,False,False,True,False,2022-08-08,True,False,0.025,
Cambodia,2022,33,1,7.0,84.0,,,False,False,True,False,2022-08-15,True,False,0.08333333333333333,
Cambodia,2022,34,1,14.0,113.0,,,False,False,True,False,2022-08-22,True,False,0.12389380530973451,
Cambodia,2022,35,1,15.0,111.0,,,False,False,True,False,2022-08-29,True,False,0.13513513513513514,
Cambodia,2022,36,1,17.0,104.0,,,False,False,True,False,2022-09-05,True,False,0.16346153846153846,
Cambodia,2022,37,1,14.0,114.0,,,False,False,True,False,2022-09-12,True,False,0.12280701754385964,
Cambodia,2022,38,1,17.0,105.0,,,False,False,True,False,2022-09-19,True,False,0.1619047619047619,
Cambodia,2022,39,1,24.0,151.0,,,False,False,True,False,2022-09-26,True,False,0.15894039735099338,
Cambodia,2022,40,1,49.0,145.0,,,False,False,True,False,2022-10-03,True,False,0.33793103448275863,
Cambodia,2022,41,1,46.0,153.0,,,False,False,True,False,2022-10-10,True,False,0.3006535947712418,
Cambodia,2022,42,1,38.0,132.0,,,False,False,True,False,2022-10-17,True,False,0.2878787878787879,
Cambodia,2022,43,1,34.0,121.0,,,False,False,True,False,2022-10-24,True,False,0.2809917355371901,
Cambodia,2022,44,1,27.0,73.0,,,False,False,True,False,2022-10-31,True,False,0.3698630136986301,
Cambodia,2022,45,1,12.0,54.0,,,False,False,True,False,2022-11-07,True,False,0.2222222222222222,
Cambodia,2022,46,1,24.0,94.0,,,False,False,True,False,2022-11-14,True,False,0.2553191489361702,
Cambodia,2022,47,1,16.0,83.0,,,False,False,True,False,2022-11-21,True,False,0.1927710843373494,
Cambodia,2022,48,1,15.0,85.0,,,False,False,True,False,2022-11-28,True,False,0.17647058823529413,
Cambodia,2022,49,1,12.0,84.0,,,False,False,True,False,2022-12-05,True,False,0.14285714285714285,
Cambodia,2022,50,1,8.0,87.0,,,False,False,True,False,2022-12-12,True,False,0.09195402298850575,
Cambodia,2022,51,1,3.0,77.0,,,False,False,True,False,2022-12-19,True,False,0.03896103896103896,
Cambodia,2022,52,1,0.0,82.0,,,False,False,True,False,2022-12-26,True,False,0.0,
Cambodia,2023,1,1,6.0,89.0,,,False,False,True,False,2023-01-02,True,False,0.06741573033707865,
Cambodia,2023,2,1,3.0,88.0,,,False,False,True,False,2023-01-09,True,False,0.03409090909090909,
Cambodia,2023,3,1,1.0,84.0,,,False,False,True,False,2023-01-16,True,False,0.011904761904761904,
Cambodia,2023,4,1,1.0,101.0,,,False,False,True,False,2023-01-23,True,False,0.009900990099009901,
Cambodia,2023,5,1,1.0,78.0,,,False,False,True,False,2023-01-30,True,False,0.01282051282051282,
Cambodia,2023,6,1,2.0,103.0,,,False,False,True,False,2023-02-06,True,False,0.019417475728155338,
Cambodia,2023,7,1,3.0,63.0,,,False,False,True,False,2023-02-13,True,False,0.047619047619047616,
Cambodia,2023,8,1,3.0,89.0,,,False,False,True,False,2023-02-20,True,False,0.033707865168539325,
Cambodia,2023,9,1,5.0,132.0,,,False,False,True,False,2023-02-27,True,False,0.03787878787878788,
Cambodia,2023,10,1,2.0,61.0,,,False,False,True,False,2023-03-06,True,False,0.03278688524590164,
Cambodia,2023,11,1,4.0,77.0,,,False,False,True,False,2023-03-13,True,False,0.05194805194805195,
Cambodia,2023,12,1,1.0,78.0,,,False,False,True,False,2023-03-20,True,False,0.01282051282051282,
Cambodia,2023,13,1,4.0,58.0,,,False,False,True,False,2023-03-27,True,False,0.06896551724137931,
Cambodia,2023,14,1,5.0,56.0,,,False,False,True,False,2023-04-03,True,False,0.08928571428571429,
Cambodia,2023,15,1,2.0,39.0,,,False,False,True,False,2023-04-10,True,False,0.05128205128205128,
Cambodia,2023,16,1,6.0,70.0,,,False,False,True,False,2023-04-17,True,False,0.08571428571428572,
Cambodia,2023,17,1,5.0,69.0,,,False,False,True,False,2023-04-24,True,False,0.07246376811594203,
Cambodia,2023,18,1,8.0,55.0,,,False,False,True,False,2023-05-01,True,False,0.14545454545454545,
Cambodia,2023,19,1,12.0,87.0,,,False,False,True,False,2023-05-08,True,False,0.13793103448275862,
Cambodia,2023,20,1,21.0,76.0,,,False,False,True,False,2023-05-15,True,False,0.27631578947368424,
Cambodia,2023,21,1,36.0,108.0,,,False,False,True,False,2023-05-22,True,False,0.3333333333333333,
Cambodia,2023,22,1,29.0,128.0,,,False,False,True,False,2023-05-29,True,False,0.2265625,
Cambodia,2023,23,1,29.0,128.0,,,False,False,True,False,2023-06-05,True,False,0.2265625,
Cambodia,2023,24,1,40.0,146.0,,,False,False,True,False,2023-06-12,True,False,0.273972602739726,
Cambodia,2023,25,1,31.0,118.0,,,False,False,True,False,2023-06-19,True,False,0.2627118644067797,
Cambodia,2023,26,1,25.0,109.0,,,False,False,True,False,2023-06-26,True,False,0.22935779816513763,
Cambodia,2023,27,1,28.0,86.0,,,False,False,True,False,2023-07-03,True,False,0.32558139534883723,
Cambodia,2023,28,1,24.0,144.0,,,False,False,True,False,2023-07-10,True,False,0.16666666666666666,
Cambodia,2023,29,1,18.0,84.0,,,False,False,True,False,2023-07-17,True,False,0.21428571428571427,
Cambodia,2023,30,1,14.0,111.0,,,False,False,True,False,2023-07-24,True,False,0.12612612612612611,
Cambodia,2023,31,1,17.0,165.0,,,False,False,True,False,2023-07-31,True,False,0.10303030303030303,
Cambodia,2023,32,1,13.0,168.0,,,False,False,True,False,2023-08-07,True,False,0.07738095238095238,
Cambodia,2023,33,1,16.0,150.0,,,False,False,True,False,2023-08-14,True,False,0.10666666666666667,
Cambodia,2023,34,1,5.0,120.0,,,False,False,True,False,2023-08-21,True,False,0.041666666666666664,
Cambodia,2023,35,1,3.0,122.0,,,False,False,True,False,2023-08-28,True,False,0.02459016393442623,
Cambodia,2023,36,1,6.0,148.0,,,False,False,True,False,2023-09-04,True,False,0.04054054054054054,
Cambodia,2023,37,1,10.0,122.0,,,False,False,True,False,2023-09-11,True,False,0.08196721311475409,
Cambodia,2023,38,1,6.0,147.0,,,False,False,True,False,2023-09-18,True,False,0.04081632653061224,
Cambodia,2023,39,1,3.0,127.0,,,False,False,True,False,2023-09-25,True,False,0.023622047244094488,
Cambodia,2023,40,1,5.0,110.0,,,False,False,True,False,2023-10-02,True,False,0.045454545454545456,
Cambodia,2023,41,1,5.0,95.0,,,False,False,True,False,2023-10-09,True,False,0.05263157894736842,
Cambodia,2023,42,1,8.0,77.0,,,False,False,True,False,2023-10-16,True,False,0.1038961038961039,
Cambodia,2023,43,1,7.0,138.0,,,False,False,True,False,2023-10-23,True,False,0.050724637681159424,
Cambodia,2023,44,1,13.0,76.0,,,False,False,True,False,2023-10-30,True,False,0.17105263157894737,
Cambodia,2023,45,1,11.0,93.0,,,False,False,True,False,2023-11-06,True,False,0.11827956989247312,
Cambodia,2023,46,1,18.0,97.0,,,False,False,True,False,2023-11-13,True,False,0.18556701030927836,
Cambodia,2023,47,1,24.0,129.0,,,False,False,True,False,2023-11-20,True,False,0.18604651162790697,
Cambodia,2023,48,1,9.0,103.0,,,False,False,True,False,2023-11-27,True,False,0.08737864077669903,
Cambodia,2023,49,1,8.0,106.0,,,False,False,True,False,2023-12-04,True,False,0.07547169811320754,
Cambodia,2023,50,1,14.0,119.0,,,False,False,True,False,2023-12-11,True,False,0.11764705882352941,
Cambodia,2023,51,1,8.0,105.0,,,False,False,True,False,2023-12-18,True,False,0.0761904761904762,
Cambodia,2023,52,1,13.0,95.0,,,False,False,True,False,2023-12-25,True,False,0.1368421052631579,
Cambodia,2024,1,1,7.0,94.0,,,False,False,True,False,2024-01-01,True,False,0.07446808510638298,
Cambodia,2024,2,1,9.0,91.0,,,False,False,True,False,2024-01-08,True,False,0.0989010989010989,
Cambodia,2024,3,1,16.0,121.0,,,False,False,True,False,2024-01-15,True,False,0.1322314049586777,
Cambodia,2024,4,1,13.0,125.0,,,False,False,True,False,2024-01-22,True,False,0.104,
Cambodia,2024,5,1,14.0,126.0,,,False,False,True,False,2024-01-29,True,False,0.1111111111111111,
Cambodia,2024,6,1,16.0,115.0,,,False,False,True,False,2024-02-05,True,False,0.1391304347826087,
Cambodia,2024,7,1,18.0,97.0,,,False,False,True,False,2024-02-12,True,False,0.18556701030927836,
Cambodia,2024,8,1,21.0,111.0,,,False,False,True,False,2024-02-19,True,False,0.1891891891891892,
Cambodia,2024,9,1,10.0,109.0,,,False,False,True,False,2024-02-26,True,False,0.09174311926605505,
Cambodia,2024,10,1,12.0,96.0,,,False,False,True,False,2024-03-04,True,False,0.125,
Cambodia,2024,11,1,13.0,83.0,,,False,False,True,False,2024-03-11,True,False,0.1566265060240964,
Cambodia,2024,12,1,8.0,95.0,,,False,False,True,False,2024-03-18,True,False,0.08421052631578947,
Cambodia,2024,13,1,8.0,128.0,,,False,False,True,False,2024-03-25,True,False,0.0625,
Cambodia,2024,14,1,10.0,85.0,,,False,False,True,False,2024-04-01,True,False,0.11764705882352941,
Cambodia,2024,15,1,5.0,82.0,,,False,False,True,False,2024-04-08,True,False,0.06097560975609756,
Cambodia,2024,16,1,5.0,66.0,,,False,False,True,False,2024-04-15,True,False,0.07575757575757576,
Cambodia,2024,17,1,11.0,121.0,,,False,False,True,False,2024-04-22,True,False,0.09090909090909091,
Cambodia,2024,18,1,12.0,94.0,,,False,False,True,False,2024-04-29,True,False,0.1276595744680851,
Cambodia,2024,19,1,6.0,81.0,,,False,False,True,False,2024-05-06,True,False,0.07407407407407407,
Cambodia,2024,20,1,7.0,102.0,,,False,False,True,False,2024-05-13,True,False,0.06862745098039216,
Cambodia,2024,21,1,4.0,64.0,,,False,False,True,False,2024-05-20,True,False,0.0625,
Cambodia,2024,22,1,8.0,87.0,,,False,False,True,False,2024-05-27,True,False,0.09195402298850575,
Cambodia,2024,23,1,11.0,108.0,,,False,False,True,False,2024-06-03,True,False,0.10185185185185185,
Cambodia,2024,24,1,12.0,118.0,,,False,False,True,False,2024-06-10,True,False,0.1016949152542373,
Cambodia,2024,25,1,9.0,86.0,,,False,False,True,False,2024-06-17,True,False,0.10465116279069768,
Cambodia,2024,26,1,28.0,130.0,,,False,False,True,False,2024-06-24,True,False,0.2153846153846154,
Cambodia,2024,27,1,27.0,126.0,,,False,False,True,False,2024-07-01,True,False,0.21428571428571427,
Cambodia,2024,28,1,35.0,140.0,,,False,False,True,False,2024-07-08,True,False,0.25,
Cambodia,2024,29,1,42.0,136.0,,,False,False,True,False,2024-07-15,True,False,0.3088235294117647,
Cambodia,2024,30,1,63.0,168.0,,,False,False,True,False,2024-07-22,True,False,0.375,
Cambodia,2024,31,1,62.0,181.0,,,False,False,True,False,2024-07-29,True,False,0.3425414364640884,
Cambodia,2024,32,1,61.0,147.0,,,False,False,True,False,2024-08-05,True,False,0.41496598639455784,
Cambodia,2024,33,1,69.0,185.0,,,False,False,True,False,2024-08-12,True,False,0.372972972972973,
Cambodia,2024,34,1,74.0,178.0,,,False,False,True,False,2024-08-19,True,False,0.4157303370786517,
Cambodia,2024,35,1,68.0,222.0,,,False,False,True,False,2024-08-26,True,False,0.3063063063063063,
Cambodia,2024,36,1,44.0,187.0,,,False,False,True,False,2024-09-02,True,False,0.23529411764705882,
Cambodia,2024,37,1,42.0,196.0,,,False,False,True,False,2024-09-09,True,False,0.21428571428571427,
Cambodia,2024,38,1,26.0,175.0,,,False,False,True,False,2024-09-16,True,False,0.14857142857142858,
Cambodia,2024,39,1,23.0,153.0,,,False,False,True,False,2024-09-23,True,False,0.1503267973856209,
Cambodia,2024,40,1,14.0,80.0,,,False,False,True,False,2024-09-30,True,False,0.175,
Cambodia,2024,41,1,27.0,161.0,,,False,False,True,False,2024-10-07,True,False,0.16770186335403728,
Cambodia,2024,42,1,14.0,117.0,,,False,False,True,False,2024-10-14,True,False,0.11965811965811966,
Cambodia,2024,43,1,25.0,161.0,,,False,False,True,False,2024-10-21,True,False,0.15527950310559005,
Cambodia,2024,44,1,18.0,118.0,,,False,False,True,False,2024-10-28,True,False,0.15254237288135594,
Cambodia,2024,45,1,14.0,121.0,,,False,False,True,False,2024-11-04,True,False,0.11570247933884298,
Cambodia,2024,46,1,16.0,75.0,,,False,False,True,False,2024-11-11,True,False,0.21333333333333335,
Cambodia,2024,47,1,12.0,124.0,,,False,False,True,False,2024-11-18,True,False,0.0967741935483871,
Cambodia,2024,48,1,13.0,124.0,,,False,False,True,False,2024-11-25,True,False,0.10483870967741936,
Cambodia,2024,49,1,18.0,124.0,,,False,False,True,False,2024-12-02,True,False,0.14516129032258066,
Cambodia,2024,50,1,16.0,145.0,,,False,False,True,False,2024-12-09,True,False,0.1103448275862069,
Cambodia,2024,51,1,8.0,110.0,,,False,False,True,False,2024-12-16,True,False,0.07272727272727272,
Cambodia,2025,1,1,5.0,116.0,,,False,False,True,False,2024-12-30,True,False,0.04310344827586207,
Cambodia,2025,2,1,7.0,126.0,,,False,False,True,False,2025-01-06,True,False,0.05555555555555555,
Cambodia,2025,3,1,7.0,127.0,,,False,False,True,False,2025-01-13,True,False,0.05511811023622047,
Cambodia,2025,4,1,2.0,116.0,,,False,False,True,False,2025-01-20,True,False,0.017241379310344827,
Cambodia,2025,5,1,5.0,107.0,,,False,False,True,False,2025-01-27,True,False,0.04672897196261682,
Cambodia,2025,6,1,0.0,101.0,,,False,False,True,False,2025-02-03,True,False,0.0,
Cambodia,2025,7,1,0.0,89.0,,,False,False,True,False,2025-02-10,True,False,0.0,
Cambodia,2025,8,1,11.0,113.0,,,False,False,True,False,2025-02-17,True,False,0.09734513274336283,
Cambodia,2025,9,1,9.0,120.0,,,False,False,True,False,2025-02-24,True,False,0.075,
Cambodia,2025,10,1,2.0,96.0,,,False,False,True,False,2025-03-03,True,False,0.020833333333333332,
Cambodia,2025,11,1,4.0,97.0,,,False,False,True,False,2025-03-10,True,False,0.041237113402061855,
Cambodia,2025,12,1,1.0,91.0,,,False,False,True,False,2025-03-17,True,False,0.01098901098901099,
Cambodia,2025,13,1,4.0,94.0,,,False,False,True,False,2025-03-24,True,False,0.0425531914893617,
Cambodia,2025,14,1,5.0,97.0,,,False,False,True,False,2025-03-31,True,False,0.05154639175257732,
Cambodia,2025,15,1,6.0,76.0,,,False,False,True,False,2025-04-07,True,False,0.07894736842105263,
Cambodia,2025,16,1,4.0,38.0,,,False,False,True,False,2025-04-14,True,False,0.10526315789473684,
Cambodia,2025,17,1,12.0,84.0,,,False,False,True,False,2025-04-21,True,False,0.14285714285714285,
Cambodia,2025,18,1,20.0,80.0,,,False,False,True,False,2025-04-28,True,False,0.25,
Cambodia,2025,19,1,27.0,109.0,,,False,False,True,False,2025-05-05,True,False,0.24770642201834864,
Cambodia,2025,20,1,24.0,88.0,,,False,False,True,False,2025-05-12,True,False,0.2727272727272727,
Cambodia,2025,21,1,31.0,122.0,,,False,False,True,False,2025-05-19,True,False,0.2540983606557377,
Cambodia,2025,22,1,52.0,128.0,,,False,False,True,False,2025-05-26,True,False,0.40625,
Cambodia,2025,23,1,39.0,106.0,,,False,False,True,False,2025-06-02,True,False,0.36792452830188677,
Cambodia,2025,24,1,39.0,113.0,,,False,False,True,False,2025-06-09,True,False,0.34513274336283184,
Cambodia,2025,25,1,50.0,137.0,,,False,False,True,False,2025-06-16,True,False,0.36496350364963503,
Cambodia,2025,26,1,41.0,109.0,,,False,False,True,False,2025-06-23,True,False,0.3761467889908257,
Cambodia,2025,27,1,25.0,104.0,,,False,False,True,False,2025-06-30,True,False,0.2403846153846154,
Cambodia,2025,28,1,18.0,128.0,,,False,False,True,False,2025-07-07,True,False,0.140625,
Cambodia,2025,29,1,27.0,96.0,,,False,False,True,False,2025-07-14,True,False,0.28125,
Cambodia,2025,30,1,17.0,108.0,,,False,False,True,False,2025-07-21,True,False,0.1574074074074074,
Cambodia,2025,31,1,15.0,95.0,,,False,False,True,False,2025-07-28,True,False,0.15789473684210525,
Cambodia,2025,32,1,9.0,110.0,,,False,False,True,False,2025-08-04,True,False,0.08181818181818182,
Cambodia,2025,33,1,9.0,103.0,,,False,False,True,False,2025-08-11,True,False,0.08737864077669903,
Cambodia,2025,34,1,18.0,119.0,,,False,False,True,False,2025-08-18,True,False,0.15126050420168066,
Cambodia,2025,35,1,7.0,106.0,,,False,False,True,False,2025-08-25,True,False,0.0660377358490566,
Cambodia,2025,36,1,3.0,131.0,,,False,False,True,False,2025-09-01,True,False,0.022900763358778626,
Cambodia,2025,37,1,7.0,104.0,,,False,False,True,False,2025-09-08,True,False,0.0673076923076923,
Cambodia,2025,38,1,12.0,105.0,,,False,False,True,False,2025-09-15,True,False,0.11428571428571428,
Cambodia,2025,39,1,13.0,63.0,,,False,False,True,False,2025-09-22,True,False,0.20634920634920634,
Cambodia,2025,40,1,21.0,131.0,,,False,False,True,False,2025-09-29,True,False,0.16030534351145037,
Cambodia,2025,41,1,32.0,155.0,,,False,False,True,False,2025-10-06,True,False,0.2064516129032258,
Cambodia,2025,42,1,30.0,115.0,,,False,False,True,False,2025-10-13,True,False,0.2608695652173913,
Cambodia,2025,43,1,35.0,97.0,,,False,False,True,False,2025-10-20,True,False,0.36082474226804123,
Cambodia,2025,44,1,29.0,85.0,,,False,False,True,False,2025-10-27,True,False,0.3411764705882353,
Cambodia,2025,45,1,25.0,69.0,,,False,False,True,False,2025-11-03,True,False,0.36231884057971014,
Cambodia,2025,46,1,42.0,106.0,,,False,False,True,False,2025-11-10,True,False,0.39622641509433965,
Cambodia,2025,47,1,38.0,123.0,,,False,False,True,False,2025-11-17,True,False,0.3089430894308943,
Cambodia,2025,48,1,19.0,83.0,,,False,False,True,False,2025-11-24,True,False,0.2289156626506024,
Cambodia,2025,49,1,28.0,79.0,,,False,False,True,False,2025-12-01,True,False,0.35443037974683544,
Cambodia,2025,50,1,18.0,88.0,,,False,False,True,False,2025-12-08,True,False,0.20454545454545456,
Cambodia,2025,51,1,19.0,100.0,,,False,False,True,False,2025-12-15,True,False,0.19,
Cambodia,2025,52,1,20.0,78.0,,,False,False,True,False,2025-12-22,True,False,0.2564102564102564,
Indonesia,2010,1,1,5.0,58.0,,,False,False,True,False,2010-01-04,True,False,0.08620689655172414,
Indonesia,2010,2,1,3.0,63.0,,,False,False,True,False,2010-01-11,True,False,0.047619047619047616,
Indonesia,2010,3,1,2.0,66.0,,,False,False,True,False,2010-01-18,True,False,0.030303030303030304,
Indonesia,2010,4,1,6.0,60.0,,,False,False,True,False,2010-01-25,True,False,0.1,
Indonesia,2010,5,1,1.0,65.0,,,False,False,True,False,2010-02-01,True,False,0.015384615384615385,
Indonesia,2010,6,1,6.0,75.0,,,False,False,True,False,2010-02-08,True,False,0.08,
Indonesia,2010,7,1,12.0,76.0,,,False,False,True,False,2010-02-15,True,False,0.15789473684210525,
Indonesia,2010,8,1,11.0,72.0,,,False,False,True,False,2010-02-22,True,False,0.1527777777777778,
Indonesia,2010,9,1,26.0,95.0,,,False,False,True,False,2010-03-01,True,False,0.2736842105263158,
Indonesia,2010,10,1,14.0,73.0,,,False,False,True,False,2010-03-08,True,False,0.1917808219178082,
Indonesia,2010,11,1,13.0,65.0,,,False,False,True,False,2010-03-15,True,False,0.2,
Indonesia,2010,12,1,23.0,98.0,,,False,False,True,False,2010-03-22,True,False,0.23469387755102042,
Indonesia,2010,13,1,24.0,88.0,,,False,False,True,False,2010-03-29,True,False,0.2727272727272727,
Indonesia,2010,14,1,18.0,86.0,,,False,False,True,False,2010-04-05,True,False,0.20930232558139536,
Indonesia,2010,15,1,22.0,90.0,,,False,False,True,False,2010-04-12,True,False,0.24444444444444444,
Indonesia,2010,16,1,12.0,94.0,,,False,False,True,False,2010-04-19,True,False,0.1276595744680851,
Indonesia,2010,17,1,20.0,97.0,,,False,False,True,False,2010-04-26,True,False,0.20618556701030927,
Indonesia,2010,18,1,23.0,91.0,,,False,False,True,False,2010-05-03,True,False,0.25274725274725274,
Indonesia,2010,19,1,21.0,81.0,,,False,False,True,False,2010-05-10,True,False,0.25925925925925924,
Indonesia,2010,20,1,19.0,90.0,,,False,False,True,False,2010-05-17,True,False,0.2111111111111111,
Indonesia,2010,21,1,11.0,65.0,,,False,False,True,False,2010-05-24,True,False,0.16923076923076924,
Indonesia,2010,22,1,11.0,66.0,,,False,False,True,False,2010-05-31,True,False,0.16666666666666666,
Indonesia,2010,23,1,6.0,51.0,,,False,False,True,False,2010-06-07,True,False,0.11764705882352941,
Indonesia,2010,24,1,12.0,62.0,,,False,False,True,False,2010-06-14,True,False,0.1935483870967742,
Indonesia,2010,25,1,8.0,48.0,,,False,False,True,False,2010-06-21,True,False,0.16666666666666666,
Indonesia,2010,26,1,4.0,43.0,,,False,False,True,False,2010-06-28,True,False,0.09302325581395349,
Indonesia,2010,27,1,3.0,46.0,,,False,False,True,False,2010-07-05,True,False,0.06521739130434782,
Indonesia,2010,28,1,15.0,47.0,,,False,False,True,False,2010-07-12,True,False,0.3191489361702128,
Indonesia,2010,29,1,9.0,62.0,,,False,False,True,False,2010-07-19,True,False,0.14516129032258066,
Indonesia,2010,30,1,7.0,64.0,,,False,False,True,False,2010-07-26,True,False,0.109375,
Indonesia,2010,31,1,12.0,71.0,,,False,False,True,False,2010-08-02,True,False,0.16901408450704225,
Indonesia,2010,32,1,11.0,58.0,,,False,False,True,False,2010-08-09,True,False,0.1896551724137931,
Indonesia,2010,33,1,13.0,52.0,,,False,False,True,False,2010-08-16,True,False,0.25,
Indonesia,2010,34,1,14.0,49.0,,,False,False,True,False,2010-08-23,True,False,0.2857142857142857,
Indonesia,2010,35,1,11.0,46.0,,,False,False,True,False,2010-08-30,True,False,0.2391304347826087,
Indonesia,2010,36,1,5.0,31.0,,,False,False,True,False,2010-09-06,True,False,0.16129032258064516,
Indonesia,2010,37,1,10.0,53.0,,,False,False,True,False,2010-09-13,True,False,0.18867924528301888,
Indonesia,2010,38,1,19.0,56.0,,,False,False,True,False,2010-09-20,True,False,0.3392857142857143,
Indonesia,2010,39,1,21.0,78.0,,,False,False,True,False,2010-09-27,True,False,0.2692307692307692,
Indonesia,2010,40,1,25.0,89.0,,,False,False,True,False,2010-10-04,True,False,0.2808988764044944,
Indonesia,2010,41,1,50.0,117.0,,,False,False,True,False,2010-10-11,True,False,0.42735042735042733,
Indonesia,2010,42,1,28.0,102.0,,,False,False,True,False,2010-10-18,True,False,0.27450980392156865,
Indonesia,2010,43,1,19.0,72.0,,,False,False,True,False,2010-10-25,True,False,0.2638888888888889,
Indonesia,2010,44,1,27.0,88.0,,,False,False,True,False,2010-11-01,True,False,0.3068181818181818,
Indonesia,2010,45,1,18.0,75.0,,,False,False,True,False,2010-11-08,True,False,0.24,
Indonesia,2010,46,1,13.0,59.0,,,False,False,True,False,2010-11-15,True,False,0.22033898305084745,
Indonesia,2010,47,1,14.0,87.0,,,False,False,True,False,2010-11-22,True,False,0.16091954022988506,
Indonesia,2010,48,1,15.0,53.0,,,False,False,True,False,2010-11-29,True,False,0.2830188679245283,
Indonesia,2010,49,1,18.0,37.0,,,False,False,True,False,2010-12-06,True,False,0.4864864864864865,
Indonesia,2010,50,1,14.0,65.0,,,False,False,True,False,2010-12-13,True,False,0.2153846153846154,
Indonesia,2010,51,1,16.0,72.0,,,False,False,True,False,2010-12-20,True,False,0.2222222222222222,
Indonesia,2010,52,1,14.0,64.0,,,False,False,True,False,2010-12-27,True,False,0.21875,
Indonesia,2011,1,1,20.0,83.0,,,False,False,True,False,2011-01-03,True,False,0.24096385542168675,
Indonesia,2011,2,1,15.0,93.0,,,False,False,True,False,2011-01-10,True,False,0.16129032258064516,
Indonesia,2011,3,1,15.0,70.0,,,False,False,True,False,2011-01-17,True,False,0.21428571428571427,
Indonesia,2011,4,1,14.0,84.0,,,False,False,True,False,2011-01-24,True,False,0.16666666666666666,
Indonesia,2011,5,1,14.0,53.0,,,False,False,True,False,2011-01-31,True,False,0.2641509433962264,
Indonesia,2011,6,1,27.0,72.0,,,False,False,True,False,2011-02-07,True,False,0.375,
Indonesia,2011,7,1,16.0,63.0,,,False,False,True,False,2011-02-14,True,False,0.25396825396825395,
Indonesia,2011,8,1,28.0,102.0,,,False,False,True,False,2011-02-21,True,False,0.27450980392156865,
Indonesia,2011,9,1,11.0,49.0,,,False,False,True,False,2011-02-28,True,False,0.22448979591836735,
Indonesia,2011,10,1,7.0,80.0,,,False,False,True,False,2011-03-07,True,False,0.0875,
Indonesia,2011,11,1,13.0,85.0,,,False,False,True,False,2011-03-14,True,False,0.15294117647058825,
Indonesia,2011,12,1,4.0,74.0,,,False,False,True,False,2011-03-21,True,False,0.05405405405405406,
Indonesia,2011,13,1,5.0,64.0,,,False,False,True,False,2011-03-28,True,False,0.078125,
Indonesia,2011,14,1,4.0,71.0,,,False,False,True,False,2011-04-04,True,False,0.056338028169014086,
Indonesia,2011,15,1,11.0,68.0,,,False,False,True,False,2011-04-11,True,False,0.16176470588235295,
Indonesia,2011,16,1,7.0,73.0,,,False,False,True,False,2011-04-18,True,False,0.0958904109589041,
Indonesia,2011,17,1,7.0,73.0,,,False,False,True,False,2011-04-25,True,False,0.0958904109589041,
Indonesia,2011,18,1,14.0,78.0,,,False,False,True,False,2011-05-02,True,False,0.1794871794871795,
Indonesia,2011,19,1,2.0,64.0,,,False,False,True,False,2011-05-09,True,False,0.03125,
Indonesia,2011,20,1,3.0,41.0,,,False,False,True,False,2011-05-16,True,False,0.07317073170731707,
Indonesia,2011,21,1,11.0,80.0,,,False,False,True,False,2011-05-23,True,False,0.1375,
Indonesia,2011,22,1,13.0,69.0,,,False,False,True,False,2011-05-30,True,False,0.18840579710144928,
Indonesia,2011,23,1,13.0,70.0,,,False,False,True,False,2011-06-06,True,False,0.18571428571428572,
Indonesia,2011,24,1,7.0,63.0,,,False,False,True,False,2011-06-13,True,False,0.1111111111111111,
Indonesia,2011,25,1,4.0,71.0,,,False,False,True,False,2011-06-20,True,False,0.056338028169014086,
Indonesia,2011,26,1,4.0,67.0,,,False,False,True,False,2011-06-27,True,False,0.05970149253731343,
Indonesia,2011,27,1,2.0,33.0,,,False,False,True,False,2011-07-04,True,False,0.06060606060606061,
Indonesia,2011,28,1,3.0,50.0,,,False,False,True,False,2011-07-11,True,False,0.06,
Indonesia,2011,29,1,4.0,63.0,,,False,False,True,False,2011-07-18,True,False,0.06349206349206349,
Indonesia,2011,30,1,5.0,60.0,,,False,False,True,False,2011-07-25,True,False,0.08333333333333333,
Indonesia,2011,31,1,8.0,75.0,,,False,False,True,False,2011-08-01,True,False,0.10666666666666667,
Indonesia,2011,32,1,5.0,70.0,,,False,False,True,False,2011-08-08,True,False,0.07142857142857142,
Indonesia,2011,33,1,6.0,60.0,,,False,False,True,False,2011-08-15,True,False,0.1,
Indonesia,2011,34,1,9.0,68.0,,,False,False,True,False,2011-08-22,True,False,0.1323529411764706,
Indonesia,2011,35,1,0.0,7.0,,,False,False,True,False,2011-08-29,True,False,0.0,
Indonesia,2011,36,1,5.0,53.0,,,False,False,True,False,2011-09-05,True,False,0.09433962264150944,
Indonesia,2011,37,1,5.0,56.0,,,False,False,True,False,2011-09-12,True,False,0.08928571428571429,
Indonesia,2011,38,1,3.0,53.0,,,False,False,True,False,2011-09-19,True,False,0.05660377358490566,
Indonesia,2011,39,1,4.0,62.0,,,False,False,True,False,2011-09-26,True,False,0.06451612903225806,
Indonesia,2011,40,1,2.0,69.0,,,False,False,True,False,2011-10-03,True,False,0.028985507246376812,
Indonesia,2011,41,1,4.0,82.0,,,False,False,True,False,2011-10-10,True,False,0.04878048780487805,
Indonesia,2011,42,1,4.0,77.0,,,False,False,True,False,2011-10-17,True,False,0.05194805194805195,
Indonesia,2011,43,1,8.0,110.0,,,False,False,True,False,2011-10-24,True,False,0.07272727272727272,
Indonesia,2011,44,1,27.0,88.0,,,False,False,True,False,2011-10-31,True,False,0.3068181818181818,
Indonesia,2011,45,1,7.0,113.0,,,False,False,True,False,2011-11-07,True,False,0.061946902654867256,
Indonesia,2011,46,1,19.0,120.0,,,False,False,True,False,2011-11-14,True,False,0.15833333333333333,
Indonesia,2011,47,1,8.0,82.0,,,False,False,True,False,2011-11-21,True,False,0.0975609756097561,
Indonesia,2011,48,1,10.0,63.0,,,False,False,True,False,2011-11-28,True,False,0.15873015873015872,
Indonesia,2011,49,1,34.0,107.0,,,False,False,True,False,2011-12-05,True,False,0.3177570093457944,
Indonesia,2011,50,1,29.0,103.0,,,False,False,True,False,2011-12-12,True,False,0.2815533980582524,
Indonesia,2011,51,1,24.0,107.0,,,False,False,True,False,2011-12-19,True,False,0.22429906542056074,
Indonesia,2011,52,1,31.0,76.0,,,False,False,True,False,2011-12-26,True,False,0.40789473684210525,
Indonesia,2012,1,1,43.0,118.0,,,False,False,True,False,2012-01-02,True,False,0.3644067796610169,
Indonesia,2012,2,1,33.0,119.0,,,False,False,True,False,2012-01-09,True,False,0.2773109243697479,
Indonesia,2012,3,1,45.0,152.0,,,False,False,True,False,2012-01-16,True,False,0.29605263157894735,
Indonesia,2012,4,1,25.0,111.0,,,False,False,True,False,2012-01-23,True,False,0.22522522522522523,
Indonesia,2012,5,1,16.0,102.0,,,False,False,True,False,2012-01-30,True,False,0.1568627450980392,
Indonesia,2012,6,1,23.0,100.0,,,False,False,True,False,2012-02-06,True,False,0.23,
Indonesia,2012,7,1,24.0,119.0,,,False,False,True,False,2012-02-13,True,False,0.20168067226890757,
Indonesia,2012,8,1,16.0,88.0,,,False,False,True,False,2012-02-20,True,False,0.18181818181818182,
Indonesia,2012,9,1,16.0,88.0,,,False,False,True,False,2012-02-27,True,False,0.18181818181818182,
Indonesia,2012,10,1,27.0,120.0,,,False,False,True,False,2012-03-05,True,False,0.225,
Indonesia,2012,11,1,14.0,125.0,,,False,False,True,False,2012-03-12,True,False,0.112,
Indonesia,2012,12,1,14.0,70.0,,,False,False,True,False,2012-03-19,True,False,0.2,
Indonesia,2012,13,1,23.0,109.0,,,False,False,True,False,2012-03-26,True,False,0.21100917431192662,
Indonesia,2012,14,1,28.0,87.0,,,False,False,True,False,2012-04-02,True,False,0.3218390804597701,
Indonesia,2012,15,1,20.0,104.0,,,False,False,True,False,2012-04-09,True,False,0.19230769230769232,
Indonesia,2012,16,1,14.0,96.0,,,False,False,True,False,2012-04-16,True,False,0.14583333333333334,
Indonesia,2012,17,1,20.0,80.0,,,False,False,True,False,2012-04-23,True,False,0.25,
Indonesia,2012,18,1,16.0,74.0,,,False,False,True,False,2012-04-30,True,False,0.21621621621621623,
Indonesia,2012,19,1,13.0,72.0,,,False,False,True,False,2012-05-07,True,False,0.18055555555555555,
Indonesia,2012,20,1,15.0,68.0,,,False,False,True,False,2012-05-14,True,False,0.22058823529411764,
Indonesia,2012,21,1,16.0,68.0,,,False,False,True,False,2012-05-21,True,False,0.23529411764705882,
Indonesia,2012,22,1,10.0,63.0,,,False,False,True,False,2012-05-28,True,False,0.15873015873015872,
Indonesia,2012,23,1,6.0,54.0,,,False,False,True,False,2012-06-04,True,False,0.1111111111111111,
Indonesia,2012,24,1,13.0,60.0,,,False,False,True,False,2012-06-11,True,False,0.21666666666666667,
Indonesia,2012,25,1,8.0,71.0,,,False,False,True,False,2012-06-18,True,False,0.11267605633802817,
Indonesia,2012,26,1,7.0,64.0,,,False,False,True,False,2012-06-25,True,False,0.109375,
Indonesia,2012,27,1,4.0,50.0,,,False,False,True,False,2012-07-02,True,False,0.08,
Indonesia,2012,28,1,10.0,64.0,,,False,False,True,False,2012-07-09,True,False,0.15625,
Indonesia,2012,29,1,2.0,55.0,,,False,False,True,False,2012-07-16,True,False,0.03636363636363636,
Indonesia,2012,30,1,11.0,92.0,,,False,False,True,False,2012-07-23,True,False,0.11956521739130435,
Indonesia,2012,31,1,8.0,80.0,,,False,False,True,False,2012-07-30,True,False,0.1,
Indonesia,2012,32,1,7.0,72.0,,,False,False,True,False,2012-08-06,True,False,0.09722222222222222,
Indonesia,2012,33,1,6.0,55.0,,,False,False,True,False,2012-08-13,True,False,0.10909090909090909,
Indonesia,2012,34,1,1.0,14.0,,,False,False,True,False,2012-08-20,True,False,0.07142857142857142,
Indonesia,2012,35,1,1.0,44.0,,,False,False,True,False,2012-08-27,True,False,0.022727272727272728,
Indonesia,2012,36,1,4.0,60.0,,,False,False,True,False,2012-09-03,True,False,0.06666666666666667,
Indonesia,2012,37,1,11.0,93.0,,,False,False,True,False,2012-09-10,True,False,0.11827956989247312,
Indonesia,2012,38,1,13.0,73.0,,,False,False,True,False,2012-09-17,True,False,0.1780821917808219,
Indonesia,2012,39,1,16.0,106.0,,,False,False,True,False,2012-09-24,True,False,0.1509433962264151,
Indonesia,2012,40,1,23.0,111.0,,,False,False,True,False,2012-10-01,True,False,0.2072072072072072,
Indonesia,2012,41,1,21.0,104.0,,,False,False,True,False,2012-10-08,True,False,0.20192307692307693,
Indonesia,2012,42,1,18.0,99.0,,,False,False,True,False,2012-10-15,True,False,0.18181818181818182,
Indonesia,2012,43,1,16.0,75.0,,,False,False,True,False,2012-10-22,True,False,0.21333333333333335,
Indonesia,2012,44,1,18.0,84.0,,,False,False,True,False,2012-10-29,True,False,0.21428571428571427,
Indonesia,2012,45,1,15.0,63.0,,,False,False,True,False,2012-11-05,True,False,0.23809523809523808,
Indonesia,2012,46,1,21.0,64.0,,,False,False,True,False,2012-11-12,True,False,0.328125,
Indonesia,2012,47,1,22.0,81.0,,,False,False,True,False,2012-11-19,True,False,0.2716049382716049,
Indonesia,2012,48,1,34.0,110.0,,,False,False,True,False,2012-11-26,True,False,0.3090909090909091,
Indonesia,2012,49,1,27.0,67.0,,,False,False,True,False,2012-12-03,True,False,0.40298507462686567,
Indonesia,2012,50,1,19.0,84.0,,,False,False,True,False,2012-12-10,True,False,0.2261904761904762,
Indonesia,2012,51,1,31.0,81.0,,,False,False,True,False,2012-12-17,True,False,0.38271604938271603,
Indonesia,2012,52,1,14.0,61.0,,,False,False,True,False,2012-12-24,True,False,0.22950819672131148,
Indonesia,2013,1,1,53.0,113.0,,,False,False,True,False,2012-12-31,True,False,0.4690265486725664,
Indonesia,2013,2,1,71.0,150.0,,,False,False,True,False,2013-01-07,True,False,0.47333333333333333,
Indonesia,2013,3,1,89.0,190.0,,,False,False,True,False,2013-01-14,True,False,0.46842105263157896,
Indonesia,2013,4,1,78.0,176.0,,,False,False,True,False,2013-01-21,True,False,0.4431818181818182,
Indonesia,2013,5,1,106.0,249.0,,,False,False,True,False,2013-01-28,True,False,0.42570281124497994,
Indonesia,2013,6,1,84.0,206.0,,,False,False,True,False,2013-02-04,True,False,0.4077669902912621,
Indonesia,2013,7,1,47.0,174.0,,,False,False,True,False,2013-02-11,True,False,0.27011494252873564,
Indonesia,2013,8,1,43.0,152.0,,,False,False,True,False,2013-02-18,True,False,0.28289473684210525,
Indonesia,2013,9,1,37.0,139.0,,,False,False,True,False,2013-02-25,True,False,0.26618705035971224,
Indonesia,2013,10,1,27.0,103.0,,,False,False,True,False,2013-03-04,True,False,0.2621359223300971,
Indonesia,2013,11,1,26.0,105.0,,,False,False,True,False,2013-03-11,True,False,0.24761904761904763,
Indonesia,2013,12,1,25.0,105.0,,,False,False,True,False,2013-03-18,True,False,0.23809523809523808,
Indonesia,2013,13,1,23.0,74.0,,,False,False,True,False,2013-03-25,True,False,0.3108108108108108,
Indonesia,2013,14,1,25.0,105.0,,,False,False,True,False,2013-04-01,True,False,0.23809523809523808,
Indonesia,2013,15,1,18.0,119.0,,,False,False,True,False,2013-04-08,True,False,0.15126050420168066,
Indonesia,2013,16,1,35.0,127.0,,,False,False,True,False,2013-04-15,True,False,0.2755905511811024,
Indonesia,2013,17,1,23.0,106.0,,,False,False,True,False,2013-04-22,True,False,0.2169811320754717,
Indonesia,2013,18,1,15.0,112.0,,,False,False,True,False,2013-04-29,True,False,0.13392857142857142,
Indonesia,2013,19,1,12.0,109.0,,,False,False,True,False,2013-05-06,True,False,0.11009174311926606,
Indonesia,2013,20,1,9.0,110.0,,,False,False,True,False,2013-05-13,True,False,0.08181818181818182,
Indonesia,2013,21,1,7.0,90.0,,,False,False,True,False,2013-05-20,True,False,0.07777777777777778,
Indonesia,2013,22,1,16.0,101.0,,,False,False,True,False,2013-05-27,True,False,0.15841584158415842,
Indonesia,2013,23,1,7.0,88.0,,,False,False,True,False,2013-06-03,True,False,0.07954545454545454,
Indonesia,2013,24,1,11.0,98.0,,,False,False,True,False,2013-06-10,True,False,0.11224489795918367,
Indonesia,2013,25,1,16.0,129.0,,,False,False,True,False,2013-06-17,True,False,0.12403100775193798,
Indonesia,2013,26,1,10.0,111.0,,,False,False,True,False,2013-06-24,True,False,0.09009009009009009,
Indonesia,2013,27,1,7.0,85.0,,,False,False,True,False,2013-07-01,True,False,0.08235294117647059,
Indonesia,2013,28,1,7.0,105.0,,,False,False,True,False,2013-07-08,True,False,0.06666666666666667,
Indonesia,2013,29,1,10.0,115.0,,,False,False,True,False,2013-07-15,True,False,0.08695652173913043,
Indonesia,2013,30,1,22.0,153.0,,,False,False,True,False,2013-07-22,True,False,0.1437908496732026,
Indonesia,2013,31,1,9.0,123.0,,,False,False,True,False,2013-07-29,True,False,0.07317073170731707,
Indonesia,2013,32,1,2.0,15.0,,,False,False,True,False,2013-08-05,True,False,0.13333333333333333,
Indonesia,2013,33,1,10.0,88.0,,,False,False,True,False,2013-08-12,True,False,0.11363636363636363,
Indonesia,2013,34,1,11.0,115.0,,,False,False,True,False,2013-08-19,True,False,0.09565217391304348,
Indonesia,2013,35,1,8.0,88.0,,,False,False,True,False,2013-08-26,True,False,0.09090909090909091,
Indonesia,2013,36,1,11.0,109.0,,,False,False,True,False,2013-09-02,True,False,0.10091743119266056,
Indonesia,2013,37,1,4.0,95.0,,,False,False,True,False,2013-09-09,True,False,0.042105263157894736,
Indonesia,2013,38,1,10.0,102.0,,,False,False,True,False,2013-09-16,True,False,0.09803921568627451,
Indonesia,2013,39,1,18.0,121.0,,,False,False,True,False,2013-09-23,True,False,0.1487603305785124,
Indonesia,2013,40,1,20.0,144.0,,,False,False,True,False,2013-09-30,True,False,0.1388888888888889,
Indonesia,2013,41,1,7.0,87.0,,,False,False,True,False,2013-10-07,True,False,0.08045977011494253,
Indonesia,2013,42,1,4.0,65.0,,,False,False,True,False,2013-10-14,True,False,0.06153846153846154,
Indonesia,2013,43,1,10.0,100.0,,,False,False,True,False,2013-10-21,True,False,0.1,
Indonesia,2013,44,1,10.0,106.0,,,False,False,True,False,2013-10-28,True,False,0.09433962264150944,
Indonesia,2013,45,1,13.0,87.0,,,False,False,True,False,2013-11-04,True,False,0.14942528735632185,
Indonesia,2013,46,1,22.0,120.0,,,False,False,True,False,2013-11-11,True,False,0.18333333333333332,
Indonesia,2013,47,1,30.0,130.0,,,False,False,True,False,2013-11-18,True,False,0.23076923076923078,
Indonesia,2013,48,1,15.0,100.0,,,False,False,True,False,2013-11-25,True,False,0.15,
Indonesia,2013,49,1,15.0,90.0,,,False,False,True,False,2013-12-02,True,False,0.16666666666666666,
Indonesia,2013,50,1,38.0,112.0,,,False,False,True,False,2013-12-09,True,False,0.3392857142857143,
Indonesia,2013,51,1,37.0,105.0,,,False,False,True,False,2013-12-16,True,False,0.3523809523809524,
Indonesia,2013,52,1,22.0,65.0,,,False,False,True,False,2013-12-23,True,False,0.3384615384615385,
Indonesia,2014,1,1,26.0,51.0,,,False,False,True,False,2013-12-30,True,False,0.5098039215686274,
Indonesia,2014,2,1,70.0,130.0,,,False,False,True,False,2014-01-06,True,False,0.5384615384615384,
Indonesia,2014,3,1,54.0,106.0,,,False,False,True,False,2014-01-13,True,False,0.5094339622641509,
Indonesia,2014,4,1,77.0,139.0,,,False,False,True,False,2014-01-20,True,False,0.5539568345323741,
Indonesia,2014,5,1,49.0,113.0,,,False,False,True,False,2014-01-27,True,False,0.4336283185840708,
Indonesia,2014,6,1,32.0,97.0,,,False,False,True,False,2014-02-03,True,False,0.32989690721649484,
Indonesia,2014,7,1,51.0,143.0,,,False,False,True,False,2014-02-10,True,False,0.35664335664335667,
Indonesia,2014,8,1,35.0,139.0,,,False,False,True,False,2014-02-17,True,False,0.2517985611510791,
Indonesia,2014,9,1,42.0,145.0,,,False,False,True,False,2014-02-24,True,False,0.2896551724137931,
Indonesia,2014,10,1,53.0,175.0,,,False,False,True,False,2014-03-03,True,False,0.3028571428571429,
Indonesia,2014,11,1,39.0,152.0,,,False,False,True,False,2014-03-10,True,False,0.2565789473684211,
Indonesia,2014,12,1,32.0,116.0,,,False,False,True,False,2014-03-17,True,False,0.27586206896551724,
Indonesia,2014,13,1,23.0,121.0,,,False,False,True,False,2014-03-24,True,False,0.19008264462809918,
Indonesia,2014,14,1,32.0,97.0,,,False,False,True,False,2014-03-31,True,False,0.32989690721649484,
Indonesia,2014,15,1,20.0,105.0,,,False,False,True,False,2014-04-07,True,False,0.19047619047619047,
Indonesia,2014,16,1,16.0,114.0,,,False,False,True,False,2014-04-14,True,False,0.14035087719298245,
Indonesia,2014,17,1,30.0,164.0,,,False,False,True,False,2014-04-21,True,False,0.18292682926829268,
Indonesia,2014,18,1,17.0,128.0,,,False,False,True,False,2014-04-28,True,False,0.1328125,
Indonesia,2014,19,1,16.0,128.0,,,False,False,True,False,2014-05-05,True,False,0.125,
Indonesia,2014,20,1,15.0,117.0,,,False,False,True,False,2014-05-12,True,False,0.1282051282051282,
Indonesia,2014,21,1,12.0,135.0,,,False,False,True,False,2014-05-19,True,False,0.08888888888888889,
Indonesia,2014,22,1,12.0,105.0,,,False,False,True,False,2014-05-26,True,False,0.11428571428571428,
Indonesia,2014,23,1,10.0,123.0,,,False,False,True,False,2014-06-02,True,False,0.08130081300813008,
Indonesia,2014,24,1,13.0,110.0,,,False,False,True,False,2014-06-09,True,False,0.11818181818181818,
Indonesia,2014,25,1,6.0,100.0,,,False,False,True,False,2014-06-16,True,False,0.06,
Indonesia,2014,26,1,14.0,86.0,,,False,False,True,False,2014-06-23,True,False,0.16279069767441862,
Indonesia,2014,27,1,8.0,103.0,,,False,False,True,False,2014-06-30,True,False,0.07766990291262135,
Indonesia,2014,28,1,6.0,60.0,,,False,False,True,False,2014-07-07,True,False,0.1,
Indonesia,2014,29,1,8.0,78.0,,,False,False,True,False,2014-07-14,True,False,0.10256410256410256,
Indonesia,2014,30,1,3.0,65.0,,,False,False,True,False,2014-07-21,True,False,0.046153846153846156,
Indonesia,2014,31,1,4.0,8.0,,,False,False,True,False,2014-07-28,True,False,0.5,
Indonesia,2014,32,1,5.0,72.0,,,False,False,True,False,2014-08-04,True,False,0.06944444444444445,
Indonesia,2014,33,1,6.0,75.0,,,False,False,True,False,2014-08-11,True,False,0.08,
Indonesia,2014,34,1,5.0,79.0,,,False,False,True,False,2014-08-18,True,False,0.06329113924050633,
Indonesia,2014,35,1,9.0,103.0,,,False,False,True,False,2014-08-25,True,False,0.08737864077669903,
Indonesia,2014,36,1,5.0,84.0,,,False,False,True,False,2014-09-01,True,False,0.05952380952380952,
Indonesia,2014,37,1,11.0,129.0,,,False,False,True,False,2014-09-08,True,False,0.08527131782945736,
Indonesia,2014,38,1,9.0,111.0,,,False,False,True,False,2014-09-15,True,False,0.08108108108108109,
Indonesia,2014,39,1,3.0,97.0,,,False,False,True,False,2014-09-22,True,False,0.030927835051546393,
Indonesia,2014,40,1,5.0,82.0,,,False,False,True,False,2014-09-29,True,False,0.06097560975609756,
Indonesia,2014,41,1,11.0,100.0,,,False,False,True,False,2014-10-06,True,False,0.11,
Indonesia,2014,42,1,5.0,74.0,,,False,False,True,False,2014-10-13,True,False,0.06756756756756757,
Indonesia,2014,43,1,15.0,92.0,,,False,False,True,False,2014-10-20,True,False,0.16304347826086957,
Indonesia,2014,44,1,13.0,98.0,,,False,False,True,False,2014-10-27,True,False,0.1326530612244898,
Indonesia,2014,45,1,8.0,90.0,,,False,False,True,False,2014-11-03,True,False,0.08888888888888889,
Indonesia,2014,46,1,8.0,71.0,,,False,False,True,False,2014-11-10,True,False,0.11267605633802817,
Indonesia,2014,47,1,4.0,88.0,,,False,False,True,False,2014-11-17,True,False,0.045454545454545456,
Indonesia,2014,48,1,8.0,73.0,,,False,False,True,False,2014-11-24,True,False,0.1095890410958904,
Indonesia,2014,49,1,3.0,59.0,,,False,False,True,False,2014-12-01,True,False,0.05084745762711865,
Indonesia,2014,50,1,6.0,67.0,,,False,False,True,False,2014-12-08,True,False,0.08955223880597014,
Indonesia,2014,51,1,14.0,84.0,,,False,False,True,False,2014-12-15,True,False,0.16666666666666666,
Indonesia,2014,52,1,5.0,27.0,,,False,False,True,False,2014-12-22,True,False,0.18518518518518517,
Indonesia,2015,1,1,2.0,30.0,,,False,False,True,False,2014-12-29,True,False,0.06666666666666667,
Indonesia,2015,2,1,3.0,27.0,,,False,False,True,False,2015-01-05,True,False,0.1111111111111111,
Indonesia,2015,3,1,21.0,84.0,,,False,False,True,False,2015-01-12,True,False,0.25,
Indonesia,2015,4,1,36.0,130.0,,,False,False,True,False,2015-01-19,True,False,0.27692307692307694,
Indonesia,2015,5,1,25.0,88.0,,,False,False,True,False,2015-01-26,True,False,0.2840909090909091,
Indonesia,2015,6,1,32.0,97.0,,,False,False,True,False,2015-02-02,True,False,0.32989690721649484,
Indonesia,2015,7,1,44.0,104.0,,,False,False,True,False,2015-02-09,True,False,0.4230769230769231,
Indonesia,2015,8,1,38.0,99.0,,,False,False,True,False,2015-02-16,True,False,0.3838383838383838,
Indonesia,2015,9,1,35.0,110.0,,,False,False,True,False,2015-02-23,True,False,0.3181818181818182,
Indonesia,2015,10,1,54.0,158.0,,,False,False,True,False,2015-03-02,True,False,0.34177215189873417,
Indonesia,2015,11,1,46.0,181.0,,,False,False,True,False,2015-03-09,True,False,0.2541436464088398,
Indonesia,2015,12,1,31.0,151.0,,,False,False,True,False,2015-03-16,True,False,0.2052980132450331,
Indonesia,2015,13,1,41.0,155.0,,,False,False,True,False,2015-03-23,True,False,0.2645161290322581,
Indonesia,2015,14,1,32.0,130.0,,,False,False,True,False,2015-03-30,True,False,0.24615384615384617,
Indonesia,2015,15,1,22.0,119.0,,,False,False,True,False,2015-04-06,True,False,0.18487394957983194,
Indonesia,2015,16,1,31.0,209.0,,,False,False,True,False,2015-04-13,True,False,0.14832535885167464,
Indonesia,2015,17,1,24.0,150.0,,,False,False,True,False,2015-04-20,True,False,0.16,
Indonesia,2015,18,1,15.0,140.0,,,False,False,True,False,2015-04-27,True,False,0.10714285714285714,
Indonesia,2015,19,1,22.0,136.0,,,False,False,True,False,2015-05-04,True,False,0.16176470588235295,
Indonesia,2015,20,1,10.0,89.0,,,False,False,True,False,2015-05-11,True,False,0.11235955056179775,
Indonesia,2015,21,1,25.0,145.0,,,False,False,True,False,2015-05-18,True,False,0.1724137931034483,
Indonesia,2015,22,1,10.0,104.0,,,False,False,True,False,2015-05-25,True,False,0.09615384615384616,
Indonesia,2015,23,1,9.0,85.0,,,False,False,True,False,2015-06-01,True,False,0.10588235294117647,
Indonesia,2015,24,1,14.0,95.0,,,False,False,True,False,2015-06-08,True,False,0.14736842105263157,
Indonesia,2015,25,1,10.0,92.0,,,False,False,True,False,2015-06-15,True,False,0.10869565217391304,
Indonesia,2015,26,1,7.0,90.0,,,False,False,True,False,2015-06-22,True,False,0.07777777777777778,
Indonesia,2015,27,1,10.0,103.0,,,False,False,True,False,2015-06-29,True,False,0.0970873786407767,
Indonesia,2015,28,1,10.0,86.0,,,False,False,True,False,2015-07-06,True,False,0.11627906976744186,
Indonesia,2015,29,1,3.0,18.0,,,False,False,True,False,2015-07-13,True,False,0.16666666666666666,
Indonesia,2015,30,1,5.0,38.0,,,False,False,True,False,2015-07-20,True,False,0.13157894736842105,
Indonesia,2015,31,1,6.0,57.0,,,False,False,True,False,2015-07-27,True,False,0.10526315789473684,
Indonesia,2015,32,1,8.0,71.0,,,False,False,True,False,2015-08-03,True,False,0.11267605633802817,
Indonesia,2015,33,1,12.0,64.0,,,False,False,True,False,2015-08-10,True,False,0.1875,
Indonesia,2015,34,1,13.0,81.0,,,False,False,True,False,2015-08-17,True,False,0.16049382716049382,
Indonesia,2015,35,1,12.0,102.0,,,False,False,True,False,2015-08-24,True,False,0.11764705882352941,
Indonesia,2015,36,1,18.0,126.0,,,False,False,True,False,2015-08-31,True,False,0.14285714285714285,
Indonesia,2015,37,1,18.0,109.0,,,False,False,True,False,2015-09-07,True,False,0.1651376146788991,
Indonesia,2015,38,1,22.0,105.0,,,False,False,True,False,2015-09-14,True,False,0.20952380952380953,
Indonesia,2015,39,1,13.0,70.0,,,False,False,True,False,2015-09-21,True,False,0.18571428571428572,
Indonesia,2015,40,1,17.0,103.0,,,False,False,True,False,2015-09-28,True,False,0.1650485436893204,
Indonesia,2015,41,1,17.0,85.0,,,False,False,True,False,2015-10-05,True,False,0.2,
Indonesia,2015,42,1,13.0,128.0,,,False,False,True,False,2015-10-12,True,False,0.1015625,
Indonesia,2015,43,1,28.0,123.0,,,False,False,True,False,2015-10-19,True,False,0.22764227642276422,
Indonesia,2015,44,1,27.0,140.0,,,False,False,True,False,2015-10-26,True,False,0.19285714285714287,
Indonesia,2015,45,1,10.0,90.0,,,False,False,True,False,2015-11-02,True,False,0.1111111111111111,
Indonesia,2015,46,1,11.0,81.0,,,False,False,True,False,2015-11-09,True,False,0.13580246913580246,
Indonesia,2015,47,1,16.0,78.0,,,False,False,True,False,2015-11-16,True,False,0.20512820512820512,
Indonesia,2015,48,1,24.0,66.0,,,False,False,True,False,2015-11-23,True,False,0.36363636363636365,
Indonesia,2015,49,1,18.0,47.0,,,False,False,True,False,2015-11-30,True,False,0.3829787234042553,
Indonesia,2015,50,1,7.0,42.0,,,False,False,True,False,2015-12-07,True,False,0.16666666666666666,
Indonesia,2015,51,1,14.0,51.0,,,False,False,True,False,2015-12-14,True,False,0.27450980392156865,
Indonesia,2015,52,1,12.0,96.0,,,False,False,True,False,2015-12-21,True,False,0.125,
Indonesia,2015,53,1,20.0,74.0,,,False,False,True,False,2015-12-28,True,False,0.2702702702702703,
Indonesia,2016,1,1,31.0,135.0,,,False,False,True,False,2016-01-04,True,False,0.22962962962962963,
Indonesia,2016,2,1,40.0,165.0,,,False,False,True,False,2016-01-11,True,False,0.24242424242424243,
Indonesia,2016,3,1,50.0,174.0,,,False,False,True,False,2016-01-18,True,False,0.28735632183908044,
Indonesia,2016,4,1,61.0,161.0,,,False,False,True,False,2016-01-25,True,False,0.37888198757763975,
Indonesia,2016,5,1,26.0,137.0,,,False,False,True,False,2016-02-01,True,False,0.1897810218978102,
Indonesia,2016,6,1,33.0,122.0,,,False,False,True,False,2016-02-08,True,False,0.27049180327868855,
Indonesia,2016,7,1,43.0,161.0,,,False,False,True,False,2016-02-15,True,False,0.2670807453416149,
Indonesia,2016,8,1,49.0,153.0,,,False,False,True,False,2016-02-22,True,False,0.3202614379084967,
Indonesia,2016,9,1,43.0,160.0,,,False,False,True,False,2016-02-29,True,False,0.26875,
Indonesia,2016,10,1,46.0,139.0,,,False,False,True,False,2016-03-07,True,False,0.33093525179856115,
Indonesia,2016,11,1,77.0,173.0,,,False,False,True,False,2016-03-14,True,False,0.44508670520231214,
Indonesia,2016,12,1,49.0,144.0,,,False,False,True,False,2016-03-21,True,False,0.3402777777777778,
Indonesia,2016,13,1,53.0,118.0,,,False,False,True,False,2016-03-28,True,False,0.4491525423728814,
Indonesia,2016,14,1,78.0,171.0,,,False,False,True,False,2016-04-04,True,False,0.45614035087719296,
Indonesia,2016,15,1,103.0,207.0,,,False,False,True,False,2016-04-11,True,False,0.4975845410628019,
Indonesia,2016,16,1,52.0,143.0,,,False,False,True,False,2016-04-18,True,False,0.36363636363636365,
Indonesia,2016,17,1,57.0,160.0,,,False,False,True,False,2016-04-25,True,False,0.35625,
Indonesia,2016,18,1,33.0,91.0,,,False,False,True,False,2016-05-02,True,False,0.3626373626373626,
Indonesia,2016,19,1,45.0,133.0,,,False,False,True,False,2016-05-09,True,False,0.3383458646616541,
Indonesia,2016,20,1,43.0,128.0,,,False,False,True,False,2016-05-16,True,False,0.3359375,
Indonesia,2016,21,1,21.0,71.0,,,False,False,True,False,2016-05-23,True,False,0.29577464788732394,
Indonesia,2016,22,1,21.0,88.0,,,False,False,True,False,2016-05-30,True,False,0.23863636363636365,
Indonesia,2016,23,1,41.0,94.0,,,False,False,True,False,2016-06-06,True,False,0.43617021276595747,
Indonesia,2016,24,1,29.0,86.0,,,False,False,True,False,2016-06-13,True,False,0.3372093023255814,
Indonesia,2016,25,1,19.0,77.0,,,False,False,True,False,2016-06-20,True,False,0.24675324675324675,
Indonesia,2016,26,1,6.0,47.0,,,False,False,True,False,2016-06-27,True,False,0.1276595744680851,
Indonesia,2016,27,1,3.0,6.0,,,False,False,True,False,2016-07-04,True,False,0.5,
Indonesia,2016,28,1,11.0,51.0,,,False,False,True,False,2016-07-11,True,False,0.21568627450980393,
Indonesia,2016,29,1,3.0,36.0,,,False,False,True,False,2016-07-18,True,False,0.08333333333333333,
Indonesia,2016,30,1,10.0,66.0,,,False,False,True,False,2016-07-25,True,False,0.15151515151515152,
Indonesia,2016,31,1,7.0,65.0,,,False,False,True,False,2016-08-01,True,False,0.1076923076923077,
Indonesia,2016,32,1,11.0,78.0,,,False,False,True,False,2016-08-08,True,False,0.14102564102564102,
Indonesia,2016,33,1,6.0,65.0,,,False,False,True,False,2016-08-15,True,False,0.09230769230769231,
Indonesia,2016,34,1,9.0,74.0,,,False,False,True,False,2016-08-22,True,False,0.12162162162162163,
Indonesia,2016,35,1,3.0,56.0,,,False,False,True,False,2016-08-29,True,False,0.05357142857142857,
Indonesia,2016,36,1,2.0,51.0,,,False,False,True,False,2016-09-05,True,False,0.0392156862745098,
Indonesia,2016,37,1,1.0,28.0,,,False,False,True,False,2016-09-12,True,False,0.03571428571428571,
Indonesia,2016,38,1,3.0,51.0,,,False,False,True,False,2016-09-19,True,False,0.058823529411764705,
Indonesia,2016,39,1,10.0,71.0,,,False,False,True,False,2016-09-26,True,False,0.14084507042253522,
Indonesia,2016,40,1,3.0,55.0,,,False,False,True,False,2016-10-03,True,False,0.05454545454545454,
Indonesia,2016,41,1,7.0,92.0,,,False,False,True,False,2016-10-10,True,False,0.07608695652173914,
Indonesia,2016,42,1,8.0,83.0,,,False,False,True,False,2016-10-17,True,False,0.0963855421686747,
Indonesia,2016,43,1,4.0,61.0,,,False,False,True,False,2016-10-24,True,False,0.06557377049180328,
Indonesia,2016,44,1,3.0,55.0,,,False,False,True,False,2016-10-31,True,False,0.05454545454545454,
Indonesia,2016,45,1,4.0,52.0,,,False,False,True,False,2016-11-07,True,False,0.07692307692307693,
Indonesia,2016,46,1,1.0,30.0,,,False,False,True,False,2016-11-14,True,False,0.03333333333333333,
Indonesia,2016,47,1,7.0,48.0,,,False,False,True,False,2016-11-21,True,False,0.14583333333333334,
Indonesia,2016,48,1,5.0,55.0,,,False,False,True,False,2016-11-28,True,False,0.09090909090909091,
Indonesia,2016,49,1,11.0,48.0,,,False,False,True,False,2016-12-05,True,False,0.22916666666666666,
Indonesia,2016,50,1,4.0,24.0,,,False,False,True,False,2016-12-12,True,False,0.16666666666666666,
Indonesia,2016,51,1,3.0,26.0,,,False,False,True,False,2016-12-19,True,False,0.11538461538461539,
Indonesia,2016,52,1,13.0,41.0,,,False,False,True,False,2016-12-26,True,False,0.3170731707317073,
Indonesia,2017,1,1,8.0,36.0,,,False,False,True,False,2017-01-02,True,False,0.2222222222222222,
Indonesia,2017,2,1,32.0,76.0,,,False,False,True,False,2017-01-09,True,False,0.42105263157894735,
Indonesia,2017,3,1,40.0,97.0,,,False,False,True,False,2017-01-16,True,False,0.41237113402061853,
Indonesia,2017,4,1,24.0,72.0,,,False,False,True,False,2017-01-23,True,False,0.3333333333333333,
Indonesia,2017,5,1,38.0,80.0,,,False,False,True,False,2017-01-30,True,False,0.475,
Indonesia,2017,6,1,42.0,89.0,,,False,False,True,False,2017-02-06,True,False,0.47191011235955055,
Indonesia,2017,7,1,14.0,41.0,,,False,False,True,False,2017-02-13,True,False,0.34146341463414637,
Indonesia,2017,8,1,25.0,64.0,,,False,False,True,False,2017-02-20,True,False,0.390625,
Indonesia,2017,9,1,27.0,69.0,,,False,False,True,False,2017-02-27,True,False,0.391304347826087,
Indonesia,2017,10,1,31.0,72.0,,,False,False,True,False,2017-03-06,True,False,0.4305555555555556,
Indonesia,2017,11,1,19.0,50.0,,,False,False,True,False,2017-03-13,True,False,0.38,
Indonesia,2017,12,1,21.0,54.0,,,False,False,True,False,2017-03-20,True,False,0.3888888888888889,
Indonesia,2017,13,1,16.0,40.0,,,False,False,True,False,2017-03-27,True,False,0.4,
Indonesia,2017,14,1,16.0,50.0,,,False,False,True,False,2017-04-03,True,False,0.32,
Indonesia,2017,15,1,8.0,43.0,,,False,False,True,False,2017-04-10,True,False,0.18604651162790697,
Indonesia,2017,16,1,18.0,75.0,,,False,False,True,False,2017-04-17,True,False,0.24,
Indonesia,2017,17,1,14.0,75.0,,,False,False,True,False,2017-04-24,True,False,0.18666666666666668,
Indonesia,2017,18,1,12.0,55.0,,,False,False,True,False,2017-05-01,True,False,0.21818181818181817,
Indonesia,2017,19,1,17.0,82.0,,,False,False,True,False,2017-05-08,True,False,0.2073170731707317,
Indonesia,2017,20,1,13.0,58.0,,,False,False,True,False,2017-05-15,True,False,0.22413793103448276,
Indonesia,2017,21,1,10.0,57.0,,,False,False,True,False,2017-05-22,True,False,0.17543859649122806,
Indonesia,2017,22,1,10.0,36.0,,,False,False,True,False,2017-05-29,True,False,0.2777777777777778,
Indonesia,2017,23,1,14.0,50.0,,,False,False,True,False,2017-06-05,True,False,0.28,
Indonesia,2017,24,1,9.0,55.0,,,False,False,True,False,2017-06-12,True,False,0.16363636363636364,
Indonesia,2017,25,1,8.0,31.0,,,False,False,True,False,2017-06-19,True,False,0.25806451612903225,
Indonesia,2017,26,1,0.0,2.0,,,False,False,True,False,2017-06-26,True,False,0.0,
Indonesia,2017,27,1,16.0,68.0,,,False,False,True,False,2017-07-03,True,False,0.23529411764705882,
Indonesia,2017,28,1,5.0,54.0,,,False,False,True,False,2017-07-10,True,False,0.09259259259259259,
Indonesia,2017,29,1,7.0,42.0,,,False,False,True,False,2017-07-17,True,False,0.16666666666666666,
Indonesia,2017,30,1,14.0,46.0,,,False,False,True,False,2017-07-24,True,False,0.30434782608695654,
Indonesia,2017,31,1,15.0,58.0,,,False,False,True,False,2017-07-31,True,False,0.25862068965517243,
Indonesia,2017,32,1,6.0,61.0,,,False,False,True,False,2017-08-07,True,False,0.09836065573770492,
Indonesia,2017,33,1,9.0,49.0,,,False,False,True,False,2017-08-14,True,False,0.1836734693877551,
Indonesia,2017,34,1,13.0,59.0,,,False,False,True,False,2017-08-21,True,False,0.22033898305084745,
Indonesia,2017,35,1,10.0,35.0,,,False,False,True,False,2017-08-28,True,False,0.2857142857142857,
Indonesia,2017,36,1,19.0,70.0,,,False,False,True,False,2017-09-04,True,False,0.2714285714285714,
Indonesia,2017,37,1,18.0,52.0,,,False,False,True,False,2017-09-11,True,False,0.34615384615384615,
Indonesia,2017,38,1,14.0,58.0,,,False,False,True,False,2017-09-18,True,False,0.2413793103448276,
Indonesia,2017,39,1,33.0,100.0,,,False,False,True,False,2017-09-25,True,False,0.33,
Indonesia,2017,40,1,19.0,89.0,,,False,False,True,False,2017-10-02,True,False,0.21348314606741572,
Indonesia,2017,41,1,42.0,102.0,,,False,False,True,False,2017-10-09,True,False,0.4117647058823529,
Indonesia,2017,42,1,33.0,98.0,,,False,False,True,False,2017-10-16,True,False,0.336734693877551,
Indonesia,2017,43,1,44.0,116.0,,,False,False,True,False,2017-10-23,True,False,0.3793103448275862,
Indonesia,2017,44,1,31.0,79.0,,,False,False,True,False,2017-10-30,True,False,0.3924050632911392,
Indonesia,2017,45,1,68.0,150.0,,,False,False,True,False,2017-11-06,True,False,0.4533333333333333,
Indonesia,2017,46,1,32.0,91.0,,,False,False,True,False,2017-11-13,True,False,0.3516483516483517,
Indonesia,2017,47,1,40.0,93.0,,,False,False,True,False,2017-11-20,True,False,0.43010752688172044,
Indonesia,2017,48,1,21.0,40.0,,,False,False,True,False,2017-11-27,True,False,0.525,
Indonesia,2017,49,1,16.0,32.0,,,False,False,True,False,2017-12-04,True,False,0.5,
Indonesia,2017,50,1,23.0,54.0,,,False,False,True,False,2017-12-11,True,False,0.42592592592592593,
Indonesia,2017,51,1,8.0,14.0,,,False,False,True,False,2017-12-18,True,False,0.5714285714285714,
Indonesia,2017,52,1,3.0,7.0,,,False,False,True,False,2017-12-25,True,False,0.42857142857142855,
Indonesia,2018,1,1,25.0,56.0,,,False,False,True,False,2018-01-01,True,False,0.44642857142857145,
Indonesia,2018,2,1,42.0,98.0,,,False,False,True,False,2018-01-08,True,False,0.42857142857142855,
Indonesia,2018,3,1,41.0,96.0,,,False,False,True,False,2018-01-15,True,False,0.4270833333333333,
Indonesia,2018,4,1,33.0,83.0,,,False,False,True,False,2018-01-22,True,False,0.39759036144578314,
Indonesia,2018,5,1,25.0,63.0,,,False,False,True,False,2018-01-29,True,False,0.3968253968253968,
Indonesia,2018,6,1,30.0,90.0,,,False,False,True,False,2018-02-05,True,False,0.3333333333333333,
Indonesia,2018,7,1,27.0,69.0,,,False,False,True,False,2018-02-12,True,False,0.391304347826087,
Indonesia,2018,8,1,29.0,82.0,,,False,False,True,False,2018-02-19,True,False,0.35365853658536583,
Indonesia,2018,9,1,29.0,83.0,,,False,False,True,False,2018-02-26,True,False,0.3493975903614458,
Indonesia,2018,10,1,20.0,83.0,,,False,False,True,False,2018-03-05,True,False,0.24096385542168675,
Indonesia,2018,11,1,31.0,90.0,,,False,False,True,False,2018-03-12,True,False,0.34444444444444444,
Indonesia,2018,12,1,26.0,91.0,,,False,False,True,False,2018-03-19,True,False,0.2857142857142857,
Indonesia,2018,13,1,15.0,63.0,,,False,False,True,False,2018-03-26,True,False,0.23809523809523808,
Indonesia,2018,14,1,24.0,81.0,,,False,False,True,False,2018-04-02,True,False,0.2962962962962963,
Indonesia,2018,15,1,15.0,60.0,,,False,False,True,False,2018-04-09,True,False,0.25,
Indonesia,2018,16,1,22.0,93.0,,,False,False,True,False,2018-04-16,True,False,0.23655913978494625,
Indonesia,2018,17,1,12.0,86.0,,,False,False,True,False,2018-04-23,True,False,0.13953488372093023,
Indonesia,2018,18,1,29.0,90.0,,,False,False,True,False,2018-04-30,True,False,0.32222222222222224,
Indonesia,2018,19,1,20.0,73.0,,,False,False,True,False,2018-05-07,True,False,0.273972602739726,
Indonesia,2018,20,1,17.0,75.0,,,False,False,True,False,2018-05-14,True,False,0.22666666666666666,
Indonesia,2018,21,1,7.0,60.0,,,False,False,True,False,2018-05-21,True,False,0.11666666666666667,
Indonesia,2018,22,1,11.0,40.0,,,False,False,True,False,2018-05-28,True,False,0.275,
Indonesia,2018,23,1,3.0,44.0,,,False,False,True,False,2018-06-04,True,False,0.06818181818181818,
Indonesia,2018,24,1,5.0,16.0,,,False,False,True,False,2018-06-11,True,False,0.3125,
Indonesia,2018,25,1,5.0,25.0,,,False,False,True,False,2018-06-18,True,False,0.2,
Indonesia,2018,26,1,8.0,49.0,,,False,False,True,False,2018-06-25,True,False,0.16326530612244897,
Indonesia,2018,27,1,15.0,74.0,,,False,False,True,False,2018-07-02,True,False,0.20270270270270271,
Indonesia,2018,28,1,6.0,49.0,,,False,False,True,False,2018-07-09,True,False,0.12244897959183673,
Indonesia,2018,29,1,8.0,55.0,,,False,False,True,False,2018-07-16,True,False,0.14545454545454545,
Indonesia,2018,30,1,7.0,40.0,,,False,False,True,False,2018-07-23,True,False,0.175,
Indonesia,2018,31,1,5.0,51.0,,,False,False,True,False,2018-07-30,True,False,0.09803921568627451,
Indonesia,2018,32,1,10.0,45.0,,,False,False,True,False,2018-08-06,True,False,0.2222222222222222,
Indonesia,2018,33,1,13.0,58.0,,,False,False,True,False,2018-08-13,True,False,0.22413793103448276,
Indonesia,2018,34,1,4.0,50.0,,,False,False,True,False,2018-08-20,True,False,0.08,
Indonesia,2018,35,1,9.0,46.0,,,False,False,True,False,2018-08-27,True,False,0.1956521739130435,
Indonesia,2018,36,1,0.0,39.0,,,False,False,True,False,2018-09-03,True,False,0.0,
Indonesia,2018,37,1,14.0,46.0,,,False,False,True,False,2018-09-10,True,False,0.30434782608695654,
Indonesia,2018,38,1,6.0,43.0,,,False,False,True,False,2018-09-17,True,False,0.13953488372093023,
Indonesia,2018,39,1,3.0,36.0,,,False,False,True,False,2018-09-24,True,False,0.08333333333333333,
Indonesia,2018,40,1,3.0,22.0,,,False,False,True,False,2018-10-01,True,False,0.13636363636363635,
Indonesia,2018,41,1,5.0,41.0,,,False,False,True,False,2018-10-08,True,False,0.12195121951219512,
Indonesia,2018,42,1,11.0,50.0,,,False,False,True,False,2018-10-15,True,False,0.22,
Indonesia,2018,43,1,8.0,29.0,,,False,False,True,False,2018-10-22,True,False,0.27586206896551724,
Indonesia,2018,44,1,8.0,50.0,,,False,False,True,False,2018-10-29,True,False,0.16,
Indonesia,2018,45,1,1.0,14.0,,,False,False,True,False,2018-11-05,True,False,0.07142857142857142,
Indonesia,2018,46,1,4.0,34.0,,,False,False,True,False,2018-11-12,True,False,0.11764705882352941,
Indonesia,2018,47,1,4.0,23.0,,,False,False,True,False,2018-11-19,True,False,0.17391304347826086,
Indonesia,2018,48,1,9.0,31.0,,,False,False,True,False,2018-11-26,True,False,0.2903225806451613,
Indonesia,2018,49,1,1.0,18.0,,,False,False,True,False,2018-12-03,True,False,0.05555555555555555,
Indonesia,2018,50,1,3.0,14.0,,,False,False,True,False,2018-12-10,True,False,0.21428571428571427,
Indonesia,2018,51,1,1.0,13.0,,,False,False,True,False,2018-12-17,True,False,0.07692307692307693,
Indonesia,2018,52,1,1.0,2.0,,,False,False,True,False,2018-12-24,True,False,0.5,
Indonesia,2019,1,1,18.0,43.0,,,False,False,True,False,2018-12-31,True,False,0.4186046511627907,
Indonesia,2019,2,1,17.0,52.0,,,False,False,True,False,2019-01-07,True,False,0.3269230769230769,
Indonesia,2019,3,1,34.0,74.0,,,False,False,True,False,2019-01-14,True,False,0.4594594594594595,
Indonesia,2019,4,1,39.0,101.0,,,False,False,True,False,2019-01-21,True,False,0.38613861386138615,
Indonesia,2019,5,1,51.0,95.0,,,False,False,True,False,2019-01-28,True,False,0.5368421052631579,
Indonesia,2019,6,1,20.0,56.0,,,False,False,True,False,2019-02-04,True,False,0.35714285714285715,
Indonesia,2019,7,1,24.0,79.0,,,False,False,True,False,2019-02-11,True,False,0.3037974683544304,
Indonesia,2019,8,1,31.0,69.0,,,False,False,True,False,2019-02-18,True,False,0.4492753623188406,
Indonesia,2019,9,1,16.0,67.0,,,False,False,True,False,2019-02-25,True,False,0.23880597014925373,
Indonesia,2019,10,1,14.0,53.0,,,False,False,True,False,2019-03-04,True,False,0.2641509433962264,
Indonesia,2019,11,1,17.0,49.0,,,False,False,True,False,2019-03-11,True,False,0.3469387755102041,
Indonesia,2019,12,1,9.0,56.0,,,False,False,True,False,2019-03-18,True,False,0.16071428571428573,
Indonesia,2019,13,1,18.0,38.0,,,False,False,True,False,2019-03-25,True,False,0.47368421052631576,
Indonesia,2019,14,1,7.0,15.0,,,False,False,True,False,2019-04-01,True,False,0.4666666666666667,
Indonesia,2019,15,1,16.0,43.0,,,False,False,True,False,2019-04-08,True,False,0.37209302325581395,
Indonesia,2019,16,1,15.0,27.0,,,False,False,True,False,2019-04-15,True,False,0.5555555555555556,
Indonesia,2019,17,1,9.0,27.0,,,False,False,True,False,2019-04-22,True,False,0.3333333333333333,
Indonesia,2019,18,1,11.0,30.0,,,False,False,True,False,2019-04-29,True,False,0.36666666666666664,
Indonesia,2019,19,1,4.0,18.0,,,False,False,True,False,2019-05-06,True,False,0.2222222222222222,
Indonesia,2019,20,1,11.0,26.0,,,False,False,True,False,2019-05-13,True,False,0.4230769230769231,
Indonesia,2019,21,1,10.0,29.0,,,False,False,True,False,2019-05-20,True,False,0.3448275862068966,
Indonesia,2019,22,1,3.0,16.0,,,False,False,True,False,2019-05-27,True,False,0.1875,
Indonesia,2019,23,1,0.0,5.0,,,False,False,True,False,2019-06-03,True,False,0.0,
Indonesia,2019,24,1,6.0,26.0,,,False,False,True,False,2019-06-10,True,False,0.23076923076923078,
Indonesia,2019,25,1,0.0,19.0,,,False,False,True,False,2019-06-17,True,False,0.0,
Indonesia,2019,26,1,1.0,11.0,,,False,False,True,False,2019-06-24,True,False,0.09090909090909091,
Indonesia,2019,27,1,5.0,24.0,,,False,False,True,False,2019-07-01,True,False,0.20833333333333334,
Indonesia,2019,28,1,3.0,17.0,,,False,False,True,False,2019-07-08,True,False,0.17647058823529413,
Indonesia,2019,29,1,3.0,21.0,,,False,False,True,False,2019-07-15,True,False,0.14285714285714285,
Indonesia,2019,30,1,1.0,21.0,,,False,False,True,False,2019-07-22,True,False,0.047619047619047616,
Indonesia,2019,31,1,2.0,16.0,,,False,False,True,False,2019-07-29,True,False,0.125,
Indonesia,2019,32,1,3.0,32.0,,,False,False,True,False,2019-08-05,True,False,0.09375,
Indonesia,2019,33,1,2.0,29.0,,,False,False,True,False,2019-08-12,True,False,0.06896551724137931,
Indonesia,2019,34,1,5.0,33.0,,,False,False,True,False,2019-08-19,True,False,0.15151515151515152,
Indonesia,2019,35,1,5.0,28.0,,,False,False,True,False,2019-08-26,True,False,0.17857142857142858,
Indonesia,2019,36,1,4.0,38.0,,,False,False,True,False,2019-09-02,True,False,0.10526315789473684,
Indonesia,2019,37,1,4.0,25.0,,,False,False,True,False,2019-09-09,True,False,0.16,
Indonesia,2019,38,1,5.0,36.0,,,False,False,True,False,2019-09-16,True,False,0.1388888888888889,
Indonesia,2019,39,1,6.0,34.0,,,False,False,True,False,2019-09-23,True,False,0.17647058823529413,
Indonesia,2019,40,1,7.0,31.0,,,False,False,True,False,2019-09-30,True,False,0.22580645161290322,
Indonesia,2019,41,1,6.0,32.0,,,False,False,True,False,2019-10-07,True,False,0.1875,
Indonesia,2019,42,1,8.0,20.0,,,False,False,True,False,2019-10-14,True,False,0.4,
Indonesia,2019,43,1,5.0,20.0,,,False,False,True,False,2019-10-21,True,False,0.25,
Indonesia,2019,44,1,8.0,28.0,,,False,False,True,False,2019-10-28,True,False,0.2857142857142857,
Indonesia,2019,45,1,3.0,20.0,,,False,False,True,False,2019-11-04,True,False,0.15,
Indonesia,2019,46,1,6.0,39.0,,,False,False,True,False,2019-11-11,True,False,0.15384615384615385,
Indonesia,2019,47,1,2.0,21.0,,,False,False,True,False,2019-11-18,True,False,0.09523809523809523,
Indonesia,2019,48,1,1.0,12.0,,,False,False,True,False,2019-11-25,True,False,0.08333333333333333,
Indonesia,2019,49,1,1.0,4.0,,,False,False,True,False,2019-12-02,True,False,0.25,
Indonesia,2019,50,1,0.0,0.0,,,False,False,True,False,2019-12-09,False,False,,
Indonesia,2019,51,1,0.0,0.0,,,False,False,True,False,2019-12-16,False,False,,
Indonesia,2019,52,1,0.0,0.0,,,False,False,True,False,2019-12-23,False,False,,
Indonesia,2020,1,1,26.0,61.0,0.0,,False,False,True,True,2019-12-30,True,False,0.4262295081967213,
Indonesia,2020,2,1,64.0,124.0,0.0,,False,False,True,True,2020-01-06,True,False,0.5161290322580645,
Indonesia,2020,3,1,118.0,188.0,0.0,,False,False,True,True,2020-01-13,True,False,0.6276595744680851,
Indonesia,2020,4,1,71.0,118.0,0.0,,False,False,True,True,2020-01-20,True,False,0.6016949152542372,
Indonesia,2020,5,1,116.0,201.0,0.0,,False,False,True,True,2020-01-27,True,False,0.5771144278606966,
Indonesia,2020,6,1,87.0,157.0,0.0,,False,False,True,True,2020-02-03,True,False,0.554140127388535,
Indonesia,2020,7,1,45.0,131.0,0.0,,False,False,True,True,2020-02-10,True,False,0.3435114503816794,
Indonesia,2020,8,1,56.0,114.0,0.0,,False,False,True,True,2020-02-17,True,False,0.49122807017543857,
Indonesia,2020,9,1,74.0,149.0,0.0,,False,False,True,True,2020-02-24,True,False,0.4966442953020134,
Indonesia,2020,10,1,76.0,155.0,0.0,,False,False,True,True,2020-03-02,True,False,0.49032258064516127,
Indonesia,2020,11,1,35.0,119.0,0.0,,False,False,True,True,2020-03-09,True,False,0.29411764705882354,
Indonesia,2020,12,1,27.0,121.0,0.0,,False,False,True,True,2020-03-16,True,False,0.2231404958677686,
Indonesia,2020,13,1,10.0,46.0,0.0,,False,False,True,True,2020-03-23,True,False,0.21739130434782608,
Indonesia,2020,14,1,11.0,62.0,0.0,,False,False,True,True,2020-03-30,True,False,0.1774193548387097,
Indonesia,2020,15,1,1.0,14.0,0.0,,False,False,True,True,2020-04-06,True,False,0.07142857142857142,
Indonesia,2020,16,1,2.0,17.0,0.0,,False,False,True,True,2020-04-13,True,False,0.11764705882352941,
Indonesia,2020,17,1,1.0,10.0,0.0,,False,False,True,True,2020-04-20,True,False,0.1,
Indonesia,2020,18,1,0.0,7.0,0.0,,False,False,True,True,2020-04-27,True,False,0.0,
Indonesia,2020,19,1,0.0,8.0,0.0,,False,False,True,True,2020-05-04,True,False,0.0,
Indonesia,2020,20,1,1.0,4.0,0.0,,False,False,True,True,2020-05-11,True,False,0.25,
Indonesia,2020,21,1,0.0,12.0,0.0,,False,False,True,True,2020-05-18,True,False,0.0,
Indonesia,2020,22,1,0.0,4.0,0.0,,False,False,True,True,2020-05-25,True,False,0.0,
Indonesia,2020,23,1,0.0,2.0,0.0,,False,False,True,True,2020-06-01,True,False,0.0,
Indonesia,2020,24,1,0.0,3.0,0.0,,False,False,True,True,2020-06-08,True,False,0.0,
Indonesia,2020,25,1,0.0,8.0,0.0,,False,False,True,True,2020-06-15,True,False,0.0,
Indonesia,2020,26,1,0.0,7.0,0.0,,False,False,True,True,2020-06-22,True,False,0.0,
Indonesia,2020,27,1,0.0,18.0,0.0,,False,False,True,True,2020-06-29,True,False,0.0,
Indonesia,2020,28,1,0.0,12.0,0.0,,False,False,True,True,2020-07-06,True,False,0.0,
Indonesia,2020,29,1,0.0,8.0,0.0,,False,False,True,True,2020-07-13,True,False,0.0,
Indonesia,2020,30,1,0.0,8.0,0.0,,False,False,True,True,2020-07-20,True,False,0.0,
Indonesia,2020,31,1,0.0,12.0,0.0,,False,False,True,True,2020-07-27,True,False,0.0,
Indonesia,2020,32,1,0.0,6.0,0.0,,False,False,True,True,2020-08-03,True,False,0.0,
Indonesia,2020,33,1,0.0,18.0,0.0,,False,False,True,True,2020-08-10,True,False,0.0,
Indonesia,2020,34,1,2.0,10.0,0.0,,False,False,True,True,2020-08-17,True,False,0.2,
Indonesia,2020,35,1,0.0,3.0,0.0,,False,False,True,True,2020-08-24,True,False,0.0,
Indonesia,2020,36,1,2.0,17.0,0.0,,False,False,True,True,2020-08-31,True,False,0.11764705882352941,
Indonesia,2020,37,1,1.0,11.0,0.0,,False,False,True,True,2020-09-07,True,False,0.09090909090909091,
Indonesia,2020,38,1,0.0,12.0,0.0,,False,False,True,True,2020-09-14,True,False,0.0,
Indonesia,2020,39,1,0.0,4.0,0.0,,False,False,True,True,2020-09-21,True,False,0.0,
Indonesia,2020,40,1,0.0,7.0,0.0,,False,False,True,True,2020-09-28,True,False,0.0,
Indonesia,2020,41,1,0.0,5.0,0.0,,False,False,True,True,2020-10-05,True,False,0.0,
Indonesia,2020,42,1,0.0,11.0,0.0,,False,False,True,True,2020-10-12,True,False,0.0,
Indonesia,2020,43,1,0.0,3.0,0.0,,False,False,True,True,2020-10-19,True,False,0.0,
Indonesia,2020,44,1,0.0,1.0,0.0,,False,False,True,True,2020-10-26,True,False,0.0,
Indonesia,2020,45,1,0.0,12.0,0.0,,False,False,True,True,2020-11-02,True,False,0.0,
Indonesia,2020,46,1,0.0,8.0,0.0,,False,False,True,True,2020-11-09,True,False,0.0,
Indonesia,2020,47,1,0.0,17.0,0.0,,False,False,True,True,2020-11-16,True,False,0.0,
Indonesia,2020,48,1,0.0,8.0,0.0,,False,False,True,True,2020-11-23,True,False,0.0,
Indonesia,2020,49,1,0.0,10.0,0.0,,False,False,True,True,2020-11-30,True,False,0.0,
Indonesia,2020,50,1,0.0,15.0,0.0,,False,False,True,True,2020-12-07,True,False,0.0,
Indonesia,2020,51,1,0.0,19.0,0.0,,False,False,True,True,2020-12-14,True,False,0.0,
Indonesia,2020,52,1,0.0,21.0,0.0,,False,False,True,True,2020-12-21,True,False,0.0,
Indonesia,2020,53,1,0.0,6.0,0.0,,False,False,True,True,2020-12-28,True,False,0.0,
Indonesia,2021,1,1,1.0,24.0,0.0,,False,False,True,True,2021-01-04,True,False,0.041666666666666664,
Indonesia,2021,2,1,0.0,3.0,0.0,,False,False,True,True,2021-01-11,True,False,0.0,
Indonesia,2021,3,1,0.0,12.0,0.0,,False,False,True,True,2021-01-18,True,False,0.0,
Indonesia,2021,4,1,0.0,16.0,0.0,,False,False,True,True,2021-01-25,True,False,0.0,
Indonesia,2021,5,1,0.0,51.0,0.0,,False,False,True,True,2021-02-01,True,False,0.0,
Indonesia,2021,6,1,1.0,17.0,0.0,,False,False,True,True,2021-02-08,True,False,0.058823529411764705,
Indonesia,2021,7,1,2.0,30.0,0.0,,False,False,True,True,2021-02-15,True,False,0.06666666666666667,
Indonesia,2021,8,1,1.0,19.0,0.0,,False,False,True,True,2021-02-22,True,False,0.05263157894736842,
Indonesia,2021,9,1,0.0,14.0,0.0,,False,False,True,True,2021-03-01,True,False,0.0,
Indonesia,2021,10,1,2.0,22.0,0.0,,False,False,True,True,2021-03-08,True,False,0.09090909090909091,
Indonesia,2021,11,1,0.0,9.0,0.0,,False,False,True,True,2021-03-15,True,False,0.0,
Indonesia,2021,12,1,1.0,29.0,0.0,,False,False,True,True,2021-03-22,True,False,0.034482758620689655,
Indonesia,2021,13,1,0.0,22.0,0.0,,False,False,True,True,2021-03-29,True,False,0.0,
Indonesia,2021,14,1,3.0,30.0,0.0,,False,False,True,True,2021-04-05,True,False,0.1,
Indonesia,2021,15,1,2.0,23.0,0.0,,False,False,True,True,2021-04-12,True,False,0.08695652173913043,
Indonesia,2021,16,1,1.0,16.0,0.0,,False,False,True,True,2021-04-19,True,False,0.0625,
Indonesia,2021,17,1,0.0,9.0,0.0,,False,False,True,True,2021-04-26,True,False,0.0,
Indonesia,2021,18,1,1.0,24.0,0.0,,False,False,True,True,2021-05-03,True,False,0.041666666666666664,
Indonesia,2021,19,1,1.0,6.0,0.0,,False,False,True,True,2021-05-10,True,False,0.16666666666666666,
Indonesia,2021,20,1,1.0,6.0,0.0,,False,False,True,True,2021-05-17,True,False,0.16666666666666666,
Indonesia,2021,21,1,1.0,12.0,0.0,,False,False,True,True,2021-05-24,True,False,0.08333333333333333,
Indonesia,2021,22,1,0.0,10.0,0.0,,False,False,True,True,2021-05-31,True,False,0.0,
Indonesia,2021,23,1,0.0,10.0,0.0,,False,False,True,True,2021-06-07,True,False,0.0,
Indonesia,2021,24,1,1.0,9.0,0.0,,False,False,True,True,2021-06-14,True,False,0.1111111111111111,
Indonesia,2021,25,1,1.0,23.0,0.0,,False,False,True,True,2021-06-21,True,False,0.043478260869565216,
Indonesia,2021,26,1,0.0,9.0,0.0,,False,False,True,True,2021-06-28,True,False,0.0,
Indonesia,2021,27,1,0.0,7.0,0.0,,False,False,True,True,2021-07-05,True,False,0.0,
Indonesia,2021,28,1,0.0,22.0,0.0,,False,False,True,True,2021-07-12,True,False,0.0,
Indonesia,2021,29,1,0.0,10.0,0.0,,False,False,True,True,2021-07-19,True,False,0.0,
Indonesia,2021,30,1,0.0,5.0,0.0,,False,False,True,True,2021-07-26,True,False,0.0,
Indonesia,2021,31,1,0.0,6.0,0.0,,False,False,True,True,2021-08-02,True,False,0.0,
Indonesia,2021,32,1,0.0,2.0,0.0,,False,False,True,True,2021-08-09,True,False,0.0,
Indonesia,2021,33,1,0.0,8.0,0.0,,False,False,True,True,2021-08-16,True,False,0.0,
Indonesia,2021,34,1,0.0,7.0,0.0,,False,False,True,True,2021-08-23,True,False,0.0,
Indonesia,2021,35,1,0.0,5.0,0.0,,False,False,True,True,2021-08-30,True,False,0.0,
Indonesia,2021,36,1,0.0,9.0,0.0,,False,False,True,True,2021-09-06,True,False,0.0,
Indonesia,2021,37,1,0.0,12.0,0.0,,False,False,True,True,2021-09-13,True,False,0.0,
Indonesia,2021,38,1,1.0,31.0,0.0,,False,False,True,True,2021-09-20,True,False,0.03225806451612903,
Indonesia,2021,39,1,0.0,25.0,0.0,,False,False,True,True,2021-09-27,True,False,0.0,
Indonesia,2021,40,1,0.0,8.0,0.0,,False,False,True,True,2021-10-04,True,False,0.0,
Indonesia,2021,41,1,0.0,8.0,0.0,,False,False,True,True,2021-10-11,True,False,0.0,
Indonesia,2021,42,1,1.0,8.0,0.0,,False,False,True,True,2021-10-18,True,False,0.125,
Indonesia,2021,43,1,0.0,11.0,0.0,,False,False,True,True,2021-10-25,True,False,0.0,
Indonesia,2021,44,1,2.0,4.0,0.0,,False,False,True,True,2021-11-01,True,False,0.5,
Indonesia,2021,45,1,1.0,4.0,0.0,,False,False,True,True,2021-11-08,True,False,0.25,
Indonesia,2021,46,1,2.0,5.0,0.0,,False,False,True,True,2021-11-15,True,False,0.4,
Indonesia,2021,47,1,4.0,6.0,0.0,,False,False,True,True,2021-11-22,True,False,0.6666666666666666,
Indonesia,2021,48,1,5.0,9.0,0.0,,False,False,True,True,2021-11-29,True,False,0.5555555555555556,
Indonesia,2021,49,1,4.0,7.0,0.0,,False,False,True,True,2021-12-06,True,False,0.5714285714285714,
Indonesia,2021,50,1,1.0,9.0,0.0,,False,False,True,True,2021-12-13,True,False,0.1111111111111111,
Indonesia,2021,51,1,3.0,4.0,0.0,,False,False,True,True,2021-12-20,True,False,0.75,
Indonesia,2021,52,1,3.0,6.0,0.0,,False,False,True,True,2021-12-27,True,False,0.5,
Indonesia,2022,1,1,9.0,28.0,0.0,,False,False,True,True,2022-01-03,True,False,0.32142857142857145,
Indonesia,2022,2,1,13.0,25.0,0.0,,False,False,True,True,2022-01-10,True,False,0.52,
Indonesia,2022,3,1,11.0,36.0,0.0,,False,False,True,True,2022-01-17,True,False,0.3055555555555556,
Indonesia,2022,4,1,6.0,33.0,0.0,,False,False,True,True,2022-01-24,True,False,0.18181818181818182,
Indonesia,2022,5,1,5.0,42.0,0.0,,False,False,True,True,2022-01-31,True,False,0.11904761904761904,
Indonesia,2022,6,1,2.0,32.0,0.0,,False,False,True,True,2022-02-07,True,False,0.0625,
Indonesia,2022,7,1,1.0,21.0,0.0,,False,False,True,True,2022-02-14,True,False,0.047619047619047616,
Indonesia,2022,8,1,0.0,19.0,0.0,,False,False,True,True,2022-02-21,True,False,0.0,
Indonesia,2022,9,1,0.0,20.0,0.0,,False,False,True,True,2022-02-28,True,False,0.0,
Indonesia,2022,10,1,0.0,14.0,0.0,,False,False,True,True,2022-03-07,True,False,0.0,
Indonesia,2022,11,1,0.0,19.0,0.0,,False,False,True,True,2022-03-14,True,False,0.0,
Indonesia,2022,12,1,0.0,19.0,0.0,,False,False,True,True,2022-03-21,True,False,0.0,
Indonesia,2022,13,1,0.0,14.0,0.0,,False,False,True,True,2022-03-28,True,False,0.0,
Indonesia,2022,14,1,1.0,16.0,0.0,,False,False,True,True,2022-04-04,True,False,0.0625,
Indonesia,2022,15,1,0.0,18.0,0.0,,False,False,True,True,2022-04-11,True,False,0.0,
Indonesia,2022,16,1,0.0,11.0,0.0,,False,False,True,True,2022-04-18,True,False,0.0,
Indonesia,2022,17,1,0.0,9.0,0.0,,False,False,True,True,2022-04-25,True,False,0.0,
Indonesia,2022,18,1,0.0,7.0,0.0,,False,False,True,True,2022-05-02,True,False,0.0,
Indonesia,2022,19,1,0.0,30.0,0.0,,False,False,True,True,2022-05-09,True,False,0.0,
Indonesia,2022,20,1,0.0,11.0,0.0,,False,False,True,True,2022-05-16,True,False,0.0,
Indonesia,2022,21,1,1.0,11.0,0.0,,False,False,True,True,2022-05-23,True,False,0.09090909090909091,
Indonesia,2022,22,1,0.0,6.0,0.0,,False,False,True,True,2022-05-30,True,False,0.0,
Indonesia,2022,23,1,1.0,20.0,0.0,,False,False,True,True,2022-06-06,True,False,0.05,
Indonesia,2022,24,1,4.0,11.0,0.0,,False,False,True,True,2022-06-13,True,False,0.36363636363636365,
Indonesia,2022,25,1,2.0,20.0,0.0,,False,False,True,True,2022-06-20,True,False,0.1,
Indonesia,2022,26,1,1.0,21.0,0.0,,False,False,True,True,2022-06-27,True,False,0.047619047619047616,
Indonesia,2022,27,1,4.0,22.0,0.0,,False,False,True,True,2022-07-04,True,False,0.18181818181818182,
Indonesia,2022,28,1,0.0,11.0,0.0,,False,False,True,True,2022-07-11,True,False,0.0,
Indonesia,2022,29,1,1.0,29.0,0.0,,False,False,True,True,2022-07-18,True,False,0.034482758620689655,
Indonesia,2022,30,1,8.0,30.0,0.0,,False,False,True,True,2022-07-25,True,False,0.26666666666666666,
Indonesia,2022,31,1,5.0,23.0,0.0,,False,False,True,True,2022-08-01,True,False,0.21739130434782608,
Indonesia,2022,32,1,11.0,36.0,0.0,,False,False,True,True,2022-08-08,True,False,0.3055555555555556,
Indonesia,2022,33,1,3.0,33.0,0.0,,False,False,True,True,2022-08-15,True,False,0.09090909090909091,
Indonesia,2022,34,1,9.0,25.0,0.0,,False,False,True,True,2022-08-22,True,False,0.36,
Indonesia,2022,35,1,5.0,21.0,0.0,,False,False,True,True,2022-08-29,True,False,0.23809523809523808,
Indonesia,2022,36,1,13.0,37.0,0.0,,False,False,True,True,2022-09-05,True,False,0.35135135135135137,
Indonesia,2022,37,1,14.0,34.0,0.0,,False,False,True,True,2022-09-12,True,False,0.4117647058823529,
Indonesia,2022,38,1,12.0,33.0,0.0,,False,False,True,True,2022-09-19,True,False,0.36363636363636365,
Indonesia,2022,39,1,12.0,26.0,0.0,,False,False,True,True,2022-09-26,True,False,0.46153846153846156,
Indonesia,2022,40,1,22.0,48.0,0.0,,False,False,True,True,2022-10-03,True,False,0.4583333333333333,
Indonesia,2022,41,1,7.0,36.0,0.0,,False,False,True,True,2022-10-10,True,False,0.19444444444444445,
Indonesia,2022,42,1,24.0,62.0,0.0,,False,False,True,True,2022-10-17,True,False,0.3870967741935484,
Indonesia,2022,43,1,12.0,40.0,0.0,,False,False,True,True,2022-10-24,True,False,0.3,
Indonesia,2022,44,1,8.0,32.0,0.0,,False,False,True,True,2022-10-31,True,False,0.25,
Indonesia,2022,45,1,4.0,31.0,0.0,,False,False,True,True,2022-11-07,True,False,0.12903225806451613,
Indonesia,2022,46,1,1.0,15.0,0.0,,False,False,True,True,2022-11-14,True,False,0.06666666666666667,
Indonesia,2022,47,1,4.0,19.0,0.0,,False,False,True,True,2022-11-21,True,False,0.21052631578947367,
Indonesia,2022,48,1,3.0,16.0,0.0,,False,False,True,True,2022-11-28,True,False,0.1875,
Indonesia,2022,49,1,4.0,21.0,0.0,,False,False,True,True,2022-12-05,True,False,0.19047619047619047,
Indonesia,2022,50,1,2.0,25.0,0.0,,False,False,True,True,2022-12-12,True,False,0.08,
Indonesia,2022,51,1,3.0,19.0,0.0,,False,False,True,True,2022-12-19,True,False,0.15789473684210525,
Indonesia,2022,52,1,1.0,8.0,0.0,,False,False,True,True,2022-12-26,True,False,0.125,
Indonesia,2023,1,1,3.0,10.0,0.0,,False,False,True,True,2023-01-02,True,False,0.3,
Indonesia,2023,2,1,0.0,9.0,0.0,,False,False,True,True,2023-01-09,True,False,0.0,
Indonesia,2023,3,1,1.0,10.0,0.0,,False,False,True,True,2023-01-16,True,False,0.1,
Indonesia,2023,4,1,1.0,9.0,0.0,,False,False,True,True,2023-01-23,True,False,0.1111111111111111,
Indonesia,2023,5,1,1.0,11.0,0.0,,False,False,True,True,2023-01-30,True,False,0.09090909090909091,
Indonesia,2023,6,1,0.0,9.0,0.0,,False,False,True,True,2023-02-06,True,False,0.0,
Indonesia,2023,7,1,2.0,12.0,0.0,,False,False,True,True,2023-02-13,True,False,0.16666666666666666,
Indonesia,2023,8,1,2.0,10.0,0.0,,False,False,True,True,2023-02-20,True,False,0.2,
Indonesia,2023,9,1,3.0,15.0,0.0,,False,False,True,True,2023-02-27,True,False,0.2,
Indonesia,2023,10,1,10.0,33.0,0.0,,False,False,True,True,2023-03-06,True,False,0.30303030303030304,
Indonesia,2023,11,1,6.0,18.0,0.0,,False,False,True,True,2023-03-13,True,False,0.3333333333333333,
Indonesia,2023,12,1,15.0,40.0,0.0,,False,False,True,True,2023-03-20,True,False,0.375,
Indonesia,2023,13,1,10.0,38.0,0.0,,False,False,True,True,2023-03-27,True,False,0.2631578947368421,
Indonesia,2023,14,1,19.0,43.0,0.0,,False,False,True,True,2023-04-03,True,False,0.4418604651162791,
Indonesia,2023,15,1,11.0,32.0,0.0,,False,False,True,True,2023-04-10,True,False,0.34375,
Indonesia,2023,16,1,3.0,15.0,0.0,,False,False,True,True,2023-04-17,True,False,0.2,
Indonesia,2023,17,1,5.0,20.0,0.0,,False,False,True,True,2023-04-24,True,False,0.25,
Indonesia,2023,18,1,10.0,33.0,0.0,,False,False,True,True,2023-05-01,True,False,0.30303030303030304,
Indonesia,2023,19,1,6.0,16.0,0.0,,False,False,True,True,2023-05-08,True,False,0.375,
Indonesia,2023,20,1,8.0,28.0,0.0,,False,False,True,True,2023-05-15,True,False,0.2857142857142857,
Indonesia,2023,21,1,7.0,63.0,0.0,,False,False,True,True,2023-05-22,True,False,0.1111111111111111,
Indonesia,2023,22,1,5.0,31.0,0.0,,False,False,True,True,2023-05-29,True,False,0.16129032258064516,
Indonesia,2023,23,1,9.0,42.0,0.0,,False,False,True,True,2023-06-05,True,False,0.21428571428571427,
Indonesia,2023,24,1,5.0,34.0,0.0,,False,False,True,True,2023-06-12,True,False,0.14705882352941177,
Indonesia,2023,25,1,4.0,59.0,0.0,,False,False,True,True,2023-06-19,True,False,0.06779661016949153,
Indonesia,2023,26,1,2.0,12.0,0.0,,False,False,True,True,2023-06-26,True,False,0.16666666666666666,
Indonesia,2023,27,1,3.0,17.0,0.0,,False,False,True,True,2023-07-03,True,False,0.17647058823529413,
Indonesia,2023,28,1,2.0,10.0,0.0,,False,False,True,True,2023-07-10,True,False,0.2,
Indonesia,2023,29,1,2.0,10.0,0.0,,False,False,True,True,2023-07-17,True,False,0.2,
Indonesia,2023,30,1,8.0,19.0,0.0,,False,False,True,True,2023-07-24,True,False,0.42105263157894735,
Indonesia,2023,31,1,6.0,21.0,0.0,,False,False,True,True,2023-07-31,True,False,0.2857142857142857,
Indonesia,2023,32,1,6.0,33.0,0.0,,False,False,True,True,2023-08-07,True,False,0.18181818181818182,
Indonesia,2023,33,1,7.0,32.0,0.0,,False,False,True,True,2023-08-14,True,False,0.21875,
Indonesia,2023,34,1,4.0,24.0,0.0,,False,False,True,True,2023-08-21,True,False,0.16666666666666666,
Indonesia,2023,35,1,10.0,23.0,0.0,,False,False,True,True,2023-08-28,True,False,0.43478260869565216,
Indonesia,2023,36,1,19.0,46.0,0.0,,False,False,True,True,2023-09-04,True,False,0.41304347826086957,
Indonesia,2023,37,1,19.0,28.0,0.0,,False,False,True,True,2023-09-11,True,False,0.6785714285714286,
Indonesia,2023,38,1,15.0,41.0,0.0,,False,False,True,True,2023-09-18,True,False,0.36585365853658536,
Indonesia,2023,39,1,21.0,37.0,0.0,,False,False,True,True,2023-09-25,True,False,0.5675675675675675,
Indonesia,2023,40,1,17.0,48.0,0.0,,False,False,True,True,2023-10-02,True,False,0.3541666666666667,
Indonesia,2023,41,1,10.0,37.0,0.0,,False,False,True,True,2023-10-09,True,False,0.2702702702702703,
Indonesia,2023,42,1,14.0,63.0,0.0,,False,False,True,True,2023-10-16,True,False,0.2222222222222222,
Indonesia,2023,43,1,9.0,31.0,0.0,,False,False,True,True,2023-10-23,True,False,0.2903225806451613,
Indonesia,2023,44,1,7.0,36.0,0.0,,False,False,True,True,2023-10-30,True,False,0.19444444444444445,
Indonesia,2023,45,1,12.0,30.0,0.0,,False,False,True,True,2023-11-06,True,False,0.4,
Indonesia,2023,46,1,3.0,27.0,0.0,,False,False,True,True,2023-11-13,True,False,0.1111111111111111,
Indonesia,2023,47,1,5.0,31.0,0.0,,False,False,True,True,2023-11-20,True,False,0.16129032258064516,
Indonesia,2023,48,1,5.0,23.0,0.0,,False,False,True,True,2023-11-27,True,False,0.21739130434782608,
Indonesia,2023,49,1,0.0,26.0,0.0,,False,False,True,True,2023-12-04,True,False,0.0,
Indonesia,2023,50,1,3.0,35.0,0.0,,False,False,True,True,2023-12-11,True,False,0.08571428571428572,
Indonesia,2023,51,1,6.0,29.0,0.0,,False,False,True,True,2023-12-18,True,False,0.20689655172413793,
Indonesia,2023,52,1,8.0,42.0,0.0,,False,False,True,True,2023-12-25,True,False,0.19047619047619047,
Indonesia,2024,1,1,3.0,38.0,0.0,,False,False,True,True,2024-01-01,True,False,0.07894736842105263,
Indonesia,2024,2,1,6.0,61.0,0.0,,False,False,True,True,2024-01-08,True,False,0.09836065573770492,
Indonesia,2024,3,1,8.0,61.0,0.0,,False,False,True,True,2024-01-15,True,False,0.13114754098360656,
Indonesia,2024,4,1,15.0,60.0,0.0,,False,False,True,True,2024-01-22,True,False,0.25,
Indonesia,2024,5,1,8.0,61.0,0.0,,False,False,True,True,2024-01-29,True,False,0.13114754098360656,
Indonesia,2024,6,1,1.0,30.0,0.0,,False,False,True,True,2024-02-05,True,False,0.03333333333333333,
Indonesia,2024,7,1,11.0,52.0,0.0,,False,False,True,True,2024-02-12,True,False,0.21153846153846154,
Indonesia,2024,8,1,13.0,46.0,0.0,,False,False,True,True,2024-02-19,True,False,0.2826086956521739,
Indonesia,2024,9,1,9.0,38.0,0.0,,False,False,True,True,2024-02-26,True,False,0.23684210526315788,
Indonesia,2024,10,1,18.0,50.0,0.0,,False,False,True,True,2024-03-04,True,False,0.36,
Indonesia,2024,11,1,20.0,40.0,0.0,,False,False,True,True,2024-03-11,True,False,0.5,
Indonesia,2024,12,1,14.0,43.0,0.0,,False,False,True,True,2024-03-18,True,False,0.32558139534883723,
Indonesia,2024,13,1,15.0,36.0,0.0,,False,False,True,True,2024-03-25,True,False,0.4166666666666667,
Indonesia,2024,14,1,14.0,45.0,0.0,,False,False,True,True,2024-04-01,True,False,0.3111111111111111,
Indonesia,2024,15,1,4.0,16.0,0.0,,False,False,True,True,2024-04-08,True,False,0.25,
Indonesia,2024,16,1,19.0,47.0,0.0,,False,False,True,True,2024-04-15,True,False,0.40425531914893614,
Indonesia,2024,17,1,10.0,42.0,0.0,,False,False,True,True,2024-04-22,True,False,0.23809523809523808,
Indonesia,2024,18,1,13.0,52.0,0.0,,False,False,True,True,2024-04-29,True,False,0.25,
Indonesia,2024,19,1,11.0,52.0,0.0,,False,False,True,True,2024-05-06,True,False,0.21153846153846154,
Indonesia,2024,20,1,18.0,66.0,0.0,,False,False,True,True,2024-05-13,True,False,0.2727272727272727,
Indonesia,2024,21,1,10.0,52.0,0.0,,False,False,True,True,2024-05-20,True,False,0.19230769230769232,
Indonesia,2024,22,1,8.0,65.0,0.0,,False,False,True,True,2024-05-27,True,False,0.12307692307692308,
Indonesia,2024,23,1,6.0,60.0,0.0,,False,False,True,True,2024-06-03,True,False,0.1,
Indonesia,2024,24,1,11.0,62.0,0.0,,False,False,True,True,2024-06-10,True,False,0.1774193548387097,
Indonesia,2024,25,1,5.0,47.0,0.0,,False,False,True,True,2024-06-17,True,False,0.10638297872340426,
Indonesia,2024,26,1,15.0,64.0,0.0,,False,False,True,True,2024-06-24,True,False,0.234375,
Indonesia,2024,27,1,15.0,69.0,0.0,,False,False,True,True,2024-07-01,True,False,0.21739130434782608,
Indonesia,2024,28,1,6.0,55.0,0.0,,False,False,True,True,2024-07-08,True,False,0.10909090909090909,
Indonesia,2024,29,1,10.0,62.0,0.0,,False,False,True,True,2024-07-15,True,False,0.16129032258064516,
Indonesia,2024,30,1,10.0,57.0,0.0,,False,False,True,True,2024-07-22,True,False,0.17543859649122806,
Indonesia,2024,31,1,7.0,53.0,0.0,,False,False,True,True,2024-07-29,True,False,0.1320754716981132,
Indonesia,2024,32,1,3.0,41.0,0.0,,False,False,True,True,2024-08-05,True,False,0.07317073170731707,
Indonesia,2024,33,1,5.0,47.0,0.0,,False,False,True,True,2024-08-12,True,False,0.10638297872340426,
Indonesia,2024,34,1,9.0,79.0,0.0,,False,False,True,True,2024-08-19,True,False,0.11392405063291139,
Indonesia,2024,35,1,8.0,66.0,0.0,,False,False,True,True,2024-08-26,True,False,0.12121212121212122,
Indonesia,2024,36,1,12.0,81.0,0.0,,False,False,True,True,2024-09-02,True,False,0.14814814814814814,
Indonesia,2024,37,1,8.0,70.0,0.0,,False,False,True,True,2024-09-09,True,False,0.11428571428571428,
Indonesia,2024,38,1,15.0,73.0,0.0,,False,False,True,True,2024-09-16,True,False,0.2054794520547945,
Indonesia,2024,39,1,11.0,76.0,0.0,,False,False,True,True,2024-09-23,True,False,0.14473684210526316,
Indonesia,2024,40,1,22.0,110.0,0.0,,False,False,True,True,2024-09-30,True,False,0.2,
Indonesia,2024,41,1,22.0,111.0,0.0,,False,False,True,True,2024-10-07,True,False,0.1981981981981982,
Indonesia,2024,42,1,31.0,119.0,0.0,,False,False,True,True,2024-10-14,True,False,0.2605042016806723,
Indonesia,2024,43,1,26.0,88.0,0.0,,False,False,True,True,2024-10-21,True,False,0.29545454545454547,
Indonesia,2024,44,1,26.0,102.0,0.0,,False,False,True,True,2024-10-28,True,False,0.2549019607843137,
Indonesia,2024,45,1,24.0,97.0,0.0,,False,False,True,True,2024-11-04,True,False,0.24742268041237114,
Indonesia,2024,46,1,33.0,117.0,0.0,,False,False,True,True,2024-11-11,True,False,0.28205128205128205,
Indonesia,2024,47,1,29.0,103.0,0.0,,False,False,True,True,2024-11-18,True,False,0.2815533980582524,
Indonesia,2024,48,1,20.0,90.0,0.0,,False,False,True,True,2024-11-25,True,False,0.2222222222222222,
Indonesia,2024,49,1,25.0,84.0,0.0,,False,False,True,True,2024-12-02,True,False,0.2976190476190476,
Indonesia,2024,50,1,39.0,96.0,0.0,,False,False,True,True,2024-12-09,True,False,0.40625,
Indonesia,2024,51,1,56.0,134.0,0.0,,False,False,True,True,2024-12-16,True,False,0.417910447761194,
Indonesia,2024,52,1,41.0,78.0,0.0,,False,False,True,True,2024-12-23,True,False,0.5256410256410257,
Indonesia,2025,1,1,45.0,105.0,0.0,,False,False,True,True,2024-12-30,True,False,0.42857142857142855,
Indonesia,2025,2,1,88.0,179.0,0.0,,False,False,True,True,2025-01-06,True,False,0.49162011173184356,
Indonesia,2025,3,1,47.0,132.0,0.0,,False,False,True,True,2025-01-13,True,False,0.3560606060606061,
Indonesia,2025,4,1,66.0,190.0,0.0,,False,False,True,True,2025-01-20,True,False,0.3473684210526316,
Indonesia,2025,5,1,27.0,89.0,0.0,,False,False,True,True,2025-01-27,True,False,0.30337078651685395,
Indonesia,2025,6,1,34.0,167.0,0.0,,False,False,True,True,2025-02-03,True,False,0.20359281437125748,
Indonesia,2025,7,1,28.0,152.0,0.0,,False,False,True,True,2025-02-10,True,False,0.18421052631578946,
Indonesia,2025,8,1,33.0,154.0,0.0,,False,False,True,True,2025-02-17,True,False,0.21428571428571427,
Indonesia,2025,9,1,37.0,172.0,0.0,,False,False,True,True,2025-02-24,True,False,0.21511627906976744,
Indonesia,2025,10,1,44.0,164.0,0.0,,False,False,True,True,2025-03-03,True,False,0.2682926829268293,
Indonesia,2025,11,1,17.0,139.0,0.0,,False,False,True,True,2025-03-10,True,False,0.1223021582733813,
Indonesia,2025,12,1,25.0,119.0,0.0,,False,False,True,True,2025-03-17,True,False,0.21008403361344538,
Indonesia,2025,13,1,17.0,90.0,0.0,,False,False,True,True,2025-03-24,True,False,0.18888888888888888,
Indonesia,2025,14,1,8.0,30.0,0.0,,False,False,True,True,2025-03-31,True,False,0.26666666666666666,
Indonesia,2025,15,1,13.0,94.0,0.0,,False,False,True,True,2025-04-07,True,False,0.13829787234042554,
Indonesia,2025,16,1,14.0,96.0,0.0,,False,False,True,True,2025-04-14,True,False,0.14583333333333334,
Indonesia,2025,17,1,25.0,119.0,0.0,,False,False,True,True,2025-04-21,True,False,0.21008403361344538,
Indonesia,2025,18,1,22.0,97.0,0.0,,False,False,True,True,2025-04-28,True,False,0.2268041237113402,
Indonesia,2025,19,1,18.0,100.0,0.0,,False,False,True,True,2025-05-05,True,False,0.18,
Indonesia,2025,20,1,14.0,53.0,0.0,,False,False,True,True,2025-05-12,True,False,0.2641509433962264,
Indonesia,2025,21,1,20.0,127.0,0.0,,False,False,True,True,2025-05-19,True,False,0.15748031496062992,
Indonesia,2025,22,1,17.0,109.0,0.0,,False,False,True,True,2025-05-26,True,False,0.1559633027522936,
Indonesia,2025,23,1,11.0,103.0,0.0,,False,False,True,True,2025-06-02,True,False,0.10679611650485436,
Indonesia,2025,24,1,26.0,119.0,0.0,,False,False,True,True,2025-06-09,True,False,0.2184873949579832,
Indonesia,2025,25,1,32.0,131.0,0.0,,False,False,True,True,2025-06-16,True,False,0.24427480916030533,
Indonesia,2025,26,1,36.0,141.0,0.0,,False,False,True,True,2025-06-23,True,False,0.2553191489361702,
Indonesia,2025,27,1,39.0,131.0,0.0,,False,False,True,True,2025-06-30,True,False,0.29770992366412213,
Indonesia,2025,28,1,23.0,143.0,0.0,,False,False,True,True,2025-07-07,True,False,0.16083916083916083,
Indonesia,2025,29,1,33.0,124.0,0.0,,False,False,True,True,2025-07-14,True,False,0.2661290322580645,
Indonesia,2025,30,1,33.0,134.0,0.0,,False,False,True,True,2025-07-21,True,False,0.2462686567164179,
Indonesia,2025,31,1,17.0,116.0,0.0,,False,False,True,True,2025-07-28,True,False,0.14655172413793102,
Indonesia,2025,32,1,36.0,139.0,0.0,,False,False,True,True,2025-08-04,True,False,0.2589928057553957,
Indonesia,2025,33,1,32.0,166.0,0.0,,False,False,True,True,2025-08-11,True,False,0.1927710843373494,
Indonesia,2025,34,1,49.0,187.0,0.0,,False,False,True,True,2025-08-18,True,False,0.2620320855614973,
Indonesia,2025,35,1,55.0,194.0,0.0,,False,False,True,True,2025-08-25,True,False,0.28350515463917525,
Indonesia,2025,36,1,60.0,182.0,0.0,,False,False,True,True,2025-09-01,True,False,0.32967032967032966,
Indonesia,2025,37,1,79.0,217.0,0.0,,False,False,True,True,2025-09-08,True,False,0.3640552995391705,
Indonesia,2025,38,1,105.0,237.0,0.0,,False,False,True,True,2025-09-15,True,False,0.4430379746835443,
Indonesia,2025,39,1,122.0,245.0,0.0,,False,False,True,True,2025-09-22,True,False,0.49795918367346936,
Indonesia,2025,40,1,126.0,249.0,0.0,,False,False,True,True,2025-09-29,True,False,0.5060240963855421,
Indonesia,2025,41,1,105.0,238.0,0.0,,False,False,True,True,2025-10-06,True,False,0.4411764705882353,
Indonesia,2025,42,1,98.0,243.0,0.0,,False,False,True,True,2025-10-13,True,False,0.40329218106995884,
Indonesia,2025,43,1,114.0,289.0,0.0,,False,False,True,True,2025-10-20,True,False,0.3944636678200692,
Indonesia,2025,44,1,106.0,247.0,0.0,,False,False,True,True,2025-10-27,True,False,0.4291497975708502,
Indonesia,2025,45,1,84.0,205.0,0.0,,False,False,True,True,2025-11-03,True,False,0.4097560975609756,
Indonesia,2025,46,1,99.0,225.0,0.0,,False,False,True,True,2025-11-10,True,False,0.44,
Indonesia,2025,47,1,62.0,173.0,0.0,,False,False,True,True,2025-11-17,True,False,0.3583815028901734,
Indonesia,2025,48,1,46.0,182.0,0.0,,False,False,True,True,2025-11-24,True,False,0.25274725274725274,
Indonesia,2025,49,1,38.0,186.0,0.0,,False,False,True,True,2025-12-01,True,False,0.20430107526881722,
Indonesia,2025,50,1,31.0,183.0,0.0,,False,False,True,True,2025-12-08,True,False,0.16939890710382513,
Indonesia,2025,51,1,35.0,189.0,0.0,,False,False,True,True,2025-12-15,True,False,0.18518518518518517,
Indonesia,2025,52,1,20.0,121.0,0.0,,False,False,True,True,2025-12-22,True,False,0.1652892561983471,
Lao People's Democratic Republic,2011,1,1,6.0,23.0,,,False,False,True,False,2011-01-03,True,False,0.2608695652173913,
Lao People's Democratic Republic,2011,2,1,1.0,14.0,,,False,False,True,False,2011-01-10,True,False,0.07142857142857142,
Lao People's Democratic Republic,2011,3,1,1.0,7.0,,,False,False,True,False,2011-01-17,True,False,0.14285714285714285,
Lao People's Democratic Republic,2011,4,1,3.0,24.0,,,False,False,True,False,2011-01-24,True,False,0.125,
Lao People's Democratic Republic,2011,5,1,3.0,27.0,,,False,False,True,False,2011-01-31,True,False,0.1111111111111111,
Lao People's Democratic Republic,2011,6,1,2.0,18.0,,,False,False,True,False,2011-02-07,True,False,0.1111111111111111,
Lao People's Democratic Republic,2011,7,1,3.0,26.0,,,False,False,True,False,2011-02-14,True,False,0.11538461538461539,
Lao People's Democratic Republic,2011,8,1,1.0,28.0,,,False,False,True,False,2011-02-21,True,False,0.03571428571428571,
Lao People's Democratic Republic,2011,9,1,7.0,46.0,,,False,False,True,False,2011-02-28,True,False,0.15217391304347827,
Lao People's Democratic Republic,2011,10,1,1.0,46.0,,,False,False,True,False,2011-03-07,True,False,0.021739130434782608,
Lao People's Democratic Republic,2011,11,1,1.0,39.0,,,False,False,True,False,2011-03-14,True,False,0.02564102564102564,
Lao People's Democratic Republic,2011,12,1,0.0,42.0,,,False,False,True,False,2011-03-21,True,False,0.0,
Lao People's Democratic Republic,2011,13,1,1.0,54.0,,,False,False,True,False,2011-03-28,True,False,0.018518518518518517,
Lao People's Democratic Republic,2011,14,1,1.0,42.0,,,False,False,True,False,2011-04-04,True,False,0.023809523809523808,
Lao People's Democratic Republic,2011,15,1,1.0,28.0,,,False,False,True,False,2011-04-11,True,False,0.03571428571428571,
Lao People's Democratic Republic,2011,16,1,3.0,23.0,,,False,False,True,False,2011-04-18,True,False,0.13043478260869565,
Lao People's Democratic Republic,2011,17,1,0.0,39.0,,,False,False,True,False,2011-04-25,True,False,0.0,
Lao People's Democratic Republic,2011,18,1,0.0,3.0,,,False,False,True,False,2011-05-02,True,False,0.0,
Lao People's Democratic Republic,2011,19,1,0.0,35.0,,,False,False,True,False,2011-05-09,True,False,0.0,
Lao People's Democratic Republic,2011,20,1,2.0,25.0,,,False,False,True,False,2011-05-16,True,False,0.08,
Lao People's Democratic Republic,2011,21,1,0.0,31.0,,,False,False,True,False,2011-05-23,True,False,0.0,
Lao People's Democratic Republic,2011,22,1,0.0,34.0,,,False,False,True,False,2011-05-30,True,False,0.0,
Lao People's Democratic Republic,2011,23,1,0.0,19.0,,,False,False,True,False,2011-06-06,True,False,0.0,
Lao People's Democratic Republic,2011,24,1,0.0,24.0,,,False,False,True,False,2011-06-13,True,False,0.0,
Lao People's Democratic Republic,2011,25,1,1.0,29.0,,,False,False,True,False,2011-06-20,True,False,0.034482758620689655,
Lao People's Democratic Republic,2011,26,1,1.0,28.0,,,False,False,True,False,2011-06-27,True,False,0.03571428571428571,
Lao People's Democratic Republic,2011,27,1,0.0,23.0,,,False,False,True,False,2011-07-04,True,False,0.0,
Lao People's Democratic Republic,2011,28,1,0.0,30.0,,,False,False,True,False,2011-07-11,True,False,0.0,
Lao People's Democratic Republic,2011,29,1,0.0,30.0,,,False,False,True,False,2011-07-18,True,False,0.0,
Lao People's Democratic Republic,2011,30,1,1.0,46.0,,,False,False,True,False,2011-07-25,True,False,0.021739130434782608,
Lao People's Democratic Republic,2011,31,1,0.0,37.0,,,False,False,True,False,2011-08-01,True,False,0.0,
Lao People's Democratic Republic,2011,32,1,3.0,31.0,,,False,False,True,False,2011-08-08,True,False,0.0967741935483871,
Lao People's Democratic Republic,2011,33,1,0.0,22.0,,,False,False,True,False,2011-08-15,True,False,0.0,
Lao People's Democratic Republic,2011,34,1,2.0,33.0,,,False,False,True,False,2011-08-22,True,False,0.06060606060606061,
Lao People's Democratic Republic,2011,35,1,6.0,39.0,,,False,False,True,False,2011-08-29,True,False,0.15384615384615385,
Lao People's Democratic Republic,2011,36,1,4.0,44.0,,,False,False,True,False,2011-09-05,True,False,0.09090909090909091,
Lao People's Democratic Republic,2011,37,1,3.0,36.0,,,False,False,True,False,2011-09-12,True,False,0.08333333333333333,
Lao People's Democratic Republic,2011,38,1,14.0,56.0,,,False,False,True,False,2011-09-19,True,False,0.25,
Lao People's Democratic Republic,2011,39,1,24.0,75.0,,,False,False,True,False,2011-09-26,True,False,0.32,
Lao People's Democratic Republic,2011,40,1,17.0,65.0,,,False,False,True,False,2011-10-03,True,False,0.26153846153846155,
Lao People's Democratic Republic,2011,41,1,14.0,56.0,,,False,False,True,False,2011-10-10,True,False,0.25,
Lao People's Democratic Republic,2011,42,1,14.0,41.0,,,False,False,True,False,2011-10-17,True,False,0.34146341463414637,
Lao People's Democratic Republic,2011,43,1,12.0,33.0,,,False,False,True,False,2011-10-24,True,False,0.36363636363636365,
Lao People's Democratic Republic,2011,44,1,16.0,65.0,,,False,False,True,False,2011-10-31,True,False,0.24615384615384617,
Lao People's Democratic Republic,2011,45,1,8.0,38.0,,,False,False,True,False,2011-11-07,True,False,0.21052631578947367,
Lao People's Democratic Republic,2011,46,1,16.0,60.0,,,False,False,True,False,2011-11-14,True,False,0.26666666666666666,
Lao People's Democratic Republic,2011,47,1,13.0,88.0,,,False,False,True,False,2011-11-21,True,False,0.14772727272727273,
Lao People's Democratic Republic,2011,48,1,15.0,39.0,,,False,False,True,False,2011-11-28,True,False,0.38461538461538464,
Lao People's Democratic Republic,2011,49,1,6.0,49.0,,,False,False,True,False,2011-12-05,True,False,0.12244897959183673,
Lao People's Democratic Republic,2011,50,1,3.0,24.0,,,False,False,True,False,2011-12-12,True,False,0.125,
Lao People's Democratic Republic,2011,51,1,1.0,16.0,,,False,False,True,False,2011-12-19,True,False,0.0625,
Lao People's Democratic Republic,2011,52,1,4.0,20.0,,,False,False,True,False,2011-12-26,True,False,0.2,
Lao People's Democratic Republic,2012,1,1,9.0,43.0,,,False,False,True,False,2012-01-02,True,False,0.20930232558139536,
Lao People's Democratic Republic,2012,2,1,4.0,39.0,,,False,False,True,False,2012-01-09,True,False,0.10256410256410256,
Lao People's Democratic Republic,2012,3,1,4.0,32.0,,,False,False,True,False,2012-01-16,True,False,0.125,
Lao People's Democratic Republic,2012,4,1,9.0,32.0,,,False,False,True,False,2012-01-23,True,False,0.28125,
Lao People's Democratic Republic,2012,5,1,4.0,30.0,,,False,False,True,False,2012-01-30,True,False,0.13333333333333333,
Lao People's Democratic Republic,2012,6,1,18.0,82.0,,,False,False,True,False,2012-02-06,True,False,0.21951219512195122,
Lao People's Democratic Republic,2012,7,1,3.0,24.0,,,False,False,True,False,2012-02-13,True,False,0.125,
Lao People's Democratic Republic,2012,8,1,4.0,52.0,,,False,False,True,False,2012-02-20,True,False,0.07692307692307693,
Lao People's Democratic Republic,2012,9,1,0.0,38.0,,,False,False,True,False,2012-02-27,True,False,0.0,
Lao People's Democratic Republic,2012,10,1,0.0,28.0,,,False,False,True,False,2012-03-05,True,False,0.0,
Lao People's Democratic Republic,2012,11,1,0.0,30.0,,,False,False,True,False,2012-03-12,True,False,0.0,
Lao People's Democratic Republic,2012,12,1,2.0,43.0,,,False,False,True,False,2012-03-19,True,False,0.046511627906976744,
Lao People's Democratic Republic,2012,13,1,4.0,29.0,,,False,False,True,False,2012-03-26,True,False,0.13793103448275862,
Lao People's Democratic Republic,2012,14,1,0.0,33.0,,,False,False,True,False,2012-04-02,True,False,0.0,
Lao People's Democratic Republic,2012,15,1,0.0,27.0,,,False,False,True,False,2012-04-09,True,False,0.0,
Lao People's Democratic Republic,2012,16,1,0.0,9.0,,,False,False,True,False,2012-04-16,True,False,0.0,
Lao People's Democratic Republic,2012,17,1,0.0,36.0,,,False,False,True,False,2012-04-23,True,False,0.0,
Lao People's Democratic Republic,2012,18,1,1.0,23.0,,,False,False,True,False,2012-04-30,True,False,0.043478260869565216,
Lao People's Democratic Republic,2012,19,1,0.0,17.0,,,False,False,True,False,2012-05-07,True,False,0.0,
Lao People's Democratic Republic,2012,20,1,2.0,44.0,,,False,False,True,False,2012-05-14,True,False,0.045454545454545456,
Lao People's Democratic Republic,2012,21,1,0.0,23.0,,,False,False,True,False,2012-05-21,True,False,0.0,
Lao People's Democratic Republic,2012,22,1,1.0,62.0,,,False,False,True,False,2012-05-28,True,False,0.016129032258064516,
Lao People's Democratic Republic,2012,23,1,1.0,38.0,,,False,False,True,False,2012-06-04,True,False,0.02631578947368421,
Lao People's Democratic Republic,2012,24,1,2.0,38.0,,,False,False,True,False,2012-06-11,True,False,0.05263157894736842,
Lao People's Democratic Republic,2012,25,1,4.0,47.0,,,False,False,True,False,2012-06-18,True,False,0.0851063829787234,
Lao People's Democratic Republic,2012,26,1,4.0,21.0,,,False,False,True,False,2012-06-25,True,False,0.19047619047619047,
Lao People's Democratic Republic,2012,27,1,10.0,47.0,,,False,False,True,False,2012-07-02,True,False,0.2127659574468085,
Lao People's Democratic Republic,2012,28,1,3.0,33.0,,,False,False,True,False,2012-07-09,True,False,0.09090909090909091,
Lao People's Democratic Republic,2012,29,1,3.0,26.0,,,False,False,True,False,2012-07-16,True,False,0.11538461538461539,
Lao People's Democratic Republic,2012,30,1,3.0,29.0,,,False,False,True,False,2012-07-23,True,False,0.10344827586206896,
Lao People's Democratic Republic,2012,31,1,3.0,13.0,,,False,False,True,False,2012-07-30,True,False,0.23076923076923078,
Lao People's Democratic Republic,2012,32,1,6.0,68.0,,,False,False,True,False,2012-08-06,True,False,0.08823529411764706,
Lao People's Democratic Republic,2012,33,1,8.0,48.0,,,False,False,True,False,2012-08-13,True,False,0.16666666666666666,
Lao People's Democratic Republic,2012,34,1,9.0,38.0,,,False,False,True,False,2012-08-20,True,False,0.23684210526315788,
Lao People's Democratic Republic,2012,35,1,0.0,6.0,,,False,False,True,False,2012-08-27,True,False,0.0,
Lao People's Democratic Republic,2012,36,1,5.0,29.0,,,False,False,True,False,2012-09-03,True,False,0.1724137931034483,
Lao People's Democratic Republic,2012,37,1,26.0,64.0,,,False,False,True,False,2012-09-10,True,False,0.40625,
Lao People's Democratic Republic,2012,38,1,21.0,54.0,,,False,False,True,False,2012-09-17,True,False,0.3888888888888889,
Lao People's Democratic Republic,2012,39,1,17.0,57.0,,,False,False,True,False,2012-09-24,True,False,0.2982456140350877,
Lao People's Democratic Republic,2012,40,1,4.0,39.0,,,False,False,True,False,2012-10-01,True,False,0.10256410256410256,
Lao People's Democratic Republic,2012,41,1,12.0,47.0,,,False,False,True,False,2012-10-08,True,False,0.2553191489361702,
Lao People's Democratic Republic,2012,42,1,9.0,38.0,,,False,False,True,False,2012-10-15,True,False,0.23684210526315788,
Lao People's Democratic Republic,2012,43,1,1.0,26.0,,,False,False,True,False,2012-10-22,True,False,0.038461538461538464,
Lao People's Democratic Republic,2012,44,1,4.0,29.0,,,False,False,True,False,2012-10-29,True,False,0.13793103448275862,
Lao People's Democratic Republic,2012,45,1,3.0,20.0,,,False,False,True,False,2012-11-05,True,False,0.15,
Lao People's Democratic Republic,2012,46,1,5.0,39.0,,,False,False,True,False,2012-11-12,True,False,0.1282051282051282,
Lao People's Democratic Republic,2012,47,1,5.0,23.0,,,False,False,True,False,2012-11-19,True,False,0.21739130434782608,
Lao People's Democratic Republic,2012,48,1,13.0,60.0,,,False,False,True,False,2012-11-26,True,False,0.21666666666666667,
Lao People's Democratic Republic,2012,49,1,2.0,30.0,,,False,False,True,False,2012-12-03,True,False,0.06666666666666667,
Lao People's Democratic Republic,2012,50,1,11.0,38.0,,,False,False,True,False,2012-12-10,True,False,0.2894736842105263,
Lao People's Democratic Republic,2012,51,1,11.0,44.0,,,False,False,True,False,2012-12-17,True,False,0.25,
Lao People's Democratic Republic,2012,52,1,9.0,47.0,,,False,False,True,False,2012-12-24,True,False,0.19148936170212766,
Lao People's Democratic Republic,2013,1,1,1.0,12.0,,,False,False,True,False,2012-12-31,True,False,0.08333333333333333,
Lao People's Democratic Republic,2013,2,1,9.0,45.0,,,False,False,True,False,2013-01-07,True,False,0.2,
Lao People's Democratic Republic,2013,3,1,8.0,34.0,,,False,False,True,False,2013-01-14,True,False,0.23529411764705882,
Lao People's Democratic Republic,2013,4,1,4.0,32.0,,,False,False,True,False,2013-01-21,True,False,0.125,
Lao People's Democratic Republic,2013,5,1,5.0,23.0,,,False,False,True,False,2013-01-28,True,False,0.21739130434782608,
Lao People's Democratic Republic,2013,6,1,4.0,30.0,,,False,False,True,False,2013-02-04,True,False,0.13333333333333333,
Lao People's Democratic Republic,2013,7,1,4.0,35.0,,,False,False,True,False,2013-02-11,True,False,0.11428571428571428,
Lao People's Democratic Republic,2013,8,1,7.0,37.0,,,False,False,True,False,2013-02-18,True,False,0.1891891891891892,
Lao People's Democratic Republic,2013,9,1,2.0,37.0,,,False,False,True,False,2013-02-25,True,False,0.05405405405405406,
Lao People's Democratic Republic,2013,10,1,5.0,17.0,,,False,False,True,False,2013-03-04,True,False,0.29411764705882354,
Lao People's Democratic Republic,2013,11,1,1.0,27.0,,,False,False,True,False,2013-03-11,True,False,0.037037037037037035,
Lao People's Democratic Republic,2013,12,1,1.0,32.0,,,False,False,True,False,2013-03-18,True,False,0.03125,
Lao People's Democratic Republic,2013,13,1,6.0,39.0,,,False,False,True,False,2013-03-25,True,False,0.15384615384615385,
Lao People's Democratic Republic,2013,14,1,6.0,29.0,,,False,False,True,False,2013-04-01,True,False,0.20689655172413793,
Lao People's Democratic Republic,2013,15,1,3.0,16.0,,,False,False,True,False,2013-04-08,True,False,0.1875,
Lao People's Democratic Republic,2013,16,1,0.0,1.0,,,False,False,True,False,2013-04-15,True,False,0.0,
Lao People's Democratic Republic,2013,17,1,2.0,33.0,,,False,False,True,False,2013-04-22,True,False,0.06060606060606061,
Lao People's Democratic Republic,2013,18,1,1.0,21.0,,,False,False,True,False,2013-04-29,True,False,0.047619047619047616,
Lao People's Democratic Republic,2013,19,1,9.0,50.0,,,False,False,True,False,2013-05-06,True,False,0.18,
Lao People's Democratic Republic,2013,20,1,1.0,42.0,,,False,False,True,False,2013-05-13,True,False,0.023809523809523808,
Lao People's Democratic Republic,2013,21,1,1.0,36.0,,,False,False,True,False,2013-05-20,True,False,0.027777777777777776,
Lao People's Democratic Republic,2013,22,1,3.0,38.0,,,False,False,True,False,2013-05-27,True,False,0.07894736842105263,
Lao People's Democratic Republic,2013,23,1,1.0,34.0,,,False,False,True,False,2013-06-03,True,False,0.029411764705882353,
Lao People's Democratic Republic,2013,24,1,1.0,31.0,,,False,False,True,False,2013-06-10,True,False,0.03225806451612903,
Lao People's Democratic Republic,2013,25,1,1.0,36.0,,,False,False,True,False,2013-06-17,True,False,0.027777777777777776,
Lao People's Democratic Republic,2013,26,1,1.0,35.0,,,False,False,True,False,2013-06-24,True,False,0.02857142857142857,
Lao People's Democratic Republic,2013,27,1,0.0,35.0,,,False,False,True,False,2013-07-01,True,False,0.0,
Lao People's Democratic Republic,2013,28,1,3.0,50.0,,,False,False,True,False,2013-07-08,True,False,0.06,
Lao People's Democratic Republic,2013,29,1,1.0,43.0,,,False,False,True,False,2013-07-15,True,False,0.023255813953488372,
Lao People's Democratic Republic,2013,30,1,1.0,30.0,,,False,False,True,False,2013-07-22,True,False,0.03333333333333333,
Lao People's Democratic Republic,2013,31,1,0.0,32.0,,,False,False,True,False,2013-07-29,True,False,0.0,
Lao People's Democratic Republic,2013,32,1,0.0,37.0,,,False,False,True,False,2013-08-05,True,False,0.0,
Lao People's Democratic Republic,2013,33,1,5.0,36.0,,,False,False,True,False,2013-08-12,True,False,0.1388888888888889,
Lao People's Democratic Republic,2013,34,1,2.0,51.0,,,False,False,True,False,2013-08-19,True,False,0.0392156862745098,
Lao People's Democratic Republic,2013,35,1,1.0,24.0,,,False,False,True,False,2013-08-26,True,False,0.041666666666666664,
Lao People's Democratic Republic,2013,36,1,1.0,37.0,,,False,False,True,False,2013-09-02,True,False,0.02702702702702703,
Lao People's Democratic Republic,2013,37,1,4.0,44.0,,,False,False,True,False,2013-09-09,True,False,0.09090909090909091,
Lao People's Democratic Republic,2013,38,1,5.0,45.0,,,False,False,True,False,2013-09-16,True,False,0.1111111111111111,
Lao People's Democratic Republic,2013,39,1,10.0,69.0,,,False,False,True,False,2013-09-23,True,False,0.14492753623188406,
Lao People's Democratic Republic,2013,40,1,14.0,64.0,,,False,False,True,False,2013-09-30,True,False,0.21875,
Lao People's Democratic Republic,2013,41,1,14.0,76.0,,,False,False,True,False,2013-10-07,True,False,0.18421052631578946,
Lao People's Democratic Republic,2013,42,1,12.0,65.0,,,False,False,True,False,2013-10-14,True,False,0.18461538461538463,
Lao People's Democratic Republic,2013,43,1,5.0,32.0,,,False,False,True,False,2013-10-21,True,False,0.15625,
Lao People's Democratic Republic,2013,44,1,13.0,42.0,,,False,False,True,False,2013-10-28,True,False,0.30952380952380953,
Lao People's Democratic Republic,2013,45,1,11.0,40.0,,,False,False,True,False,2013-11-04,True,False,0.275,
Lao People's Democratic Republic,2013,46,1,5.0,43.0,,,False,False,True,False,2013-11-11,True,False,0.11627906976744186,
Lao People's Democratic Republic,2013,47,1,17.0,100.0,,,False,False,True,False,2013-11-18,True,False,0.17,
Lao People's Democratic Republic,2013,48,1,4.0,66.0,,,False,False,True,False,2013-11-25,True,False,0.06060606060606061,
Lao People's Democratic Republic,2013,49,1,7.0,23.0,,,False,False,True,False,2013-12-02,True,False,0.30434782608695654,
Lao People's Democratic Republic,2013,50,1,7.0,49.0,,,False,False,True,False,2013-12-09,True,False,0.14285714285714285,
Lao People's Democratic Republic,2013,51,1,1.0,27.0,,,False,False,True,False,2013-12-16,True,False,0.037037037037037035,
Lao People's Democratic Republic,2013,52,1,2.0,56.0,,,False,False,True,False,2013-12-23,True,False,0.03571428571428571,
Lao People's Democratic Republic,2014,1,1,11.0,48.0,,,False,False,True,False,2013-12-30,True,False,0.22916666666666666,
Lao People's Democratic Republic,2014,2,1,6.0,44.0,,,False,False,True,False,2014-01-06,True,False,0.13636363636363635,
Lao People's Democratic Republic,2014,3,1,17.0,63.0,,,False,False,True,False,2014-01-13,True,False,0.2698412698412698,
Lao People's Democratic Republic,2014,4,1,7.0,44.0,,,False,False,True,False,2014-01-20,True,False,0.1590909090909091,
Lao People's Democratic Republic,2014,5,1,4.0,37.0,,,False,False,True,False,2014-01-27,True,False,0.10810810810810811,
Lao People's Democratic Republic,2014,6,1,6.0,38.0,,,False,False,True,False,2014-02-03,True,False,0.15789473684210525,
Lao People's Democratic Republic,2014,7,1,9.0,31.0,,,False,False,True,False,2014-02-10,True,False,0.2903225806451613,
Lao People's Democratic Republic,2014,8,1,12.0,59.0,,,False,False,True,False,2014-02-17,True,False,0.2033898305084746,
Lao People's Democratic Republic,2014,9,1,10.0,85.0,,,False,False,True,False,2014-02-24,True,False,0.11764705882352941,
Lao People's Democratic Republic,2014,10,1,9.0,58.0,,,False,False,True,False,2014-03-03,True,False,0.15517241379310345,
Lao People's Democratic Republic,2014,11,1,7.0,50.0,,,False,False,True,False,2014-03-10,True,False,0.14,
Lao People's Democratic Republic,2014,12,1,6.0,50.0,,,False,False,True,False,2014-03-17,True,False,0.12,
Lao People's Democratic Republic,2014,13,1,11.0,44.0,,,False,False,True,False,2014-03-24,True,False,0.25,
Lao People's Democratic Republic,2014,14,1,16.0,64.0,,,False,False,True,False,2014-03-31,True,False,0.25,
Lao People's Democratic Republic,2014,15,1,2.0,40.0,,,False,False,True,False,2014-04-07,True,False,0.05,
Lao People's Democratic Republic,2014,16,1,0.0,1.0,,,False,False,True,False,2014-04-14,True,False,0.0,
Lao People's Democratic Republic,2014,17,1,3.0,29.0,,,False,False,True,False,2014-04-21,True,False,0.10344827586206896,
Lao People's Democratic Republic,2014,18,1,9.0,52.0,,,False,False,True,False,2014-04-28,True,False,0.17307692307692307,
Lao People's Democratic Republic,2014,19,1,5.0,36.0,,,False,False,True,False,2014-05-05,True,False,0.1388888888888889,
Lao People's Democratic Republic,2014,20,1,4.0,31.0,,,False,False,True,False,2014-05-12,True,False,0.12903225806451613,
Lao People's Democratic Republic,2014,21,1,3.0,20.0,,,False,False,True,False,2014-05-19,True,False,0.15,
Lao People's Democratic Republic,2014,22,1,7.0,47.0,,,False,False,True,False,2014-05-26,True,False,0.14893617021276595,
Lao People's Democratic Republic,2014,23,1,1.0,23.0,,,False,False,True,False,2014-06-02,True,False,0.043478260869565216,
Lao People's Democratic Republic,2014,24,1,2.0,39.0,,,False,False,True,False,2014-06-09,True,False,0.05128205128205128,
Lao People's Democratic Republic,2014,25,1,0.0,30.0,,,False,False,True,False,2014-06-16,True,False,0.0,
Lao People's Democratic Republic,2014,26,1,0.0,29.0,,,False,False,True,False,2014-06-23,True,False,0.0,
Lao People's Democratic Republic,2014,27,1,14.0,75.0,,,False,False,True,False,2014-06-30,True,False,0.18666666666666668,
Lao People's Democratic Republic,2014,28,1,4.0,45.0,,,False,False,True,False,2014-07-07,True,False,0.08888888888888889,
Lao People's Democratic Republic,2014,29,1,3.0,37.0,,,False,False,True,False,2014-07-14,True,False,0.08108108108108109,
Lao People's Democratic Republic,2014,30,1,4.0,44.0,,,False,False,True,False,2014-07-21,True,False,0.09090909090909091,
Lao People's Democratic Republic,2014,31,1,4.0,91.0,,,False,False,True,False,2014-07-28,True,False,0.04395604395604396,
Lao People's Democratic Republic,2014,32,1,5.0,51.0,,,False,False,True,False,2014-08-04,True,False,0.09803921568627451,
Lao People's Democratic Republic,2014,33,1,5.0,75.0,,,False,False,True,False,2014-08-11,True,False,0.06666666666666667,
Lao People's Democratic Republic,2014,34,1,8.0,77.0,,,False,False,True,False,2014-08-18,True,False,0.1038961038961039,
Lao People's Democratic Republic,2014,35,1,10.0,79.0,,,False,False,True,False,2014-08-25,True,False,0.12658227848101267,
Lao People's Democratic Republic,2014,36,1,9.0,72.0,,,False,False,True,False,2014-09-01,True,False,0.125,
Lao People's Democratic Republic,2014,37,1,13.0,59.0,,,False,False,True,False,2014-09-08,True,False,0.22033898305084745,
Lao People's Democratic Republic,2014,38,1,16.0,106.0,,,False,False,True,False,2014-09-15,True,False,0.1509433962264151,
Lao People's Democratic Republic,2014,39,1,8.0,108.0,,,False,False,True,False,2014-09-22,True,False,0.07407407407407407,
Lao People's Democratic Republic,2014,40,1,35.0,130.0,,,False,False,True,False,2014-09-29,True,False,0.2692307692307692,
Lao People's Democratic Republic,2014,41,1,5.0,54.0,,,False,False,True,False,2014-10-06,True,False,0.09259259259259259,
Lao People's Democratic Republic,2014,42,1,12.0,64.0,,,False,False,True,False,2014-10-13,True,False,0.1875,
Lao People's Democratic Republic,2014,43,1,8.0,70.0,,,False,False,True,False,2014-10-20,True,False,0.11428571428571428,
Lao People's Democratic Republic,2014,44,1,6.0,33.0,,,False,False,True,False,2014-10-27,True,False,0.18181818181818182,
Lao People's Democratic Republic,2014,45,1,4.0,32.0,,,False,False,True,False,2014-11-03,True,False,0.125,
Lao People's Democratic Republic,2014,46,1,2.0,39.0,,,False,False,True,False,2014-11-10,True,False,0.05128205128205128,
Lao People's Democratic Republic,2014,47,1,12.0,45.0,,,False,False,True,False,2014-11-17,True,False,0.26666666666666666,
Lao People's Democratic Republic,2014,48,1,18.0,55.0,,,False,False,True,False,2014-11-24,True,False,0.32727272727272727,
Lao People's Democratic Republic,2014,49,1,2.0,21.0,,,False,False,True,False,2014-12-01,True,False,0.09523809523809523,
Lao People's Democratic Republic,2014,50,1,12.0,56.0,,,False,False,True,False,2014-12-08,True,False,0.21428571428571427,
Lao People's Democratic Republic,2014,51,1,19.0,86.0,,,False,False,True,False,2014-12-15,True,False,0.22093023255813954,
Lao People's Democratic Republic,2014,52,1,3.0,22.0,,,False,False,True,False,2014-12-22,True,False,0.13636363636363635,
Lao People's Democratic Republic,2015,2,1,5.0,29.0,,,False,False,True,False,2015-01-05,True,False,0.1724137931034483,
Lao People's Democratic Republic,2015,3,1,16.0,84.0,,,False,False,True,False,2015-01-12,True,False,0.19047619047619047,
Lao People's Democratic Republic,2015,4,1,14.0,101.0,,,False,False,True,False,2015-01-19,True,False,0.13861386138613863,
Lao People's Democratic Republic,2015,5,1,13.0,86.0,,,False,False,True,False,2015-01-26,True,False,0.1511627906976744,
Lao People's Democratic Republic,2015,6,1,12.0,92.0,,,False,False,True,False,2015-02-02,True,False,0.13043478260869565,
Lao People's Democratic Republic,2015,7,1,9.0,67.0,,,False,False,True,False,2015-02-09,True,False,0.13432835820895522,
Lao People's Democratic Republic,2015,8,1,22.0,100.0,,,False,False,True,False,2015-02-16,True,False,0.22,
Lao People's Democratic Republic,2015,9,1,39.0,104.0,,,False,False,True,False,2015-02-23,True,False,0.375,
Lao People's Democratic Republic,2015,10,1,16.0,73.0,,,False,False,True,False,2015-03-02,True,False,0.2191780821917808,
Lao People's Democratic Republic,2015,11,1,26.0,113.0,,,False,False,True,False,2015-03-09,True,False,0.23008849557522124,
Lao People's Democratic Republic,2015,12,1,23.0,81.0,,,False,False,True,False,2015-03-16,True,False,0.2839506172839506,
Lao People's Democratic Republic,2015,13,1,20.0,95.0,,,False,False,True,False,2015-03-23,True,False,0.21052631578947367,
Lao People's Democratic Republic,2015,14,1,10.0,88.0,,,False,False,True,False,2015-03-30,True,False,0.11363636363636363,
Lao People's Democratic Republic,2015,15,1,15.0,98.0,,,False,False,True,False,2015-04-06,True,False,0.15306122448979592,
Lao People's Democratic Republic,2015,16,1,3.0,47.0,,,False,False,True,False,2015-04-13,True,False,0.06382978723404255,
Lao People's Democratic Republic,2015,17,1,5.0,19.0,,,False,False,True,False,2015-04-20,True,False,0.2631578947368421,
Lao People's Democratic Republic,2015,18,1,12.0,87.0,,,False,False,True,False,2015-04-27,True,False,0.13793103448275862,
Lao People's Democratic Republic,2015,19,1,19.0,166.0,,,False,False,True,False,2015-05-04,True,False,0.1144578313253012,
Lao People's Democratic Republic,2015,20,1,11.0,103.0,,,False,False,True,False,2015-05-11,True,False,0.10679611650485436,
Lao People's Democratic Republic,2015,21,1,19.0,109.0,,,False,False,True,False,2015-05-18,True,False,0.1743119266055046,
Lao People's Democratic Republic,2015,22,1,1.0,54.0,,,False,False,True,False,2015-05-25,True,False,0.018518518518518517,
Lao People's Democratic Republic,2015,23,1,13.0,130.0,,,False,False,True,False,2015-06-01,True,False,0.1,
Lao People's Democratic Republic,2015,24,1,6.0,93.0,,,False,False,True,False,2015-06-08,True,False,0.06451612903225806,
Lao People's Democratic Republic,2015,25,1,2.0,66.0,,,False,False,True,False,2015-06-15,True,False,0.030303030303030304,
Lao People's Democratic Republic,2015,26,1,7.0,125.0,,,False,False,True,False,2015-06-22,True,False,0.056,
Lao People's Democratic Republic,2015,27,1,5.0,67.0,,,False,False,True,False,2015-06-29,True,False,0.07462686567164178,
Lao People's Democratic Republic,2015,28,1,22.0,139.0,,,False,False,True,False,2015-07-06,True,False,0.15827338129496402,
Lao People's Democratic Republic,2015,29,1,11.0,150.0,,,False,False,True,False,2015-07-13,True,False,0.07333333333333333,
Lao People's Democratic Republic,2015,30,1,14.0,101.0,,,False,False,True,False,2015-07-20,True,False,0.13861386138613863,
Lao People's Democratic Republic,2015,31,1,6.0,80.0,,,False,False,True,False,2015-07-27,True,False,0.075,
Lao People's Democratic Republic,2015,32,1,7.0,93.0,,,False,False,True,False,2015-08-03,True,False,0.07526881720430108,
Lao People's Democratic Republic,2015,33,1,9.0,82.0,,,False,False,True,False,2015-08-10,True,False,0.10975609756097561,
Lao People's Democratic Republic,2015,34,1,16.0,125.0,,,False,False,True,False,2015-08-17,True,False,0.128,
Lao People's Democratic Republic,2015,35,1,1.0,40.0,,,False,False,True,False,2015-08-24,True,False,0.025,
Lao People's Democratic Republic,2015,36,1,21.0,126.0,,,False,False,True,False,2015-08-31,True,False,0.16666666666666666,
Lao People's Democratic Republic,2015,37,1,15.0,40.0,,,False,False,True,False,2015-09-07,True,False,0.375,
Lao People's Democratic Republic,2015,38,1,34.0,135.0,,,False,False,True,False,2015-09-14,True,False,0.2518518518518518,
Lao People's Democratic Republic,2015,39,1,28.0,69.0,,,False,False,True,False,2015-09-21,True,False,0.4057971014492754,
Lao People's Democratic Republic,2015,40,1,16.0,52.0,,,False,False,True,False,2015-09-28,True,False,0.3076923076923077,
Lao People's Democratic Republic,2015,41,1,14.0,80.0,,,False,False,True,False,2015-10-05,True,False,0.175,
Lao People's Democratic Republic,2015,42,1,11.0,62.0,,,False,False,True,False,2015-10-12,True,False,0.1774193548387097,
Lao People's Democratic Republic,2015,43,1,16.0,76.0,,,False,False,True,False,2015-10-19,True,False,0.21052631578947367,
Lao People's Democratic Republic,2015,44,1,7.0,75.0,,,False,False,True,False,2015-10-26,True,False,0.09333333333333334,
Lao People's Democratic Republic,2015,45,1,2.0,56.0,,,False,False,True,False,2015-11-02,True,False,0.03571428571428571,
Lao People's Democratic Republic,2015,46,1,5.0,64.0,,,False,False,True,False,2015-11-09,True,False,0.078125,
Lao People's Democratic Republic,2015,47,1,5.0,63.0,,,False,False,True,False,2015-11-16,True,False,0.07936507936507936,
Lao People's Democratic Republic,2015,48,1,5.0,76.0,,,False,False,True,False,2015-11-23,True,False,0.06578947368421052,
Lao People's Democratic Republic,2015,49,1,2.0,61.0,,,False,False,True,False,2015-11-30,True,False,0.03278688524590164,
Lao People's Democratic Republic,2015,50,1,1.0,49.0,,,False,False,True,False,2015-12-07,True,False,0.02040816326530612,
Lao People's Democratic Republic,2015,52,1,14.0,170.0,,,False,False,True,False,2015-12-21,True,False,0.08235294117647059,
Lao People's Democratic Republic,2015,53,1,7.0,92.0,,,False,False,True,False,2015-12-28,True,False,0.07608695652173914,
Lao People's Democratic Republic,2016,1,1,3.0,63.0,,,False,False,True,False,2016-01-04,True,False,0.047619047619047616,
Lao People's Democratic Republic,2016,2,1,4.0,66.0,,,False,False,True,False,2016-01-11,True,False,0.06060606060606061,
Lao People's Democratic Republic,2016,3,1,4.0,72.0,,,False,False,True,False,2016-01-18,True,False,0.05555555555555555,
Lao People's Democratic Republic,2016,5,1,5.0,82.0,,,False,False,True,False,2016-02-01,True,False,0.06097560975609756,
Lao People's Democratic Republic,2016,6,1,3.0,72.0,,,False,False,True,False,2016-02-08,True,False,0.041666666666666664,
Lao People's Democratic Republic,2016,7,1,9.0,73.0,,,False,False,True,False,2016-02-15,True,False,0.1232876712328767,
Lao People's Democratic Republic,2016,8,1,8.0,139.0,,,False,False,True,False,2016-02-22,True,False,0.05755395683453238,
Lao People's Democratic Republic,2016,9,1,7.0,59.0,,,False,False,True,False,2016-02-29,True,False,0.11864406779661017,
Lao People's Democratic Republic,2016,10,1,9.0,72.0,,,False,False,True,False,2016-03-07,True,False,0.125,
Lao People's Democratic Republic,2016,11,1,2.0,53.0,,,False,False,True,False,2016-03-14,True,False,0.03773584905660377,
Lao People's Democratic Republic,2016,12,1,6.0,79.0,,,False,False,True,False,2016-03-21,True,False,0.0759493670886076,
Lao People's Democratic Republic,2016,13,1,6.0,61.0,,,False,False,True,False,2016-03-28,True,False,0.09836065573770492,
Lao People's Democratic Republic,2016,14,1,8.0,53.0,,,False,False,True,False,2016-04-04,True,False,0.1509433962264151,
Lao People's Democratic Republic,2016,15,1,2.0,51.0,,,False,False,True,False,2016-04-11,True,False,0.0392156862745098,
Lao People's Democratic Republic,2016,16,1,0.0,16.0,,,False,False,True,False,2016-04-18,True,False,0.0,
Lao People's Democratic Republic,2016,17,1,2.0,65.0,,,False,False,True,False,2016-04-25,True,False,0.03076923076923077,
Lao People's Democratic Republic,2016,18,1,2.0,79.0,,,False,False,True,False,2016-05-02,True,False,0.02531645569620253,
Lao People's Democratic Republic,2016,19,1,13.0,1040.0,,,False,False,True,False,2016-05-09,True,False,0.0125,
Lao People's Democratic Republic,2016,20,1,6.0,93.0,,,False,False,True,False,2016-05-16,True,False,0.06451612903225806,
Lao People's Democratic Republic,2016,21,1,10.0,86.0,,,False,False,True,False,2016-05-23,True,False,0.11627906976744186,
Lao People's Democratic Republic,2016,22,1,8.0,101.0,,,False,False,True,False,2016-05-30,True,False,0.07920792079207921,
Lao People's Democratic Republic,2016,23,1,6.0,93.0,,,False,False,True,False,2016-06-06,True,False,0.06451612903225806,
Lao People's Democratic Republic,2016,24,1,2.0,116.0,,,False,False,True,False,2016-06-13,True,False,0.017241379310344827,
Lao People's Democratic Republic,2016,25,1,9.0,110.0,,,False,False,True,False,2016-06-20,True,False,0.08181818181818182,
Lao People's Democratic Republic,2016,26,1,4.0,72.0,,,False,False,True,False,2016-06-27,True,False,0.05555555555555555,
Lao People's Democratic Republic,2016,27,1,2.0,71.0,,,False,False,True,False,2016-07-04,True,False,0.028169014084507043,
Lao People's Democratic Republic,2016,28,1,4.0,62.0,,,False,False,True,False,2016-07-11,True,False,0.06451612903225806,
Lao People's Democratic Republic,2016,29,1,4.0,70.0,,,False,False,True,False,2016-07-18,True,False,0.05714285714285714,
Lao People's Democratic Republic,2016,30,1,6.0,76.0,,,False,False,True,False,2016-07-25,True,False,0.07894736842105263,
Lao People's Democratic Republic,2016,31,1,7.0,80.0,,,False,False,True,False,2016-08-01,True,False,0.0875,
Lao People's Democratic Republic,2016,32,1,5.0,77.0,,,False,False,True,False,2016-08-08,True,False,0.06493506493506493,
Lao People's Democratic Republic,2016,33,1,9.0,68.0,,,False,False,True,False,2016-08-15,True,False,0.1323529411764706,
Lao People's Democratic Republic,2016,34,1,9.0,62.0,,,False,False,True,False,2016-08-22,True,False,0.14516129032258066,
Lao People's Democratic Republic,2016,35,1,2.0,67.0,,,False,False,True,False,2016-08-29,True,False,0.029850746268656716,
Lao People's Democratic Republic,2016,36,1,9.0,65.0,,,False,False,True,False,2016-09-05,True,False,0.13846153846153847,
Lao People's Democratic Republic,2016,37,1,16.0,109.0,,,False,False,True,False,2016-09-12,True,False,0.14678899082568808,
Lao People's Democratic Republic,2016,38,1,16.0,114.0,,,False,False,True,False,2016-09-19,True,False,0.14035087719298245,
Lao People's Democratic Republic,2016,39,1,34.0,125.0,,,False,False,True,False,2016-09-26,True,False,0.272,
Lao People's Democratic Republic,2016,40,1,32.0,163.0,,,False,False,True,False,2016-10-03,True,False,0.19631901840490798,
Lao People's Democratic Republic,2016,41,1,39.0,156.0,,,False,False,True,False,2016-10-10,True,False,0.25,
Lao People's Democratic Republic,2016,42,1,13.0,109.0,,,False,False,True,False,2016-10-17,True,False,0.11926605504587157,
Lao People's Democratic Republic,2016,43,1,33.0,124.0,,,False,False,True,False,2016-10-24,True,False,0.2661290322580645,
Lao People's Democratic Republic,2016,44,1,40.0,159.0,,,False,False,True,False,2016-10-31,True,False,0.25157232704402516,
Lao People's Democratic Republic,2016,45,1,31.0,135.0,,,False,False,True,False,2016-11-07,True,False,0.22962962962962963,
Lao People's Democratic Republic,2016,46,1,37.0,136.0,,,False,False,True,False,2016-11-14,True,False,0.27205882352941174,
Lao People's Democratic Republic,2016,47,1,46.0,167.0,,,False,False,True,False,2016-11-21,True,False,0.2754491017964072,
Lao People's Democratic Republic,2016,48,1,16.0,89.0,,,False,False,True,False,2016-11-28,True,False,0.1797752808988764,
Lao People's Democratic Republic,2016,49,1,27.0,97.0,,,False,False,True,False,2016-12-05,True,False,0.27835051546391754,
Lao People's Democratic Republic,2016,50,1,26.0,107.0,,,False,False,True,False,2016-12-12,True,False,0.24299065420560748,
Lao People's Democratic Republic,2016,51,1,19.0,72.0,,,False,False,True,False,2016-12-19,True,False,0.2638888888888889,
Lao People's Democratic Republic,2016,52,1,22.0,93.0,,,False,False,True,False,2016-12-26,True,False,0.23655913978494625,
Lao People's Democratic Republic,2017,1,1,18.0,57.0,,,False,False,True,False,2017-01-02,True,False,0.3157894736842105,
Lao People's Democratic Republic,2017,2,1,19.0,90.0,,,False,False,True,False,2017-01-09,True,False,0.2111111111111111,
Lao People's Democratic Republic,2017,3,1,23.0,112.0,,,False,False,True,False,2017-01-16,True,False,0.20535714285714285,
Lao People's Democratic Republic,2017,4,1,27.0,104.0,,,False,False,True,False,2017-01-23,True,False,0.25961538461538464,
Lao People's Democratic Republic,2017,5,1,10.0,78.0,,,False,False,True,False,2017-01-30,True,False,0.1282051282051282,
Lao People's Democratic Republic,2017,6,1,9.0,68.0,,,False,False,True,False,2017-02-06,True,False,0.1323529411764706,
Lao People's Democratic Republic,2017,7,1,11.0,92.0,,,False,False,True,False,2017-02-13,True,False,0.11956521739130435,
Lao People's Democratic Republic,2017,8,1,9.0,106.0,,,False,False,True,False,2017-02-20,True,False,0.08490566037735849,
Lao People's Democratic Republic,2017,9,1,11.0,101.0,,,False,False,True,False,2017-02-27,True,False,0.10891089108910891,
Lao People's Democratic Republic,2017,10,1,2.0,70.0,,,False,False,True,False,2017-03-06,True,False,0.02857142857142857,
Lao People's Democratic Republic,2017,11,1,0.0,73.0,,,False,False,True,False,2017-03-13,True,False,0.0,
Lao People's Democratic Republic,2017,12,1,5.0,73.0,,,False,False,True,False,2017-03-20,True,False,0.0684931506849315,
Lao People's Democratic Republic,2017,13,1,3.0,81.0,,,False,False,True,False,2017-03-27,True,False,0.037037037037037035,
Lao People's Democratic Republic,2017,14,1,4.0,81.0,,,False,False,True,False,2017-04-03,True,False,0.04938271604938271,
Lao People's Democratic Republic,2017,15,1,3.0,63.0,,,False,False,True,False,2017-04-10,True,False,0.047619047619047616,
Lao People's Democratic Republic,2017,16,1,1.0,40.0,,,False,False,True,False,2017-04-17,True,False,0.025,
Lao People's Democratic Republic,2017,17,1,7.0,90.0,,,False,False,True,False,2017-04-24,True,False,0.07777777777777778,
Lao People's Democratic Republic,2017,18,1,1.0,72.0,,,False,False,True,False,2017-05-01,True,False,0.013888888888888888,
Lao People's Democratic Republic,2017,19,1,14.0,121.0,,,False,False,True,False,2017-05-08,True,False,0.11570247933884298,
Lao People's Democratic Republic,2017,20,1,4.0,63.0,,,False,False,True,False,2017-05-15,True,False,0.06349206349206349,
Lao People's Democratic Republic,2017,21,1,9.0,85.0,,,False,False,True,False,2017-05-22,True,False,0.10588235294117647,
Lao People's Democratic Republic,2017,22,1,6.0,138.0,,,False,False,True,False,2017-05-29,True,False,0.043478260869565216,
Lao People's Democratic Republic,2017,23,1,8.0,94.0,,,False,False,True,False,2017-06-05,True,False,0.0851063829787234,
Lao People's Democratic Republic,2017,24,1,9.0,93.0,,,False,False,True,False,2017-06-12,True,False,0.0967741935483871,
Lao People's Democratic Republic,2017,25,1,2.0,85.0,,,False,False,True,False,2017-06-19,True,False,0.023529411764705882,
Lao People's Democratic Republic,2017,26,1,7.0,82.0,,,False,False,True,False,2017-06-26,True,False,0.08536585365853659,
Lao People's Democratic Republic,2017,27,1,3.0,75.0,,,False,False,True,False,2017-07-03,True,False,0.04,
Lao People's Democratic Republic,2017,28,1,3.0,107.0,,,False,False,True,False,2017-07-10,True,False,0.028037383177570093,
Lao People's Democratic Republic,2017,29,1,7.0,70.0,,,False,False,True,False,2017-07-17,True,False,0.1,
Lao People's Democratic Republic,2017,30,1,11.0,90.0,,,False,False,True,False,2017-07-24,True,False,0.12222222222222222,
Lao People's Democratic Republic,2017,31,1,23.0,141.0,,,False,False,True,False,2017-07-31,True,False,0.16312056737588654,
Lao People's Democratic Republic,2017,32,1,35.0,140.0,,,False,False,True,False,2017-08-07,True,False,0.25,
Lao People's Democratic Republic,2017,33,1,32.0,147.0,,,False,False,True,False,2017-08-14,True,False,0.21768707482993196,
Lao People's Democratic Republic,2017,34,1,19.0,68.0,,,False,False,True,False,2017-08-21,True,False,0.27941176470588236,
Lao People's Democratic Republic,2017,35,1,48.0,140.0,,,False,False,True,False,2017-08-28,True,False,0.34285714285714286,
Lao People's Democratic Republic,2017,36,1,46.0,113.0,,,False,False,True,False,2017-09-04,True,False,0.40707964601769914,
Lao People's Democratic Republic,2017,37,1,62.0,163.0,,,False,False,True,False,2017-09-11,True,False,0.3803680981595092,
Lao People's Democratic Republic,2017,38,1,50.0,169.0,,,False,False,True,False,2017-09-18,True,False,0.2958579881656805,
Lao People's Democratic Republic,2017,39,1,38.0,112.0,,,False,False,True,False,2017-09-25,True,False,0.3392857142857143,
Lao People's Democratic Republic,2017,40,1,29.0,99.0,,,False,False,True,False,2017-10-02,True,False,0.29292929292929293,
Lao People's Democratic Republic,2017,41,1,24.0,103.0,,,False,False,True,False,2017-10-09,True,False,0.23300970873786409,
Lao People's Democratic Republic,2017,42,1,36.0,135.0,,,False,False,True,False,2017-10-16,True,False,0.26666666666666666,
Lao People's Democratic Republic,2017,43,1,23.0,107.0,,,False,False,True,False,2017-10-23,True,False,0.21495327102803738,
Lao People's Democratic Republic,2017,44,1,19.0,87.0,,,False,False,True,False,2017-10-30,True,False,0.21839080459770116,
Lao People's Democratic Republic,2017,45,1,5.0,86.0,,,False,False,True,False,2017-11-06,True,False,0.05813953488372093,
Lao People's Democratic Republic,2017,46,1,8.0,71.0,,,False,False,True,False,2017-11-13,True,False,0.11267605633802817,
Lao People's Democratic Republic,2017,47,1,5.0,62.0,,,False,False,True,False,2017-11-20,True,False,0.08064516129032258,
Lao People's Democratic Republic,2017,48,1,4.0,74.0,,,False,False,True,False,2017-11-27,True,False,0.05405405405405406,
Lao People's Democratic Republic,2017,49,1,14.0,148.0,,,False,False,True,False,2017-12-04,True,False,0.0945945945945946,
Lao People's Democratic Republic,2017,50,1,12.0,85.0,,,False,False,True,False,2017-12-11,True,False,0.1411764705882353,
Lao People's Democratic Republic,2017,51,1,5.0,77.0,,,False,False,True,False,2017-12-18,True,False,0.06493506493506493,
Lao People's Democratic Republic,2017,52,1,5.0,65.0,,,False,False,True,False,2017-12-25,True,False,0.07692307692307693,
Lao People's Democratic Republic,2018,1,1,8.0,38.0,,,False,False,True,False,2018-01-01,True,False,0.21052631578947367,
Lao People's Democratic Republic,2018,2,1,5.0,40.0,,,False,False,True,False,2018-01-08,True,False,0.125,
Lao People's Democratic Republic,2018,3,1,6.0,34.0,,,False,False,True,False,2018-01-15,True,False,0.17647058823529413,
Lao People's Democratic Republic,2018,4,1,8.0,63.0,,,False,False,True,False,2018-01-22,True,False,0.12698412698412698,
Lao People's Democratic Republic,2018,5,1,9.0,75.0,,,False,False,True,False,2018-01-29,True,False,0.12,
Lao People's Democratic Republic,2018,6,1,8.0,62.0,,,False,False,True,False,2018-02-05,True,False,0.12903225806451613,
Lao People's Democratic Republic,2018,7,1,8.0,55.0,,,False,False,True,False,2018-02-12,True,False,0.14545454545454545,
Lao People's Democratic Republic,2018,8,1,9.0,52.0,,,False,False,True,False,2018-02-19,True,False,0.17307692307692307,
Lao People's Democratic Republic,2018,9,1,10.0,69.0,,,False,False,True,False,2018-02-26,True,False,0.14492753623188406,
Lao People's Democratic Republic,2018,10,1,2.0,31.0,,,False,False,True,False,2018-03-05,True,False,0.06451612903225806,
Lao People's Democratic Republic,2018,11,1,10.0,56.0,,,False,False,True,False,2018-03-12,True,False,0.17857142857142858,
Lao People's Democratic Republic,2018,12,1,8.0,66.0,,,False,False,True,False,2018-03-19,True,False,0.12121212121212122,
Lao People's Democratic Republic,2018,13,1,6.0,65.0,,,False,False,True,False,2018-03-26,True,False,0.09230769230769231,
Lao People's Democratic Republic,2018,14,1,11.0,38.0,,,False,False,True,False,2018-04-02,True,False,0.2894736842105263,
Lao People's Democratic Republic,2018,15,1,7.0,58.0,,,False,False,True,False,2018-04-09,True,False,0.1206896551724138,
Lao People's Democratic Republic,2018,16,1,3.0,24.0,,,False,False,True,False,2018-04-16,True,False,0.125,
Lao People's Democratic Republic,2018,17,1,5.0,62.0,,,False,False,True,False,2018-04-23,True,False,0.08064516129032258,
Lao People's Democratic Republic,2018,18,1,13.0,76.0,,,False,False,True,False,2018-04-30,True,False,0.17105263157894737,
Lao People's Democratic Republic,2018,19,1,14.0,86.0,,,False,False,True,False,2018-05-07,True,False,0.16279069767441862,
Lao People's Democratic Republic,2018,20,1,15.0,75.0,,,False,False,True,False,2018-05-14,True,False,0.2,
Lao People's Democratic Republic,2018,21,1,6.0,67.0,,,False,False,True,False,2018-05-21,True,False,0.08955223880597014,
Lao People's Democratic Republic,2018,22,1,5.0,46.0,,,False,False,True,False,2018-05-28,True,False,0.10869565217391304,
Lao People's Democratic Republic,2018,23,1,7.0,53.0,,,False,False,True,False,2018-06-04,True,False,0.1320754716981132,
Lao People's Democratic Republic,2018,24,1,13.0,73.0,,,False,False,True,False,2018-06-11,True,False,0.1780821917808219,
Lao People's Democratic Republic,2018,25,1,12.0,62.0,,,False,False,True,False,2018-06-18,True,False,0.1935483870967742,
Lao People's Democratic Republic,2018,26,1,3.0,48.0,,,False,False,True,False,2018-06-25,True,False,0.0625,
Lao People's Democratic Republic,2018,27,1,4.0,49.0,,,False,False,True,False,2018-07-02,True,False,0.08163265306122448,
Lao People's Democratic Republic,2018,28,1,3.0,78.0,,,False,False,True,False,2018-07-09,True,False,0.038461538461538464,
Lao People's Democratic Republic,2018,29,1,1.0,45.0,,,False,False,True,False,2018-07-16,True,False,0.022222222222222223,
Lao People's Democratic Republic,2018,30,1,3.0,80.0,,,False,False,True,False,2018-07-23,True,False,0.0375,
Lao People's Democratic Republic,2018,31,1,4.0,70.0,,,False,False,True,False,2018-07-30,True,False,0.05714285714285714,
Lao People's Democratic Republic,2018,32,1,8.0,94.0,,,False,False,True,False,2018-08-06,True,False,0.0851063829787234,
Lao People's Democratic Republic,2018,33,1,15.0,95.0,,,False,False,True,False,2018-08-13,True,False,0.15789473684210525,
Lao People's Democratic Republic,2018,34,1,3.0,68.0,,,False,False,True,False,2018-08-20,True,False,0.04411764705882353,
Lao People's Democratic Republic,2018,35,1,11.0,93.0,,,False,False,True,False,2018-08-27,True,False,0.11827956989247312,
Lao People's Democratic Republic,2018,36,1,26.0,109.0,,,False,False,True,False,2018-09-03,True,False,0.23853211009174313,
Lao People's Democratic Republic,2018,37,1,12.0,135.0,,,False,False,True,False,2018-09-10,True,False,0.08888888888888889,
Lao People's Democratic Republic,2018,38,1,14.0,98.0,,,False,False,True,False,2018-09-17,True,False,0.14285714285714285,
Lao People's Democratic Republic,2018,39,1,26.0,141.0,,,False,False,True,False,2018-09-24,True,False,0.18439716312056736,
Lao People's Democratic Republic,2018,40,1,29.0,128.0,,,False,False,True,False,2018-10-01,True,False,0.2265625,
Lao People's Democratic Republic,2018,41,1,33.0,128.0,,,False,False,True,False,2018-10-08,True,False,0.2578125,
Lao People's Democratic Republic,2018,42,1,3.0,68.0,,,False,False,True,False,2018-10-15,True,False,0.04411764705882353,
Lao People's Democratic Republic,2018,43,1,30.0,100.0,,,False,False,True,False,2018-10-22,True,False,0.3,
Lao People's Democratic Republic,2018,44,1,35.0,97.0,,,False,False,True,False,2018-10-29,True,False,0.36082474226804123,
Lao People's Democratic Republic,2018,45,1,33.0,89.0,,,False,False,True,False,2018-11-05,True,False,0.3707865168539326,
Lao People's Democratic Republic,2018,46,1,18.0,70.0,,,False,False,True,False,2018-11-12,True,False,0.2571428571428571,
Lao People's Democratic Republic,2018,47,1,41.0,113.0,,,False,False,True,False,2018-11-19,True,False,0.36283185840707965,
Lao People's Democratic Republic,2018,48,1,27.0,99.0,,,False,False,True,False,2018-11-26,True,False,0.2727272727272727,
Lao People's Democratic Republic,2018,49,1,20.0,73.0,,,False,False,True,False,2018-12-03,True,False,0.273972602739726,
Lao People's Democratic Republic,2018,50,1,6.0,54.0,,,False,False,True,False,2018-12-10,True,False,0.1111111111111111,
Lao People's Democratic Republic,2018,51,1,19.0,68.0,,,False,False,True,False,2018-12-17,True,False,0.27941176470588236,
Lao People's Democratic Republic,2018,52,1,26.0,96.0,,,False,False,True,False,2018-12-24,True,False,0.2708333333333333,
Lao People's Democratic Republic,2019,1,1,10.0,46.0,,,False,False,True,False,2018-12-31,True,False,0.21739130434782608,
Lao People's Democratic Republic,2019,2,1,11.0,81.0,,,False,False,True,False,2019-01-07,True,False,0.13580246913580246,
Lao People's Democratic Republic,2019,3,1,26.0,82.0,,,False,False,True,False,2019-01-14,True,False,0.3170731707317073,
Lao People's Democratic Republic,2019,4,1,27.0,78.0,,,False,False,True,False,2019-01-21,True,False,0.34615384615384615,
Lao People's Democratic Republic,2019,5,1,20.0,99.0,,,False,False,True,False,2019-01-28,True,False,0.20202020202020202,
Lao People's Democratic Republic,2019,6,1,16.0,80.0,,,False,False,True,False,2019-02-04,True,False,0.2,
Lao People's Democratic Republic,2019,7,1,5.0,63.0,,,False,False,True,False,2019-02-11,True,False,0.07936507936507936,
Lao People's Democratic Republic,2019,8,1,5.0,82.0,,,False,False,True,False,2019-02-18,True,False,0.06097560975609756,
Lao People's Democratic Republic,2019,9,1,4.0,60.0,,,False,False,True,False,2019-02-25,True,False,0.06666666666666667,
Lao People's Democratic Republic,2019,10,1,4.0,70.0,,,False,False,True,False,2019-03-04,True,False,0.05714285714285714,
Lao People's Democratic Republic,2019,11,1,2.0,50.0,,,False,False,True,False,2019-03-11,True,False,0.04,
Lao People's Democratic Republic,2019,12,1,5.0,56.0,,,False,False,True,False,2019-03-18,True,False,0.08928571428571429,
Lao People's Democratic Republic,2019,13,1,3.0,61.0,,,False,False,True,False,2019-03-25,True,False,0.04918032786885246,
Lao People's Democratic Republic,2019,14,1,4.0,78.0,,,False,False,True,False,2019-04-01,True,False,0.05128205128205128,
Lao People's Democratic Republic,2019,15,1,1.0,63.0,,,False,False,True,False,2019-04-08,True,False,0.015873015873015872,
Lao People's Democratic Republic,2019,16,1,0.0,8.0,,,False,False,True,False,2019-04-15,True,False,0.0,
Lao People's Democratic Republic,2019,17,1,9.0,67.0,,,False,False,True,False,2019-04-22,True,False,0.13432835820895522,
Lao People's Democratic Republic,2019,18,1,9.0,58.0,,,False,False,True,False,2019-04-29,True,False,0.15517241379310345,
Lao People's Democratic Republic,2019,19,1,3.0,78.0,,,False,False,True,False,2019-05-06,True,False,0.038461538461538464,
Lao People's Democratic Republic,2019,20,1,1.0,78.0,,,False,False,True,False,2019-05-13,True,False,0.01282051282051282,
Lao People's Democratic Republic,2019,21,1,3.0,62.0,,,False,False,True,False,2019-05-20,True,False,0.04838709677419355,
Lao People's Democratic Republic,2019,22,1,3.0,102.0,,,False,False,True,False,2019-05-27,True,False,0.029411764705882353,
Lao People's Democratic Republic,2019,23,1,2.0,67.0,,,False,False,True,False,2019-06-03,True,False,0.029850746268656716,
Lao People's Democratic Republic,2019,24,1,5.0,68.0,,,False,False,True,False,2019-06-10,True,False,0.07352941176470588,
Lao People's Democratic Republic,2019,25,1,2.0,85.0,,,False,False,True,False,2019-06-17,True,False,0.023529411764705882,
Lao People's Democratic Republic,2019,26,1,2.0,79.0,,,False,False,True,False,2019-06-24,True,False,0.02531645569620253,
Lao People's Democratic Republic,2019,27,1,4.0,61.0,,,False,False,True,False,2019-07-01,True,False,0.06557377049180328,
Lao People's Democratic Republic,2019,28,1,5.0,79.0,,,False,False,True,False,2019-07-08,True,False,0.06329113924050633,
Lao People's Democratic Republic,2019,29,1,4.0,106.0,,,False,False,True,False,2019-07-15,True,False,0.03773584905660377,
Lao People's Democratic Republic,2019,30,1,3.0,64.0,,,False,False,True,False,2019-07-22,True,False,0.046875,
Lao People's Democratic Republic,2019,31,1,4.0,64.0,,,False,False,True,False,2019-07-29,True,False,0.0625,
Lao People's Democratic Republic,2019,32,1,8.0,88.0,,,False,False,True,False,2019-08-05,True,False,0.09090909090909091,
Lao People's Democratic Republic,2019,33,1,6.0,74.0,,,False,False,True,False,2019-08-12,True,False,0.08108108108108109,
Lao People's Democratic Republic,2019,34,1,6.0,67.0,,,False,False,True,False,2019-08-19,True,False,0.08955223880597014,
Lao People's Democratic Republic,2019,35,1,4.0,50.0,,,False,False,True,False,2019-08-26,True,False,0.08,
Lao People's Democratic Republic,2019,36,1,15.0,81.0,,,False,False,True,False,2019-09-02,True,False,0.18518518518518517,
Lao People's Democratic Republic,2019,37,1,8.0,42.0,,,False,False,True,False,2019-09-09,True,False,0.19047619047619047,
Lao People's Democratic Republic,2019,38,1,23.0,77.0,,,False,False,True,False,2019-09-16,True,False,0.2987012987012987,
Lao People's Democratic Republic,2019,39,1,33.0,102.0,,,False,False,True,False,2019-09-23,True,False,0.3235294117647059,
Lao People's Democratic Republic,2019,40,1,24.0,90.0,,,False,False,True,False,2019-09-30,True,False,0.26666666666666666,
Lao People's Democratic Republic,2019,41,1,26.0,94.0,,,False,False,True,False,2019-10-07,True,False,0.2765957446808511,
Lao People's Democratic Republic,2019,42,1,11.0,55.0,,,False,False,True,False,2019-10-14,True,False,0.2,
Lao People's Democratic Republic,2019,43,1,29.0,125.0,,,False,False,True,False,2019-10-21,True,False,0.232,
Lao People's Democratic Republic,2019,44,1,36.0,137.0,,,False,False,True,False,2019-10-28,True,False,0.26277372262773724,
Lao People's Democratic Republic,2019,45,1,20.0,85.0,,,False,False,True,False,2019-11-04,True,False,0.23529411764705882,
Lao People's Democratic Republic,2019,46,1,28.0,84.0,,,False,False,True,False,2019-11-11,True,False,0.3333333333333333,
Lao People's Democratic Republic,2019,47,1,27.0,90.0,,,False,False,True,False,2019-11-18,True,False,0.3,
Lao People's Democratic Republic,2019,48,1,18.0,92.0,,,False,False,True,False,2019-11-25,True,False,0.1956521739130435,
Lao People's Democratic Republic,2019,49,1,18.0,86.0,,,False,False,True,False,2019-12-02,True,False,0.20930232558139536,
Lao People's Democratic Republic,2019,50,1,16.0,88.0,,,False,False,True,False,2019-12-09,True,False,0.18181818181818182,
Lao People's Democratic Republic,2019,51,1,12.0,41.0,,,False,False,True,False,2019-12-16,True,False,0.2926829268292683,
Lao People's Democratic Republic,2019,52,1,20.0,75.0,,,False,False,True,False,2019-12-23,True,False,0.26666666666666666,
Lao People's Democratic Republic,2020,1,2,6.0,56.0,,,False,False,True,False,2019-12-30,True,False,0.10714285714285714,
Lao People's Democratic Republic,2020,2,2,0.0,14.0,,,False,False,True,False,2020-01-06,True,False,0.0,
Lao People's Democratic Republic,2020,3,2,0.0,17.0,,,False,False,True,False,2020-01-13,True,False,0.0,
Lao People's Democratic Republic,2020,4,2,0.0,16.0,,,False,False,True,False,2020-01-20,True,False,0.0,
Lao People's Democratic Republic,2020,5,2,0.0,34.0,,,False,False,True,False,2020-01-27,True,False,0.0,
Lao People's Democratic Republic,2020,6,2,0.0,20.0,,,False,False,True,False,2020-02-03,True,False,0.0,
Lao People's Democratic Republic,2020,7,2,0.0,14.0,,,False,False,True,False,2020-02-10,True,False,0.0,
Lao People's Democratic Republic,2020,8,2,0.0,11.0,,,False,False,True,False,2020-02-17,True,False,0.0,
Lao People's Democratic Republic,2020,9,2,0.0,0.0,,,False,False,True,False,2020-02-24,False,False,,
Lao People's Democratic Republic,2020,10,2,0.0,0.0,,,False,False,True,False,2020-03-02,False,False,,
Lao People's Democratic Republic,2020,11,2,0.0,10.0,,,False,False,True,False,2020-03-09,True,False,0.0,
Lao People's Democratic Republic,2020,12,2,0.0,12.0,,,False,False,True,False,2020-03-16,True,False,0.0,
Lao People's Democratic Republic,2020,13,2,0.0,11.0,,,False,False,True,False,2020-03-23,True,False,0.0,
Lao People's Democratic Republic,2020,14,2,0.0,13.0,,,False,False,True,False,2020-03-30,True,False,0.0,
Lao People's Democratic Republic,2020,15,2,0.0,7.0,,,False,False,True,False,2020-04-06,True,False,0.0,
Lao People's Democratic Republic,2020,16,2,0.0,0.0,,,False,False,True,False,2020-04-13,False,False,,
Lao People's Democratic Republic,2020,17,2,0.0,9.0,,,False,False,True,False,2020-04-20,True,False,0.0,
Lao People's Democratic Republic,2020,18,2,0.0,6.0,,,False,False,True,False,2020-04-27,True,False,0.0,
Lao People's Democratic Republic,2020,19,2,0.0,13.0,,,False,False,True,False,2020-05-04,True,False,0.0,
Lao People's Democratic Republic,2020,20,2,0.0,0.0,,,False,False,True,False,2020-05-11,False,False,,
Lao People's Democratic Republic,2020,21,2,0.0,14.0,,,False,False,True,False,2020-05-18,True,False,0.0,
Lao People's Democratic Republic,2020,22,2,0.0,24.0,,,False,False,True,False,2020-05-25,True,False,0.0,
Lao People's Democratic Republic,2020,23,2,0.0,34.0,,,False,False,True,False,2020-06-01,True,False,0.0,
Lao People's Democratic Republic,2020,24,2,0.0,45.0,,,False,False,True,False,2020-06-08,True,False,0.0,
Lao People's Democratic Republic,2020,25,2,0.0,50.0,,,False,False,True,False,2020-06-15,True,False,0.0,
Lao People's Democratic Republic,2020,26,2,0.0,33.0,,,False,False,True,False,2020-06-22,True,False,0.0,
Lao People's Democratic Republic,2020,27,2,0.0,46.0,,,False,False,True,False,2020-06-29,True,False,0.0,
Lao People's Democratic Republic,2020,28,2,0.0,39.0,,,False,False,True,False,2020-07-06,True,False,0.0,
Lao People's Democratic Republic,2020,29,2,0.0,39.0,,,False,False,True,False,2020-07-13,True,False,0.0,
Lao People's Democratic Republic,2020,30,2,0.0,47.0,,,False,False,True,False,2020-07-20,True,False,0.0,
Lao People's Democratic Republic,2020,31,2,0.0,44.0,,,False,False,True,False,2020-07-27,True,False,0.0,
Lao People's Democratic Republic,2020,32,2,1.0,36.0,,,False,False,True,False,2020-08-03,True,False,0.027777777777777776,
Lao People's Democratic Republic,2020,33,2,0.0,36.0,,,False,False,True,False,2020-08-10,True,False,0.0,
Lao People's Democratic Republic,2020,34,2,0.0,26.0,,,False,False,True,False,2020-08-17,True,False,0.0,
Lao People's Democratic Republic,2020,35,2,0.0,30.0,,,False,False,True,False,2020-08-24,True,False,0.0,
Lao People's Democratic Republic,2020,36,2,1.0,44.0,,,False,False,True,False,2020-08-31,True,False,0.022727272727272728,
Lao People's Democratic Republic,2020,37,2,0.0,68.0,,,False,False,True,False,2020-09-07,True,False,0.0,
Lao People's Democratic Republic,2020,38,2,14.0,72.0,,,False,False,True,False,2020-09-14,True,False,0.19444444444444445,
Lao People's Democratic Republic,2020,39,2,1.0,81.0,,,False,False,True,False,2020-09-21,True,False,0.012345679012345678,
Lao People's Democratic Republic,2020,40,2,1.0,85.0,,,False,False,True,False,2020-09-28,True,False,0.011764705882352941,
Lao People's Democratic Republic,2020,41,2,5.0,119.0,,,False,False,True,False,2020-10-05,True,False,0.04201680672268908,
Lao People's Democratic Republic,2020,42,2,2.0,102.0,,,False,False,True,False,2020-10-12,True,False,0.0196078431372549,
Lao People's Democratic Republic,2020,43,2,2.0,109.0,,,False,False,True,False,2020-10-19,True,False,0.01834862385321101,
Lao People's Democratic Republic,2020,44,2,4.0,107.0,,,False,False,True,False,2020-10-26,True,False,0.037383177570093455,
Lao People's Democratic Republic,2020,45,2,8.0,146.0,,,False,False,True,False,2020-11-02,True,False,0.0547945205479452,
Lao People's Democratic Republic,2020,46,2,6.0,113.0,,,False,False,True,False,2020-11-09,True,False,0.05309734513274336,
Lao People's Democratic Republic,2020,47,2,12.0,123.0,,,False,False,True,False,2020-11-16,True,False,0.0975609756097561,
Lao People's Democratic Republic,2020,48,2,12.0,92.0,,,False,False,True,False,2020-11-23,True,False,0.13043478260869565,
Lao People's Democratic Republic,2020,49,2,12.0,83.0,,,False,False,True,False,2020-11-30,True,False,0.14457831325301204,
Lao People's Democratic Republic,2020,50,2,11.0,111.0,,,False,False,True,False,2020-12-07,True,False,0.0990990990990991,
Lao People's Democratic Republic,2020,51,2,25.0,113.0,,,False,False,True,False,2020-12-14,True,False,0.22123893805309736,
Lao People's Democratic Republic,2020,52,2,0.0,75.0,,,False,False,True,False,2020-12-21,True,False,0.0,
Lao People's Democratic Republic,2020,53,2,6.0,56.0,,,False,False,True,False,2020-12-28,True,False,0.10714285714285714,
Lao People's Democratic Republic,2021,1,2,0.0,46.0,,,False,False,True,False,2021-01-04,True,False,0.0,
Lao People's Democratic Republic,2021,2,2,8.0,80.0,,,False,False,True,False,2021-01-11,True,False,0.1,
Lao People's Democratic Republic,2021,3,2,1.0,65.0,,,False,False,True,False,2021-01-18,True,False,0.015384615384615385,
Lao People's Democratic Republic,2021,4,2,9.0,75.0,,,False,False,True,False,2021-01-25,True,False,0.12,
Lao People's Democratic Republic,2021,5,2,6.0,99.0,,,False,False,True,False,2021-02-01,True,False,0.06060606060606061,
Lao People's Democratic Republic,2021,6,2,17.0,96.0,,,False,False,True,False,2021-02-08,True,False,0.17708333333333334,
Lao People's Democratic Republic,2021,7,2,9.0,73.0,,,False,False,True,False,2021-02-15,True,False,0.1232876712328767,
Lao People's Democratic Republic,2021,8,2,14.0,87.0,,,False,False,True,False,2021-02-22,True,False,0.16091954022988506,
Lao People's Democratic Republic,2021,9,2,35.0,139.0,,,False,False,True,False,2021-03-01,True,False,0.2517985611510791,
Lao People's Democratic Republic,2021,10,2,9.0,104.0,,,False,False,True,False,2021-03-08,True,False,0.08653846153846154,
Lao People's Democratic Republic,2021,11,2,5.0,85.0,,,False,False,True,False,2021-03-15,True,False,0.058823529411764705,
Lao People's Democratic Republic,2021,12,2,6.0,117.0,,,False,False,True,False,2021-03-22,True,False,0.05128205128205128,
Lao People's Democratic Republic,2021,13,2,9.0,117.0,,,False,False,True,False,2021-03-29,True,False,0.07692307692307693,
Lao People's Democratic Republic,2021,14,2,3.0,137.0,,,False,False,True,False,2021-04-05,True,False,0.021897810218978103,
Lao People's Democratic Republic,2021,15,2,6.0,111.0,,,False,False,True,False,2021-04-12,True,False,0.05405405405405406,
Lao People's Democratic Republic,2021,16,2,2.0,49.0,,,False,False,True,False,2021-04-19,True,False,0.04081632653061224,
Lao People's Democratic Republic,2021,17,2,1.0,56.0,,,False,False,True,False,2021-04-26,True,False,0.017857142857142856,
Lao People's Democratic Republic,2021,18,2,0.0,13.0,,,False,False,True,False,2021-05-03,True,False,0.0,
Lao People's Democratic Republic,2021,19,2,0.0,8.0,,,False,False,True,False,2021-05-10,True,False,0.0,
Lao People's Democratic Republic,2021,20,2,0.0,16.0,,,False,False,True,False,2021-05-17,True,False,0.0,
Lao People's Democratic Republic,2021,21,2,0.0,34.0,,,False,False,True,False,2021-05-24,True,False,0.0,
Lao People's Democratic Republic,2021,22,2,0.0,25.0,,,False,False,True,False,2021-05-31,True,False,0.0,
Lao People's Democratic Republic,2021,23,2,0.0,21.0,,,False,False,True,False,2021-06-07,True,False,0.0,
Lao People's Democratic Republic,2021,24,2,0.0,38.0,,,False,False,True,False,2021-06-14,True,False,0.0,
Lao People's Democratic Republic,2021,25,2,0.0,25.0,,,False,False,True,False,2021-06-21,True,False,0.0,
Lao People's Democratic Republic,2021,26,2,0.0,39.0,,,False,False,True,False,2021-06-28,True,False,0.0,
Lao People's Democratic Republic,2021,27,2,0.0,30.0,,,False,False,True,False,2021-07-05,True,False,0.0,
Lao People's Democratic Republic,2021,28,2,0.0,31.0,,,False,False,True,False,2021-07-12,True,False,0.0,
Lao People's Democratic Republic,2021,29,2,0.0,55.0,,,False,False,True,False,2021-07-19,True,False,0.0,
Lao People's Democratic Republic,2021,30,2,0.0,38.0,,,False,False,True,False,2021-07-26,True,False,0.0,
Lao People's Democratic Republic,2021,31,2,0.0,42.0,,,False,False,True,False,2021-08-02,True,False,0.0,
Lao People's Democratic Republic,2021,32,2,0.0,47.0,,,False,False,True,False,2021-08-09,True,False,0.0,
Lao People's Democratic Republic,2021,33,2,0.0,42.0,,,False,False,True,False,2021-08-16,True,False,0.0,
Lao People's Democratic Republic,2021,34,2,0.0,26.0,,,False,False,True,False,2021-08-23,True,False,0.0,
Lao People's Democratic Republic,2021,35,2,0.0,29.0,,,False,False,True,False,2021-08-30,True,False,0.0,
Lao People's Democratic Republic,2021,36,2,0.0,34.0,,,False,False,True,False,2021-09-06,True,False,0.0,
Lao People's Democratic Republic,2021,37,2,0.0,36.0,,,False,False,True,False,2021-09-13,True,False,0.0,
Lao People's Democratic Republic,2021,38,2,0.0,25.0,,,False,False,True,False,2021-09-20,True,False,0.0,
Lao People's Democratic Republic,2021,39,2,0.0,21.0,,,False,False,True,False,2021-09-27,True,False,0.0,
Lao People's Democratic Republic,2021,40,2,0.0,48.0,,,False,False,True,False,2021-10-04,True,False,0.0,
Lao People's Democratic Republic,2021,41,2,0.0,39.0,,,False,False,True,False,2021-10-11,True,False,0.0,
Lao People's Democratic Republic,2021,42,2,0.0,30.0,,,False,False,True,False,2021-10-18,True,False,0.0,
Lao People's Democratic Republic,2021,43,2,0.0,31.0,,,False,False,True,False,2021-10-25,True,False,0.0,
Lao People's Democratic Republic,2021,44,2,0.0,36.0,,,False,False,True,False,2021-11-01,True,False,0.0,
Lao People's Democratic Republic,2021,45,2,0.0,48.0,,,False,False,True,False,2021-11-08,True,False,0.0,
Lao People's Democratic Republic,2021,46,2,0.0,51.0,,,False,False,True,False,2021-11-15,True,False,0.0,
Lao People's Democratic Republic,2021,47,2,0.0,25.0,,,False,False,True,False,2021-11-22,True,False,0.0,
Lao People's Democratic Republic,2021,48,2,0.0,27.0,,,False,False,True,False,2021-11-29,True,False,0.0,
Lao People's Democratic Republic,2021,49,2,0.0,13.0,,,False,False,True,False,2021-12-06,True,False,0.0,
Lao People's Democratic Republic,2021,50,2,0.0,25.0,,,False,False,True,False,2021-12-13,True,False,0.0,
Lao People's Democratic Republic,2021,51,2,0.0,28.0,,,False,False,True,False,2021-12-20,True,False,0.0,
Lao People's Democratic Republic,2021,52,2,0.0,28.0,,,False,False,True,False,2021-12-27,True,False,0.0,
Lao People's Democratic Republic,2022,1,2,0.0,46.0,,,False,False,True,False,2022-01-03,True,False,0.0,
Lao People's Democratic Republic,2022,2,2,0.0,20.0,,,False,False,True,False,2022-01-10,True,False,0.0,
Lao People's Democratic Republic,2022,3,2,0.0,31.0,,,False,False,True,False,2022-01-17,True,False,0.0,
Lao People's Democratic Republic,2022,4,2,0.0,34.0,,,False,False,True,False,2022-01-24,True,False,0.0,
Lao People's Democratic Republic,2022,5,2,0.0,67.0,,,False,False,True,False,2022-01-31,True,False,0.0,
Lao People's Democratic Republic,2022,6,2,0.0,54.0,,,False,False,True,False,2022-02-07,True,False,0.0,
Lao People's Democratic Republic,2022,7,2,0.0,62.0,,,False,False,True,False,2022-02-14,True,False,0.0,
Lao People's Democratic Republic,2022,8,2,0.0,43.0,,,False,False,True,False,2022-02-21,True,False,0.0,
Lao People's Democratic Republic,2022,9,2,0.0,56.0,,,False,False,True,False,2022-02-28,True,False,0.0,
Lao People's Democratic Republic,2022,10,2,0.0,77.0,,,False,False,True,False,2022-03-07,True,False,0.0,
Lao People's Democratic Republic,2022,11,2,0.0,64.0,,,False,False,True,False,2022-03-14,True,False,0.0,
Lao People's Democratic Republic,2022,12,2,0.0,116.0,,,False,False,True,False,2022-03-21,True,False,0.0,
Lao People's Democratic Republic,2022,13,2,0.0,143.0,,,False,False,True,False,2022-03-28,True,False,0.0,
Lao People's Democratic Republic,2022,14,2,0.0,119.0,,,False,False,True,False,2022-04-04,True,False,0.0,
Lao People's Democratic Republic,2022,15,2,0.0,93.0,,,False,False,True,False,2022-04-11,True,False,0.0,
Lao People's Democratic Republic,2022,16,2,0.0,40.0,,,False,False,True,False,2022-04-18,True,False,0.0,
Lao People's Democratic Republic,2022,17,2,0.0,102.0,,,False,False,True,False,2022-04-25,True,False,0.0,
Lao People's Democratic Republic,2022,18,2,0.0,48.0,,,False,False,True,False,2022-05-02,True,False,0.0,
Lao People's Democratic Republic,2022,19,2,0.0,51.0,,,False,False,True,False,2022-05-09,True,False,0.0,
Lao People's Democratic Republic,2022,20,2,0.0,45.0,,,False,False,True,False,2022-05-16,True,False,0.0,
Lao People's Democratic Republic,2022,21,2,0.0,76.0,,,False,False,True,False,2022-05-23,True,False,0.0,
Lao People's Democratic Republic,2022,22,2,0.0,53.0,,,False,False,True,False,2022-05-30,True,False,0.0,
Lao People's Democratic Republic,2022,23,2,1.0,52.0,,,False,False,True,False,2022-06-06,True,False,0.019230769230769232,
Lao People's Democratic Republic,2022,24,2,1.0,61.0,,,False,False,True,False,2022-06-13,True,False,0.01639344262295082,
Lao People's Democratic Republic,2022,25,2,1.0,48.0,,,False,False,True,False,2022-06-20,True,False,0.020833333333333332,
Lao People's Democratic Republic,2022,26,2,1.0,69.0,,,False,False,True,False,2022-06-27,True,False,0.014492753623188406,
Lao People's Democratic Republic,2022,27,2,2.0,85.0,,,False,False,True,False,2022-07-04,True,False,0.023529411764705882,
Lao People's Democratic Republic,2022,28,2,1.0,96.0,,,False,False,True,False,2022-07-11,True,False,0.010416666666666666,
Lao People's Democratic Republic,2022,29,2,6.0,101.0,,,False,False,True,False,2022-07-18,True,False,0.0594059405940594,
Lao People's Democratic Republic,2022,30,2,4.0,127.0,,,False,False,True,False,2022-07-25,True,False,0.031496062992125984,
Lao People's Democratic Republic,2022,31,2,4.0,160.0,,,False,False,True,False,2022-08-01,True,False,0.025,
Lao People's Democratic Republic,2022,32,2,12.0,135.0,,,False,False,True,False,2022-08-08,True,False,0.08888888888888889,
Lao People's Democratic Republic,2022,33,2,12.0,110.0,,,False,False,True,False,2022-08-15,True,False,0.10909090909090909,
Lao People's Democratic Republic,2022,34,2,41.0,172.0,,,False,False,True,False,2022-08-22,True,False,0.23837209302325582,
Lao People's Democratic Republic,2022,35,2,37.0,124.0,,,False,False,True,False,2022-08-29,True,False,0.29838709677419356,
Lao People's Democratic Republic,2022,36,2,52.0,153.0,,,False,False,True,False,2022-09-05,True,False,0.33986928104575165,
Lao People's Democratic Republic,2022,37,2,49.0,153.0,,,False,False,True,False,2022-09-12,True,False,0.3202614379084967,
Lao People's Democratic Republic,2022,38,2,46.0,172.0,,,False,False,True,False,2022-09-19,True,False,0.26744186046511625,
Lao People's Democratic Republic,2022,39,2,49.0,144.0,,,False,False,True,False,2022-09-26,True,False,0.3402777777777778,
Lao People's Democratic Republic,2022,40,2,70.0,173.0,,,False,False,True,False,2022-10-03,True,False,0.4046242774566474,
Lao People's Democratic Republic,2022,41,2,49.0,149.0,,,False,False,True,False,2022-10-10,True,False,0.3288590604026846,
Lao People's Democratic Republic,2022,42,2,45.0,133.0,,,False,False,True,False,2022-10-17,True,False,0.3383458646616541,
Lao People's Democratic Republic,2022,43,2,31.0,161.0,,,False,False,True,False,2022-10-24,True,False,0.19254658385093168,
Lao People's Democratic Republic,2022,44,2,28.0,130.0,,,False,False,True,False,2022-10-31,True,False,0.2153846153846154,
Lao People's Democratic Republic,2022,45,2,17.0,114.0,,,False,False,True,False,2022-11-07,True,False,0.14912280701754385,
Lao People's Democratic Republic,2022,46,2,18.0,140.0,,,False,False,True,False,2022-11-14,True,False,0.12857142857142856,
Lao People's Democratic Republic,2022,47,2,24.0,121.0,,,False,False,True,False,2022-11-21,True,False,0.19834710743801653,
Lao People's Democratic Republic,2022,48,2,12.0,103.0,,,False,False,True,False,2022-11-28,True,False,0.11650485436893204,
Lao People's Democratic Republic,2022,49,2,8.0,122.0,,,False,False,True,False,2022-12-05,True,False,0.06557377049180328,
Lao People's Democratic Republic,2022,50,2,5.0,83.0,,,False,False,True,False,2022-12-12,True,False,0.060240963855421686,
Lao People's Democratic Republic,2022,51,2,3.0,101.0,,,False,False,True,False,2022-12-19,True,False,0.0297029702970297,
Lao People's Democratic Republic,2022,52,2,6.0,86.0,,,False,False,True,False,2022-12-26,True,False,0.06976744186046512,
Lao People's Democratic Republic,2023,1,2,0.0,75.0,,,False,False,True,False,2023-01-02,True,False,0.0,
Lao People's Democratic Republic,2023,2,2,1.0,94.0,,,False,False,True,False,2023-01-09,True,False,0.010638297872340425,
Lao People's Democratic Republic,2023,3,2,3.0,101.0,,,False,False,True,False,2023-01-16,True,False,0.0297029702970297,
Lao People's Democratic Republic,2023,4,2,2.0,86.0,,,False,False,True,False,2023-01-23,True,False,0.023255813953488372,
Lao People's Democratic Republic,2023,5,2,6.0,115.0,,,False,False,True,False,2023-01-30,True,False,0.05217391304347826,
Lao People's Democratic Republic,2023,6,2,1.0,127.0,,,False,False,True,False,2023-02-06,True,False,0.007874015748031496,
Lao People's Democratic Republic,2023,7,2,7.0,125.0,,,False,False,True,False,2023-02-13,True,False,0.056,
Lao People's Democratic Republic,2023,8,2,1.0,128.0,,,False,False,True,False,2023-02-20,True,False,0.0078125,
Lao People's Democratic Republic,2023,9,2,2.0,69.0,,,False,False,True,False,2023-02-27,True,False,0.028985507246376812,
Lao People's Democratic Republic,2023,10,2,2.0,78.0,,,False,False,True,False,2023-03-06,True,False,0.02564102564102564,
Lao People's Democratic Republic,2023,11,2,6.0,100.0,,,False,False,True,False,2023-03-13,True,False,0.06,
Lao People's Democratic Republic,2023,12,2,16.0,129.0,,,False,False,True,False,2023-03-20,True,False,0.12403100775193798,
Lao People's Democratic Republic,2023,13,2,18.0,140.0,,,False,False,True,False,2023-03-27,True,False,0.12857142857142856,
Lao People's Democratic Republic,2023,14,2,30.0,135.0,,,False,False,True,False,2023-04-03,True,False,0.2222222222222222,
Lao People's Democratic Republic,2023,15,2,19.0,118.0,,,False,False,True,False,2023-04-10,True,False,0.16101694915254236,
Lao People's Democratic Republic,2023,16,2,15.0,62.0,,,False,False,True,False,2023-04-17,True,False,0.24193548387096775,
Lao People's Democratic Republic,2023,17,2,18.0,141.0,,,False,False,True,False,2023-04-24,True,False,0.1276595744680851,
Lao People's Democratic Republic,2023,18,2,10.0,76.0,,,False,False,True,False,2023-05-01,True,False,0.13157894736842105,
Lao People's Democratic Republic,2023,19,2,26.0,125.0,,,False,False,True,False,2023-05-08,True,False,0.208,
Lao People's Democratic Republic,2023,20,2,17.0,89.0,,,False,False,True,False,2023-05-15,True,False,0.19101123595505617,
Lao People's Democratic Republic,2023,21,2,22.0,89.0,,,False,False,True,False,2023-05-22,True,False,0.24719101123595505,
Lao People's Democratic Republic,2023,22,2,11.0,90.0,,,False,False,True,False,2023-05-29,True,False,0.12222222222222222,
Lao People's Democratic Republic,2023,23,2,8.0,91.0,,,False,False,True,False,2023-06-05,True,False,0.08791208791208792,
Lao People's Democratic Republic,2023,24,2,7.0,90.0,,,False,False,True,False,2023-06-12,True,False,0.07777777777777778,
Lao People's Democratic Republic,2023,25,2,13.0,157.0,,,False,False,True,False,2023-06-19,True,False,0.08280254777070063,
Lao People's Democratic Republic,2023,26,2,10.0,208.0,,,False,False,True,False,2023-06-26,True,False,0.04807692307692308,
Lao People's Democratic Republic,2023,27,2,6.0,182.0,,,False,False,True,False,2023-07-03,True,False,0.03296703296703297,
Lao People's Democratic Republic,2023,28,2,2.0,170.0,,,False,False,True,False,2023-07-10,True,False,0.011764705882352941,
Lao People's Democratic Republic,2023,29,2,4.0,185.0,,,False,False,True,False,2023-07-17,True,False,0.021621621621621623,
Lao People's Democratic Republic,2023,30,2,4.0,180.0,,,False,False,True,False,2023-07-24,True,False,0.022222222222222223,
Lao People's Democratic Republic,2023,31,2,5.0,165.0,,,False,False,True,False,2023-07-31,True,False,0.030303030303030304,
Lao People's Democratic Republic,2023,32,2,5.0,131.0,,,False,False,True,False,2023-08-07,True,False,0.03816793893129771,
Lao People's Democratic Republic,2023,33,2,2.0,197.0,,,False,False,True,False,2023-08-14,True,False,0.01015228426395939,
Lao People's Democratic Republic,2023,34,2,10.0,191.0,,,False,False,True,False,2023-08-21,True,False,0.05235602094240838,
Lao People's Democratic Republic,2023,35,2,7.0,192.0,,,False,False,True,False,2023-08-28,True,False,0.036458333333333336,
Lao People's Democratic Republic,2023,36,2,9.0,160.0,,,False,False,True,False,2023-09-04,True,False,0.05625,
Lao People's Democratic Republic,2023,37,2,16.0,160.0,,,False,False,True,False,2023-09-11,True,False,0.1,
Lao People's Democratic Republic,2023,38,2,19.0,205.0,,,False,False,True,False,2023-09-18,True,False,0.09268292682926829,
Lao People's Democratic Republic,2023,39,2,23.0,256.0,,,False,False,True,False,2023-09-25,True,False,0.08984375,
Lao People's Democratic Republic,2023,40,2,36.0,240.0,,,False,False,True,False,2023-10-02,True,False,0.15,
Lao People's Democratic Republic,2023,41,2,43.0,246.0,,,False,False,True,False,2023-10-09,True,False,0.17479674796747968,
Lao People's Democratic Republic,2023,42,2,66.0,287.0,,,False,False,True,False,2023-10-16,True,False,0.22996515679442509,
Lao People's Democratic Republic,2023,43,2,42.0,220.0,,,False,False,True,False,2023-10-23,True,False,0.19090909090909092,
Lao People's Democratic Republic,2023,44,2,31.0,189.0,,,False,False,True,False,2023-10-30,True,False,0.164021164021164,
Lao People's Democratic Republic,2023,45,2,26.0,183.0,,,False,False,True,False,2023-11-06,True,False,0.14207650273224043,
Lao People's Democratic Republic,2023,46,2,35.0,216.0,,,False,False,True,False,2023-11-13,True,False,0.16203703703703703,
Lao People's Democratic Republic,2023,47,2,31.0,172.0,,,False,False,True,False,2023-11-20,True,False,0.18023255813953487,
Lao People's Democratic Republic,2023,48,2,15.0,193.0,,,False,False,True,False,2023-11-27,True,False,0.07772020725388601,
Lao People's Democratic Republic,2023,49,2,30.0,179.0,,,False,False,True,False,2023-12-04,True,False,0.16759776536312848,
Lao People's Democratic Republic,2023,50,2,11.0,154.0,,,False,False,True,False,2023-12-11,True,False,0.07142857142857142,
Lao People's Democratic Republic,2023,51,2,14.0,151.0,,,False,False,True,False,2023-12-18,True,False,0.09271523178807947,
Lao People's Democratic Republic,2024,1,2,19.0,103.0,,,False,False,True,False,2024-01-01,True,False,0.18446601941747573,
Lao People's Democratic Republic,2024,2,2,13.0,114.0,,,False,False,True,False,2024-01-08,True,False,0.11403508771929824,
Lao People's Democratic Republic,2024,3,2,12.0,112.0,,,False,False,True,False,2024-01-15,True,False,0.10714285714285714,
Lao People's Democratic Republic,2024,4,2,9.0,124.0,,,False,False,True,False,2024-01-22,True,False,0.07258064516129033,
Lao People's Democratic Republic,2024,5,2,12.0,86.0,,,False,False,True,False,2024-01-29,True,False,0.13953488372093023,
Lao People's Democratic Republic,2024,6,2,2.0,101.0,,,False,False,True,False,2024-02-05,True,False,0.019801980198019802,
Lao People's Democratic Republic,2024,7,2,17.0,100.0,,,False,False,True,False,2024-02-12,True,False,0.17,
Lao People's Democratic Republic,2024,8,2,10.0,134.0,,,False,False,True,False,2024-02-19,True,False,0.07462686567164178,
Lao People's Democratic Republic,2024,9,2,10.0,113.0,,,False,False,True,False,2024-02-26,True,False,0.08849557522123894,
Lao People's Democratic Republic,2024,10,2,18.0,119.0,,,False,False,True,False,2024-03-04,True,False,0.15126050420168066,
Lao People's Democratic Republic,2024,11,2,7.0,97.0,,,False,False,True,False,2024-03-11,True,False,0.07216494845360824,
Lao People's Democratic Republic,2024,12,2,12.0,102.0,,,False,False,True,False,2024-03-18,True,False,0.11764705882352941,
Lao People's Democratic Republic,2024,13,2,7.0,89.0,,,False,False,True,False,2024-03-25,True,False,0.07865168539325842,
Lao People's Democratic Republic,2024,14,2,5.0,93.0,,,False,False,True,False,2024-04-01,True,False,0.053763440860215055,
Lao People's Democratic Republic,2024,15,2,3.0,41.0,,,False,False,True,False,2024-04-08,True,False,0.07317073170731707,
Lao People's Democratic Republic,2024,16,2,0.0,0.0,,,False,False,True,False,2024-04-15,False,False,,
Lao People's Democratic Republic,2024,17,2,4.0,58.0,,,False,False,True,False,2024-04-22,True,False,0.06896551724137931,
Lao People's Democratic Republic,2024,18,2,5.0,57.0,,,False,False,True,False,2024-04-29,True,False,0.08771929824561403,
Lao People's Democratic Republic,2024,19,2,3.0,50.0,,,False,False,True,False,2024-05-06,True,False,0.06,
Lao People's Democratic Republic,2024,20,2,5.0,60.0,,,False,False,True,False,2024-05-13,True,False,0.08333333333333333,
Lao People's Democratic Republic,2024,21,2,4.0,56.0,,,False,False,True,False,2024-05-20,True,False,0.07142857142857142,
Lao People's Democratic Republic,2024,22,2,8.0,69.0,,,False,False,True,False,2024-05-27,True,False,0.11594202898550725,
Lao People's Democratic Republic,2024,23,2,14.0,67.0,,,False,False,True,False,2024-06-03,True,False,0.208955223880597,
Lao People's Democratic Republic,2024,24,2,10.0,62.0,,,False,False,True,False,2024-06-10,True,False,0.16129032258064516,
Lao People's Democratic Republic,2024,25,2,21.0,71.0,,,False,False,True,False,2024-06-17,True,False,0.29577464788732394,
Lao People's Democratic Republic,2024,26,2,13.0,77.0,,,False,False,True,False,2024-06-24,True,False,0.16883116883116883,
Lao People's Democratic Republic,2024,27,2,6.0,52.0,,,False,False,True,False,2024-07-01,True,False,0.11538461538461539,
Lao People's Democratic Republic,2024,28,2,11.0,62.0,,,False,False,True,False,2024-07-08,True,False,0.1774193548387097,
Lao People's Democratic Republic,2024,29,2,12.0,63.0,,,False,False,True,False,2024-07-15,True,False,0.19047619047619047,
Lao People's Democratic Republic,2024,30,2,15.0,60.0,,,False,False,True,False,2024-07-22,True,False,0.25,
Lao People's Democratic Republic,2024,31,2,7.0,65.0,,,False,False,True,False,2024-07-29,True,False,0.1076923076923077,
Lao People's Democratic Republic,2024,32,2,14.0,60.0,,,False,False,True,False,2024-08-05,True,False,0.23333333333333334,
Lao People's Democratic Republic,2024,33,2,10.0,77.0,,,False,False,True,False,2024-08-12,True,False,0.12987012987012986,
Lao People's Democratic Republic,2024,34,2,10.0,85.0,,,False,False,True,False,2024-08-19,True,False,0.11764705882352941,
Lao People's Democratic Republic,2024,35,2,10.0,72.0,,,False,False,True,False,2024-08-26,True,False,0.1388888888888889,
Lao People's Democratic Republic,2024,36,2,8.0,44.0,,,False,False,True,False,2024-09-02,True,False,0.18181818181818182,
Lao People's Democratic Republic,2024,37,2,5.0,67.0,,,False,False,True,False,2024-09-09,True,False,0.07462686567164178,
Lao People's Democratic Republic,2024,38,2,14.0,73.0,,,False,False,True,False,2024-09-16,True,False,0.1917808219178082,
Lao People's Democratic Republic,2024,39,2,14.0,81.0,,,False,False,True,False,2024-09-23,True,False,0.1728395061728395,
Lao People's Democratic Republic,2024,40,2,9.0,55.0,,,False,False,True,False,2024-09-30,True,False,0.16363636363636364,
Lao People's Democratic Republic,2024,41,2,9.0,71.0,,,False,False,True,False,2024-10-07,True,False,0.1267605633802817,
Lao People's Democratic Republic,2024,42,2,7.0,49.0,,,False,False,True,False,2024-10-14,True,False,0.14285714285714285,
Lao People's Democratic Republic,2024,43,2,3.0,39.0,,,False,False,True,False,2024-10-21,True,False,0.07692307692307693,
Lao People's Democratic Republic,2024,44,2,7.0,49.0,,,False,False,True,False,2024-10-28,True,False,0.14285714285714285,
Lao People's Democratic Republic,2024,45,2,7.0,67.0,,,False,False,True,False,2024-11-04,True,False,0.1044776119402985,
Lao People's Democratic Republic,2024,46,2,12.0,60.0,,,False,False,True,False,2024-11-11,True,False,0.2,
Lao People's Democratic Republic,2024,47,2,6.0,35.0,,,False,False,True,False,2024-11-18,True,False,0.17142857142857143,
Lao People's Democratic Republic,2024,48,2,1.0,36.0,,,False,False,True,False,2024-11-25,True,False,0.027777777777777776,
Lao People's Democratic Republic,2024,49,2,3.0,39.0,,,False,False,True,False,2024-12-02,True,False,0.07692307692307693,
Lao People's Democratic Republic,2024,50,2,1.0,40.0,,,False,False,True,False,2024-12-09,True,False,0.025,
Lao People's Democratic Republic,2024,51,2,6.0,41.0,,,False,False,True,False,2024-12-16,True,False,0.14634146341463414,
Lao People's Democratic Republic,2024,52,2,3.0,36.0,,,False,False,True,False,2024-12-23,True,False,0.08333333333333333,
Lao People's Democratic Republic,2025,1,2,6.0,27.0,,,False,False,True,False,2024-12-30,True,False,0.2222222222222222,
Lao People's Democratic Republic,2025,2,2,5.0,34.0,,,False,False,True,False,2025-01-06,True,False,0.14705882352941177,
Lao People's Democratic Republic,2025,3,2,5.0,34.0,,,False,False,True,False,2025-01-13,True,False,0.14705882352941177,
Lao People's Democratic Republic,2025,4,2,9.0,44.0,,,False,False,True,False,2025-01-20,True,False,0.20454545454545456,
Lao People's Democratic Republic,2025,5,2,6.0,39.0,,,False,False,True,False,2025-01-27,True,False,0.15384615384615385,
Lao People's Democratic Republic,2025,6,2,11.0,39.0,,,False,False,True,False,2025-02-03,True,False,0.28205128205128205,
Lao People's Democratic Republic,2025,7,2,9.0,18.0,,,False,False,True,False,2025-02-10,True,False,0.5,
Lao People's Democratic Republic,2025,8,2,0.0,0.0,,,False,False,True,False,2025-02-17,False,False,,
Lao People's Democratic Republic,2025,9,2,5.0,30.0,,,False,False,True,False,2025-02-24,True,False,0.16666666666666666,
Lao People's Democratic Republic,2025,10,2,6.0,42.0,,,False,False,True,False,2025-03-03,True,False,0.14285714285714285,
Lao People's Democratic Republic,2025,11,2,5.0,22.0,,,False,False,True,False,2025-03-10,True,False,0.22727272727272727,
Lao People's Democratic Republic,2025,12,2,8.0,25.0,,,False,False,True,False,2025-03-17,True,False,0.32,
Lao People's Democratic Republic,2025,13,2,8.0,45.0,,,False,False,True,False,2025-03-24,True,False,0.17777777777777778,
Lao People's Democratic Republic,2025,14,2,3.0,25.0,,,False,False,True,False,2025-03-31,True,False,0.12,
Lao People's Democratic Republic,2025,15,2,2.0,21.0,,,False,False,True,False,2025-04-07,True,False,0.09523809523809523,
Lao People's Democratic Republic,2025,16,2,0.0,0.0,,,False,False,True,False,2025-04-14,False,False,,
Lao People's Democratic Republic,2025,17,2,11.0,36.0,,,False,False,True,False,2025-04-21,True,False,0.3055555555555556,
Lao People's Democratic Republic,2025,18,2,6.0,57.0,,,False,False,True,False,2025-04-28,True,False,0.10526315789473684,
Lao People's Democratic Republic,2025,19,2,19.0,78.0,,,False,False,True,False,2025-05-05,True,False,0.24358974358974358,
Lao People's Democratic Republic,2025,20,2,12.0,67.0,,,False,False,True,False,2025-05-12,True,False,0.1791044776119403,
Lao People's Democratic Republic,2025,21,2,6.0,64.0,,,False,False,True,False,2025-05-19,True,False,0.09375,
Lao People's Democratic Republic,2025,22,2,4.0,41.0,,,False,False,True,False,2025-05-26,True,False,0.0975609756097561,
Lao People's Democratic Republic,2025,23,2,5.0,66.0,,,False,False,True,False,2025-06-02,True,False,0.07575757575757576,
Lao People's Democratic Republic,2025,24,2,9.0,59.0,,,False,False,True,False,2025-06-09,True,False,0.15254237288135594,
Lao People's Democratic Republic,2025,25,2,5.0,54.0,,,False,False,True,False,2025-06-16,True,False,0.09259259259259259,
Lao People's Democratic Republic,2025,26,2,5.0,51.0,,,False,False,True,False,2025-06-23,True,False,0.09803921568627451,
Lao People's Democratic Republic,2025,27,2,2.0,43.0,,,False,False,True,False,2025-06-30,True,False,0.046511627906976744,
Lao People's Democratic Republic,2025,28,2,8.0,42.0,,,False,False,True,False,2025-07-07,True,False,0.19047619047619047,
Lao People's Democratic Republic,2025,29,2,9.0,73.0,,,False,False,True,False,2025-07-14,True,False,0.1232876712328767,
Lao People's Democratic Republic,2025,30,2,1.0,46.0,,,False,False,True,False,2025-07-21,True,False,0.021739130434782608,
Lao People's Democratic Republic,2025,31,2,5.0,50.0,,,False,False,True,False,2025-07-28,True,False,0.1,
Lao People's Democratic Republic,2025,32,2,3.0,61.0,,,False,False,True,False,2025-08-04,True,False,0.04918032786885246,
Lao People's Democratic Republic,2025,33,2,11.0,70.0,,,False,False,True,False,2025-08-11,True,False,0.15714285714285714,
Lao People's Democratic Republic,2025,34,2,7.0,51.0,,,False,False,True,False,2025-08-18,True,False,0.13725490196078433,
Lao People's Democratic Republic,2025,35,2,5.0,40.0,,,False,False,True,False,2025-08-25,True,False,0.125,
Lao People's Democratic Republic,2025,36,2,3.0,49.0,,,False,False,True,False,2025-09-01,True,False,0.061224489795918366,
Lao People's Democratic Republic,2025,37,2,15.0,65.0,,,False,False,True,False,2025-09-08,True,False,0.23076923076923078,
Lao People's Democratic Republic,2025,38,2,10.0,84.0,,,False,False,True,False,2025-09-15,True,False,0.11904761904761904,
Lao People's Democratic Republic,2025,39,2,29.0,97.0,,,False,False,True,False,2025-09-22,True,False,0.29896907216494845,
Lao People's Democratic Republic,2025,40,2,19.0,83.0,,,False,False,True,False,2025-09-29,True,False,0.2289156626506024,
Lao People's Democratic Republic,2025,41,2,17.0,96.0,,,False,False,True,False,2025-10-06,True,False,0.17708333333333334,
Lao People's Democratic Republic,2025,42,2,16.0,70.0,,,False,False,True,False,2025-10-13,True,False,0.22857142857142856,
Lao People's Democratic Republic,2025,43,2,28.0,111.0,,,False,False,True,False,2025-10-20,True,False,0.25225225225225223,
Lao People's Democratic Republic,2025,44,2,16.0,70.0,,,False,False,True,False,2025-10-27,True,False,0.22857142857142856,
Lao People's Democratic Republic,2025,45,2,13.0,56.0,,,False,False,True,False,2025-11-03,True,False,0.23214285714285715,
Lao People's Democratic Republic,2025,46,2,22.0,55.0,,,False,False,True,False,2025-11-10,True,False,0.4,
Lao People's Democratic Republic,2025,47,2,18.0,76.0,,,False,False,True,False,2025-11-17,True,False,0.23684210526315788,
Lao People's Democratic Republic,2025,48,2,25.0,60.0,,,False,False,True,False,2025-11-24,True,False,0.4166666666666667,
Lao People's Democratic Republic,2025,49,2,5.0,41.0,,,False,False,True,False,2025-12-01,True,False,0.12195121951219512,
Lao People's Democratic Republic,2025,50,2,11.0,60.0,,,False,False,True,False,2025-12-08,True,False,0.18333333333333332,
Lao People's Democratic Republic,2025,51,2,15.0,48.0,,,False,False,True,False,2025-12-15,True,False,0.3125,
Lao People's Democratic Republic,2025,52,1,17.0,45.0,,,False,False,True,False,2025-12-22,True,False,0.37777777777777777,
Malaysia,1997,1,1,1.0,14.0,,,False,False,True,False,1996-12-30,True,False,0.07142857142857142,
Malaysia,1997,2,1,3.0,13.0,,,False,False,True,False,1997-01-06,True,False,0.23076923076923078,
Malaysia,1997,5,1,0.0,2.0,,,False,False,True,False,1997-01-27,True,False,0.0,
Malaysia,1997,6,1,0.0,3.0,,,False,False,True,False,1997-02-03,True,False,0.0,
Malaysia,1997,7,1,0.0,4.0,,,False,False,True,False,1997-02-10,True,False,0.0,
Malaysia,1997,8,1,0.0,5.0,,,False,False,True,False,1997-02-17,True,False,0.0,
Malaysia,1997,9,1,0.0,5.0,,,False,False,True,False,1997-02-24,True,False,0.0,
Malaysia,1997,10,1,0.0,9.0,,,False,False,True,False,1997-03-03,True,False,0.0,
Malaysia,1997,11,1,0.0,6.0,,,False,False,True,False,1997-03-10,True,False,0.0,
Malaysia,1997,12,1,0.0,12.0,,,False,False,True,False,1997-03-17,True,False,0.0,
Malaysia,1997,13,1,0.0,9.0,,,False,False,True,False,1997-03-24,True,False,0.0,
Malaysia,1997,14,1,0.0,8.0,,,False,False,True,False,1997-03-31,True,False,0.0,
Malaysia,1997,15,1,0.0,11.0,,,False,False,True,False,1997-04-07,True,False,0.0,
Malaysia,1997,16,1,0.0,9.0,,,False,False,True,False,1997-04-14,True,False,0.0,
Malaysia,1997,17,1,0.0,10.0,,,False,False,True,False,1997-04-21,True,False,0.0,
Malaysia,1997,18,1,1.0,18.0,,,False,False,True,False,1997-04-28,True,False,0.05555555555555555,
Malaysia,1997,19,1,0.0,16.0,,,False,False,True,False,1997-05-05,True,False,0.0,
Malaysia,1997,20,1,0.0,7.0,,,False,False,True,False,1997-05-12,True,False,0.0,
Malaysia,1997,21,1,0.0,14.0,,,False,False,True,False,1997-05-19,True,False,0.0,
Malaysia,1997,22,1,1.0,13.0,,,False,False,True,False,1997-05-26,True,False,0.07692307692307693,
Malaysia,1997,23,1,0.0,8.0,,,False,False,True,False,1997-06-02,True,False,0.0,
Malaysia,1997,24,1,0.0,17.0,,,False,False,True,False,1997-06-09,True,False,0.0,
Malaysia,1997,25,1,0.0,9.0,,,False,False,True,False,1997-06-16,True,False,0.0,
Malaysia,1997,26,1,0.0,11.0,,,False,False,True,False,1997-06-23,True,False,0.0,
Malaysia,1997,27,1,0.0,19.0,,,False,False,True,False,1997-06-30,True,False,0.0,
Malaysia,1997,28,1,0.0,11.0,,,False,False,True,False,1997-07-07,True,False,0.0,
Malaysia,1997,29,1,1.0,15.0,,,False,False,True,False,1997-07-14,True,False,0.06666666666666667,
Malaysia,1997,30,1,0.0,14.0,,,False,False,True,False,1997-07-21,True,False,0.0,
Malaysia,1997,31,1,0.0,15.0,,,False,False,True,False,1997-07-28,True,False,0.0,
Malaysia,1997,32,1,0.0,11.0,,,False,False,True,False,1997-08-04,True,False,0.0,
Malaysia,1997,33,1,0.0,15.0,,,False,False,True,False,1997-08-11,True,False,0.0,
Malaysia,1997,34,1,0.0,12.0,,,False,False,True,False,1997-08-18,True,False,0.0,
Malaysia,1997,35,1,0.0,24.0,,,False,False,True,False,1997-08-25,True,False,0.0,
Malaysia,1997,36,1,0.0,9.0,,,False,False,True,False,1997-09-01,True,False,0.0,
Malaysia,1997,37,1,0.0,8.0,,,False,False,True,False,1997-09-08,True,False,0.0,
Malaysia,1997,38,1,0.0,7.0,,,False,False,True,False,1997-09-15,True,False,0.0,
Malaysia,1997,39,1,0.0,5.0,,,False,False,True,False,1997-09-22,True,False,0.0,
Malaysia,1997,40,1,0.0,8.0,,,False,False,True,False,1997-09-29,True,False,0.0,
Malaysia,1997,41,1,0.0,8.0,,,False,False,True,False,1997-10-06,True,False,0.0,
Malaysia,1997,42,1,0.0,13.0,,,False,False,True,False,1997-10-13,True,False,0.0,
Malaysia,1997,43,1,0.0,13.0,,,False,False,True,False,1997-10-20,True,False,0.0,
Malaysia,1997,44,1,0.0,20.0,,,False,False,True,False,1997-10-27,True,False,0.0,
Malaysia,1997,45,1,0.0,14.0,,,False,False,True,False,1997-11-03,True,False,0.0,
Malaysia,1997,46,1,0.0,10.0,,,False,False,True,False,1997-11-10,True,False,0.0,
Malaysia,1997,47,1,0.0,8.0,,,False,False,True,False,1997-11-17,True,False,0.0,
Malaysia,1997,48,1,0.0,14.0,,,False,False,True,False,1997-11-24,True,False,0.0,
Malaysia,1997,49,1,0.0,5.0,,,False,False,True,False,1997-12-01,True,False,0.0,
Malaysia,1997,50,1,1.0,26.0,,,False,False,True,False,1997-12-08,True,False,0.038461538461538464,
Malaysia,1997,51,1,0.0,8.0,,,False,False,True,False,1997-12-15,True,False,0.0,
Malaysia,1997,52,1,1.0,21.0,,,False,False,True,False,1997-12-22,True,False,0.047619047619047616,
Malaysia,1998,1,1,0.0,10.0,,,False,False,True,False,1997-12-29,True,False,0.0,
Malaysia,1998,2,1,0.0,9.0,,,False,False,True,False,1998-01-05,True,False,0.0,
Malaysia,1998,3,1,0.0,15.0,,,False,False,True,False,1998-01-12,True,False,0.0,
Malaysia,1998,4,1,1.0,8.0,,,False,False,True,False,1998-01-19,True,False,0.125,
Malaysia,1998,5,1,2.0,13.0,,,False,False,True,False,1998-01-26,True,False,0.15384615384615385,
Malaysia,1998,6,1,0.0,11.0,,,False,False,True,False,1998-02-02,True,False,0.0,
Malaysia,1998,7,1,0.0,13.0,,,False,False,True,False,1998-02-09,True,False,0.0,
Malaysia,1998,8,1,0.0,9.0,,,False,False,True,False,1998-02-16,True,False,0.0,
Malaysia,1998,9,1,0.0,11.0,,,False,False,True,False,1998-02-23,True,False,0.0,
Malaysia,1998,10,1,1.0,11.0,,,False,False,True,False,1998-03-02,True,False,0.09090909090909091,
Malaysia,1998,11,1,1.0,10.0,,,False,False,True,False,1998-03-09,True,False,0.1,
Malaysia,1998,12,1,0.0,9.0,,,False,False,True,False,1998-03-16,True,False,0.0,
Malaysia,1998,13,1,0.0,14.0,,,False,False,True,False,1998-03-23,True,False,0.0,
Malaysia,1998,14,1,0.0,6.0,,,False,False,True,False,1998-03-30,True,False,0.0,
Malaysia,1998,15,1,0.0,4.0,,,False,False,True,False,1998-04-06,True,False,0.0,
Malaysia,1998,16,1,1.0,16.0,,,False,False,True,False,1998-04-13,True,False,0.0625,
Malaysia,1998,17,1,0.0,13.0,,,False,False,True,False,1998-04-20,True,False,0.0,
Malaysia,1998,18,1,0.0,4.0,,,False,False,True,False,1998-04-27,True,False,0.0,
Malaysia,1998,19,1,0.0,5.0,,,False,False,True,False,1998-05-04,True,False,0.0,
Malaysia,1998,20,1,1.0,9.0,,,False,False,True,False,1998-05-11,True,False,0.1111111111111111,
Malaysia,1998,21,1,5.0,12.0,,,False,False,True,False,1998-05-18,True,False,0.4166666666666667,
Malaysia,1998,22,1,1.0,9.0,,,False,False,True,False,1998-05-25,True,False,0.1111111111111111,
Malaysia,1998,23,1,2.0,10.0,,,False,False,True,False,1998-06-01,True,False,0.2,
Malaysia,1998,24,1,3.0,7.0,,,False,False,True,False,1998-06-08,True,False,0.42857142857142855,
Malaysia,1998,25,1,2.0,16.0,,,False,False,True,False,1998-06-15,True,False,0.125,
Malaysia,1998,26,1,1.0,10.0,,,False,False,True,False,1998-06-22,True,False,0.1,
Malaysia,1998,27,1,0.0,12.0,,,False,False,True,False,1998-06-29,True,False,0.0,
Malaysia,1998,28,1,0.0,7.0,,,False,False,True,False,1998-07-06,True,False,0.0,
Malaysia,1998,29,1,0.0,9.0,,,False,False,True,False,1998-07-13,True,False,0.0,
Malaysia,1998,30,1,0.0,9.0,,,False,False,True,False,1998-07-20,True,False,0.0,
Malaysia,1998,31,1,0.0,10.0,,,False,False,True,False,1998-07-27,True,False,0.0,
Malaysia,1998,32,1,0.0,8.0,,,False,False,True,False,1998-08-03,True,False,0.0,
Malaysia,1998,33,1,0.0,12.0,,,False,False,True,False,1998-08-10,True,False,0.0,
Malaysia,1998,34,1,0.0,11.0,,,False,False,True,False,1998-08-17,True,False,0.0,
Malaysia,1998,35,1,0.0,13.0,,,False,False,True,False,1998-08-24,True,False,0.0,
Malaysia,1998,36,1,0.0,22.0,,,False,False,True,False,1998-08-31,True,False,0.0,
Malaysia,1998,37,1,0.0,19.0,,,False,False,True,False,1998-09-07,True,False,0.0,
Malaysia,1998,38,1,0.0,12.0,,,False,False,True,False,1998-09-14,True,False,0.0,
Malaysia,1998,39,1,0.0,14.0,,,False,False,True,False,1998-09-21,True,False,0.0,
Malaysia,1998,40,1,0.0,12.0,,,False,False,True,False,1998-09-28,True,False,0.0,
Malaysia,1998,41,1,0.0,13.0,,,False,False,True,False,1998-10-05,True,False,0.0,
Malaysia,1998,42,1,0.0,9.0,,,False,False,True,False,1998-10-12,True,False,0.0,
Malaysia,1998,43,1,0.0,9.0,,,False,False,True,False,1998-10-19,True,False,0.0,
Malaysia,1998,44,1,0.0,6.0,,,False,False,True,False,1998-10-26,True,False,0.0,
Malaysia,1998,45,1,0.0,7.0,,,False,False,True,False,1998-11-02,True,False,0.0,
Malaysia,1998,46,1,0.0,6.0,,,False,False,True,False,1998-11-09,True,False,0.0,
Malaysia,1998,47,1,0.0,5.0,,,False,False,True,False,1998-11-16,True,False,0.0,
Malaysia,1998,48,1,1.0,8.0,,,False,False,True,False,1998-11-23,True,False,0.125,
Malaysia,1998,49,1,1.0,8.0,,,False,False,True,False,1998-11-30,True,False,0.125,
Malaysia,1998,50,1,1.0,9.0,,,False,False,True,False,1998-12-07,True,False,0.1111111111111111,
Malaysia,1998,51,1,1.0,7.0,,,False,False,True,False,1998-12-14,True,False,0.14285714285714285,
Malaysia,1998,52,1,1.0,6.0,,,False,False,True,False,1998-12-21,True,False,0.16666666666666666,
Malaysia,1998,53,1,1.0,8.0,,,False,False,True,False,1998-12-28,True,False,0.125,
Malaysia,1999,1,1,2.0,10.0,,,False,False,True,False,1999-01-04,True,False,0.2,
Malaysia,1999,2,1,1.0,7.0,,,False,False,True,False,1999-01-11,True,False,0.14285714285714285,
Malaysia,1999,3,1,2.0,10.0,,,False,False,True,False,1999-01-18,True,False,0.2,
Malaysia,1999,4,1,2.0,7.0,,,False,False,True,False,1999-01-25,True,False,0.2857142857142857,
Malaysia,1999,5,1,5.0,15.0,,,False,False,True,False,1999-02-01,True,False,0.3333333333333333,
Malaysia,1999,6,1,1.0,5.0,,,False,False,True,False,1999-02-08,True,False,0.2,
Malaysia,1999,7,1,1.0,4.0,,,False,False,True,False,1999-02-15,True,False,0.25,
Malaysia,1999,8,1,0.0,11.0,,,False,False,True,False,1999-02-22,True,False,0.0,
Malaysia,1999,9,1,1.0,4.0,,,False,False,True,False,1999-03-01,True,False,0.25,
Malaysia,1999,10,1,0.0,4.0,,,False,False,True,False,1999-03-08,True,False,0.0,
Malaysia,1999,11,1,0.0,9.0,,,False,False,True,False,1999-03-15,True,False,0.0,
Malaysia,1999,12,1,0.0,6.0,,,False,False,True,False,1999-03-22,True,False,0.0,
Malaysia,1999,13,1,0.0,12.0,,,False,False,True,False,1999-03-29,True,False,0.0,
Malaysia,1999,14,1,0.0,6.0,,,False,False,True,False,1999-04-05,True,False,0.0,
Malaysia,1999,15,1,1.0,9.0,,,False,False,True,False,1999-04-12,True,False,0.1111111111111111,
Malaysia,1999,16,1,0.0,8.0,,,False,False,True,False,1999-04-19,True,False,0.0,
Malaysia,1999,17,1,1.0,9.0,,,False,False,True,False,1999-04-26,True,False,0.1111111111111111,
Malaysia,1999,18,1,0.0,7.0,,,False,False,True,False,1999-05-03,True,False,0.0,
Malaysia,1999,19,1,0.0,6.0,,,False,False,True,False,1999-05-10,True,False,0.0,
Malaysia,1999,20,1,0.0,8.0,,,False,False,True,False,1999-05-17,True,False,0.0,
Malaysia,1999,21,1,0.0,3.0,,,False,False,True,False,1999-05-24,True,False,0.0,
Malaysia,1999,22,1,0.0,1.0,,,False,False,True,False,1999-05-31,True,False,0.0,
Malaysia,1999,23,1,0.0,2.0,,,False,False,True,False,1999-06-07,True,False,0.0,
Malaysia,1999,24,1,0.0,6.0,,,False,False,True,False,1999-06-14,True,False,0.0,
Malaysia,1999,25,1,0.0,3.0,,,False,False,True,False,1999-06-21,True,False,0.0,
Malaysia,1999,26,1,0.0,4.0,,,False,False,True,False,1999-06-28,True,False,0.0,
Malaysia,1999,27,1,2.0,8.0,,,False,False,True,False,1999-07-05,True,False,0.25,
Malaysia,1999,28,1,0.0,2.0,,,False,False,True,False,1999-07-12,True,False,0.0,
Malaysia,1999,29,1,0.0,3.0,,,False,False,True,False,1999-07-19,True,False,0.0,
Malaysia,1999,30,1,0.0,2.0,,,False,False,True,False,1999-07-26,True,False,0.0,
Malaysia,1999,31,1,0.0,8.0,,,False,False,True,False,1999-08-02,True,False,0.0,
Malaysia,1999,32,1,0.0,9.0,,,False,False,True,False,1999-08-09,True,False,0.0,
Malaysia,1999,33,1,0.0,6.0,,,False,False,True,False,1999-08-16,True,False,0.0,
Malaysia,1999,34,1,0.0,6.0,,,False,False,True,False,1999-08-23,True,False,0.0,
Malaysia,1999,35,1,0.0,6.0,,,False,False,True,False,1999-08-30,True,False,0.0,
Malaysia,1999,36,1,1.0,10.0,,,False,False,True,False,1999-09-06,True,False,0.1,
Malaysia,1999,37,1,0.0,6.0,,,False,False,True,False,1999-09-13,True,False,0.0,
Malaysia,1999,38,1,0.0,4.0,,,False,False,True,False,1999-09-20,True,False,0.0,
Malaysia,1999,39,1,1.0,9.0,,,False,False,True,False,1999-09-27,True,False,0.1111111111111111,
Malaysia,1999,40,1,0.0,5.0,,,False,False,True,False,1999-10-04,True,False,0.0,
Malaysia,1999,41,1,0.0,11.0,,,False,False,True,False,1999-10-11,True,False,0.0,
Malaysia,1999,42,1,1.0,9.0,,,False,False,True,False,1999-10-18,True,False,0.1111111111111111,
Malaysia,1999,43,1,2.0,17.0,,,False,False,True,False,1999-10-25,True,False,0.11764705882352941,
Malaysia,1999,44,1,2.0,8.0,,,False,False,True,False,1999-11-01,True,False,0.25,
Malaysia,1999,45,1,1.0,13.0,,,False,False,True,False,1999-11-08,True,False,0.07692307692307693,
Malaysia,1999,46,1,0.0,16.0,,,False,False,True,False,1999-11-15,True,False,0.0,
Malaysia,1999,47,1,0.0,9.0,,,False,False,True,False,1999-11-22,True,False,0.0,
Malaysia,1999,48,1,0.0,16.0,,,False,False,True,False,1999-11-29,True,False,0.0,
Malaysia,1999,49,1,1.0,14.0,,,False,False,True,False,1999-12-06,True,False,0.07142857142857142,
Malaysia,1999,50,1,2.0,15.0,,,False,False,True,False,1999-12-13,True,False,0.13333333333333333,
Malaysia,1999,51,1,3.0,18.0,,,False,False,True,False,1999-12-20,True,False,0.16666666666666666,
Malaysia,1999,52,1,2.0,5.0,,,False,False,True,False,1999-12-27,True,False,0.4,
Malaysia,2000,1,1,1.0,5.0,,,False,False,True,False,2000-01-03,True,False,0.2,
Malaysia,2000,2,1,1.0,23.0,,,False,False,True,False,2000-01-10,True,False,0.043478260869565216,
Malaysia,2000,3,1,0.0,9.0,,,False,False,True,False,2000-01-17,True,False,0.0,
Malaysia,2000,4,1,0.0,10.0,,,False,False,True,False,2000-01-24,True,False,0.0,
Malaysia,2000,5,1,0.0,11.0,,,False,False,True,False,2000-01-31,True,False,0.0,
Malaysia,2000,6,1,1.0,17.0,,,False,False,True,False,2000-02-07,True,False,0.058823529411764705,
Malaysia,2000,7,1,1.0,17.0,,,False,False,True,False,2000-02-14,True,False,0.058823529411764705,
Malaysia,2000,8,1,0.0,9.0,,,False,False,True,False,2000-02-21,True,False,0.0,
Malaysia,2000,9,1,0.0,8.0,,,False,False,True,False,2000-02-28,True,False,0.0,
Malaysia,2000,10,1,0.0,11.0,,,False,False,True,False,2000-03-06,True,False,0.0,
Malaysia,2000,11,1,0.0,13.0,,,False,False,True,False,2000-03-13,True,False,0.0,
Malaysia,2000,12,1,0.0,2.0,,,False,False,True,False,2000-03-20,True,False,0.0,
Malaysia,2000,13,1,1.0,8.0,,,False,False,True,False,2000-03-27,True,False,0.125,
Malaysia,2000,14,1,0.0,4.0,,,False,False,True,False,2000-04-03,True,False,0.0,
Malaysia,2000,15,1,2.0,8.0,,,False,False,True,False,2000-04-10,True,False,0.25,
Malaysia,2000,16,1,0.0,5.0,,,False,False,True,False,2000-04-17,True,False,0.0,
Malaysia,2000,17,1,1.0,6.0,,,False,False,True,False,2000-04-24,True,False,0.16666666666666666,
Malaysia,2000,18,1,1.0,8.0,,,False,False,True,False,2000-05-01,True,False,0.125,
Malaysia,2000,19,1,1.0,8.0,,,False,False,True,False,2000-05-08,True,False,0.125,
Malaysia,2000,20,1,0.0,8.0,,,False,False,True,False,2000-05-15,True,False,0.0,
Malaysia,2000,21,1,0.0,6.0,,,False,False,True,False,2000-05-22,True,False,0.0,
Malaysia,2000,22,1,1.0,6.0,,,False,False,True,False,2000-05-29,True,False,0.16666666666666666,
Malaysia,2000,23,1,0.0,8.0,,,False,False,True,False,2000-06-05,True,False,0.0,
Malaysia,2000,24,1,0.0,8.0,,,False,False,True,False,2000-06-12,True,False,0.0,
Malaysia,2000,25,1,1.0,6.0,,,False,False,True,False,2000-06-19,True,False,0.16666666666666666,
Malaysia,2000,26,1,0.0,9.0,,,False,False,True,False,2000-06-26,True,False,0.0,
Malaysia,2000,27,1,0.0,6.0,,,False,False,True,False,2000-07-03,True,False,0.0,
Malaysia,2000,28,1,0.0,9.0,,,False,False,True,False,2000-07-10,True,False,0.0,
Malaysia,2000,29,1,0.0,10.0,,,False,False,True,False,2000-07-17,True,False,0.0,
Malaysia,2000,30,1,0.0,11.0,,,False,False,True,False,2000-07-24,True,False,0.0,
Malaysia,2000,31,1,0.0,6.0,,,False,False,True,False,2000-07-31,True,False,0.0,
Malaysia,2000,32,1,0.0,15.0,,,False,False,True,False,2000-08-07,True,False,0.0,
Malaysia,2000,33,1,0.0,22.0,,,False,False,True,False,2000-08-14,True,False,0.0,
Malaysia,2000,34,1,0.0,12.0,,,False,False,True,False,2000-08-21,True,False,0.0,
Malaysia,2000,35,1,0.0,6.0,,,False,False,True,False,2000-08-28,True,False,0.0,
Malaysia,2000,36,1,0.0,9.0,,,False,False,True,False,2000-09-04,True,False,0.0,
Malaysia,2000,37,1,0.0,15.0,,,False,False,True,False,2000-09-11,True,False,0.0,
Malaysia,2000,38,1,0.0,10.0,,,False,False,True,False,2000-09-18,True,False,0.0,
Malaysia,2000,39,1,0.0,4.0,,,False,False,True,False,2000-09-25,True,False,0.0,
Malaysia,2000,40,1,0.0,8.0,,,False,False,True,False,2000-10-02,True,False,0.0,
Malaysia,2000,41,1,0.0,8.0,,,False,False,True,False,2000-10-09,True,False,0.0,
Malaysia,2000,42,1,0.0,9.0,,,False,False,True,False,2000-10-16,True,False,0.0,
Malaysia,2000,43,1,0.0,10.0,,,False,False,True,False,2000-10-23,True,False,0.0,
Malaysia,2000,44,1,0.0,1.0,,,False,False,True,False,2000-10-30,True,False,0.0,
Malaysia,2000,45,1,0.0,5.0,,,False,False,True,False,2000-11-06,True,False,0.0,
Malaysia,2000,46,1,0.0,7.0,,,False,False,True,False,2000-11-13,True,False,0.0,
Malaysia,2000,47,1,0.0,5.0,,,False,False,True,False,2000-11-20,True,False,0.0,
Malaysia,2000,48,1,0.0,6.0,,,False,False,True,False,2000-11-27,True,False,0.0,
Malaysia,2000,49,1,0.0,6.0,,,False,False,True,False,2000-12-04,True,False,0.0,
Malaysia,2000,50,1,1.0,5.0,,,False,False,True,False,2000-12-11,True,False,0.2,
Malaysia,2000,52,1,1.0,8.0,,,False,False,True,False,2000-12-25,True,False,0.125,
Malaysia,2001,1,1,0.0,1.0,,,False,False,True,False,2001-01-01,True,False,0.0,
Malaysia,2001,2,1,0.0,8.0,,,False,False,True,False,2001-01-08,True,False,0.0,
Malaysia,2001,3,1,0.0,5.0,,,False,False,True,False,2001-01-15,True,False,0.0,
Malaysia,2001,4,1,1.0,7.0,,,False,False,True,False,2001-01-22,True,False,0.14285714285714285,
Malaysia,2001,5,1,0.0,4.0,,,False,False,True,False,2001-01-29,True,False,0.0,
Malaysia,2001,6,1,1.0,10.0,,,False,False,True,False,2001-02-05,True,False,0.1,
Malaysia,2001,7,1,0.0,5.0,,,False,False,True,False,2001-02-12,True,False,0.0,
Malaysia,2001,8,1,0.0,2.0,,,False,False,True,False,2001-02-19,True,False,0.0,
Malaysia,2001,9,1,0.0,7.0,,,False,False,True,False,2001-02-26,True,False,0.0,
Malaysia,2001,10,1,0.0,3.0,,,False,False,True,False,2001-03-05,True,False,0.0,
Malaysia,2001,11,1,0.0,9.0,,,False,False,True,False,2001-03-12,True,False,0.0,
Malaysia,2001,12,1,0.0,3.0,,,False,False,True,False,2001-03-19,True,False,0.0,
Malaysia,2001,13,1,0.0,4.0,,,False,False,True,False,2001-03-26,True,False,0.0,
Malaysia,2001,14,1,0.0,8.0,,,False,False,True,False,2001-04-02,True,False,0.0,
Malaysia,2001,15,1,0.0,4.0,,,False,False,True,False,2001-04-09,True,False,0.0,
Malaysia,2001,16,1,0.0,12.0,,,False,False,True,False,2001-04-16,True,False,0.0,
Malaysia,2001,17,1,0.0,6.0,,,False,False,True,False,2001-04-23,True,False,0.0,
Malaysia,2001,18,1,0.0,6.0,,,False,False,True,False,2001-04-30,True,False,0.0,
Malaysia,2001,19,1,0.0,5.0,,,False,False,True,False,2001-05-07,True,False,0.0,
Malaysia,2001,20,1,0.0,12.0,,,False,False,True,False,2001-05-14,True,False,0.0,
Malaysia,2001,21,1,0.0,4.0,,,False,False,True,False,2001-05-21,True,False,0.0,
Malaysia,2001,22,1,0.0,1.0,,,False,False,True,False,2001-05-28,True,False,0.0,
Malaysia,2001,23,1,0.0,3.0,,,False,False,True,False,2001-06-04,True,False,0.0,
Malaysia,2001,24,1,0.0,9.0,,,False,False,True,False,2001-06-11,True,False,0.0,
Malaysia,2001,25,1,0.0,6.0,,,False,False,True,False,2001-06-18,True,False,0.0,
Malaysia,2001,26,1,0.0,3.0,,,False,False,True,False,2001-06-25,True,False,0.0,
Malaysia,2001,27,1,0.0,2.0,,,False,False,True,False,2001-07-02,True,False,0.0,
Malaysia,2001,28,1,0.0,1.0,,,False,False,True,False,2001-07-09,True,False,0.0,
Malaysia,2001,29,1,0.0,8.0,,,False,False,True,False,2001-07-16,True,False,0.0,
Malaysia,2001,30,1,0.0,2.0,,,False,False,True,False,2001-07-23,True,False,0.0,
Malaysia,2001,31,1,0.0,5.0,,,False,False,True,False,2001-07-30,True,False,0.0,
Malaysia,2001,32,1,0.0,15.0,,,False,False,True,False,2001-08-06,True,False,0.0,
Malaysia,2001,33,1,0.0,1.0,,,False,False,True,False,2001-08-13,True,False,0.0,
Malaysia,2001,34,1,0.0,4.0,,,False,False,True,False,2001-08-20,True,False,0.0,
Malaysia,2001,35,1,0.0,3.0,,,False,False,True,False,2001-08-27,True,False,0.0,
Malaysia,2001,36,1,0.0,3.0,,,False,False,True,False,2001-09-03,True,False,0.0,
Malaysia,2001,37,1,1.0,7.0,,,False,False,True,False,2001-09-10,True,False,0.14285714285714285,
Malaysia,2001,38,1,2.0,3.0,,,False,False,True,False,2001-09-17,True,False,0.6666666666666666,
Malaysia,2001,39,1,0.0,4.0,,,False,False,True,False,2001-09-24,True,False,0.0,
Malaysia,2001,40,1,0.0,7.0,,,False,False,True,False,2001-10-01,True,False,0.0,
Malaysia,2001,41,1,0.0,5.0,,,False,False,True,False,2001-10-08,True,False,0.0,
Malaysia,2001,42,1,1.0,5.0,,,False,False,True,False,2001-10-15,True,False,0.2,
Malaysia,2001,43,1,0.0,5.0,,,False,False,True,False,2001-10-22,True,False,0.0,
Malaysia,2001,44,1,1.0,22.0,,,False,False,True,False,2001-10-29,True,False,0.045454545454545456,
Malaysia,2001,45,1,2.0,9.0,,,False,False,True,False,2001-11-05,True,False,0.2222222222222222,
Malaysia,2001,46,1,1.0,7.0,,,False,False,True,False,2001-11-12,True,False,0.14285714285714285,
Malaysia,2001,47,1,0.0,6.0,,,False,False,True,False,2001-11-19,True,False,0.0,
Malaysia,2001,48,1,0.0,13.0,,,False,False,True,False,2001-11-26,True,False,0.0,
Malaysia,2001,49,1,1.0,12.0,,,False,False,True,False,2001-12-03,True,False,0.08333333333333333,
Malaysia,2001,50,1,0.0,5.0,,,False,False,True,False,2001-12-10,True,False,0.0,
Malaysia,2001,51,1,0.0,6.0,,,False,False,True,False,2001-12-17,True,False,0.0,
Malaysia,2001,52,1,0.0,5.0,,,False,False,True,False,2001-12-24,True,False,0.0,
Malaysia,2002,1,1,0.0,7.0,,,False,False,True,False,2001-12-31,True,False,0.0,
Malaysia,2002,2,1,0.0,4.0,,,False,False,True,False,2002-01-07,True,False,0.0,
Malaysia,2002,3,1,0.0,11.0,,,False,False,True,False,2002-01-14,True,False,0.0,
Malaysia,2002,4,1,0.0,7.0,,,False,False,True,False,2002-01-21,True,False,0.0,
Malaysia,2002,5,1,0.0,11.0,,,False,False,True,False,2002-01-28,True,False,0.0,
Malaysia,2002,6,1,0.0,5.0,,,False,False,True,False,2002-02-04,True,False,0.0,
Malaysia,2002,7,1,1.0,10.0,,,False,False,True,False,2002-02-11,True,False,0.1,
Malaysia,2002,8,1,0.0,4.0,,,False,False,True,False,2002-02-18,True,False,0.0,
Malaysia,2002,9,1,0.0,4.0,,,False,False,True,False,2002-02-25,True,False,0.0,
Malaysia,2002,10,1,0.0,4.0,,,False,False,True,False,2002-03-04,True,False,0.0,
Malaysia,2002,11,1,0.0,6.0,,,False,False,True,False,2002-03-11,True,False,0.0,
Malaysia,2002,12,1,0.0,1.0,,,False,False,True,False,2002-03-18,True,False,0.0,
Malaysia,2002,13,1,1.0,5.0,,,False,False,True,False,2002-03-25,True,False,0.2,
Malaysia,2002,14,1,0.0,3.0,,,False,False,True,False,2002-04-01,True,False,0.0,
Malaysia,2002,15,1,1.0,5.0,,,False,False,True,False,2002-04-08,True,False,0.2,
Malaysia,2002,16,1,0.0,9.0,,,False,False,True,False,2002-04-15,True,False,0.0,
Malaysia,2002,17,1,0.0,3.0,,,False,False,True,False,2002-04-22,True,False,0.0,
Malaysia,2002,18,1,0.0,6.0,,,False,False,True,False,2002-04-29,True,False,0.0,
Malaysia,2002,19,1,0.0,5.0,,,False,False,True,False,2002-05-06,True,False,0.0,
Malaysia,2002,20,1,0.0,11.0,,,False,False,True,False,2002-05-13,True,False,0.0,
Malaysia,2002,21,1,0.0,3.0,,,False,False,True,False,2002-05-20,True,False,0.0,
Malaysia,2002,22,1,1.0,6.0,,,False,False,True,False,2002-05-27,True,False,0.16666666666666666,
Malaysia,2002,23,1,1.0,7.0,,,False,False,True,False,2002-06-03,True,False,0.14285714285714285,
Malaysia,2002,24,1,0.0,5.0,,,False,False,True,False,2002-06-10,True,False,0.0,
Malaysia,2002,25,1,1.0,4.0,,,False,False,True,False,2002-06-17,True,False,0.25,
Malaysia,2002,26,1,2.0,5.0,,,False,False,True,False,2002-06-24,True,False,0.4,
Malaysia,2002,27,1,0.0,14.0,,,False,False,True,False,2002-07-01,True,False,0.0,
Malaysia,2002,28,1,0.0,4.0,,,False,False,True,False,2002-07-08,True,False,0.0,
Malaysia,2002,29,1,0.0,15.0,,,False,False,True,False,2002-07-15,True,False,0.0,
Malaysia,2002,30,1,0.0,5.0,,,False,False,True,False,2002-07-22,True,False,0.0,
Malaysia,2002,31,1,0.0,5.0,,,False,False,True,False,2002-07-29,True,False,0.0,
Malaysia,2002,32,1,0.0,9.0,,,False,False,True,False,2002-08-05,True,False,0.0,
Malaysia,2002,33,1,0.0,6.0,,,False,False,True,False,2002-08-12,True,False,0.0,
Malaysia,2002,34,1,0.0,4.0,,,False,False,True,False,2002-08-19,True,False,0.0,
Malaysia,2002,35,1,0.0,7.0,,,False,False,True,False,2002-08-26,True,False,0.0,
Malaysia,2002,36,1,0.0,7.0,,,False,False,True,False,2002-09-02,True,False,0.0,
Malaysia,2002,37,1,0.0,9.0,,,False,False,True,False,2002-09-09,True,False,0.0,
Malaysia,2002,38,1,0.0,8.0,,,False,False,True,False,2002-09-16,True,False,0.0,
Malaysia,2002,39,1,0.0,9.0,,,False,False,True,False,2002-09-23,True,False,0.0,
Malaysia,2002,40,1,0.0,7.0,,,False,False,True,False,2002-09-30,True,False,0.0,
Malaysia,2002,41,1,1.0,10.0,,,False,False,True,False,2002-10-07,True,False,0.1,
Malaysia,2002,42,1,2.0,15.0,,,False,False,True,False,2002-10-14,True,False,0.13333333333333333,
Malaysia,2002,43,1,0.0,10.0,,,False,False,True,False,2002-10-21,True,False,0.0,
Malaysia,2002,44,1,0.0,6.0,,,False,False,True,False,2002-10-28,True,False,0.0,
Malaysia,2002,45,1,1.0,9.0,,,False,False,True,False,2002-11-04,True,False,0.1111111111111111,
Malaysia,2002,46,1,2.0,9.0,,,False,False,True,False,2002-11-11,True,False,0.2222222222222222,
Malaysia,2002,47,1,0.0,9.0,,,False,False,True,False,2002-11-18,True,False,0.0,
Malaysia,2002,48,1,1.0,6.0,,,False,False,True,False,2002-11-25,True,False,0.16666666666666666,
Malaysia,2002,49,1,1.0,11.0,,,False,False,True,False,2002-12-02,True,False,0.09090909090909091,
Malaysia,2002,50,1,0.0,12.0,,,False,False,True,False,2002-12-09,True,False,0.0,
Malaysia,2002,51,1,0.0,12.0,,,False,False,True,False,2002-12-16,True,False,0.0,
Malaysia,2002,52,1,1.0,7.0,,,False,False,True,False,2002-12-23,True,False,0.14285714285714285,
Malaysia,2003,1,1,2.0,9.0,,,False,False,True,False,2002-12-30,True,False,0.2222222222222222,
Malaysia,2003,2,1,0.0,9.0,,,False,False,True,False,2003-01-06,True,False,0.0,
Malaysia,2003,3,1,1.0,12.0,,,False,False,True,False,2003-01-13,True,False,0.08333333333333333,
Malaysia,2003,4,1,1.0,12.0,,,False,False,True,False,2003-01-20,True,False,0.08333333333333333,
Malaysia,2003,5,1,0.0,8.0,,,False,False,True,False,2003-01-27,True,False,0.0,
Malaysia,2003,6,1,0.0,10.0,,,False,False,True,False,2003-02-03,True,False,0.0,
Malaysia,2003,7,1,1.0,10.0,,,False,False,True,False,2003-02-10,True,False,0.1,
Malaysia,2003,8,1,0.0,12.0,,,False,False,True,False,2003-02-17,True,False,0.0,
Malaysia,2003,9,1,0.0,12.0,,,False,False,True,False,2003-02-24,True,False,0.0,
Malaysia,2003,10,1,0.0,14.0,,,False,False,True,False,2003-03-03,True,False,0.0,
Malaysia,2003,11,1,0.0,6.0,,,False,False,True,False,2003-03-10,True,False,0.0,
Malaysia,2003,12,1,1.0,12.0,,,False,False,True,False,2003-03-17,True,False,0.08333333333333333,
Malaysia,2003,13,1,1.0,6.0,,,False,False,True,False,2003-03-24,True,False,0.16666666666666666,
Malaysia,2003,14,1,0.0,7.0,,,False,False,True,False,2003-03-31,True,False,0.0,
Malaysia,2003,15,1,0.0,6.0,,,False,False,True,False,2003-04-07,True,False,0.0,
Malaysia,2003,16,1,0.0,7.0,,,False,False,True,False,2003-04-14,True,False,0.0,
Malaysia,2003,17,1,0.0,4.0,,,False,False,True,False,2003-04-21,True,False,0.0,
Malaysia,2003,18,1,0.0,7.0,,,False,False,True,False,2003-04-28,True,False,0.0,
Malaysia,2003,19,1,0.0,3.0,,,False,False,True,False,2003-05-05,True,False,0.0,
Malaysia,2003,20,1,0.0,4.0,,,False,False,True,False,2003-05-12,True,False,0.0,
Malaysia,2003,21,1,0.0,9.0,,,False,False,True,False,2003-05-19,True,False,0.0,
Malaysia,2003,22,1,0.0,3.0,,,False,False,True,False,2003-05-26,True,False,0.0,
Malaysia,2003,23,1,0.0,5.0,,,False,False,True,False,2003-06-02,True,False,0.0,
Malaysia,2003,24,1,0.0,5.0,,,False,False,True,False,2003-06-09,True,False,0.0,
Malaysia,2003,25,1,0.0,14.0,,,False,False,True,False,2003-06-16,True,False,0.0,
Malaysia,2003,26,1,0.0,8.0,,,False,False,True,False,2003-06-23,True,False,0.0,
Malaysia,2003,27,1,0.0,11.0,,,False,False,True,False,2003-06-30,True,False,0.0,
Malaysia,2003,28,1,0.0,4.0,,,False,False,True,False,2003-07-07,True,False,0.0,
Malaysia,2003,29,1,0.0,9.0,,,False,False,True,False,2003-07-14,True,False,0.0,
Malaysia,2003,30,1,0.0,8.0,,,False,False,True,False,2003-07-21,True,False,0.0,
Malaysia,2003,31,1,1.0,5.0,,,False,False,True,False,2003-07-28,True,False,0.2,
Malaysia,2003,32,1,0.0,5.0,,,False,False,True,False,2003-08-04,True,False,0.0,
Malaysia,2003,33,1,0.0,14.0,,,False,False,True,False,2003-08-11,True,False,0.0,
Malaysia,2003,34,1,0.0,3.0,,,False,False,True,False,2003-08-18,True,False,0.0,
Malaysia,2003,35,1,0.0,3.0,,,False,False,True,False,2003-08-25,True,False,0.0,
Malaysia,2003,36,1,2.0,13.0,,,False,False,True,False,2003-09-01,True,False,0.15384615384615385,
Malaysia,2003,37,1,1.0,12.0,,,False,False,True,False,2003-09-08,True,False,0.08333333333333333,
Malaysia,2003,38,1,3.0,18.0,,,False,False,True,False,2003-09-15,True,False,0.16666666666666666,
Malaysia,2003,39,1,2.0,10.0,,,False,False,True,False,2003-09-22,True,False,0.2,
Malaysia,2003,40,1,2.0,16.0,,,False,False,True,False,2003-09-29,True,False,0.125,
Malaysia,2003,41,1,0.0,15.0,,,False,False,True,False,2003-10-06,True,False,0.0,
Malaysia,2003,42,1,0.0,19.0,,,False,False,True,False,2003-10-13,True,False,0.0,
Malaysia,2003,43,1,0.0,12.0,,,False,False,True,False,2003-10-20,True,False,0.0,
Malaysia,2003,44,1,1.0,9.0,,,False,False,True,False,2003-10-27,True,False,0.1111111111111111,
Malaysia,2003,45,1,0.0,23.0,,,False,False,True,False,2003-11-03,True,False,0.0,
Malaysia,2003,46,1,0.0,15.0,,,False,False,True,False,2003-11-10,True,False,0.0,
Malaysia,2003,47,1,0.0,9.0,,,False,False,True,False,2003-11-17,True,False,0.0,
Malaysia,2003,48,1,0.0,16.0,,,False,False,True,False,2003-11-24,True,False,0.0,
Malaysia,2003,49,1,2.0,19.0,,,False,False,True,False,2003-12-01,True,False,0.10526315789473684,
Malaysia,2003,50,1,0.0,26.0,,,False,False,True,False,2003-12-08,True,False,0.0,
Malaysia,2003,51,1,1.0,20.0,,,False,False,True,False,2003-12-15,True,False,0.05,
Malaysia,2003,52,1,0.0,12.0,,,False,False,True,False,2003-12-22,True,False,0.0,
Malaysia,2004,1,1,0.0,12.0,,,False,False,True,False,2003-12-29,True,False,0.0,
Malaysia,2004,2,1,1.0,19.0,,,False,False,True,False,2004-01-05,True,False,0.05263157894736842,
Malaysia,2004,3,1,0.0,20.0,,,False,False,True,False,2004-01-12,True,False,0.0,
Malaysia,2004,4,1,1.0,4.0,,,False,False,True,False,2004-01-19,True,False,0.25,
Malaysia,2004,5,1,0.0,18.0,,,False,False,True,False,2004-01-26,True,False,0.0,
Malaysia,2004,6,1,1.0,17.0,,,False,False,True,False,2004-02-02,True,False,0.058823529411764705,
Malaysia,2004,7,1,0.0,7.0,,,False,False,True,False,2004-02-09,True,False,0.0,
Malaysia,2004,8,1,0.0,12.0,,,False,False,True,False,2004-02-16,True,False,0.0,
Malaysia,2004,9,1,1.0,12.0,,,False,False,True,False,2004-02-23,True,False,0.08333333333333333,
Malaysia,2004,10,1,0.0,17.0,,,False,False,True,False,2004-03-01,True,False,0.0,
Malaysia,2004,11,1,0.0,19.0,,,False,False,True,False,2004-03-08,True,False,0.0,
Malaysia,2004,12,1,0.0,14.0,,,False,False,True,False,2004-03-15,True,False,0.0,
Malaysia,2004,13,1,0.0,19.0,,,False,False,True,False,2004-03-22,True,False,0.0,
Malaysia,2004,14,1,0.0,14.0,,,False,False,True,False,2004-03-29,True,False,0.0,
Malaysia,2004,15,1,0.0,14.0,,,False,False,True,False,2004-04-05,True,False,0.0,
Malaysia,2004,16,1,0.0,11.0,,,False,False,True,False,2004-04-12,True,False,0.0,
Malaysia,2004,17,1,0.0,13.0,,,False,False,True,False,2004-04-19,True,False,0.0,
Malaysia,2004,18,1,0.0,14.0,,,False,False,True,False,2004-04-26,True,False,0.0,
Malaysia,2004,19,1,0.0,11.0,,,False,False,True,False,2004-05-03,True,False,0.0,
Malaysia,2004,20,1,0.0,19.0,,,False,False,True,False,2004-05-10,True,False,0.0,
Malaysia,2004,21,1,0.0,15.0,,,False,False,True,False,2004-05-17,True,False,0.0,
Malaysia,2004,22,1,1.0,17.0,,,False,False,True,False,2004-05-24,True,False,0.058823529411764705,
Malaysia,2004,23,1,0.0,16.0,,,False,False,True,False,2004-05-31,True,False,0.0,
Malaysia,2004,24,1,0.0,24.0,,,False,False,True,False,2004-06-07,True,False,0.0,
Malaysia,2004,25,1,0.0,11.0,,,False,False,True,False,2004-06-14,True,False,0.0,
Malaysia,2004,26,1,1.0,17.0,,,False,False,True,False,2004-06-21,True,False,0.058823529411764705,
Malaysia,2004,27,1,0.0,11.0,,,False,False,True,False,2004-06-28,True,False,0.0,
Malaysia,2004,28,1,0.0,11.0,,,False,False,True,False,2004-07-05,True,False,0.0,
Malaysia,2004,29,1,0.0,13.0,,,False,False,True,False,2004-07-12,True,False,0.0,
Malaysia,2004,30,1,1.0,16.0,,,False,False,True,False,2004-07-19,True,False,0.0625,
Malaysia,2004,31,1,2.0,19.0,,,False,False,True,False,2004-07-26,True,False,0.10526315789473684,
Malaysia,2004,32,1,2.0,16.0,,,False,False,True,False,2004-08-02,True,False,0.125,
Malaysia,2004,33,1,0.0,21.0,,,False,False,True,False,2004-08-09,True,False,0.0,
Malaysia,2004,34,1,0.0,17.0,,,False,False,True,False,2004-08-16,True,False,0.0,
Malaysia,2004,35,1,1.0,24.0,,,False,False,True,False,2004-08-23,True,False,0.041666666666666664,
Malaysia,2004,36,1,0.0,14.0,,,False,False,True,False,2004-08-30,True,False,0.0,
Malaysia,2004,37,1,0.0,16.0,,,False,False,True,False,2004-09-06,True,False,0.0,
Malaysia,2004,38,1,1.0,12.0,,,False,False,True,False,2004-09-13,True,False,0.08333333333333333,
Malaysia,2004,39,1,0.0,15.0,,,False,False,True,False,2004-09-20,True,False,0.0,
Malaysia,2004,40,1,0.0,13.0,,,False,False,True,False,2004-09-27,True,False,0.0,
Malaysia,2004,41,1,1.0,21.0,,,False,False,True,False,2004-10-04,True,False,0.047619047619047616,
Malaysia,2004,42,1,1.0,20.0,,,False,False,True,False,2004-10-11,True,False,0.05,
Malaysia,2004,43,1,2.0,30.0,,,False,False,True,False,2004-10-18,True,False,0.06666666666666667,
Malaysia,2004,44,1,0.0,19.0,,,False,False,True,False,2004-10-25,True,False,0.0,
Malaysia,2004,45,1,0.0,15.0,,,False,False,True,False,2004-11-01,True,False,0.0,
Malaysia,2004,46,1,0.0,9.0,,,False,False,True,False,2004-11-08,True,False,0.0,
Malaysia,2004,47,1,0.0,11.0,,,False,False,True,False,2004-11-15,True,False,0.0,
Malaysia,2004,48,1,1.0,23.0,,,False,False,True,False,2004-11-22,True,False,0.043478260869565216,
Malaysia,2004,49,1,0.0,7.0,,,False,False,True,False,2004-11-29,True,False,0.0,
Malaysia,2004,50,1,1.0,13.0,,,False,False,True,False,2004-12-06,True,False,0.07692307692307693,
Malaysia,2004,51,1,1.0,10.0,,,False,False,True,False,2004-12-13,True,False,0.1,
Malaysia,2004,52,1,1.0,13.0,,,False,False,True,False,2004-12-20,True,False,0.07692307692307693,
Malaysia,2004,53,1,1.0,13.0,,,False,False,True,False,2004-12-27,True,False,0.07692307692307693,
Malaysia,2006,1,1,1.0,32.0,,,False,False,True,False,2006-01-02,True,False,0.03125,
Malaysia,2006,2,1,0.0,26.0,,,False,False,True,False,2006-01-09,True,False,0.0,
Malaysia,2006,3,1,0.0,39.0,,,False,False,True,False,2006-01-16,True,False,0.0,
Malaysia,2006,4,1,0.0,31.0,,,False,False,True,False,2006-01-23,True,False,0.0,
Malaysia,2006,5,1,0.0,2.0,,,False,False,True,False,2006-01-30,True,False,0.0,
Malaysia,2006,6,1,0.0,21.0,,,False,False,True,False,2006-02-06,True,False,0.0,
Malaysia,2006,7,1,13.0,43.0,,,False,False,True,False,2006-02-13,True,False,0.3023255813953488,
Malaysia,2006,8,1,1.0,28.0,,,False,False,True,False,2006-02-20,True,False,0.03571428571428571,
Malaysia,2006,9,1,1.0,34.0,,,False,False,True,False,2006-02-27,True,False,0.029411764705882353,
Malaysia,2006,10,1,2.0,38.0,,,False,False,True,False,2006-03-06,True,False,0.05263157894736842,
Malaysia,2006,11,1,0.0,14.0,,,False,False,True,False,2006-03-13,True,False,0.0,
Malaysia,2006,12,1,2.0,28.0,,,False,False,True,False,2006-03-20,True,False,0.07142857142857142,
Malaysia,2006,13,1,4.0,49.0,,,False,False,True,False,2006-03-27,True,False,0.08163265306122448,
Malaysia,2006,14,1,12.0,43.0,,,False,False,True,False,2006-04-03,True,False,0.27906976744186046,
Malaysia,2006,15,1,1.0,25.0,,,False,False,True,False,2006-04-10,True,False,0.04,
Malaysia,2006,16,1,1.0,25.0,,,False,False,True,False,2006-04-17,True,False,0.04,
Malaysia,2006,17,1,29.0,89.0,,,False,False,True,False,2006-04-24,True,False,0.3258426966292135,
Malaysia,2006,18,1,0.0,29.0,,,False,False,True,False,2006-05-01,True,False,0.0,
Malaysia,2006,19,1,2.0,24.0,,,False,False,True,False,2006-05-08,True,False,0.08333333333333333,
Malaysia,2006,20,1,2.0,33.0,,,False,False,True,False,2006-05-15,True,False,0.06060606060606061,
Malaysia,2006,21,1,0.0,27.0,,,False,False,True,False,2006-05-22,True,False,0.0,
Malaysia,2006,22,1,0.0,30.0,,,False,False,True,False,2006-05-29,True,False,0.0,
Malaysia,2006,23,1,0.0,19.0,,,False,False,True,False,2006-06-05,True,False,0.0,
Malaysia,2006,24,1,0.0,26.0,,,False,False,True,False,2006-06-12,True,False,0.0,
Malaysia,2006,25,1,0.0,13.0,,,False,False,True,False,2006-06-19,True,False,0.0,
Malaysia,2006,26,1,0.0,33.0,,,False,False,True,False,2006-06-26,True,False,0.0,
Malaysia,2006,27,1,1.0,30.0,,,False,False,True,False,2006-07-03,True,False,0.03333333333333333,
Malaysia,2006,28,1,4.0,32.0,,,False,False,True,False,2006-07-10,True,False,0.125,
Malaysia,2006,29,1,2.0,42.0,,,False,False,True,False,2006-07-17,True,False,0.047619047619047616,
Malaysia,2006,30,1,0.0,36.0,,,False,False,True,False,2006-07-24,True,False,0.0,
Malaysia,2006,31,1,1.0,32.0,,,False,False,True,False,2006-07-31,True,False,0.03125,
Malaysia,2006,32,1,2.0,43.0,,,False,False,True,False,2006-08-07,True,False,0.046511627906976744,
Malaysia,2006,33,1,3.0,42.0,,,False,False,True,False,2006-08-14,True,False,0.07142857142857142,
Malaysia,2006,34,1,0.0,42.0,,,False,False,True,False,2006-08-21,True,False,0.0,
Malaysia,2006,35,1,0.0,25.0,,,False,False,True,False,2006-08-28,True,False,0.0,
Malaysia,2006,36,1,0.0,18.0,,,False,False,True,False,2006-09-04,True,False,0.0,
Malaysia,2006,37,1,36.0,71.0,,,False,False,True,False,2006-09-11,True,False,0.5070422535211268,
Malaysia,2006,38,1,1.0,25.0,,,False,False,True,False,2006-09-18,True,False,0.04,
Malaysia,2006,39,1,2.0,24.0,,,False,False,True,False,2006-09-25,True,False,0.08333333333333333,
Malaysia,2006,40,1,0.0,38.0,,,False,False,True,False,2006-10-02,True,False,0.0,
Malaysia,2006,41,1,0.0,31.0,,,False,False,True,False,2006-10-09,True,False,0.0,
Malaysia,2006,42,1,2.0,25.0,,,False,False,True,False,2006-10-16,True,False,0.08,
Malaysia,2006,43,1,0.0,13.0,,,False,False,True,False,2006-10-23,True,False,0.0,
Malaysia,2006,44,1,0.0,24.0,,,False,False,True,False,2006-10-30,True,False,0.0,
Malaysia,2006,45,1,4.0,43.0,,,False,False,True,False,2006-11-06,True,False,0.09302325581395349,
Malaysia,2006,46,1,0.0,26.0,,,False,False,True,False,2006-11-13,True,False,0.0,
Malaysia,2006,47,1,0.0,26.0,,,False,False,True,False,2006-11-20,True,False,0.0,
Malaysia,2006,48,1,0.0,44.0,,,False,False,True,False,2006-11-27,True,False,0.0,
Malaysia,2006,49,1,0.0,38.0,,,False,False,True,False,2006-12-04,True,False,0.0,
Malaysia,2006,50,1,0.0,33.0,,,False,False,True,False,2006-12-11,True,False,0.0,
Malaysia,2006,51,1,1.0,42.0,,,False,False,True,False,2006-12-18,True,False,0.023809523809523808,
Malaysia,2006,52,1,0.0,11.0,,,False,False,True,False,2006-12-25,True,False,0.0,
Malaysia,2007,1,1,0.0,13.0,,,False,False,True,False,2007-01-01,True,False,0.0,
Malaysia,2007,2,1,4.0,17.0,,,False,False,True,False,2007-01-08,True,False,0.23529411764705882,
Malaysia,2007,3,1,1.0,22.0,,,False,False,True,False,2007-01-15,True,False,0.045454545454545456,
Malaysia,2007,4,1,0.0,12.0,,,False,False,True,False,2007-01-22,True,False,0.0,
Malaysia,2007,5,1,0.0,14.0,,,False,False,True,False,2007-01-29,True,False,0.0,
Malaysia,2007,6,1,7.0,34.0,,,False,False,True,False,2007-02-05,True,False,0.20588235294117646,
Malaysia,2007,7,1,2.0,40.0,,,False,False,True,False,2007-02-12,True,False,0.05,
Malaysia,2007,8,1,2.0,10.0,,,False,False,True,False,2007-02-19,True,False,0.2,
Malaysia,2007,9,1,1.0,48.0,,,False,False,True,False,2007-02-26,True,False,0.020833333333333332,
Malaysia,2007,10,1,2.0,44.0,,,False,False,True,False,2007-03-05,True,False,0.045454545454545456,
Malaysia,2007,11,1,1.0,27.0,,,False,False,True,False,2007-03-12,True,False,0.037037037037037035,
Malaysia,2007,12,1,1.0,16.0,,,False,False,True,False,2007-03-19,True,False,0.0625,
Malaysia,2007,13,1,0.0,21.0,,,False,False,True,False,2007-03-26,True,False,0.0,
Malaysia,2007,14,1,11.0,35.0,,,False,False,True,False,2007-04-02,True,False,0.3142857142857143,
Malaysia,2007,15,1,1.0,33.0,,,False,False,True,False,2007-04-09,True,False,0.030303030303030304,
Malaysia,2007,16,1,0.0,23.0,,,False,False,True,False,2007-04-16,True,False,0.0,
Malaysia,2007,17,1,0.0,26.0,,,False,False,True,False,2007-04-23,True,False,0.0,
Malaysia,2007,18,1,0.0,16.0,,,False,False,True,False,2007-04-30,True,False,0.0,
Malaysia,2007,19,1,24.0,83.0,,,False,False,True,False,2007-05-07,True,False,0.2891566265060241,
Malaysia,2007,20,1,1.0,40.0,,,False,False,True,False,2007-05-14,True,False,0.025,
Malaysia,2007,21,1,6.0,30.0,,,False,False,True,False,2007-05-21,True,False,0.2,
Malaysia,2007,22,1,2.0,67.0,,,False,False,True,False,2007-05-28,True,False,0.029850746268656716,
Malaysia,2007,23,1,2.0,55.0,,,False,False,True,False,2007-06-04,True,False,0.03636363636363636,
Malaysia,2007,24,1,2.0,49.0,,,False,False,True,False,2007-06-11,True,False,0.04081632653061224,
Malaysia,2007,25,1,28.0,88.0,,,False,False,True,False,2007-06-18,True,False,0.3181818181818182,
Malaysia,2007,26,1,5.0,65.0,,,False,False,True,False,2007-06-25,True,False,0.07692307692307693,
Malaysia,2007,27,1,7.0,58.0,,,False,False,True,False,2007-07-02,True,False,0.1206896551724138,
Malaysia,2007,28,1,3.0,75.0,,,False,False,True,False,2007-07-09,True,False,0.04,
Malaysia,2007,29,1,11.0,96.0,,,False,False,True,False,2007-07-16,True,False,0.11458333333333333,
Malaysia,2007,30,1,42.0,140.0,,,False,False,True,False,2007-07-23,True,False,0.3,
Malaysia,2007,31,1,3.0,85.0,,,False,False,True,False,2007-07-30,True,False,0.03529411764705882,
Malaysia,2007,32,1,8.0,113.0,,,False,False,True,False,2007-08-06,True,False,0.07079646017699115,
Malaysia,2007,33,1,13.0,95.0,,,False,False,True,False,2007-08-13,True,False,0.1368421052631579,
Malaysia,2007,34,1,1.0,76.0,,,False,False,True,False,2007-08-20,True,False,0.013157894736842105,
Malaysia,2007,35,1,9.0,94.0,,,False,False,True,False,2007-08-27,True,False,0.09574468085106383,
Malaysia,2007,36,1,4.0,110.0,,,False,False,True,False,2007-09-03,True,False,0.03636363636363636,
Malaysia,2007,37,1,1.0,77.0,,,False,False,True,False,2007-09-10,True,False,0.012987012987012988,
Malaysia,2007,38,1,2.0,99.0,,,False,False,True,False,2007-09-17,True,False,0.020202020202020204,
Malaysia,2007,39,1,4.0,96.0,,,False,False,True,False,2007-09-24,True,False,0.041666666666666664,
Malaysia,2007,40,1,1.0,60.0,,,False,False,True,False,2007-10-01,True,False,0.016666666666666666,
Malaysia,2007,41,1,1.0,57.0,,,False,False,True,False,2007-10-08,True,False,0.017543859649122806,
Malaysia,2007,42,1,2.0,62.0,,,False,False,True,False,2007-10-15,True,False,0.03225806451612903,
Malaysia,2007,43,1,3.0,72.0,,,False,False,True,False,2007-10-22,True,False,0.041666666666666664,
Malaysia,2007,44,1,1.0,90.0,,,False,False,True,False,2007-10-29,True,False,0.011111111111111112,
Malaysia,2007,45,1,3.0,71.0,,,False,False,True,False,2007-11-05,True,False,0.04225352112676056,
Malaysia,2007,46,1,3.0,76.0,,,False,False,True,False,2007-11-12,True,False,0.039473684210526314,
Malaysia,2007,47,1,5.0,88.0,,,False,False,True,False,2007-11-19,True,False,0.056818181818181816,
Malaysia,2007,48,1,2.0,78.0,,,False,False,True,False,2007-11-26,True,False,0.02564102564102564,
Malaysia,2007,49,1,2.0,81.0,,,False,False,True,False,2007-12-03,True,False,0.024691358024691357,
Malaysia,2007,50,1,4.0,55.0,,,False,False,True,False,2007-12-10,True,False,0.07272727272727272,
Malaysia,2007,51,1,4.0,46.0,,,False,False,True,False,2007-12-17,True,False,0.08695652173913043,
Malaysia,2007,52,1,5.0,52.0,,,False,False,True,False,2007-12-24,True,False,0.09615384615384616,
Malaysia,2008,1,1,4.0,35.0,,,False,False,True,False,2007-12-31,True,False,0.11428571428571428,
Malaysia,2008,2,1,1.0,36.0,,,False,False,True,False,2008-01-07,True,False,0.027777777777777776,
Malaysia,2008,3,1,3.0,72.0,,,False,False,True,False,2008-01-14,True,False,0.041666666666666664,
Malaysia,2008,4,1,10.0,89.0,,,False,False,True,False,2008-01-21,True,False,0.11235955056179775,
Malaysia,2008,5,1,7.0,61.0,,,False,False,True,False,2008-01-28,True,False,0.11475409836065574,
Malaysia,2008,6,1,10.0,52.0,,,False,False,True,False,2008-02-04,True,False,0.19230769230769232,
Malaysia,2008,7,1,43.0,136.0,,,False,False,True,False,2008-02-11,True,False,0.3161764705882353,
Malaysia,2008,8,1,7.0,71.0,,,False,False,True,False,2008-02-18,True,False,0.09859154929577464,
Malaysia,2008,9,1,4.0,79.0,,,False,False,True,False,2008-02-25,True,False,0.05063291139240506,
Malaysia,2008,10,1,5.0,33.0,,,False,False,True,False,2008-03-03,True,False,0.15151515151515152,
Malaysia,2008,11,1,4.0,33.0,,,False,False,True,False,2008-03-10,True,False,0.12121212121212122,
Malaysia,2008,12,1,0.0,25.0,,,False,False,True,False,2008-03-17,True,False,0.0,
Malaysia,2008,13,1,3.0,35.0,,,False,False,True,False,2008-03-24,True,False,0.08571428571428572,
Malaysia,2008,14,1,4.0,40.0,,,False,False,True,False,2008-03-31,True,False,0.1,
Malaysia,2008,15,1,0.0,30.0,,,False,False,True,False,2008-04-07,True,False,0.0,
Malaysia,2008,16,1,11.0,53.0,,,False,False,True,False,2008-04-14,True,False,0.20754716981132076,
Malaysia,2008,17,1,0.0,39.0,,,False,False,True,False,2008-04-21,True,False,0.0,
Malaysia,2008,18,1,0.0,31.0,,,False,False,True,False,2008-04-28,True,False,0.0,
Malaysia,2008,19,1,0.0,34.0,,,False,False,True,False,2008-05-05,True,False,0.0,
Malaysia,2008,20,1,8.0,51.0,,,False,False,True,False,2008-05-12,True,False,0.1568627450980392,
Malaysia,2008,21,1,0.0,39.0,,,False,False,True,False,2008-05-19,True,False,0.0,
Malaysia,2008,22,1,0.0,38.0,,,False,False,True,False,2008-05-26,True,False,0.0,
Malaysia,2008,23,1,32.0,80.0,,,False,False,True,False,2008-06-02,True,False,0.4,
Malaysia,2008,24,1,0.0,42.0,,,False,False,True,False,2008-06-09,True,False,0.0,
Malaysia,2008,25,1,10.0,54.0,,,False,False,True,False,2008-06-16,True,False,0.18518518518518517,
Malaysia,2008,26,1,5.0,54.0,,,False,False,True,False,2008-06-23,True,False,0.09259259259259259,
Malaysia,2008,27,1,3.0,65.0,,,False,False,True,False,2008-06-30,True,False,0.046153846153846156,
Malaysia,2008,28,1,3.0,80.0,,,False,False,True,False,2008-07-07,True,False,0.0375,
Malaysia,2008,29,1,11.0,72.0,,,False,False,True,False,2008-07-14,True,False,0.1527777777777778,
Malaysia,2008,30,1,3.0,64.0,,,False,False,True,False,2008-07-21,True,False,0.046875,
Malaysia,2008,31,1,1.0,54.0,,,False,False,True,False,2008-07-28,True,False,0.018518518518518517,
Malaysia,2008,32,1,10.0,55.0,,,False,False,True,False,2008-08-04,True,False,0.18181818181818182,
Malaysia,2008,33,1,0.0,49.0,,,False,False,True,False,2008-08-11,True,False,0.0,
Malaysia,2008,34,1,0.0,41.0,,,False,False,True,False,2008-08-18,True,False,0.0,
Malaysia,2008,35,1,0.0,38.0,,,False,False,True,False,2008-08-25,True,False,0.0,
Malaysia,2008,36,1,0.0,30.0,,,False,False,True,False,2008-09-01,True,False,0.0,
Malaysia,2008,37,1,0.0,41.0,,,False,False,True,False,2008-09-08,True,False,0.0,
Malaysia,2008,38,1,7.0,46.0,,,False,False,True,False,2008-09-15,True,False,0.15217391304347827,
Malaysia,2008,39,1,2.0,34.0,,,False,False,True,False,2008-09-22,True,False,0.058823529411764705,
Malaysia,2008,40,1,0.0,5.0,,,False,False,True,False,2008-09-29,True,False,0.0,
Malaysia,2008,41,1,0.0,38.0,,,False,False,True,False,2008-10-06,True,False,0.0,
Malaysia,2008,42,1,0.0,29.0,,,False,False,True,False,2008-10-13,True,False,0.0,
Malaysia,2008,43,1,0.0,38.0,,,False,False,True,False,2008-10-20,True,False,0.0,
Malaysia,2008,44,1,0.0,34.0,,,False,False,True,False,2008-10-27,True,False,0.0,
Malaysia,2008,45,1,0.0,25.0,,,False,False,True,False,2008-11-03,True,False,0.0,
Malaysia,2008,46,1,0.0,35.0,,,False,False,True,False,2008-11-10,True,False,0.0,
Malaysia,2008,47,1,1.0,40.0,,,False,False,True,False,2008-11-17,True,False,0.025,
Malaysia,2008,48,1,0.0,57.0,,,False,False,True,False,2008-11-24,True,False,0.0,
Malaysia,2008,49,1,0.0,31.0,,,False,False,True,False,2008-12-01,True,False,0.0,
Malaysia,2008,50,1,0.0,21.0,,,False,False,True,False,2008-12-08,True,False,0.0,
Malaysia,2008,51,1,2.0,47.0,,,False,False,True,False,2008-12-15,True,False,0.0425531914893617,
Malaysia,2008,52,1,0.0,27.0,,,False,False,True,False,2008-12-22,True,False,0.0,
Malaysia,2009,1,1,1.0,57.0,,,False,False,True,False,2008-12-29,True,False,0.017543859649122806,
Malaysia,2009,2,1,3.0,44.0,,,False,False,True,False,2009-01-05,True,False,0.06818181818181818,
Malaysia,2009,3,1,1.0,65.0,,,False,False,True,False,2009-01-12,True,False,0.015384615384615385,
Malaysia,2009,4,1,0.0,54.0,,,False,False,True,False,2009-01-19,True,False,0.0,
Malaysia,2009,5,1,3.0,46.0,,,False,False,True,False,2009-01-26,True,False,0.06521739130434782,
Malaysia,2009,6,1,1.0,47.0,,,False,False,True,False,2009-02-02,True,False,0.02127659574468085,
Malaysia,2009,7,1,1.0,45.0,,,False,False,True,False,2009-02-09,True,False,0.022222222222222223,
Malaysia,2009,8,1,2.0,58.0,,,False,False,True,False,2009-02-16,True,False,0.034482758620689655,
Malaysia,2009,9,1,0.0,78.0,,,False,False,True,False,2009-02-23,True,False,0.0,
Malaysia,2009,10,1,0.0,73.0,,,False,False,True,False,2009-03-02,True,False,0.0,
Malaysia,2009,11,1,0.0,61.0,,,False,False,True,False,2009-03-09,True,False,0.0,
Malaysia,2009,12,1,3.0,67.0,,,False,False,True,False,2009-03-16,True,False,0.04477611940298507,
Malaysia,2009,13,1,0.0,66.0,,,False,False,True,False,2009-03-23,True,False,0.0,
Malaysia,2009,14,1,11.0,70.0,,,False,False,True,False,2009-03-30,True,False,0.15714285714285714,
Malaysia,2009,15,1,30.0,95.0,,,False,False,True,False,2009-04-06,True,False,0.3157894736842105,
Malaysia,2009,16,1,9.0,135.0,,,False,False,True,False,2009-04-13,True,False,0.06666666666666667,
Malaysia,2009,17,1,16.0,119.0,,,False,False,True,False,2009-04-20,True,False,0.13445378151260504,
Malaysia,2009,18,1,14.0,134.0,,,False,False,True,False,2009-04-27,True,False,0.1044776119402985,
Malaysia,2009,19,1,17.0,105.0,,,False,False,True,False,2009-05-04,True,False,0.1619047619047619,
Malaysia,2009,20,1,3.0,106.0,,,False,False,True,False,2009-05-11,True,False,0.02830188679245283,
Malaysia,2009,21,1,25.0,128.0,,,False,False,True,False,2009-05-18,True,False,0.1953125,
Malaysia,2009,22,1,11.0,131.0,,,False,False,True,False,2009-05-25,True,False,0.08396946564885496,
Malaysia,2009,23,1,12.0,103.0,,,False,False,True,False,2009-06-01,True,False,0.11650485436893204,
Malaysia,2009,24,1,0.0,94.0,,,False,False,True,False,2009-06-08,True,False,0.0,
Malaysia,2009,25,1,26.0,135.0,,,False,False,True,False,2009-06-15,True,False,0.1925925925925926,
Malaysia,2009,26,1,0.0,53.0,,,False,False,True,False,2009-06-22,True,False,0.0,
Malaysia,2009,27,1,3.0,60.0,,,False,False,True,False,2009-06-29,True,False,0.05,
Malaysia,2009,28,1,7.0,36.0,,,False,False,True,False,2009-07-06,True,False,0.19444444444444445,
Malaysia,2009,29,1,10.0,53.0,,,False,False,True,False,2009-07-13,True,False,0.18867924528301888,
Malaysia,2009,30,1,24.0,75.0,,,False,False,True,False,2009-07-20,True,False,0.32,
Malaysia,2009,31,1,38.0,94.0,,,False,False,True,False,2009-07-27,True,False,0.40425531914893614,
Malaysia,2009,32,1,109.0,145.0,,,False,False,True,False,2009-08-03,True,False,0.7517241379310344,
Malaysia,2009,33,1,84.0,134.0,,,False,False,True,False,2009-08-10,True,False,0.6268656716417911,
Malaysia,2009,34,1,94.0,174.0,,,False,False,True,False,2009-08-17,True,False,0.5402298850574713,
Malaysia,2009,35,1,40.0,121.0,,,False,False,True,False,2009-08-24,True,False,0.3305785123966942,
Malaysia,2009,36,1,26.0,71.0,,,False,False,True,False,2009-08-31,True,False,0.36619718309859156,
Malaysia,2009,37,1,13.0,64.0,,,False,False,True,False,2009-09-07,True,False,0.203125,
Malaysia,2009,38,1,16.0,58.0,,,False,False,True,False,2009-09-14,True,False,0.27586206896551724,
Malaysia,2009,39,1,12.0,46.0,,,False,False,True,False,2009-09-21,True,False,0.2608695652173913,
Malaysia,2009,40,1,14.0,52.0,,,False,False,True,False,2009-09-28,True,False,0.2692307692307692,
Malaysia,2009,41,1,2.0,66.0,,,False,False,True,False,2009-10-05,True,False,0.030303030303030304,
Malaysia,2009,42,1,15.0,95.0,,,False,False,True,False,2009-10-12,True,False,0.15789473684210525,
Malaysia,2009,43,1,26.0,111.0,,,False,False,True,False,2009-10-19,True,False,0.23423423423423423,
Malaysia,2009,44,1,9.0,59.0,,,False,False,True,False,2009-10-26,True,False,0.15254237288135594,
Malaysia,2009,45,1,11.0,80.0,,,False,False,True,False,2009-11-02,True,False,0.1375,
Malaysia,2009,46,1,8.0,83.0,,,False,False,True,False,2009-11-09,True,False,0.0963855421686747,
Malaysia,2009,47,1,0.0,66.0,,,False,False,True,False,2009-11-16,True,False,0.0,
Malaysia,2009,48,1,6.0,60.0,,,False,False,True,False,2009-11-23,True,False,0.1,
Malaysia,2009,49,1,3.0,84.0,,,False,False,True,False,2009-11-30,True,False,0.03571428571428571,
Malaysia,2009,50,1,13.0,63.0,,,False,False,True,False,2009-12-07,True,False,0.20634920634920634,
Malaysia,2009,51,1,24.0,84.0,,,False,False,True,False,2009-12-14,True,False,0.2857142857142857,
Malaysia,2009,52,1,0.0,43.0,,,False,False,True,False,2009-12-21,True,False,0.0,
Malaysia,2009,53,1,12.0,33.0,,,False,False,True,False,2009-12-28,True,False,0.36363636363636365,
Malaysia,2010,1,1,2.0,45.0,,,False,False,True,False,2010-01-04,True,False,0.044444444444444446,
Malaysia,2010,2,1,6.0,56.0,,,False,False,True,False,2010-01-11,True,False,0.10714285714285714,
Malaysia,2010,3,1,4.0,40.0,,,False,False,True,False,2010-01-18,True,False,0.1,
Malaysia,2010,4,1,0.0,74.0,,,False,False,True,False,2010-01-25,True,False,0.0,
Malaysia,2010,5,1,6.0,55.0,,,False,False,True,False,2010-02-01,True,False,0.10909090909090909,
Malaysia,2010,6,1,2.0,52.0,,,False,False,True,False,2010-02-08,True,False,0.038461538461538464,
Malaysia,2010,7,1,2.0,40.0,,,False,False,True,False,2010-02-15,True,False,0.05,
Malaysia,2010,8,1,3.0,44.0,,,False,False,True,False,2010-02-22,True,False,0.06818181818181818,
Malaysia,2010,9,1,3.0,57.0,,,False,False,True,False,2010-03-01,True,False,0.05263157894736842,
Malaysia,2010,10,1,4.0,46.0,,,False,False,True,False,2010-03-08,True,False,0.08695652173913043,
Malaysia,2010,11,1,2.0,51.0,,,False,False,True,False,2010-03-15,True,False,0.0392156862745098,
Malaysia,2010,12,1,6.0,47.0,,,False,False,True,False,2010-03-22,True,False,0.1276595744680851,
Malaysia,2010,13,1,15.0,58.0,,,False,False,True,False,2010-03-29,True,False,0.25862068965517243,
Malaysia,2010,14,1,22.0,74.0,,,False,False,True,False,2010-04-05,True,False,0.2972972972972973,
Malaysia,2010,15,1,30.0,118.0,,,False,False,True,False,2010-04-12,True,False,0.2542372881355932,
Malaysia,2010,16,1,17.0,87.0,,,False,False,True,False,2010-04-19,True,False,0.19540229885057472,
Malaysia,2010,17,1,10.0,102.0,,,False,False,True,False,2010-04-26,True,False,0.09803921568627451,
Malaysia,2010,18,1,10.0,69.0,,,False,False,True,False,2010-05-03,True,False,0.14492753623188406,
Malaysia,2010,19,1,10.0,76.0,,,False,False,True,False,2010-05-10,True,False,0.13157894736842105,
Malaysia,2010,20,1,13.0,94.0,,,False,False,True,False,2010-05-17,True,False,0.13829787234042554,
Malaysia,2010,21,1,11.0,52.0,,,False,False,True,False,2010-05-24,True,False,0.21153846153846154,
Malaysia,2010,22,1,5.0,84.0,,,False,False,True,False,2010-05-31,True,False,0.05952380952380952,
Malaysia,2010,23,1,2.0,65.0,,,False,False,True,False,2010-06-07,True,False,0.03076923076923077,
Malaysia,2010,24,1,1.0,33.0,,,False,False,True,False,2010-06-14,True,False,0.030303030303030304,
Malaysia,2010,25,1,1.0,35.0,,,False,False,True,False,2010-06-21,True,False,0.02857142857142857,
Malaysia,2010,26,1,5.0,34.0,,,False,False,True,False,2010-06-28,True,False,0.14705882352941177,
Malaysia,2010,27,1,4.0,36.0,,,False,False,True,False,2010-07-05,True,False,0.1111111111111111,
Malaysia,2010,28,1,5.0,41.0,,,False,False,True,False,2010-07-12,True,False,0.12195121951219512,
Malaysia,2010,29,1,3.0,45.0,,,False,False,True,False,2010-07-19,True,False,0.06666666666666667,
Malaysia,2010,30,1,5.0,56.0,,,False,False,True,False,2010-07-26,True,False,0.08928571428571429,
Malaysia,2010,31,1,4.0,54.0,,,False,False,True,False,2010-08-02,True,False,0.07407407407407407,
Malaysia,2010,32,1,7.0,68.0,,,False,False,True,False,2010-08-09,True,False,0.10294117647058823,
Malaysia,2010,33,1,4.0,49.0,,,False,False,True,False,2010-08-16,True,False,0.08163265306122448,
Malaysia,2010,34,1,6.0,59.0,,,False,False,True,False,2010-08-23,True,False,0.1016949152542373,
Malaysia,2010,35,1,11.0,57.0,,,False,False,True,False,2010-08-30,True,False,0.19298245614035087,
Malaysia,2010,36,1,0.0,44.0,,,False,False,True,False,2010-09-06,True,False,0.0,
Malaysia,2010,37,1,4.0,43.0,,,False,False,True,False,2010-09-13,True,False,0.09302325581395349,
Malaysia,2010,38,1,6.0,48.0,,,False,False,True,False,2010-09-20,True,False,0.125,
Malaysia,2010,39,1,5.0,80.0,,,False,False,True,False,2010-09-27,True,False,0.0625,
Malaysia,2010,40,1,1.0,66.0,,,False,False,True,False,2010-10-04,True,False,0.015151515151515152,
Malaysia,2010,41,1,6.0,69.0,,,False,False,True,False,2010-10-11,True,False,0.08695652173913043,
Malaysia,2010,42,1,2.0,73.0,,,False,False,True,False,2010-10-18,True,False,0.0273972602739726,
Malaysia,2010,43,1,1.0,79.0,,,False,False,True,False,2010-10-25,True,False,0.012658227848101266,
Malaysia,2010,44,1,2.0,65.0,,,False,False,True,False,2010-11-01,True,False,0.03076923076923077,
Malaysia,2010,45,1,1.0,76.0,,,False,False,True,False,2010-11-08,True,False,0.013157894736842105,
Malaysia,2010,46,1,2.0,61.0,,,False,False,True,False,2010-11-15,True,False,0.03278688524590164,
Malaysia,2010,47,1,3.0,77.0,,,False,False,True,False,2010-11-22,True,False,0.03896103896103896,
Malaysia,2010,48,1,3.0,99.0,,,False,False,True,False,2010-11-29,True,False,0.030303030303030304,
Malaysia,2010,49,1,2.0,78.0,,,False,False,True,False,2010-12-06,True,False,0.02564102564102564,
Malaysia,2010,50,1,30.0,82.0,,,False,False,True,False,2010-12-13,True,False,0.36585365853658536,
Malaysia,2010,51,1,14.0,76.0,,,False,False,True,False,2010-12-20,True,False,0.18421052631578946,
Malaysia,2010,52,1,6.0,40.0,,,False,False,True,False,2010-12-27,True,False,0.15,
Malaysia,2011,1,1,7.0,43.0,,,False,False,True,False,2011-01-03,True,False,0.16279069767441862,
Malaysia,2011,2,1,6.0,45.0,,,False,False,True,False,2011-01-10,True,False,0.13333333333333333,
Malaysia,2011,3,1,6.0,42.0,,,False,False,True,False,2011-01-17,True,False,0.14285714285714285,
Malaysia,2011,4,1,6.0,54.0,,,False,False,True,False,2011-01-24,True,False,0.1111111111111111,
Malaysia,2011,5,1,4.0,23.0,,,False,False,True,False,2011-01-31,True,False,0.17391304347826086,
Malaysia,2011,6,1,1.0,36.0,,,False,False,True,False,2011-02-07,True,False,0.027777777777777776,
Malaysia,2011,7,1,1.0,38.0,,,False,False,True,False,2011-02-14,True,False,0.02631578947368421,
Malaysia,2011,8,1,4.0,52.0,,,False,False,True,False,2011-02-21,True,False,0.07692307692307693,
Malaysia,2011,9,1,1.0,43.0,,,False,False,True,False,2011-02-28,True,False,0.023255813953488372,
Malaysia,2011,10,1,0.0,59.0,,,False,False,True,False,2011-03-07,True,False,0.0,
Malaysia,2011,11,1,3.0,44.0,,,False,False,True,False,2011-03-14,True,False,0.06818181818181818,
Malaysia,2011,12,1,3.0,49.0,,,False,False,True,False,2011-03-21,True,False,0.061224489795918366,
Malaysia,2011,13,1,2.0,54.0,,,False,False,True,False,2011-03-28,True,False,0.037037037037037035,
Malaysia,2011,14,1,0.0,36.0,,,False,False,True,False,2011-04-04,True,False,0.0,
Malaysia,2011,15,1,0.0,41.0,,,False,False,True,False,2011-04-11,True,False,0.0,
Malaysia,2011,16,1,2.0,57.0,,,False,False,True,False,2011-04-18,True,False,0.03508771929824561,
Malaysia,2011,17,1,0.0,45.0,,,False,False,True,False,2011-04-25,True,False,0.0,
Malaysia,2011,18,1,1.0,52.0,,,False,False,True,False,2011-05-02,True,False,0.019230769230769232,
Malaysia,2011,19,1,1.0,59.0,,,False,False,True,False,2011-05-09,True,False,0.01694915254237288,
Malaysia,2011,20,1,1.0,41.0,,,False,False,True,False,2011-05-16,True,False,0.024390243902439025,
Malaysia,2011,21,1,2.0,41.0,,,False,False,True,False,2011-05-23,True,False,0.04878048780487805,
Malaysia,2011,22,1,2.0,43.0,,,False,False,True,False,2011-05-30,True,False,0.046511627906976744,
Malaysia,2011,23,1,0.0,46.0,,,False,False,True,False,2011-06-06,True,False,0.0,
Malaysia,2011,24,1,0.0,29.0,,,False,False,True,False,2011-06-13,True,False,0.0,
Malaysia,2011,25,1,0.0,34.0,,,False,False,True,False,2011-06-20,True,False,0.0,
Malaysia,2011,26,1,0.0,29.0,,,False,False,True,False,2011-06-27,True,False,0.0,
Malaysia,2011,27,1,0.0,31.0,,,False,False,True,False,2011-07-04,True,False,0.0,
Malaysia,2011,28,1,0.0,45.0,,,False,False,True,False,2011-07-11,True,False,0.0,
Malaysia,2011,29,1,0.0,40.0,,,False,False,True,False,2011-07-18,True,False,0.0,
Malaysia,2011,30,1,0.0,28.0,,,False,False,True,False,2011-07-25,True,False,0.0,
Malaysia,2011,31,1,0.0,32.0,,,False,False,True,False,2011-08-01,True,False,0.0,
Malaysia,2011,32,1,0.0,32.0,,,False,False,True,False,2011-08-08,True,False,0.0,
Malaysia,2011,33,1,0.0,39.0,,,False,False,True,False,2011-08-15,True,False,0.0,
Malaysia,2011,34,1,0.0,35.0,,,False,False,True,False,2011-08-22,True,False,0.0,
Malaysia,2011,35,1,0.0,27.0,,,False,False,True,False,2011-08-29,True,False,0.0,
Malaysia,2011,36,1,0.0,38.0,,,False,False,True,False,2011-09-05,True,False,0.0,
Malaysia,2011,37,1,0.0,29.0,,,False,False,True,False,2011-09-12,True,False,0.0,
Malaysia,2011,38,1,0.0,41.0,,,False,False,True,False,2011-09-19,True,False,0.0,
Malaysia,2011,39,1,0.0,35.0,,,False,False,True,False,2011-09-26,True,False,0.0,
Malaysia,2011,40,1,0.0,31.0,,,False,False,True,False,2011-10-03,True,False,0.0,
Malaysia,2011,41,1,1.0,57.0,,,False,False,True,False,2011-10-10,True,False,0.017543859649122806,
Malaysia,2011,42,1,0.0,44.0,,,False,False,True,False,2011-10-17,True,False,0.0,
Malaysia,2011,43,1,1.0,47.0,,,False,False,True,False,2011-10-24,True,False,0.02127659574468085,
Malaysia,2011,44,1,4.0,43.0,,,False,False,True,False,2011-10-31,True,False,0.09302325581395349,
Malaysia,2011,45,1,2.0,34.0,,,False,False,True,False,2011-11-07,True,False,0.058823529411764705,
Malaysia,2011,46,1,0.0,44.0,,,False,False,True,False,2011-11-14,True,False,0.0,
Malaysia,2011,47,1,0.0,48.0,,,False,False,True,False,2011-11-21,True,False,0.0,
Malaysia,2011,48,1,0.0,35.0,,,False,False,True,False,2011-11-28,True,False,0.0,
Malaysia,2011,49,1,1.0,30.0,,,False,False,True,False,2011-12-05,True,False,0.03333333333333333,
Malaysia,2011,50,1,1.0,35.0,,,False,False,True,False,2011-12-12,True,False,0.02857142857142857,
Malaysia,2011,51,1,0.0,26.0,,,False,False,True,False,2011-12-19,True,False,0.0,
Malaysia,2011,52,1,1.0,24.0,,,False,False,True,False,2011-12-26,True,False,0.041666666666666664,
Malaysia,2012,1,1,0.0,31.0,,,False,False,True,False,2012-01-02,True,False,0.0,
Malaysia,2012,2,1,0.0,65.0,,,False,False,True,False,2012-01-09,True,False,0.0,
Malaysia,2012,3,1,0.0,29.0,,,False,False,True,False,2012-01-16,True,False,0.0,
Malaysia,2012,4,1,0.0,28.0,,,False,False,True,False,2012-01-23,True,False,0.0,
Malaysia,2012,5,1,1.0,33.0,,,False,False,True,False,2012-01-30,True,False,0.030303030303030304,
Malaysia,2012,6,1,1.0,44.0,,,False,False,True,False,2012-02-06,True,False,0.022727272727272728,
Malaysia,2012,7,1,0.0,57.0,,,False,False,True,False,2012-02-13,True,False,0.0,
Malaysia,2012,8,1,0.0,36.0,,,False,False,True,False,2012-02-20,True,False,0.0,
Malaysia,2012,9,1,0.0,36.0,,,False,False,True,False,2012-02-27,True,False,0.0,
Malaysia,2012,10,1,0.0,39.0,,,False,False,True,False,2012-03-05,True,False,0.0,
Malaysia,2012,11,1,1.0,44.0,,,False,False,True,False,2012-03-12,True,False,0.022727272727272728,
Malaysia,2012,12,1,0.0,41.0,,,False,False,True,False,2012-03-19,True,False,0.0,
Malaysia,2012,13,1,0.0,38.0,,,False,False,True,False,2012-03-26,True,False,0.0,
Malaysia,2012,14,1,2.0,53.0,,,False,False,True,False,2012-04-02,True,False,0.03773584905660377,
Malaysia,2012,15,1,2.0,43.0,,,False,False,True,False,2012-04-09,True,False,0.046511627906976744,
Malaysia,2012,16,1,2.0,57.0,,,False,False,True,False,2012-04-16,True,False,0.03508771929824561,
Malaysia,2012,17,1,1.0,41.0,,,False,False,True,False,2012-04-23,True,False,0.024390243902439025,
Malaysia,2012,18,1,0.0,39.0,,,False,False,True,False,2012-04-30,True,False,0.0,
Malaysia,2012,19,1,0.0,45.0,,,False,False,True,False,2012-05-07,True,False,0.0,
Malaysia,2012,20,1,0.0,50.0,,,False,False,True,False,2012-05-14,True,False,0.0,
Malaysia,2012,21,1,0.0,65.0,,,False,False,True,False,2012-05-21,True,False,0.0,
Malaysia,2012,22,1,0.0,46.0,,,False,False,True,False,2012-05-28,True,False,0.0,
Malaysia,2012,23,1,1.0,43.0,,,False,False,True,False,2012-06-04,True,False,0.023255813953488372,
Malaysia,2012,24,1,0.0,38.0,,,False,False,True,False,2012-06-11,True,False,0.0,
Malaysia,2012,25,1,0.0,38.0,,,False,False,True,False,2012-06-18,True,False,0.0,
Malaysia,2012,26,1,0.0,32.0,,,False,False,True,False,2012-06-25,True,False,0.0,
Malaysia,2012,27,1,1.0,42.0,,,False,False,True,False,2012-07-02,True,False,0.023809523809523808,
Malaysia,2012,28,1,1.0,40.0,,,False,False,True,False,2012-07-09,True,False,0.025,
Malaysia,2012,29,1,0.0,42.0,,,False,False,True,False,2012-07-16,True,False,0.0,
Malaysia,2012,30,1,1.0,49.0,,,False,False,True,False,2012-07-23,True,False,0.02040816326530612,
Malaysia,2012,31,1,0.0,49.0,,,False,False,True,False,2012-07-30,True,False,0.0,
Malaysia,2012,32,1,2.0,39.0,,,False,False,True,False,2012-08-06,True,False,0.05128205128205128,
Malaysia,2012,33,1,0.0,42.0,,,False,False,True,False,2012-08-13,True,False,0.0,
Malaysia,2012,34,1,0.0,36.0,,,False,False,True,False,2012-08-20,True,False,0.0,
Malaysia,2012,35,1,1.0,44.0,,,False,False,True,False,2012-08-27,True,False,0.022727272727272728,
Malaysia,2012,36,1,6.0,42.0,,,False,False,True,False,2012-09-03,True,False,0.14285714285714285,
Malaysia,2012,37,1,2.0,57.0,,,False,False,True,False,2012-09-10,True,False,0.03508771929824561,
Malaysia,2012,38,1,0.0,49.0,,,False,False,True,False,2012-09-17,True,False,0.0,
Malaysia,2012,39,1,0.0,50.0,,,False,False,True,False,2012-09-24,True,False,0.0,
Malaysia,2012,40,1,1.0,59.0,,,False,False,True,False,2012-10-01,True,False,0.01694915254237288,
Malaysia,2012,41,1,0.0,60.0,,,False,False,True,False,2012-10-08,True,False,0.0,
Malaysia,2012,42,1,1.0,64.0,,,False,False,True,False,2012-10-15,True,False,0.015625,
Malaysia,2012,43,1,0.0,53.0,,,False,False,True,False,2012-10-22,True,False,0.0,
Malaysia,2012,44,1,2.0,63.0,,,False,False,True,False,2012-10-29,True,False,0.031746031746031744,
Malaysia,2012,45,1,3.0,72.0,,,False,False,True,False,2012-11-05,True,False,0.041666666666666664,
Malaysia,2012,46,1,0.0,64.0,,,False,False,True,False,2012-11-12,True,False,0.0,
Malaysia,2012,47,1,0.0,81.0,,,False,False,True,False,2012-11-19,True,False,0.0,
Malaysia,2012,48,1,2.0,81.0,,,False,False,True,False,2012-11-26,True,False,0.024691358024691357,
Malaysia,2012,49,1,1.0,76.0,,,False,False,True,False,2012-12-03,True,False,0.013157894736842105,
Malaysia,2012,50,1,1.0,61.0,,,False,False,True,False,2012-12-10,True,False,0.01639344262295082,
Malaysia,2012,51,1,2.0,62.0,,,False,False,True,False,2012-12-17,True,False,0.03225806451612903,
Malaysia,2012,52,1,1.0,51.0,,,False,False,True,False,2012-12-24,True,False,0.0196078431372549,
Malaysia,2013,1,1,1.0,47.0,,,False,False,True,False,2012-12-31,True,False,0.02127659574468085,
Malaysia,2013,2,1,2.0,38.0,,,False,False,True,False,2013-01-07,True,False,0.05263157894736842,
Malaysia,2013,3,1,1.0,54.0,,,False,False,True,False,2013-01-14,True,False,0.018518518518518517,
Malaysia,2013,4,1,1.0,36.0,,,False,False,True,False,2013-01-21,True,False,0.027777777777777776,
Malaysia,2013,5,1,0.0,44.0,,,False,False,True,False,2013-01-28,True,False,0.0,
Malaysia,2013,6,1,1.0,57.0,,,False,False,True,False,2013-02-04,True,False,0.017543859649122806,
Malaysia,2013,7,1,0.0,48.0,,,False,False,True,False,2013-02-11,True,False,0.0,
Malaysia,2013,8,1,0.0,49.0,,,False,False,True,False,2013-02-18,True,False,0.0,
Malaysia,2013,9,1,2.0,47.0,,,False,False,True,False,2013-02-25,True,False,0.0425531914893617,
Malaysia,2013,10,1,0.0,51.0,,,False,False,True,False,2013-03-04,True,False,0.0,
Malaysia,2013,11,1,0.0,58.0,,,False,False,True,False,2013-03-11,True,False,0.0,
Malaysia,2013,12,1,0.0,67.0,,,False,False,True,False,2013-03-18,True,False,0.0,
Malaysia,2013,13,1,1.0,62.0,,,False,False,True,False,2013-03-25,True,False,0.016129032258064516,
Malaysia,2013,14,1,3.0,58.0,,,False,False,True,False,2013-04-01,True,False,0.05172413793103448,
Malaysia,2013,15,1,2.0,52.0,,,False,False,True,False,2013-04-08,True,False,0.038461538461538464,
Malaysia,2013,16,1,0.0,66.0,,,False,False,True,False,2013-04-15,True,False,0.0,
Malaysia,2013,17,1,2.0,65.0,,,False,False,True,False,2013-04-22,True,False,0.03076923076923077,
Malaysia,2013,18,1,0.0,53.0,,,False,False,True,False,2013-04-29,True,False,0.0,
Malaysia,2013,19,1,1.0,51.0,,,False,False,True,False,2013-05-06,True,False,0.0196078431372549,
Malaysia,2013,20,1,0.0,59.0,,,False,False,True,False,2013-05-13,True,False,0.0,
Malaysia,2013,21,1,1.0,57.0,,,False,False,True,False,2013-05-20,True,False,0.017543859649122806,
Malaysia,2013,22,1,0.0,54.0,,,False,False,True,False,2013-05-27,True,False,0.0,
Malaysia,2013,23,1,0.0,52.0,,,False,False,True,False,2013-06-03,True,False,0.0,
Malaysia,2013,24,1,0.0,41.0,,,False,False,True,False,2013-06-10,True,False,0.0,
Malaysia,2013,25,1,0.0,33.0,,,False,False,True,False,2013-06-17,True,False,0.0,
Malaysia,2013,26,1,0.0,38.0,,,False,False,True,False,2013-06-24,True,False,0.0,
Malaysia,2013,27,1,0.0,46.0,,,False,False,True,False,2013-07-01,True,False,0.0,
Malaysia,2013,28,1,0.0,41.0,,,False,False,True,False,2013-07-08,True,False,0.0,
Malaysia,2013,29,1,0.0,38.0,,,False,False,True,False,2013-07-15,True,False,0.0,
Malaysia,2013,30,1,1.0,41.0,,,False,False,True,False,2013-07-22,True,False,0.024390243902439025,
Malaysia,2013,31,1,0.0,52.0,,,False,False,True,False,2013-07-29,True,False,0.0,
Malaysia,2013,32,1,0.0,39.0,,,False,False,True,False,2013-08-05,True,False,0.0,
Malaysia,2013,33,1,0.0,34.0,,,False,False,True,False,2013-08-12,True,False,0.0,
Malaysia,2013,34,1,0.0,33.0,,,False,False,True,False,2013-08-19,True,False,0.0,
Malaysia,2013,35,1,0.0,43.0,,,False,False,True,False,2013-08-26,True,False,0.0,
Malaysia,2013,36,1,1.0,46.0,,,False,False,True,False,2013-09-02,True,False,0.021739130434782608,
Malaysia,2013,37,1,0.0,37.0,,,False,False,True,False,2013-09-09,True,False,0.0,
Malaysia,2013,38,1,0.0,49.0,,,False,False,True,False,2013-09-16,True,False,0.0,
Malaysia,2013,39,1,1.0,45.0,,,False,False,True,False,2013-09-23,True,False,0.022222222222222223,
Malaysia,2013,40,1,0.0,60.0,,,False,False,True,False,2013-09-30,True,False,0.0,
Malaysia,2013,41,1,0.0,46.0,,,False,False,True,False,2013-10-07,True,False,0.0,
Malaysia,2013,42,1,0.0,55.0,,,False,False,True,False,2013-10-14,True,False,0.0,
Malaysia,2013,43,1,0.0,49.0,,,False,False,True,False,2013-10-21,True,False,0.0,
Malaysia,2013,44,1,1.0,65.0,,,False,False,True,False,2013-10-28,True,False,0.015384615384615385,
Malaysia,2013,45,1,1.0,57.0,,,False,False,True,False,2013-11-04,True,False,0.017543859649122806,
Malaysia,2013,46,1,3.0,58.0,,,False,False,True,False,2013-11-11,True,False,0.05172413793103448,
Malaysia,2013,47,1,2.0,56.0,,,False,False,True,False,2013-11-18,True,False,0.03571428571428571,
Malaysia,2013,48,1,4.0,50.0,,,False,False,True,False,2013-11-25,True,False,0.08,
Malaysia,2013,49,1,1.0,62.0,,,False,False,True,False,2013-12-02,True,False,0.016129032258064516,
Malaysia,2013,50,1,6.0,59.0,,,False,False,True,False,2013-12-09,True,False,0.1016949152542373,
Malaysia,2013,51,1,2.0,54.0,,,False,False,True,False,2013-12-16,True,False,0.037037037037037035,
Malaysia,2013,52,1,0.0,70.0,,,False,False,True,False,2013-12-23,True,False,0.0,
Malaysia,2014,1,1,1.0,14.0,,,False,False,True,False,2013-12-30,True,False,0.07142857142857142,
Malaysia,2014,2,1,0.0,50.0,,,False,False,True,False,2014-01-06,True,False,0.0,
Malaysia,2014,3,1,2.0,43.0,,,False,False,True,False,2014-01-13,True,False,0.046511627906976744,
Malaysia,2014,4,1,7.0,52.0,,,False,False,True,False,2014-01-20,True,False,0.1346153846153846,
Malaysia,2014,5,1,7.0,61.0,,,False,False,True,False,2014-01-27,True,False,0.11475409836065574,
Malaysia,2014,6,1,3.0,54.0,,,False,False,True,False,2014-02-03,True,False,0.05555555555555555,
Malaysia,2014,7,1,2.0,46.0,,,False,False,True,False,2014-02-10,True,False,0.043478260869565216,
Malaysia,2014,8,1,1.0,45.0,,,False,False,True,False,2014-02-17,True,False,0.022222222222222223,
Malaysia,2014,9,1,0.0,48.0,,,False,False,True,False,2014-02-24,True,False,0.0,
Malaysia,2014,10,1,0.0,38.0,,,False,False,True,False,2014-03-03,True,False,0.0,
Malaysia,2014,11,1,1.0,38.0,,,False,False,True,False,2014-03-10,True,False,0.02631578947368421,
Malaysia,2014,12,1,0.0,30.0,,,False,False,True,False,2014-03-17,True,False,0.0,
Malaysia,2014,13,1,0.0,34.0,,,False,False,True,False,2014-03-24,True,False,0.0,
Malaysia,2014,14,1,1.0,49.0,,,False,False,True,False,2014-03-31,True,False,0.02040816326530612,
Malaysia,2014,15,1,2.0,42.0,,,False,False,True,False,2014-04-07,True,False,0.047619047619047616,
Malaysia,2014,16,1,0.0,44.0,,,False,False,True,False,2014-04-14,True,False,0.0,
Malaysia,2014,17,1,1.0,40.0,,,False,False,True,False,2014-04-21,True,False,0.025,
Malaysia,2014,18,1,4.0,65.0,,,False,False,True,False,2014-04-28,True,False,0.06153846153846154,
Malaysia,2014,19,1,0.0,42.0,,,False,False,True,False,2014-05-05,True,False,0.0,
Malaysia,2014,20,1,1.0,35.0,,,False,False,True,False,2014-05-12,True,False,0.02857142857142857,
Malaysia,2014,21,1,4.0,39.0,,,False,False,True,False,2014-05-19,True,False,0.10256410256410256,
Malaysia,2014,22,1,2.0,42.0,,,False,False,True,False,2014-05-26,True,False,0.047619047619047616,
Malaysia,2014,23,1,3.0,54.0,,,False,False,True,False,2014-06-02,True,False,0.05555555555555555,
Malaysia,2014,24,1,0.0,43.0,,,False,False,True,False,2014-06-09,True,False,0.0,
Malaysia,2014,25,1,0.0,48.0,,,False,False,True,False,2014-06-16,True,False,0.0,
Malaysia,2014,26,1,2.0,46.0,,,False,False,True,False,2014-06-23,True,False,0.043478260869565216,
Malaysia,2014,27,1,1.0,46.0,,,False,False,True,False,2014-06-30,True,False,0.021739130434782608,
Malaysia,2014,28,1,3.0,41.0,,,False,False,True,False,2014-07-07,True,False,0.07317073170731707,
Malaysia,2014,29,1,0.0,55.0,,,False,False,True,False,2014-07-14,True,False,0.0,
Malaysia,2014,30,1,1.0,51.0,,,False,False,True,False,2014-07-21,True,False,0.0196078431372549,
Malaysia,2014,31,1,0.0,23.0,,,False,False,True,False,2014-07-28,True,False,0.0,
Malaysia,2014,32,1,1.0,41.0,,,False,False,True,False,2014-08-04,True,False,0.024390243902439025,
Malaysia,2014,33,1,0.0,36.0,,,False,False,True,False,2014-08-11,True,False,0.0,
Malaysia,2014,34,1,1.0,40.0,,,False,False,True,False,2014-08-18,True,False,0.025,
Malaysia,2014,35,1,0.0,60.0,,,False,False,True,False,2014-08-25,True,False,0.0,
Malaysia,2014,36,1,1.0,44.0,,,False,False,True,False,2014-09-01,True,False,0.022727272727272728,
Malaysia,2014,37,1,1.0,63.0,,,False,False,True,False,2014-09-08,True,False,0.015873015873015872,
Malaysia,2014,38,1,0.0,50.0,,,False,False,True,False,2014-09-15,True,False,0.0,
Malaysia,2014,39,1,1.0,37.0,,,False,False,True,False,2014-09-22,True,False,0.02702702702702703,
Malaysia,2014,40,1,0.0,41.0,,,False,False,True,False,2014-09-29,True,False,0.0,
Malaysia,2014,41,1,0.0,49.0,,,False,False,True,False,2014-10-06,True,False,0.0,
Malaysia,2014,42,1,0.0,43.0,,,False,False,True,False,2014-10-13,True,False,0.0,
Malaysia,2014,43,1,2.0,42.0,,,False,False,True,False,2014-10-20,True,False,0.047619047619047616,
Malaysia,2014,44,1,0.0,32.0,,,False,False,True,False,2014-10-27,True,False,0.0,
Malaysia,2014,45,1,1.0,41.0,,,False,False,True,False,2014-11-03,True,False,0.024390243902439025,
Malaysia,2014,46,1,1.0,46.0,,,False,False,True,False,2014-11-10,True,False,0.021739130434782608,
Malaysia,2014,47,1,2.0,53.0,,,False,False,True,False,2014-11-17,True,False,0.03773584905660377,
Malaysia,2014,48,1,2.0,47.0,,,False,False,True,False,2014-11-24,True,False,0.0425531914893617,
Malaysia,2014,49,1,1.0,42.0,,,False,False,True,False,2014-12-01,True,False,0.023809523809523808,
Malaysia,2014,50,1,1.0,44.0,,,False,False,True,False,2014-12-08,True,False,0.022727272727272728,
Malaysia,2014,51,1,0.0,53.0,,,False,False,True,False,2014-12-15,True,False,0.0,
Malaysia,2014,52,1,0.0,40.0,,,False,False,True,False,2014-12-22,True,False,0.0,
Malaysia,2015,1,1,1.0,52.0,,,False,False,True,False,2014-12-29,True,False,0.019230769230769232,
Malaysia,2015,2,1,1.0,60.0,,,False,False,True,False,2015-01-05,True,False,0.016666666666666666,
Malaysia,2015,3,1,2.0,66.0,,,False,False,True,False,2015-01-12,True,False,0.030303030303030304,
Malaysia,2015,4,1,1.0,66.0,,,False,False,True,False,2015-01-19,True,False,0.015151515151515152,
Malaysia,2015,5,1,3.0,64.0,,,False,False,True,False,2015-01-26,True,False,0.046875,
Malaysia,2015,6,1,3.0,51.0,,,False,False,True,False,2015-02-02,True,False,0.058823529411764705,
Malaysia,2015,7,1,0.0,54.0,,,False,False,True,False,2015-02-09,True,False,0.0,
Malaysia,2015,8,1,0.0,46.0,,,False,False,True,False,2015-02-16,True,False,0.0,
Malaysia,2015,9,1,0.0,55.0,,,False,False,True,False,2015-02-23,True,False,0.0,
Malaysia,2015,10,1,1.0,53.0,,,False,False,True,False,2015-03-02,True,False,0.018867924528301886,
Malaysia,2015,11,1,2.0,64.0,,,False,False,True,False,2015-03-09,True,False,0.03125,
Malaysia,2015,12,1,2.0,60.0,,,False,False,True,False,2015-03-16,True,False,0.03333333333333333,
Malaysia,2015,13,1,0.0,54.0,,,False,False,True,False,2015-03-23,True,False,0.0,
Malaysia,2015,14,1,2.0,51.0,,,False,False,True,False,2015-03-30,True,False,0.0392156862745098,
Malaysia,2015,15,1,1.0,51.0,,,False,False,True,False,2015-04-06,True,False,0.0196078431372549,
Malaysia,2015,16,1,1.0,46.0,,,False,False,True,False,2015-04-13,True,False,0.021739130434782608,
Malaysia,2015,17,1,1.0,60.0,,,False,False,True,False,2015-04-20,True,False,0.016666666666666666,
Malaysia,2015,18,1,1.0,64.0,,,False,False,True,False,2015-04-27,True,False,0.015625,
Malaysia,2015,19,1,1.0,56.0,,,False,False,True,False,2015-05-04,True,False,0.017857142857142856,
Malaysia,2015,20,1,0.0,52.0,,,False,False,True,False,2015-05-11,True,False,0.0,
Malaysia,2015,21,1,2.0,45.0,,,False,False,True,False,2015-05-18,True,False,0.044444444444444446,
Malaysia,2015,22,1,2.0,50.0,,,False,False,True,False,2015-05-25,True,False,0.04,
Malaysia,2015,23,1,1.0,49.0,,,False,False,True,False,2015-06-01,True,False,0.02040816326530612,
Malaysia,2015,24,1,4.0,67.0,,,False,False,True,False,2015-06-08,True,False,0.05970149253731343,
Malaysia,2015,25,1,0.0,56.0,,,False,False,True,False,2015-06-15,True,False,0.0,
Malaysia,2015,26,1,1.0,43.0,,,False,False,True,False,2015-06-22,True,False,0.023255813953488372,
Malaysia,2015,27,1,1.0,59.0,,,False,False,True,False,2015-06-29,True,False,0.01694915254237288,
Malaysia,2015,28,1,0.0,53.0,,,False,False,True,False,2015-07-06,True,False,0.0,
Malaysia,2015,29,1,1.0,37.0,,,False,False,True,False,2015-07-13,True,False,0.02702702702702703,
Malaysia,2015,30,1,0.0,29.0,,,False,False,True,False,2015-07-20,True,False,0.0,
Malaysia,2015,31,1,0.0,45.0,,,False,False,True,False,2015-07-27,True,False,0.0,
Malaysia,2015,32,1,0.0,47.0,,,False,False,True,False,2015-08-03,True,False,0.0,
Malaysia,2015,33,1,1.0,48.0,,,False,False,True,False,2015-08-10,True,False,0.020833333333333332,
Malaysia,2015,34,1,2.0,63.0,,,False,False,True,False,2015-08-17,True,False,0.031746031746031744,
Malaysia,2015,35,1,0.0,49.0,,,False,False,True,False,2015-08-24,True,False,0.0,
Malaysia,2015,36,1,2.0,40.0,,,False,False,True,False,2015-08-31,True,False,0.05,
Malaysia,2015,37,1,1.0,47.0,,,False,False,True,False,2015-09-07,True,False,0.02127659574468085,
Malaysia,2015,38,1,0.0,51.0,,,False,False,True,False,2015-09-14,True,False,0.0,
Malaysia,2015,39,1,0.0,55.0,,,False,False,True,False,2015-09-21,True,False,0.0,
Malaysia,2015,40,1,1.0,40.0,,,False,False,True,False,2015-09-28,True,False,0.025,
Malaysia,2015,41,1,1.0,36.0,,,False,False,True,False,2015-10-05,True,False,0.027777777777777776,
Malaysia,2015,42,1,1.0,41.0,,,False,False,True,False,2015-10-12,True,False,0.024390243902439025,
Malaysia,2015,43,1,3.0,50.0,,,False,False,True,False,2015-10-19,True,False,0.06,
Malaysia,2015,44,1,2.0,41.0,,,False,False,True,False,2015-10-26,True,False,0.04878048780487805,
Malaysia,2015,45,1,0.0,40.0,,,False,False,True,False,2015-11-02,True,False,0.0,
Malaysia,2015,46,1,1.0,45.0,,,False,False,True,False,2015-11-09,True,False,0.022222222222222223,
Malaysia,2015,47,1,1.0,37.0,,,False,False,True,False,2015-11-16,True,False,0.02702702702702703,
Malaysia,2015,48,1,2.0,41.0,,,False,False,True,False,2015-11-23,True,False,0.04878048780487805,
Malaysia,2015,49,1,1.0,41.0,,,False,False,True,False,2015-11-30,True,False,0.024390243902439025,
Malaysia,2015,50,1,2.0,40.0,,,False,False,True,False,2015-12-07,True,False,0.05,
Malaysia,2015,51,1,0.0,34.0,,,False,False,True,False,2015-12-14,True,False,0.0,
Malaysia,2015,52,1,0.0,21.0,,,False,False,True,False,2015-12-21,True,False,0.0,
Malaysia,2015,53,1,4.0,42.0,,,False,False,True,False,2015-12-28,True,False,0.09523809523809523,
Malaysia,2016,1,1,4.0,74.0,,,False,False,True,False,2016-01-04,True,False,0.05405405405405406,
Malaysia,2016,2,1,2.0,103.0,,,False,False,True,False,2016-01-11,True,False,0.019417475728155338,
Malaysia,2016,3,1,4.0,106.0,,,False,False,True,False,2016-01-18,True,False,0.03773584905660377,
Malaysia,2016,4,1,7.0,105.0,,,False,False,True,False,2016-01-25,True,False,0.06666666666666667,
Malaysia,2016,5,1,4.0,128.0,,,False,False,True,False,2016-02-01,True,False,0.03125,
Malaysia,2016,6,1,7.0,79.0,,,False,False,True,False,2016-02-08,True,False,0.08860759493670886,
Malaysia,2016,7,1,6.0,116.0,,,False,False,True,False,2016-02-15,True,False,0.05172413793103448,
Malaysia,2016,8,1,11.0,123.0,,,False,False,True,False,2016-02-22,True,False,0.08943089430894309,
Malaysia,2016,9,1,12.0,108.0,,,False,False,True,False,2016-02-29,True,False,0.1111111111111111,
Malaysia,2016,10,1,10.0,127.0,,,False,False,True,False,2016-03-07,True,False,0.07874015748031496,
Malaysia,2016,11,1,7.0,117.0,,,False,False,True,False,2016-03-14,True,False,0.05982905982905983,
Malaysia,2016,12,1,4.0,93.0,,,False,False,True,False,2016-03-21,True,False,0.043010752688172046,
Malaysia,2016,13,1,5.0,98.0,,,False,False,True,False,2016-03-28,True,False,0.05102040816326531,
Malaysia,2016,14,1,5.0,60.0,,,False,False,True,False,2016-04-04,True,False,0.08333333333333333,
Malaysia,2016,15,1,1.0,65.0,,,False,False,True,False,2016-04-11,True,False,0.015384615384615385,
Malaysia,2016,16,1,9.0,80.0,,,False,False,True,False,2016-04-18,True,False,0.1125,
Malaysia,2016,17,1,20.0,62.0,,,False,False,True,False,2016-04-25,True,False,0.3225806451612903,
Malaysia,2016,18,1,12.0,96.0,,,False,False,True,False,2016-05-02,True,False,0.125,
Malaysia,2016,19,1,14.0,97.0,,,False,False,True,False,2016-05-09,True,False,0.14432989690721648,
Malaysia,2016,20,1,6.0,95.0,,,False,False,True,False,2016-05-16,True,False,0.06315789473684211,
Malaysia,2016,21,1,6.0,111.0,,,False,False,True,False,2016-05-23,True,False,0.05405405405405406,
Malaysia,2016,22,1,5.0,103.0,,,False,False,True,False,2016-05-30,True,False,0.04854368932038835,
Malaysia,2016,23,1,2.0,94.0,,,False,False,True,False,2016-06-06,True,False,0.02127659574468085,
Malaysia,2016,24,1,6.0,110.0,,,False,False,True,False,2016-06-13,True,False,0.05454545454545454,
Malaysia,2016,25,1,10.0,125.0,,,False,False,True,False,2016-06-20,True,False,0.08,
Malaysia,2016,26,1,3.0,84.0,,,False,False,True,False,2016-06-27,True,False,0.03571428571428571,
Malaysia,2016,27,1,1.0,23.0,,,False,False,True,False,2016-07-04,True,False,0.043478260869565216,
Malaysia,2016,28,1,11.0,114.0,,,False,False,True,False,2016-07-11,True,False,0.09649122807017543,
Malaysia,2016,29,1,10.0,121.0,,,False,False,True,False,2016-07-18,True,False,0.08264462809917356,
Malaysia,2016,30,1,10.0,78.0,,,False,False,True,False,2016-07-25,True,False,0.1282051282051282,
Malaysia,2016,31,1,0.0,37.0,,,False,False,True,False,2016-08-01,True,False,0.0,
Malaysia,2016,32,1,0.0,44.0,,,False,False,True,False,2016-08-08,True,False,0.0,
Malaysia,2016,33,1,0.0,38.0,,,False,False,True,False,2016-08-15,True,False,0.0,
Malaysia,2016,34,1,0.0,50.0,,,False,False,True,False,2016-08-22,True,False,0.0,
Malaysia,2016,35,1,1.0,34.0,,,False,False,True,False,2016-08-29,True,False,0.029411764705882353,
Malaysia,2016,36,1,0.0,40.0,,,False,False,True,False,2016-09-05,True,False,0.0,
Malaysia,2016,37,1,0.0,38.0,,,False,False,True,False,2016-09-12,True,False,0.0,
Malaysia,2016,38,1,0.0,23.0,,,False,False,True,False,2016-09-19,True,False,0.0,
Malaysia,2016,39,1,0.0,39.0,,,False,False,True,False,2016-09-26,True,False,0.0,
Malaysia,2016,40,1,0.0,27.0,,,False,False,True,False,2016-10-03,True,False,0.0,
Malaysia,2016,41,1,0.0,38.0,,,False,False,True,False,2016-10-10,True,False,0.0,
Malaysia,2016,42,1,0.0,32.0,,,False,False,True,False,2016-10-17,True,False,0.0,
Malaysia,2016,43,1,0.0,42.0,,,False,False,True,False,2016-10-24,True,False,0.0,
Malaysia,2016,44,1,0.0,37.0,,,False,False,True,False,2016-10-31,True,False,0.0,
Malaysia,2016,45,1,0.0,37.0,,,False,False,True,False,2016-11-07,True,False,0.0,
Malaysia,2016,46,1,0.0,42.0,,,False,False,True,False,2016-11-14,True,False,0.0,
Malaysia,2016,47,1,0.0,36.0,,,False,False,True,False,2016-11-21,True,False,0.0,
Malaysia,2016,48,1,0.0,37.0,,,False,False,True,False,2016-11-28,True,False,0.0,
Malaysia,2016,49,1,0.0,46.0,,,False,False,True,False,2016-12-05,True,False,0.0,
Malaysia,2016,50,1,1.0,41.0,,,False,False,True,False,2016-12-12,True,False,0.024390243902439025,
Malaysia,2016,51,1,0.0,24.0,,,False,False,True,False,2016-12-19,True,False,0.0,
Malaysia,2016,52,1,2.0,31.0,,,False,False,True,False,2016-12-26,True,False,0.06451612903225806,
Malaysia,2017,1,1,11.0,99.0,3.0,,False,False,True,True,2017-01-02,True,False,0.1111111111111111,
Malaysia,2017,2,1,12.0,120.0,2.0,,False,False,True,True,2017-01-09,True,False,0.1,
Malaysia,2017,3,1,16.0,119.0,1.0,,False,False,True,True,2017-01-16,True,False,0.13445378151260504,
Malaysia,2017,4,1,13.0,131.0,4.0,,False,False,True,True,2017-01-23,True,False,0.09923664122137404,
Malaysia,2017,5,1,10.0,113.0,2.0,,False,False,True,True,2017-01-30,True,False,0.08849557522123894,
Malaysia,2017,6,1,13.0,124.0,1.0,,False,False,True,True,2017-02-06,True,False,0.10483870967741936,
Malaysia,2017,7,1,19.0,136.0,0.0,,False,False,True,True,2017-02-13,True,False,0.13970588235294118,
Malaysia,2017,8,1,12.0,126.0,2.0,,False,False,True,True,2017-02-20,True,False,0.09523809523809523,
Malaysia,2017,9,1,15.0,118.0,1.0,,False,False,True,True,2017-02-27,True,False,0.1271186440677966,
Malaysia,2017,10,1,11.0,99.0,2.0,,False,False,True,True,2017-03-06,True,False,0.1111111111111111,
Malaysia,2017,11,1,16.0,105.0,4.0,,False,False,True,True,2017-03-13,True,False,0.1523809523809524,
Malaysia,2017,12,1,20.0,120.0,4.0,,False,False,True,True,2017-03-20,True,False,0.16666666666666666,
Malaysia,2017,13,1,15.0,76.0,0.0,,False,False,True,True,2017-03-27,True,False,0.19736842105263158,
Malaysia,2017,14,1,9.0,96.0,0.0,,False,False,True,True,2017-04-03,True,False,0.09375,
Malaysia,2017,15,1,23.0,97.0,0.0,,False,False,True,True,2017-04-10,True,False,0.23711340206185566,
Malaysia,2017,16,1,18.0,114.0,0.0,,False,False,True,True,2017-04-17,True,False,0.15789473684210525,
Malaysia,2017,17,1,13.0,89.0,1.0,,False,False,True,True,2017-04-24,True,False,0.14606741573033707,
Malaysia,2017,18,1,16.0,89.0,1.0,,False,False,True,True,2017-05-01,True,False,0.1797752808988764,
Malaysia,2017,19,1,13.0,96.0,0.0,,False,False,True,True,2017-05-08,True,False,0.13541666666666666,
Malaysia,2017,20,1,15.0,97.0,2.0,,False,False,True,True,2017-05-15,True,False,0.15463917525773196,
Malaysia,2017,21,1,18.0,96.0,1.0,,False,False,True,True,2017-05-22,True,False,0.1875,
Malaysia,2017,22,1,19.0,95.0,3.0,,False,False,True,True,2017-05-29,True,False,0.2,
Malaysia,2017,23,1,16.0,78.0,3.0,,False,False,True,True,2017-06-05,True,False,0.20512820512820512,
Malaysia,2017,24,1,12.0,80.0,1.0,,False,False,True,True,2017-06-12,True,False,0.15,
Malaysia,2017,25,1,11.0,79.0,0.0,,False,False,True,True,2017-06-19,True,False,0.13924050632911392,
Malaysia,2017,26,1,5.0,34.0,1.0,,False,False,True,True,2017-06-26,True,False,0.14705882352941177,
Malaysia,2017,27,1,18.0,107.0,2.0,,False,False,True,True,2017-07-03,True,False,0.16822429906542055,
Malaysia,2017,28,1,13.0,93.0,1.0,,False,False,True,True,2017-07-10,True,False,0.13978494623655913,
Malaysia,2017,29,1,13.0,81.0,1.0,,False,False,True,True,2017-07-17,True,False,0.16049382716049382,
Malaysia,2017,30,1,12.0,92.0,1.0,,False,False,True,True,2017-07-24,True,False,0.13043478260869565,
Malaysia,2017,31,1,7.0,105.0,2.0,,False,False,True,True,2017-07-31,True,False,0.06666666666666667,
Malaysia,2017,32,1,12.0,90.0,2.0,,False,False,True,True,2017-08-07,True,False,0.13333333333333333,
Malaysia,2017,33,1,10.0,95.0,2.0,,False,False,True,True,2017-08-14,True,False,0.10526315789473684,
Malaysia,2017,34,1,14.0,94.0,2.0,,False,False,True,True,2017-08-21,True,False,0.14893617021276595,
Malaysia,2017,35,1,7.0,61.0,1.0,,False,False,True,True,2017-08-28,True,False,0.11475409836065574,
Malaysia,2017,36,1,4.0,76.0,2.0,,False,False,True,True,2017-09-04,True,False,0.05263157894736842,
Malaysia,2017,37,1,3.0,93.0,4.0,,False,False,True,True,2017-09-11,True,False,0.03225806451612903,
Malaysia,2017,38,1,9.0,90.0,0.0,,False,False,True,True,2017-09-18,True,False,0.1,
Malaysia,2017,39,1,11.0,91.0,1.0,,False,False,True,True,2017-09-25,True,False,0.12087912087912088,
Malaysia,2017,40,1,8.0,102.0,2.0,,False,False,True,True,2017-10-02,True,False,0.0784313725490196,
Malaysia,2017,41,1,8.0,90.0,1.0,,False,False,True,True,2017-10-09,True,False,0.08888888888888889,
Malaysia,2017,42,1,5.0,72.0,3.0,,False,False,True,True,2017-10-16,True,False,0.06944444444444445,
Malaysia,2017,43,1,13.0,83.0,0.0,,False,False,True,True,2017-10-23,True,False,0.1566265060240964,
Malaysia,2017,44,1,15.0,94.0,3.0,,False,False,True,True,2017-10-30,True,False,0.1595744680851064,
Malaysia,2017,45,1,11.0,75.0,2.0,,False,False,True,True,2017-11-06,True,False,0.14666666666666667,
Malaysia,2017,46,1,12.0,115.0,2.0,,False,False,True,True,2017-11-13,True,False,0.10434782608695652,
Malaysia,2017,47,1,12.0,97.0,0.0,,False,False,True,True,2017-11-20,True,False,0.12371134020618557,
Malaysia,2017,48,1,15.0,89.0,3.0,,False,False,True,True,2017-11-27,True,False,0.16853932584269662,
Malaysia,2017,49,1,20.0,84.0,0.0,,False,False,True,True,2017-12-04,True,False,0.23809523809523808,
Malaysia,2017,50,1,13.0,98.0,0.0,,False,False,True,True,2017-12-11,True,False,0.1326530612244898,
Malaysia,2017,51,1,22.0,87.0,2.0,,False,False,True,True,2017-12-18,True,False,0.25287356321839083,
Malaysia,2017,52,1,4.0,65.0,0.0,,False,False,True,True,2017-12-25,True,False,0.06153846153846154,
Malaysia,2018,1,1,8.0,88.0,0.0,,False,False,True,True,2018-01-01,True,False,0.09090909090909091,
Malaysia,2018,2,1,17.0,121.0,0.0,,False,False,True,True,2018-01-08,True,False,0.14049586776859505,
Malaysia,2018,3,1,17.0,100.0,0.0,,False,False,True,True,2018-01-15,True,False,0.17,
Malaysia,2018,4,1,20.0,102.0,1.0,,False,False,True,True,2018-01-22,True,False,0.19607843137254902,
Malaysia,2018,5,1,13.0,82.0,0.0,,False,False,True,True,2018-01-29,True,False,0.15853658536585366,
Malaysia,2018,6,1,28.0,102.0,0.0,,False,False,True,True,2018-02-05,True,False,0.27450980392156865,
Malaysia,2018,7,1,14.0,88.0,1.0,,False,False,True,True,2018-02-12,True,False,0.1590909090909091,
Malaysia,2018,8,1,12.0,84.0,0.0,,False,False,True,True,2018-02-19,True,False,0.14285714285714285,
Malaysia,2018,9,1,21.0,94.0,1.0,,False,False,True,True,2018-02-26,True,False,0.22340425531914893,
Malaysia,2018,10,1,31.0,105.0,2.0,,False,False,True,True,2018-03-05,True,False,0.29523809523809524,
Malaysia,2018,11,1,26.0,94.0,1.0,,False,False,True,True,2018-03-12,True,False,0.2765957446808511,
Malaysia,2018,12,1,9.0,88.0,1.0,,False,False,True,True,2018-03-19,True,False,0.10227272727272728,
Malaysia,2018,13,1,13.0,86.0,1.0,,False,False,True,True,2018-03-26,True,False,0.1511627906976744,
Malaysia,2018,14,1,7.0,96.0,1.0,,False,False,True,True,2018-04-02,True,False,0.07291666666666667,
Malaysia,2018,15,1,2.0,66.0,0.0,,False,False,True,True,2018-04-09,True,False,0.030303030303030304,
Malaysia,2018,16,1,1.0,62.0,0.0,,False,False,True,True,2018-04-16,True,False,0.016129032258064516,
Malaysia,2018,17,1,6.0,70.0,0.0,,False,False,True,True,2018-04-23,True,False,0.08571428571428572,
Malaysia,2018,18,1,11.0,74.0,2.0,,False,False,True,True,2018-04-30,True,False,0.14864864864864866,
Malaysia,2018,19,1,5.0,52.0,0.0,,False,False,True,True,2018-05-07,True,False,0.09615384615384616,
Malaysia,2018,20,1,1.0,84.0,1.0,,False,False,True,True,2018-05-14,True,False,0.011904761904761904,
Malaysia,2018,21,1,6.0,88.0,1.0,,False,False,True,True,2018-05-21,True,False,0.06818181818181818,
Malaysia,2018,22,1,6.0,73.0,1.0,,False,False,True,True,2018-05-28,True,False,0.0821917808219178,
Malaysia,2018,23,1,6.0,88.0,6.0,,False,False,True,True,2018-06-04,True,False,0.06818181818181818,
Malaysia,2018,24,1,5.0,45.0,0.0,,False,False,True,True,2018-06-11,True,False,0.1111111111111111,
Malaysia,2018,25,1,2.0,65.0,4.0,,False,False,True,True,2018-06-18,True,False,0.03076923076923077,
Malaysia,2018,26,1,3.0,91.0,1.0,,False,False,True,True,2018-06-25,True,False,0.03296703296703297,
Malaysia,2018,27,1,3.0,81.0,4.0,,False,False,True,True,2018-07-02,True,False,0.037037037037037035,
Malaysia,2018,28,1,4.0,104.0,6.0,,False,False,True,True,2018-07-09,True,False,0.038461538461538464,
Malaysia,2018,29,1,0.0,103.0,6.0,,False,False,True,True,2018-07-16,True,False,0.0,
Malaysia,2018,30,1,5.0,100.0,4.0,,False,False,True,True,2018-07-23,True,False,0.05,
Malaysia,2018,31,1,2.0,94.0,3.0,,False,False,True,True,2018-07-30,True,False,0.02127659574468085,
Malaysia,2018,32,1,2.0,99.0,7.0,,False,False,True,True,2018-08-06,True,False,0.020202020202020204,
Malaysia,2018,33,1,6.0,100.0,1.0,,False,False,True,True,2018-08-13,True,False,0.06,
Malaysia,2018,34,1,2.0,59.0,5.0,,False,False,True,True,2018-08-20,True,False,0.03389830508474576,
Malaysia,2018,35,1,7.0,68.0,3.0,,False,False,True,True,2018-08-27,True,False,0.10294117647058823,
Malaysia,2018,36,1,4.0,76.0,3.0,,False,False,True,True,2018-09-03,True,False,0.05263157894736842,
Malaysia,2018,37,1,4.0,59.0,0.0,,False,False,True,True,2018-09-10,True,False,0.06779661016949153,
Malaysia,2018,38,1,5.0,82.0,4.0,,False,False,True,True,2018-09-17,True,False,0.06097560975609756,
Malaysia,2018,39,1,6.0,97.0,4.0,,False,False,True,True,2018-09-24,True,False,0.061855670103092786,
Malaysia,2018,40,1,8.0,96.0,2.0,,False,False,True,True,2018-10-01,True,False,0.08333333333333333,
Malaysia,2018,41,1,13.0,105.0,1.0,,False,False,True,True,2018-10-08,True,False,0.12380952380952381,
Malaysia,2018,42,1,9.0,88.0,2.0,,False,False,True,True,2018-10-15,True,False,0.10227272727272728,
Malaysia,2018,43,1,15.0,95.0,1.0,,False,False,True,True,2018-10-22,True,False,0.15789473684210525,
Malaysia,2018,44,1,12.0,81.0,3.0,,False,False,True,True,2018-10-29,True,False,0.14814814814814814,
Malaysia,2018,45,1,8.0,81.0,1.0,,False,False,True,True,2018-11-05,True,False,0.09876543209876543,
Malaysia,2018,46,1,11.0,104.0,2.0,,False,False,True,True,2018-11-12,True,False,0.10576923076923077,
Malaysia,2018,47,1,15.0,68.0,1.0,,False,False,True,True,2018-11-19,True,False,0.22058823529411764,
Malaysia,2018,48,1,17.0,89.0,4.0,,False,False,True,True,2018-11-26,True,False,0.19101123595505617,
Malaysia,2018,49,1,8.0,93.0,1.0,,False,False,True,True,2018-12-03,True,False,0.08602150537634409,
Malaysia,2018,50,1,9.0,71.0,1.0,,False,False,True,True,2018-12-10,True,False,0.1267605633802817,
Malaysia,2018,51,1,18.0,82.0,2.0,,False,False,True,True,2018-12-17,True,False,0.21951219512195122,
Malaysia,2018,52,1,10.0,82.0,2.0,,False,False,True,True,2018-12-24,True,False,0.12195121951219512,
Malaysia,2019,1,1,8.0,117.0,2.0,,False,False,True,True,2018-12-31,True,False,0.06837606837606838,
Malaysia,2019,2,1,15.0,129.0,2.0,,False,False,True,True,2019-01-07,True,False,0.11627906976744186,
Malaysia,2019,3,1,14.0,100.0,4.0,,False,False,True,True,2019-01-14,True,False,0.14,
Malaysia,2019,4,1,11.0,127.0,2.0,,False,False,True,True,2019-01-21,True,False,0.08661417322834646,
Malaysia,2019,5,1,13.0,111.0,3.0,,False,False,True,True,2019-01-28,True,False,0.11711711711711711,
Malaysia,2019,6,1,8.0,77.0,4.0,,False,False,True,True,2019-02-04,True,False,0.1038961038961039,
Malaysia,2019,7,1,17.0,128.0,4.0,,False,False,True,True,2019-02-11,True,False,0.1328125,
Malaysia,2019,8,1,18.0,118.0,2.0,,False,False,True,True,2019-02-18,True,False,0.15254237288135594,
Malaysia,2019,9,1,9.0,123.0,3.0,,False,False,True,True,2019-02-25,True,False,0.07317073170731707,
Malaysia,2019,10,1,20.0,135.0,9.0,,False,False,True,True,2019-03-04,True,False,0.14814814814814814,
Malaysia,2019,11,1,20.0,116.0,2.0,,False,False,True,True,2019-03-11,True,False,0.1724137931034483,
Malaysia,2019,12,1,19.0,124.0,3.0,,False,False,True,True,2019-03-18,True,False,0.1532258064516129,
Malaysia,2019,13,1,4.0,106.0,1.0,,False,False,True,True,2019-03-25,True,False,0.03773584905660377,
Malaysia,2019,14,1,13.0,134.0,4.0,,False,False,True,True,2019-04-01,True,False,0.09701492537313433,
Malaysia,2019,15,1,6.0,134.0,2.0,,False,False,True,True,2019-04-08,True,False,0.04477611940298507,
Malaysia,2019,16,1,20.0,145.0,4.0,,False,False,True,True,2019-04-15,True,False,0.13793103448275862,
Malaysia,2019,17,1,16.0,148.0,4.0,,False,False,True,True,2019-04-22,True,False,0.10810810810810811,
Malaysia,2019,18,1,13.0,131.0,0.0,,False,False,True,True,2019-04-29,True,False,0.09923664122137404,
Malaysia,2019,19,1,21.0,129.0,1.0,,False,False,True,True,2019-05-06,True,False,0.16279069767441862,
Malaysia,2019,20,1,15.0,149.0,9.0,,False,False,True,True,2019-05-13,True,False,0.10067114093959731,
Malaysia,2019,21,1,18.0,126.0,9.0,,False,False,True,True,2019-05-20,True,False,0.14285714285714285,
Malaysia,2019,22,1,18.0,130.0,3.0,,False,False,True,True,2019-05-27,True,False,0.13846153846153847,
Malaysia,2019,23,1,5.0,51.0,5.0,,False,False,True,True,2019-06-03,True,False,0.09803921568627451,
Malaysia,2019,24,1,25.0,125.0,3.0,,False,False,True,True,2019-06-10,True,False,0.2,
Malaysia,2019,25,1,45.0,146.0,5.0,,False,False,True,True,2019-06-17,True,False,0.3082191780821918,
Malaysia,2019,26,1,29.0,134.0,5.0,,False,False,True,True,2019-06-24,True,False,0.21641791044776118,
Malaysia,2019,27,1,28.0,141.0,8.0,,False,False,True,True,2019-07-01,True,False,0.19858156028368795,
Malaysia,2019,28,1,27.0,146.0,9.0,,False,False,True,True,2019-07-08,True,False,0.18493150684931506,
Malaysia,2019,29,1,30.0,149.0,6.0,,False,False,True,True,2019-07-15,True,False,0.20134228187919462,
Malaysia,2019,30,1,30.0,147.0,11.0,,False,False,True,True,2019-07-22,True,False,0.20408163265306123,
Malaysia,2019,31,1,34.0,149.0,11.0,,False,False,True,True,2019-07-29,True,False,0.22818791946308725,
Malaysia,2019,32,1,28.0,146.0,9.0,,False,False,True,True,2019-08-05,True,False,0.1917808219178082,
Malaysia,2019,33,1,18.0,138.0,12.0,,False,False,True,True,2019-08-12,True,False,0.13043478260869565,
Malaysia,2019,34,1,29.0,153.0,11.0,,False,False,True,True,2019-08-19,True,False,0.1895424836601307,
Malaysia,2019,35,1,28.0,136.0,9.0,,False,False,True,True,2019-08-26,True,False,0.20588235294117646,
Malaysia,2019,36,1,23.0,129.0,9.0,,False,False,True,True,2019-09-02,True,False,0.17829457364341086,
Malaysia,2019,37,1,23.0,130.0,3.0,,False,False,True,True,2019-09-09,True,False,0.17692307692307693,
Malaysia,2019,38,1,19.0,137.0,7.0,,False,False,True,True,2019-09-16,True,False,0.1386861313868613,
Malaysia,2019,39,1,17.0,131.0,6.0,,False,False,True,True,2019-09-23,True,False,0.1297709923664122,
Malaysia,2019,40,1,25.0,130.0,6.0,,False,False,True,True,2019-09-30,True,False,0.19230769230769232,
Malaysia,2019,41,1,15.0,128.0,6.0,,False,False,True,True,2019-10-07,True,False,0.1171875,
Malaysia,2019,42,1,28.0,131.0,6.0,,False,False,True,True,2019-10-14,True,False,0.21374045801526717,
Malaysia,2019,43,1,19.0,134.0,7.0,,False,False,True,True,2019-10-21,True,False,0.1417910447761194,
Malaysia,2019,44,2,25.0,119.0,4.0,,False,False,True,True,2019-10-28,True,False,0.21008403361344538,
Malaysia,2019,45,1,34.0,123.0,2.0,,False,False,True,True,2019-11-04,True,False,0.2764227642276423,
Malaysia,2019,46,1,36.0,139.0,7.0,,False,False,True,True,2019-11-11,True,False,0.2589928057553957,
Malaysia,2019,47,1,27.0,133.0,5.0,,False,False,True,True,2019-11-18,True,False,0.20300751879699247,
Malaysia,2019,48,1,36.0,136.0,4.0,,False,False,True,True,2019-11-25,True,False,0.2647058823529412,
Malaysia,2019,49,1,30.0,129.0,7.0,,False,False,True,True,2019-12-02,True,False,0.23255813953488372,
Malaysia,2019,50,1,47.0,142.0,5.0,,False,False,True,True,2019-12-09,True,False,0.33098591549295775,
Malaysia,2019,51,1,58.0,131.0,4.0,,False,False,True,True,2019-12-16,True,False,0.44274809160305345,
Malaysia,2019,52,1,41.0,126.0,6.0,,False,False,True,True,2019-12-23,True,False,0.3253968253968254,
Malaysia,2020,1,2,34.0,116.0,6.0,,False,False,True,True,2019-12-30,True,False,0.29310344827586204,
Malaysia,2020,2,2,54.0,169.0,6.0,,False,False,True,True,2020-01-06,True,False,0.31952662721893493,
Malaysia,2020,3,2,57.0,166.0,7.0,,False,False,True,True,2020-01-13,True,False,0.3433734939759036,
Malaysia,2020,4,2,42.0,164.0,7.0,,False,False,True,True,2020-01-20,True,False,0.25609756097560976,
Malaysia,2020,5,2,37.0,147.0,13.0,,False,False,True,True,2020-01-27,True,False,0.25170068027210885,
Malaysia,2020,6,2,27.0,139.0,7.0,,False,False,True,True,2020-02-03,True,False,0.19424460431654678,
Malaysia,2020,7,2,16.0,126.0,7.0,,False,False,True,True,2020-02-10,True,False,0.12698412698412698,
Malaysia,2020,8,2,12.0,137.0,9.0,,False,False,True,True,2020-02-17,True,False,0.08759124087591241,
Malaysia,2020,9,2,17.0,145.0,10.0,,False,False,True,True,2020-02-24,True,False,0.11724137931034483,
Malaysia,2020,10,2,17.0,133.0,8.0,,False,False,True,True,2020-03-02,True,False,0.12781954887218044,
Malaysia,2020,11,2,18.0,138.0,10.0,,False,False,True,True,2020-03-09,True,False,0.13043478260869565,
Malaysia,2020,12,2,9.0,122.0,8.0,,False,False,True,True,2020-03-16,True,False,0.07377049180327869,
Malaysia,2020,13,2,3.0,64.0,5.0,,False,False,True,True,2020-03-23,True,False,0.046875,
Malaysia,2020,14,2,1.0,52.0,0.0,,False,False,True,True,2020-03-30,True,False,0.019230769230769232,
Malaysia,2020,15,2,0.0,37.0,1.0,,False,False,True,True,2020-04-06,True,False,0.0,
Malaysia,2020,16,2,0.0,47.0,0.0,,False,False,True,True,2020-04-13,True,False,0.0,
Malaysia,2020,17,2,0.0,51.0,0.0,,False,False,True,True,2020-04-20,True,False,0.0,
Malaysia,2020,18,2,0.0,40.0,0.0,,False,False,True,True,2020-04-27,True,False,0.0,
Malaysia,2020,19,2,0.0,43.0,0.0,,False,False,True,True,2020-05-04,True,False,0.0,
Malaysia,2020,20,2,0.0,52.0,0.0,,False,False,True,True,2020-05-11,True,False,0.0,
Malaysia,2020,21,2,0.0,41.0,0.0,,False,False,True,True,2020-05-18,True,False,0.0,
Malaysia,2020,22,2,0.0,27.0,0.0,,False,False,True,True,2020-05-25,True,False,0.0,
Malaysia,2020,23,2,0.0,46.0,0.0,,False,False,True,True,2020-06-01,True,False,0.0,
Malaysia,2020,24,2,0.0,40.0,0.0,,False,False,True,True,2020-06-08,True,False,0.0,
Malaysia,2020,25,2,0.0,66.0,0.0,,False,False,True,True,2020-06-15,True,False,0.0,
Malaysia,2020,26,2,0.0,54.0,0.0,,False,False,True,True,2020-06-22,True,False,0.0,
Malaysia,2020,27,2,0.0,49.0,0.0,,False,False,True,True,2020-06-29,True,False,0.0,
Malaysia,2020,28,2,0.0,60.0,0.0,,False,False,True,True,2020-07-06,True,False,0.0,
Malaysia,2020,29,2,0.0,73.0,0.0,,False,False,True,True,2020-07-13,True,False,0.0,
Malaysia,2020,30,2,0.0,76.0,0.0,,False,False,True,True,2020-07-20,True,False,0.0,
Malaysia,2020,31,2,0.0,74.0,0.0,,False,False,True,True,2020-07-27,True,False,0.0,
Malaysia,2020,32,2,0.0,82.0,0.0,,False,False,True,True,2020-08-03,True,False,0.0,
Malaysia,2020,33,2,0.0,82.0,0.0,,False,False,True,True,2020-08-10,True,False,0.0,
Malaysia,2020,34,2,1.0,77.0,0.0,,False,False,True,True,2020-08-17,True,False,0.012987012987012988,
Malaysia,2020,35,2,0.0,72.0,0.0,,False,False,True,True,2020-08-24,True,False,0.0,
Malaysia,2020,36,2,0.0,84.0,0.0,,False,False,True,True,2020-08-31,True,False,0.0,
Malaysia,2020,37,2,0.0,74.0,0.0,,False,False,True,True,2020-09-07,True,False,0.0,
Malaysia,2020,38,2,0.0,44.0,0.0,,False,False,True,True,2020-09-14,True,False,0.0,
Malaysia,2020,39,2,0.0,90.0,2.0,,False,False,True,True,2020-09-21,True,False,0.0,
Malaysia,2020,40,2,0.0,85.0,1.0,,False,False,True,True,2020-09-28,True,False,0.0,
Malaysia,2020,41,2,0.0,68.0,0.0,,False,False,True,True,2020-10-05,True,False,0.0,
Malaysia,2020,42,2,0.0,62.0,0.0,,False,False,True,True,2020-10-12,True,False,0.0,
Malaysia,2020,43,2,0.0,68.0,1.0,,False,False,True,True,2020-10-19,True,False,0.0,
Malaysia,2020,44,2,0.0,58.0,0.0,,False,False,True,True,2020-10-26,True,False,0.0,
Malaysia,2020,45,2,0.0,69.0,0.0,,False,False,True,True,2020-11-02,True,False,0.0,
Malaysia,2020,46,2,0.0,85.0,0.0,,False,False,True,True,2020-11-09,True,False,0.0,
Malaysia,2020,47,2,0.0,76.0,1.0,,False,False,True,True,2020-11-16,True,False,0.0,
Malaysia,2020,48,2,0.0,71.0,1.0,,False,False,True,True,2020-11-23,True,False,0.0,
Malaysia,2020,49,2,0.0,80.0,1.0,,False,False,True,True,2020-11-30,True,False,0.0,
Malaysia,2020,50,2,0.0,57.0,0.0,,False,False,True,True,2020-12-07,True,False,0.0,
Malaysia,2020,51,2,1.0,75.0,0.0,,False,False,True,True,2020-12-14,True,False,0.013333333333333334,
Malaysia,2020,52,2,0.0,58.0,3.0,,False,False,True,True,2020-12-21,True,False,0.0,
Malaysia,2020,53,2,0.0,17.0,0.0,,False,False,True,True,2020-12-28,True,False,0.0,
Malaysia,2021,1,2,0.0,50.0,1.0,,False,False,True,True,2021-01-04,True,False,0.0,
Malaysia,2021,2,2,0.0,71.0,2.0,,False,False,True,True,2021-01-11,True,False,0.0,
Malaysia,2021,3,2,0.0,61.0,1.0,,False,False,True,True,2021-01-18,True,False,0.0,
Malaysia,2021,4,2,0.0,59.0,2.0,,False,False,True,True,2021-01-25,True,False,0.0,
Malaysia,2021,5,2,0.0,57.0,0.0,,False,False,True,True,2021-02-01,True,False,0.0,
Malaysia,2021,6,2,0.0,46.0,1.0,,False,False,True,True,2021-02-08,True,False,0.0,
Malaysia,2021,7,2,0.0,49.0,1.0,,False,False,True,True,2021-02-15,True,False,0.0,
Malaysia,2021,8,2,0.0,52.0,1.0,,False,False,True,True,2021-02-22,True,False,0.0,
Malaysia,2021,9,2,0.0,63.0,0.0,,False,False,True,True,2021-03-01,True,False,0.0,
Malaysia,2021,10,2,0.0,60.0,0.0,,False,False,True,True,2021-03-08,True,False,0.0,
Malaysia,2021,11,2,0.0,76.0,1.0,,False,False,True,True,2021-03-15,True,False,0.0,
Malaysia,2021,12,2,0.0,84.0,0.0,,False,False,True,True,2021-03-22,True,False,0.0,
Malaysia,2021,13,2,0.0,97.0,1.0,,False,False,True,True,2021-03-29,True,False,0.0,
Malaysia,2021,14,2,0.0,91.0,7.0,,False,False,True,True,2021-04-05,True,False,0.0,
Malaysia,2021,15,2,0.0,96.0,2.0,,False,False,True,True,2021-04-12,True,False,0.0,
Malaysia,2021,16,2,0.0,97.0,4.0,,False,False,True,True,2021-04-19,True,False,0.0,
Malaysia,2021,17,2,0.0,112.0,5.0,,False,False,True,True,2021-04-26,True,False,0.0,
Malaysia,2021,18,2,0.0,90.0,6.0,,False,False,True,True,2021-05-03,True,False,0.0,
Malaysia,2021,19,2,0.0,54.0,4.0,,False,False,True,True,2021-05-10,True,False,0.0,
Malaysia,2021,20,2,0.0,76.0,6.0,,False,False,True,True,2021-05-17,True,False,0.0,
Malaysia,2021,21,2,0.0,90.0,9.0,,False,False,True,True,2021-05-24,True,False,0.0,
Malaysia,2021,22,2,1.0,60.0,4.0,,False,False,True,True,2021-05-31,True,False,0.016666666666666666,
Malaysia,2021,23,1,0.0,59.0,0.0,,False,False,True,True,2021-06-07,True,False,0.0,
Malaysia,2021,24,1,0.0,67.0,0.0,,False,False,True,True,2021-06-14,True,False,0.0,
Malaysia,2021,25,1,0.0,49.0,0.0,,False,False,True,True,2021-06-21,True,False,0.0,
Malaysia,2021,26,1,0.0,56.0,0.0,,False,False,True,True,2021-06-28,True,False,0.0,
Malaysia,2021,27,1,1.0,52.0,0.0,,False,False,True,True,2021-07-05,True,False,0.019230769230769232,
Malaysia,2021,28,1,0.0,46.0,0.0,,False,False,True,True,2021-07-12,True,False,0.0,
Malaysia,2021,29,1,0.0,54.0,0.0,,False,False,True,True,2021-07-19,True,False,0.0,
Malaysia,2021,30,1,0.0,57.0,0.0,,False,False,True,True,2021-07-26,True,False,0.0,
Malaysia,2021,31,1,0.0,44.0,0.0,,False,False,True,True,2021-08-02,True,False,0.0,
Malaysia,2021,32,1,0.0,53.0,0.0,,False,False,True,True,2021-08-09,True,False,0.0,
Malaysia,2021,33,1,0.0,42.0,0.0,,False,False,True,True,2021-08-16,True,False,0.0,
Malaysia,2021,34,1,0.0,44.0,0.0,,False,False,True,True,2021-08-23,True,False,0.0,
Malaysia,2021,35,1,0.0,48.0,0.0,,False,False,True,True,2021-08-30,True,False,0.0,
Malaysia,2021,36,1,0.0,49.0,0.0,,False,False,True,True,2021-09-06,True,False,0.0,
Malaysia,2021,37,1,0.0,45.0,0.0,,False,False,True,True,2021-09-13,True,False,0.0,
Malaysia,2021,38,1,0.0,55.0,0.0,,False,False,True,True,2021-09-20,True,False,0.0,
Malaysia,2021,39,1,0.0,47.0,0.0,,False,False,True,True,2021-09-27,True,False,0.0,
Malaysia,2021,40,1,1.0,58.0,0.0,,False,False,True,True,2021-10-04,True,False,0.017241379310344827,
Malaysia,2021,41,1,1.0,60.0,0.0,,False,False,True,True,2021-10-11,True,False,0.016666666666666666,
Malaysia,2021,42,1,0.0,46.0,0.0,,False,False,True,True,2021-10-18,True,False,0.0,
Malaysia,2021,43,1,2.0,55.0,0.0,,False,False,True,True,2021-10-25,True,False,0.03636363636363636,
Malaysia,2021,44,1,0.0,111.0,0.0,,False,False,True,True,2021-11-01,True,False,0.0,
Malaysia,2021,45,1,4.0,207.0,0.0,,False,False,True,True,2021-11-08,True,False,0.01932367149758454,
Malaysia,2021,46,1,14.0,256.0,0.0,,False,False,True,True,2021-11-15,True,False,0.0546875,
Malaysia,2021,47,1,39.0,363.0,0.0,,False,False,True,True,2021-11-22,True,False,0.10743801652892562,
Malaysia,2021,48,1,37.0,437.0,2.0,,False,False,True,True,2021-11-29,True,False,0.08466819221967964,
Malaysia,2021,49,1,64.0,500.0,2.0,,False,False,True,True,2021-12-06,True,False,0.128,
Malaysia,2021,50,1,31.0,479.0,5.0,,False,False,True,True,2021-12-13,True,False,0.06471816283924843,
Malaysia,2021,51,1,46.0,598.0,4.0,,False,False,True,True,2021-12-20,True,False,0.07692307692307693,
Malaysia,2021,52,1,46.0,549.0,1.0,,False,False,True,True,2021-12-27,True,False,0.08378870673952642,
Malaysia,2022,1,2,80.0,643.0,4.0,,False,False,True,True,2022-01-03,True,False,0.12441679626749612,
Malaysia,2022,2,2,60.0,682.0,10.0,,False,False,True,True,2022-01-10,True,False,0.08797653958944282,
Malaysia,2022,3,2,76.0,641.0,13.0,,False,False,True,True,2022-01-17,True,False,0.11856474258970359,
Malaysia,2022,4,2,43.0,659.0,13.0,,False,False,True,True,2022-01-24,True,False,0.06525037936267071,
Malaysia,2022,5,2,15.0,525.0,9.0,,False,False,True,True,2022-01-31,True,False,0.02857142857142857,
Malaysia,2022,6,2,13.0,657.0,8.0,,False,False,True,True,2022-02-07,True,False,0.0197869101978691,
Malaysia,2022,7,2,39.0,696.0,10.0,,False,False,True,True,2022-02-14,True,False,0.05603448275862069,
Malaysia,2022,8,2,11.0,664.0,8.0,,False,False,True,True,2022-02-21,True,False,0.016566265060240965,
Malaysia,2022,9,2,8.0,620.0,9.0,,False,False,True,True,2022-02-28,True,False,0.012903225806451613,
Malaysia,2022,10,2,11.0,624.0,7.0,,False,False,True,True,2022-03-07,True,False,0.017628205128205128,
Malaysia,2022,11,2,9.0,653.0,8.0,,False,False,True,True,2022-03-14,True,False,0.013782542113323124,
Malaysia,2022,12,2,13.0,653.0,11.0,,False,False,True,True,2022-03-21,True,False,0.019908116385911178,
Malaysia,2022,13,2,7.0,584.0,11.0,,False,False,True,True,2022-03-28,True,False,0.011986301369863013,
Malaysia,2022,14,2,12.0,674.0,6.0,,False,False,True,True,2022-04-04,True,False,0.017804154302670624,
Malaysia,2022,15,2,13.0,699.0,9.0,,False,False,True,True,2022-04-11,True,False,0.01859799713876967,
Malaysia,2022,16,2,18.0,646.0,13.0,,False,False,True,True,2022-04-18,True,False,0.02786377708978328,
Malaysia,2022,17,2,15.0,654.0,11.0,,False,False,True,True,2022-04-25,True,False,0.022935779816513763,
Malaysia,2022,18,2,5.0,241.0,14.0,,False,False,True,True,2022-05-02,True,False,0.02074688796680498,
Malaysia,2022,19,2,24.0,653.0,14.0,,False,False,True,True,2022-05-09,True,False,0.036753445635528334,
Malaysia,2022,20,2,35.0,677.0,18.0,,False,False,True,True,2022-05-16,True,False,0.051698670605613,
Malaysia,2022,21,2,40.0,699.0,24.0,,False,False,True,True,2022-05-23,True,False,0.05722460658082976,
Malaysia,2022,22,2,67.0,594.0,21.0,,False,False,True,True,2022-05-30,True,False,0.1127946127946128,
Malaysia,2022,23,2,62.0,638.0,26.0,,False,False,True,True,2022-06-06,True,False,0.09717868338557993,
Malaysia,2022,24,2,120.0,748.0,20.0,,False,False,True,True,2022-06-13,True,False,0.16042780748663102,
Malaysia,2022,25,2,211.0,704.0,21.0,,False,False,True,True,2022-06-20,True,False,0.2997159090909091,
Malaysia,2022,26,2,209.0,710.0,17.0,,False,False,True,True,2022-06-27,True,False,0.2943661971830986,
Malaysia,2022,27,2,248.0,785.0,22.0,,False,False,True,True,2022-07-04,True,False,0.3159235668789809,
Malaysia,2022,28,2,231.0,749.0,11.0,,False,False,True,True,2022-07-11,True,False,0.308411214953271,
Malaysia,2022,29,2,310.0,898.0,13.0,,False,False,True,True,2022-07-18,True,False,0.34521158129175944,
Malaysia,2022,30,2,281.0,875.0,13.0,,False,False,True,True,2022-07-25,True,False,0.3211428571428571,
Malaysia,2022,31,2,231.0,907.0,10.0,,False,False,True,True,2022-08-01,True,False,0.25468577728776187,
Malaysia,2022,32,2,220.0,914.0,5.0,,False,False,True,True,2022-08-08,True,False,0.24070021881838075,
Malaysia,2022,33,2,207.0,894.0,14.0,,False,False,True,True,2022-08-15,True,False,0.23154362416107382,
Malaysia,2022,34,2,149.0,900.0,9.0,,False,False,True,True,2022-08-22,True,False,0.16555555555555557,
Malaysia,2022,35,2,122.0,809.0,6.0,,False,False,True,True,2022-08-29,True,False,0.1508034610630408,
Malaysia,2022,36,2,117.0,894.0,4.0,,False,False,True,True,2022-09-05,True,False,0.13087248322147652,
Malaysia,2022,37,2,83.0,874.0,5.0,,False,False,True,True,2022-09-12,True,False,0.09496567505720824,
Malaysia,2022,38,2,84.0,865.0,4.0,,False,False,True,True,2022-09-19,True,False,0.09710982658959537,
Malaysia,2022,39,2,71.0,894.0,3.0,,False,False,True,True,2022-09-26,True,False,0.07941834451901567,
Malaysia,2022,40,2,58.0,860.0,2.0,,False,False,True,True,2022-10-03,True,False,0.06744186046511629,
Malaysia,2022,41,2,44.0,835.0,15.0,,False,False,True,True,2022-10-10,True,False,0.05269461077844311,
Malaysia,2022,42,2,51.0,871.0,7.0,,False,False,True,True,2022-10-17,True,False,0.05855338691159587,
Malaysia,2022,43,2,60.0,844.0,5.0,,False,False,True,True,2022-10-24,True,False,0.07109004739336493,
Malaysia,2022,44,2,71.0,901.0,9.0,,False,False,True,True,2022-10-31,True,False,0.07880133185349611,
Malaysia,2022,45,2,105.0,959.0,9.0,,False,False,True,True,2022-11-07,True,False,0.10948905109489052,
Malaysia,2022,46,2,137.0,925.0,13.0,,False,False,True,True,2022-11-14,True,False,0.14810810810810812,
Malaysia,2022,47,2,124.0,942.0,12.0,,False,False,True,True,2022-11-21,True,False,0.1316348195329087,
Malaysia,2022,48,2,146.0,892.0,8.0,,False,False,True,True,2022-11-28,True,False,0.16367713004484305,
Malaysia,2022,49,2,187.0,934.0,14.0,,False,False,True,True,2022-12-05,True,False,0.20021413276231265,
Malaysia,2022,50,2,189.0,913.0,16.0,,False,False,True,True,2022-12-12,True,False,0.20700985761226726,
Malaysia,2022,51,2,194.0,889.0,14.0,,False,False,True,True,2022-12-19,True,False,0.21822272215973004,
Malaysia,2022,52,2,215.0,850.0,15.0,,False,False,True,True,2022-12-26,True,False,0.2529411764705882,
Malaysia,2023,1,2,287.0,964.0,9.0,,False,False,True,True,2023-01-02,True,False,0.29771784232365145,
Malaysia,2023,2,2,267.0,958.0,15.0,,False,False,True,True,2023-01-09,True,False,0.278705636743215,
Malaysia,2023,3,2,313.0,930.0,18.0,,False,False,True,True,2023-01-16,True,False,0.3365591397849462,
Malaysia,2023,4,2,220.0,872.0,23.0,,False,False,True,True,2023-01-23,True,False,0.25229357798165136,
Malaysia,2023,5,2,253.0,966.0,26.0,,False,False,True,True,2023-01-30,True,False,0.2619047619047619,
Malaysia,2023,6,2,271.0,1023.0,23.0,,False,False,True,True,2023-02-06,True,False,0.2649071358748778,
Malaysia,2023,7,2,220.0,975.0,18.0,,False,False,True,True,2023-02-13,True,False,0.22564102564102564,
Malaysia,2023,8,2,239.0,1053.0,26.0,,False,False,True,True,2023-02-20,True,False,0.22697056030389365,
Malaysia,2023,9,2,151.0,910.0,17.0,,False,False,True,True,2023-02-27,True,False,0.16593406593406593,
Malaysia,2023,10,2,141.0,928.0,22.0,,False,False,True,True,2023-03-06,True,False,0.15193965517241378,
Malaysia,2023,11,2,154.0,944.0,10.0,,False,False,True,True,2023-03-13,True,False,0.163135593220339,
Malaysia,2023,12,2,136.0,918.0,14.0,,False,False,True,True,2023-03-20,True,False,0.14814814814814814,
Malaysia,2023,13,2,137.0,968.0,16.0,,False,False,True,True,2023-03-27,True,False,0.1415289256198347,
Malaysia,2023,14,2,123.0,956.0,17.0,,False,False,True,True,2023-04-03,True,False,0.12866108786610878,
Malaysia,2023,15,2,99.0,940.0,17.0,,False,False,True,True,2023-04-10,True,False,0.10531914893617021,
Malaysia,2023,16,2,82.0,914.0,11.0,,False,False,True,True,2023-04-17,True,False,0.08971553610503283,
Malaysia,2023,17,2,81.0,760.0,15.0,,False,False,True,True,2023-04-24,True,False,0.10657894736842105,
Malaysia,2023,18,2,79.0,895.0,14.0,,False,False,True,True,2023-05-01,True,False,0.08826815642458101,
Malaysia,2023,19,2,85.0,1015.0,14.0,,False,False,True,True,2023-05-08,True,False,0.08374384236453201,
Malaysia,2023,20,2,100.0,1055.0,14.0,,False,False,True,True,2023-05-15,True,False,0.0947867298578199,
Malaysia,2023,21,2,119.0,1068.0,15.0,,False,False,True,True,2023-05-22,True,False,0.11142322097378277,
Malaysia,2023,22,2,124.0,960.0,29.0,,False,False,True,True,2023-05-29,True,False,0.12916666666666668,
Malaysia,2023,23,2,131.0,1070.0,19.0,,False,False,True,True,2023-06-05,True,False,0.12242990654205607,
Malaysia,2023,24,2,119.0,1114.0,14.0,,False,False,True,True,2023-06-12,True,False,0.10682226211849193,
Malaysia,2023,25,2,170.0,1072.0,11.0,,False,False,True,True,2023-06-19,True,False,0.15858208955223882,
Malaysia,2023,26,2,153.0,985.0,8.0,,False,False,True,True,2023-06-26,True,False,0.15532994923857868,
Malaysia,2023,27,2,175.0,1069.0,13.0,,False,False,True,True,2023-07-03,True,False,0.1637043966323667,
Malaysia,2023,28,2,180.0,1119.0,14.0,,False,False,True,True,2023-07-10,True,False,0.16085790884718498,
Malaysia,2023,29,2,212.0,1088.0,6.0,,False,False,True,True,2023-07-17,True,False,0.1948529411764706,
Malaysia,2023,30,2,219.0,1197.0,22.0,,False,False,True,True,2023-07-24,True,False,0.18295739348370926,
Malaysia,2023,31,2,224.0,1191.0,11.0,,False,False,True,True,2023-07-31,True,False,0.18807724601175482,
Malaysia,2023,32,2,232.0,1100.0,20.0,,False,False,True,True,2023-08-07,True,False,0.2109090909090909,
Malaysia,2023,33,2,239.0,1189.0,10.0,,False,False,True,True,2023-08-14,True,False,0.20100925147182505,
Malaysia,2023,34,2,257.0,1165.0,9.0,,False,False,True,True,2023-08-21,True,False,0.2206008583690987,
Malaysia,2023,35,2,191.0,1125.0,14.0,,False,False,True,True,2023-08-28,True,False,0.16977777777777778,
Malaysia,2023,36,2,195.0,1190.0,7.0,,False,False,True,True,2023-09-04,True,False,0.1638655462184874,
Malaysia,2023,37,2,176.0,1013.0,10.0,,False,False,True,True,2023-09-11,True,False,0.17374136229022705,
Malaysia,2023,38,2,199.0,1058.0,13.0,,False,False,True,True,2023-09-18,True,False,0.1880907372400756,
Malaysia,2023,39,2,156.0,1020.0,11.0,,False,False,True,True,2023-09-25,True,False,0.15294117647058825,
Malaysia,2023,40,2,139.0,1078.0,9.0,,False,False,True,True,2023-10-02,True,False,0.12894248608534323,
Malaysia,2023,41,2,132.0,1071.0,11.0,,False,False,True,True,2023-10-09,True,False,0.12324929971988796,
Malaysia,2023,42,2,112.0,1027.0,9.0,,False,False,True,True,2023-10-16,True,False,0.10905550146056475,
Malaysia,2023,43,2,109.0,1060.0,7.0,,False,False,True,True,2023-10-23,True,False,0.10283018867924529,
Malaysia,2023,44,2,111.0,1060.0,11.0,,False,False,True,True,2023-10-30,True,False,0.10471698113207548,
Malaysia,2023,45,2,109.0,1040.0,8.0,,False,False,True,True,2023-11-06,True,False,0.10480769230769231,
Malaysia,2023,46,2,104.0,1039.0,10.0,,False,False,True,True,2023-11-13,True,False,0.10009624639076034,
Malaysia,2023,47,2,100.0,957.0,5.0,,False,False,True,True,2023-11-20,True,False,0.1044932079414838,
Malaysia,2023,48,2,103.0,935.0,2.0,,False,False,True,True,2023-11-27,True,False,0.11016042780748662,
Malaysia,2023,49,2,115.0,957.0,3.0,,False,False,True,True,2023-12-04,True,False,0.12016718913270637,
Malaysia,2023,50,2,114.0,944.0,4.0,,False,False,True,True,2023-12-11,True,False,0.12076271186440678,
Malaysia,2023,51,2,86.0,932.0,3.0,,False,False,True,True,2023-12-18,True,False,0.09227467811158799,
Malaysia,2023,52,2,61.0,882.0,2.0,,False,False,True,True,2023-12-25,True,False,0.0691609977324263,
Malaysia,2024,1,2,65.0,932.0,6.0,,False,False,True,True,2024-01-01,True,False,0.06974248927038626,
Malaysia,2024,2,2,86.0,959.0,4.0,,False,False,True,True,2024-01-08,True,False,0.08967674661105318,
Malaysia,2024,3,2,110.0,951.0,8.0,,False,False,True,True,2024-01-15,True,False,0.1156677181913775,
Malaysia,2024,4,2,96.0,948.0,9.0,,False,False,True,True,2024-01-22,True,False,0.10126582278481013,
Malaysia,2024,5,2,118.0,967.0,6.0,,False,False,True,True,2024-01-29,True,False,0.12202688728024819,
Malaysia,2024,6,2,104.0,932.0,6.0,,False,False,True,True,2024-02-05,True,False,0.11158798283261803,
Malaysia,2024,7,2,125.0,898.0,2.0,,False,False,True,True,2024-02-12,True,False,0.13919821826280623,
Malaysia,2024,8,2,98.0,964.0,7.0,,False,False,True,True,2024-02-19,True,False,0.1016597510373444,
Malaysia,2024,9,2,104.0,979.0,6.0,,False,False,True,True,2024-02-26,True,False,0.1062308478038815,
Malaysia,2024,10,2,108.0,956.0,6.0,,False,False,True,True,2024-03-04,True,False,0.11297071129707113,
Malaysia,2024,11,2,117.0,948.0,3.0,,False,False,True,True,2024-03-11,True,False,0.12341772151898735,
Malaysia,2024,12,2,130.0,1003.0,4.0,,False,False,True,True,2024-03-18,True,False,0.1296111665004985,
Malaysia,2024,13,2,92.0,952.0,7.0,,False,False,True,True,2024-03-25,True,False,0.09663865546218488,
Malaysia,2024,14,2,70.0,994.0,3.0,,False,False,True,True,2024-04-01,True,False,0.07042253521126761,
Malaysia,2024,15,2,41.0,660.0,5.0,,False,False,True,True,2024-04-08,True,False,0.06212121212121212,
Malaysia,2024,16,2,107.0,993.0,0.0,,False,False,True,True,2024-04-15,True,False,0.10775427995971802,
Malaysia,2024,17,2,119.0,966.0,5.0,,False,False,True,True,2024-04-22,True,False,0.12318840579710146,
Malaysia,2024,18,2,113.0,984.0,6.0,,False,False,True,True,2024-04-29,True,False,0.11483739837398374,
Malaysia,2024,19,2,147.0,1013.0,8.0,,False,False,True,True,2024-05-06,True,False,0.14511352418558737,
Malaysia,2024,20,2,153.0,1020.0,7.0,,False,False,True,True,2024-05-13,True,False,0.15,
Malaysia,2024,21,2,176.0,950.0,5.0,,False,False,True,True,2024-05-20,True,False,0.18526315789473685,
Malaysia,2024,22,2,200.0,944.0,7.0,,False,False,True,True,2024-05-27,True,False,0.211864406779661,
Malaysia,2024,23,2,182.0,958.0,8.0,,False,False,True,True,2024-06-03,True,False,0.18997912317327767,
Malaysia,2024,24,2,186.0,978.0,10.0,,False,False,True,True,2024-06-10,True,False,0.1901840490797546,
Malaysia,2024,25,2,171.0,910.0,9.0,,False,False,True,True,2024-06-17,True,False,0.1879120879120879,
Malaysia,2024,26,2,182.0,1008.0,10.0,,False,False,True,True,2024-06-24,True,False,0.18055555555555555,
Malaysia,2024,27,2,242.0,1038.0,14.0,,False,False,True,True,2024-07-01,True,False,0.23314065510597304,
Malaysia,2024,28,2,192.0,989.0,9.0,,False,False,True,True,2024-07-08,True,False,0.19413549039433772,
Malaysia,2024,29,2,234.0,1042.0,13.0,,False,False,True,True,2024-07-15,True,False,0.22456813819577734,
Malaysia,2024,30,2,241.0,971.0,7.0,,False,False,True,True,2024-07-22,True,False,0.2481977342945417,
Malaysia,2024,31,2,219.0,924.0,4.0,,False,False,True,True,2024-07-29,True,False,0.237012987012987,
Malaysia,2024,32,2,176.0,922.0,1.0,,False,False,True,True,2024-08-05,True,False,0.19088937093275488,
Malaysia,2024,33,2,207.0,978.0,11.0,,False,False,True,True,2024-08-12,True,False,0.2116564417177914,
Malaysia,2024,34,2,201.0,985.0,6.0,,False,False,True,True,2024-08-19,True,False,0.20406091370558377,
Malaysia,2024,35,2,193.0,996.0,13.0,,False,False,True,True,2024-08-26,True,False,0.19377510040160642,
Malaysia,2024,36,2,209.0,996.0,8.0,,False,False,True,True,2024-09-02,True,False,0.20983935742971888,
Malaysia,2024,37,2,199.0,973.0,17.0,,False,False,True,True,2024-09-09,True,False,0.20452209660842754,
Malaysia,2024,38,2,206.0,967.0,18.0,,False,False,True,True,2024-09-16,True,False,0.21302998965873837,
Malaysia,2024,39,2,196.0,1016.0,20.0,,False,False,True,True,2024-09-23,True,False,0.19291338582677164,
Malaysia,2024,40,2,161.0,974.0,12.0,,False,False,True,True,2024-09-30,True,False,0.16529774127310062,
Malaysia,2024,41,1,172.0,930.0,6.0,,False,False,True,True,2024-10-07,True,False,0.18494623655913978,
Malaysia,2024,42,1,171.0,928.0,6.0,,False,False,True,True,2024-10-14,True,False,0.18426724137931033,
Malaysia,2024,43,1,168.0,931.0,7.0,,False,False,True,True,2024-10-21,True,False,0.18045112781954886,
Malaysia,2024,44,1,126.0,889.0,7.0,,False,False,True,True,2024-10-28,True,False,0.14173228346456693,
Malaysia,2024,45,1,157.0,950.0,12.0,,False,False,True,True,2024-11-04,True,False,0.16526315789473683,
Malaysia,2024,46,1,124.0,931.0,0.0,,False,False,True,True,2024-11-11,True,False,0.13319011815252416,
Malaysia,2024,47,1,134.0,935.0,2.0,,False,False,True,True,2024-11-18,True,False,0.14331550802139037,
Malaysia,2024,48,1,161.0,905.0,5.0,,False,False,True,True,2024-11-25,True,False,0.17790055248618786,
Malaysia,2024,49,1,158.0,902.0,4.0,,False,False,True,True,2024-12-02,True,False,0.17516629711751663,
Malaysia,2024,50,1,165.0,932.0,3.0,,False,False,True,True,2024-12-09,True,False,0.17703862660944206,
Malaysia,2024,51,1,159.0,922.0,2.0,,False,False,True,True,2024-12-16,True,False,0.17245119305856832,
Malaysia,2024,52,1,127.0,848.0,1.0,,False,False,True,True,2024-12-23,True,False,0.14976415094339623,
Malaysia,2025,1,1,149.0,886.0,,3.0,False,False,True,True,2024-12-30,True,False,0.16817155756207675,
Malaysia,2025,2,1,166.0,940.0,,1.0,False,False,True,True,2025-01-06,True,False,0.17659574468085107,
Malaysia,2025,3,1,150.0,932.0,,1.0,False,False,True,True,2025-01-13,True,False,0.1609442060085837,
Malaysia,2025,4,1,136.0,903.0,,1.0,False,False,True,True,2025-01-20,True,False,0.150609080841639,
Malaysia,2025,5,1,123.0,749.0,,,False,False,True,True,2025-01-27,True,False,0.16421895861148197,
Malaysia,2025,6,2,124.0,916.0,0.0,1.0,False,False,True,True,2025-02-03,True,True,0.13537117903930132,0.0
Malaysia,2025,7,2,121.0,926.0,4.0,1.0,False,False,True,True,2025-02-10,True,False,0.1306695464362851,
Malaysia,2025,8,2,108.0,966.0,0.0,1.0,False,False,True,True,2025-02-17,True,True,0.11180124223602485,0.0
Malaysia,2025,9,2,131.0,951.0,1.0,,False,False,True,True,2025-02-24,True,False,0.1377497371188223,
Malaysia,2025,10,2,99.0,961.0,1.0,1.0,False,False,True,True,2025-03-03,True,True,0.10301768990634755,1.0
Malaysia,2025,11,2,92.0,975.0,0.0,,False,False,True,True,2025-03-10,True,False,0.09435897435897436,
Malaysia,2025,12,2,70.0,998.0,0.0,1.0,False,False,True,True,2025-03-17,True,True,0.07014028056112225,0.0
Malaysia,2025,13,2,70.0,929.0,3.0,1.0,False,False,True,True,2025-03-24,True,False,0.07534983853606028,
Malaysia,2025,14,2,35.0,697.0,0.0,,False,False,True,True,2025-03-31,True,False,0.05021520803443329,
Malaysia,2025,15,2,83.0,1004.0,0.0,2.0,False,False,True,True,2025-04-07,True,True,0.08266932270916334,0.0
Malaysia,2025,16,2,83.0,983.0,1.0,,False,False,True,True,2025-04-14,True,False,0.0844354018311292,
Malaysia,2025,17,2,83.0,1007.0,3.0,3.0,False,False,True,True,2025-04-21,True,True,0.08242303872889771,1.0
Malaysia,2025,18,2,93.0,984.0,1.0,1.0,False,False,True,True,2025-04-28,True,True,0.09451219512195122,1.0
Malaysia,2025,19,2,97.0,1004.0,4.0,,False,False,True,True,2025-05-05,True,False,0.09661354581673307,
Malaysia,2025,20,2,103.0,979.0,0.0,1.0,False,False,True,True,2025-05-12,True,True,0.10520939734422881,0.0
Malaysia,2025,21,2,101.0,1023.0,6.0,1.0,False,False,True,True,2025-05-19,True,False,0.09872922776148582,
Malaysia,2025,22,2,99.0,993.0,3.0,1.0,False,False,True,True,2025-05-26,True,False,0.09969788519637462,
Malaysia,2025,23,2,86.0,947.0,0.0,2.0,False,False,True,True,2025-06-02,True,True,0.0908130939809926,0.0
Malaysia,2025,24,2,56.0,1001.0,0.0,3.0,False,False,True,True,2025-06-09,True,True,0.055944055944055944,0.0
Malaysia,2025,25,2,74.0,1027.0,0.0,,False,False,True,True,2025-06-16,True,False,0.07205452775073028,
Malaysia,2025,26,2,65.0,977.0,1.0,1.0,False,False,True,True,2025-06-23,True,True,0.06653019447287616,1.0
Malaysia,2025,27,2,52.0,1008.0,3.0,2.0,False,False,True,True,2025-06-30,True,False,0.051587301587301584,
Malaysia,2025,28,2,55.0,997.0,2.0,5.0,False,False,True,True,2025-07-07,True,True,0.055165496489468405,0.4
Malaysia,2025,29,2,62.0,984.0,2.0,4.0,False,False,True,True,2025-07-14,True,True,0.06300813008130081,0.5
Malaysia,2025,30,2,53.0,974.0,3.0,2.0,False,False,True,True,2025-07-21,True,False,0.054414784394250515,
Malaysia,2025,31,2,55.0,1008.0,2.0,3.0,False,False,True,True,2025-07-28,True,True,0.054563492063492064,0.6666666666666666
Malaysia,2025,32,2,77.0,981.0,3.0,9.0,False,False,True,True,2025-08-04,True,True,0.07849133537206932,0.3333333333333333
Malaysia,2025,33,2,67.0,1032.0,8.0,7.0,False,False,True,True,2025-08-11,True,False,0.06492248062015504,
Malaysia,2025,34,2,87.0,1033.0,3.0,6.0,False,False,True,True,2025-08-18,True,True,0.08422071636011616,0.5
Malaysia,2025,35,2,84.0,1011.0,6.0,4.0,False,False,True,True,2025-08-25,True,False,0.0830860534124629,
Malaysia,2025,36,2,109.0,906.0,2.0,7.0,False,False,True,True,2025-09-01,True,True,0.12030905077262694,0.2857142857142857
Malaysia,2025,37,2,132.0,1003.0,6.0,4.0,False,False,True,True,2025-09-08,True,False,0.13160518444666003,
Malaysia,2025,38,2,140.0,850.0,0.0,4.0,False,False,True,True,2025-09-15,True,True,0.16470588235294117,0.0
Malaysia,2025,39,2,228.0,1038.0,4.0,6.0,False,False,True,True,2025-09-22,True,True,0.21965317919075145,0.6666666666666666
Malaysia,2025,40,2,275.0,998.0,6.0,7.0,False,False,True,True,2025-09-29,True,True,0.2755511022044088,0.8571428571428571
Malaysia,2025,41,2,378.0,1041.0,5.0,7.0,False,False,True,True,2025-10-06,True,True,0.3631123919308357,0.7142857142857143
Malaysia,2025,42,2,433.0,1059.0,4.0,2.0,False,False,True,True,2025-10-13,True,False,0.408876298394712,
Malaysia,2025,43,2,386.0,978.0,6.0,5.0,False,False,True,True,2025-10-20,True,False,0.3946830265848671,
Malaysia,2025,44,2,337.0,1039.0,2.0,9.0,False,False,True,True,2025-10-27,True,True,0.32435033686236764,0.2222222222222222
Malaysia,2025,45,2,314.0,911.0,0.0,4.0,False,False,True,True,2025-11-03,True,True,0.3446761800219539,0.0
Malaysia,2025,46,2,237.0,964.0,1.0,7.0,False,False,True,True,2025-11-10,True,True,0.245850622406639,0.14285714285714285
Malaysia,2025,47,2,196.0,919.0,1.0,8.0,False,False,True,True,2025-11-17,True,True,0.2132752992383025,0.125
Malaysia,2025,48,2,183.0,925.0,,7.0,False,False,True,True,2025-11-24,True,False,0.19783783783783784,
Malaysia,2025,49,2,150.0,942.0,,7.0,False,False,True,True,2025-12-01,True,False,0.1592356687898089,
Malaysia,2025,50,2,125.0,945.0,,6.0,False,False,True,True,2025-12-08,True,False,0.13227513227513227,
Malaysia,2025,51,2,91.0,947.0,,17.0,False,False,True,True,2025-12-15,True,False,0.09609292502639916,
Malaysia,2025,52,2,45.0,846.0,,5.0,False,False,True,True,2025-12-22,True,False,0.05319148936170213,
Myanmar,2016,1,1,0.0,4.0,,,False,False,True,False,2016-01-04,True,False,0.0,
Myanmar,2016,2,1,0.0,1.0,,,False,False,True,False,2016-01-11,True,False,0.0,
Myanmar,2016,3,1,0.0,2.0,,,False,False,True,False,2016-01-18,True,False,0.0,
Myanmar,2016,4,1,6.0,13.0,,,False,False,True,False,2016-01-25,True,False,0.46153846153846156,
Myanmar,2016,5,1,0.0,8.0,,,False,False,True,False,2016-02-01,True,False,0.0,
Myanmar,2016,6,1,0.0,7.0,,,False,False,True,False,2016-02-08,True,False,0.0,
Myanmar,2016,7,1,0.0,4.0,,,False,False,True,False,2016-02-15,True,False,0.0,
Myanmar,2016,8,1,0.0,3.0,,,False,False,True,False,2016-02-22,True,False,0.0,
Myanmar,2016,9,1,0.0,4.0,,,False,False,True,False,2016-02-29,True,False,0.0,
Myanmar,2016,10,1,0.0,2.0,,,False,False,True,False,2016-03-07,True,False,0.0,
Myanmar,2016,11,1,0.0,3.0,,,False,False,True,False,2016-03-14,True,False,0.0,
Myanmar,2016,12,1,0.0,0.0,,,False,False,True,False,2016-03-21,False,False,,
Myanmar,2016,13,1,0.0,1.0,,,False,False,True,False,2016-03-28,True,False,0.0,
Myanmar,2016,14,1,0.0,1.0,,,False,False,True,False,2016-04-04,True,False,0.0,
Myanmar,2016,15,1,0.0,0.0,,,False,False,True,False,2016-04-11,False,False,,
Myanmar,2016,16,1,0.0,0.0,,,False,False,True,False,2016-04-18,False,False,,
Myanmar,2016,17,1,0.0,0.0,,,False,False,True,False,2016-04-25,False,False,,
Myanmar,2016,18,1,1.0,3.0,,,False,False,True,False,2016-05-02,True,False,0.3333333333333333,
Myanmar,2016,19,1,0.0,1.0,,,False,False,True,False,2016-05-09,True,False,0.0,
Myanmar,2016,20,1,0.0,1.0,,,False,False,True,False,2016-05-16,True,False,0.0,
Myanmar,2016,21,1,0.0,0.0,,,False,False,True,False,2016-05-23,False,False,,
Myanmar,2016,22,1,0.0,0.0,,,False,False,True,False,2016-05-30,False,False,,
Myanmar,2016,23,1,1.0,11.0,,,False,False,True,False,2016-06-06,True,False,0.09090909090909091,
Myanmar,2016,24,1,5.0,6.0,,,False,False,True,False,2016-06-13,True,False,0.8333333333333334,
Myanmar,2016,25,1,23.0,29.0,,,False,False,True,False,2016-06-20,True,False,0.7931034482758621,
Myanmar,2016,26,1,39.0,41.0,,,False,False,True,False,2016-06-27,True,False,0.9512195121951219,
Myanmar,2016,27,1,34.0,47.0,,,False,False,True,False,2016-07-04,True,False,0.723404255319149,
Myanmar,2016,28,1,54.0,58.0,,,False,False,True,False,2016-07-11,True,False,0.9310344827586207,
Myanmar,2016,29,1,34.0,53.0,,,False,False,True,False,2016-07-18,True,False,0.6415094339622641,
Myanmar,2016,30,1,33.0,44.0,,,False,False,True,False,2016-07-25,True,False,0.75,
Myanmar,2016,31,1,35.0,62.0,,,False,False,True,False,2016-08-01,True,False,0.5645161290322581,
Myanmar,2016,32,1,52.0,107.0,,,False,False,True,False,2016-08-08,True,False,0.48598130841121495,
Myanmar,2016,33,1,24.0,56.0,,,False,False,True,False,2016-08-15,True,False,0.42857142857142855,
Myanmar,2016,34,1,23.0,44.0,,,False,False,True,False,2016-08-22,True,False,0.5227272727272727,
Myanmar,2016,35,1,13.0,31.0,,,False,False,True,False,2016-08-29,True,False,0.41935483870967744,
Myanmar,2016,36,1,6.0,16.0,,,False,False,True,False,2016-09-05,True,False,0.375,
Myanmar,2016,37,1,7.0,23.0,,,False,False,True,False,2016-09-12,True,False,0.30434782608695654,
Myanmar,2016,38,1,4.0,14.0,,,False,False,True,False,2016-09-19,True,False,0.2857142857142857,
Myanmar,2016,39,1,1.0,3.0,,,False,False,True,False,2016-09-26,True,False,0.3333333333333333,
Myanmar,2016,40,1,3.0,12.0,,,False,False,True,False,2016-10-03,True,False,0.25,
Myanmar,2016,41,1,0.0,0.0,,,False,False,True,False,2016-10-10,False,False,,
Myanmar,2016,42,1,0.0,0.0,,,False,False,True,False,2016-10-17,False,False,,
Myanmar,2016,43,1,0.0,0.0,,,False,False,True,False,2016-10-24,False,False,,
Myanmar,2016,44,1,0.0,5.0,,,False,False,True,False,2016-10-31,True,False,0.0,
Myanmar,2016,45,1,0.0,0.0,,,False,False,True,False,2016-11-07,False,False,,
Myanmar,2016,46,1,1.0,1.0,,,False,False,True,False,2016-11-14,True,False,1.0,
Myanmar,2016,47,1,0.0,0.0,,,False,False,True,False,2016-11-21,False,False,,
Myanmar,2016,48,1,1.0,1.0,,,False,False,True,False,2016-11-28,True,False,1.0,
Myanmar,2016,49,1,0.0,0.0,,,False,False,True,False,2016-12-05,False,False,,
Myanmar,2016,50,1,0.0,3.0,,,False,False,True,False,2016-12-12,True,False,0.0,
Myanmar,2016,51,1,0.0,0.0,,,False,False,True,False,2016-12-19,False,False,,
Myanmar,2016,52,1,0.0,0.0,,,False,False,True,False,2016-12-26,False,False,,
Myanmar,2017,1,1,1.0,1.0,,,False,False,True,False,2017-01-02,True,False,1.0,
Myanmar,2017,2,1,0.0,0.0,,,False,False,True,False,2017-01-09,False,False,,
Myanmar,2017,3,1,1.0,2.0,,,False,False,True,False,2017-01-16,True,False,0.5,
Myanmar,2017,4,1,0.0,0.0,,,False,False,True,False,2017-01-23,False,False,,
Myanmar,2017,5,1,0.0,0.0,,,False,False,True,False,2017-01-30,False,False,,
Myanmar,2017,6,1,0.0,0.0,,,False,False,True,False,2017-02-06,False,False,,
Myanmar,2017,7,1,0.0,0.0,,,False,False,True,False,2017-02-13,False,False,,
Myanmar,2017,8,1,0.0,1.0,,,False,False,True,False,2017-02-20,True,False,0.0,
Myanmar,2017,9,1,0.0,0.0,,,False,False,True,False,2017-02-27,False,False,,
Myanmar,2017,10,1,0.0,0.0,,,False,False,True,False,2017-03-06,False,False,,
Myanmar,2017,11,1,0.0,0.0,,,False,False,True,False,2017-03-13,False,False,,
Myanmar,2017,12,1,0.0,0.0,,,False,False,True,False,2017-03-20,False,False,,
Myanmar,2017,13,1,0.0,0.0,,,False,False,True,False,2017-03-27,False,False,,
Myanmar,2017,14,1,0.0,0.0,,,False,False,True,False,2017-04-03,False,False,,
Myanmar,2017,15,1,0.0,0.0,,,False,False,True,False,2017-04-10,False,False,,
Myanmar,2017,16,1,0.0,0.0,,,False,False,True,False,2017-04-17,False,False,,
Myanmar,2017,17,1,0.0,0.0,,,False,False,True,False,2017-04-24,False,False,,
Myanmar,2017,18,1,0.0,0.0,,,False,False,True,False,2017-05-01,False,False,,
Myanmar,2017,19,1,0.0,0.0,,,False,False,True,False,2017-05-08,False,False,,
Myanmar,2017,20,1,0.0,0.0,,,False,False,True,False,2017-05-15,False,False,,
Myanmar,2017,21,1,0.0,5.0,,,False,False,True,False,2017-05-22,True,False,0.0,
Myanmar,2017,22,1,0.0,0.0,,,False,False,True,False,2017-05-29,False,False,,
Myanmar,2017,23,1,0.0,0.0,,,False,False,True,False,2017-06-05,False,False,,
Myanmar,2017,24,1,1.0,1.0,,,False,False,True,False,2017-06-12,True,False,1.0,
Myanmar,2017,25,1,0.0,0.0,,,False,False,True,False,2017-06-19,False,False,,
Myanmar,2017,26,1,0.0,0.0,,,False,False,True,False,2017-06-26,False,False,,
Myanmar,2017,27,1,0.0,0.0,,,False,False,True,False,2017-07-03,False,False,,
Myanmar,2017,28,1,0.0,0.0,,,False,False,True,False,2017-07-10,False,False,,
Myanmar,2017,29,1,14.0,18.0,,,False,False,True,False,2017-07-17,True,False,0.7777777777777778,
Myanmar,2017,30,1,18.0,24.0,,,False,False,True,False,2017-07-24,True,False,0.75,
Myanmar,2017,31,1,65.0,176.0,,,False,False,True,False,2017-07-31,True,False,0.3693181818181818,
Myanmar,2017,32,1,99.0,196.0,,,False,False,True,False,2017-08-07,True,False,0.5051020408163265,
Myanmar,2017,33,1,97.0,226.0,,,False,False,True,False,2017-08-14,True,False,0.42920353982300885,
Myanmar,2017,34,1,68.0,173.0,,,False,False,True,False,2017-08-21,True,False,0.3930635838150289,
Myanmar,2017,35,1,40.0,111.0,,,False,False,True,False,2017-08-28,True,False,0.36036036036036034,
Myanmar,2017,36,1,18.0,58.0,,,False,False,True,False,2017-09-04,True,False,0.3103448275862069,
Myanmar,2017,37,1,3.0,31.0,,,False,False,True,False,2017-09-11,True,False,0.0967741935483871,
Myanmar,2017,38,1,2.0,18.0,,,False,False,True,False,2017-09-18,True,False,0.1111111111111111,
Myanmar,2017,39,1,1.0,8.0,,,False,False,True,False,2017-09-25,True,False,0.125,
Myanmar,2017,40,1,0.0,8.0,,,False,False,True,False,2017-10-02,True,False,0.0,
Myanmar,2017,41,1,0.0,2.0,,,False,False,True,False,2017-10-09,True,False,0.0,
Myanmar,2017,42,1,0.0,2.0,,,False,False,True,False,2017-10-16,True,False,0.0,
Myanmar,2017,43,1,0.0,0.0,,,False,False,True,False,2017-10-23,False,False,,
Myanmar,2017,44,1,1.0,1.0,,,False,False,True,False,2017-10-30,True,False,1.0,
Myanmar,2017,45,1,0.0,1.0,,,False,False,True,False,2017-11-06,True,False,0.0,
Myanmar,2017,46,1,0.0,1.0,,,False,False,True,False,2017-11-13,True,False,0.0,
Myanmar,2017,47,1,0.0,1.0,,,False,False,True,False,2017-11-20,True,False,0.0,
Myanmar,2017,48,1,2.0,5.0,,,False,False,True,False,2017-11-27,True,False,0.4,
Myanmar,2017,49,1,0.0,1.0,,,False,False,True,False,2017-12-04,True,False,0.0,
Myanmar,2017,50,1,0.0,0.0,,,False,False,True,False,2017-12-11,False,False,,
Myanmar,2017,51,1,0.0,1.0,,,False,False,True,False,2017-12-18,True,False,0.0,
Myanmar,2017,52,1,0.0,0.0,,,False,False,True,False,2017-12-25,False,False,,
Myanmar,2018,1,1,0.0,0.0,,,False,False,True,False,2018-01-01,False,False,,
Myanmar,2018,2,1,0.0,0.0,,,False,False,True,False,2018-01-08,False,False,,
Myanmar,2018,3,1,0.0,1.0,,,False,False,True,False,2018-01-15,True,False,0.0,
Myanmar,2018,4,1,0.0,0.0,,,False,False,True,False,2018-01-22,False,False,,
Myanmar,2018,5,1,0.0,0.0,,,False,False,True,False,2018-01-29,False,False,,
Myanmar,2018,6,1,0.0,0.0,,,False,False,True,False,2018-02-05,False,False,,
Myanmar,2018,7,1,0.0,0.0,,,False,False,True,False,2018-02-12,False,False,,
Myanmar,2018,8,1,0.0,0.0,,,False,False,True,False,2018-02-19,False,False,,
Myanmar,2018,9,1,0.0,0.0,,,False,False,True,False,2018-02-26,False,False,,
Myanmar,2018,10,1,0.0,0.0,,,False,False,True,False,2018-03-05,False,False,,
Myanmar,2018,11,1,1.0,6.0,,,False,False,True,False,2018-03-12,True,False,0.16666666666666666,
Myanmar,2018,12,1,1.0,4.0,,,False,False,True,False,2018-03-19,True,False,0.25,
Myanmar,2018,13,1,0.0,2.0,,,False,False,True,False,2018-03-26,True,False,0.0,
Myanmar,2018,14,1,0.0,6.0,,,False,False,True,False,2018-04-02,True,False,0.0,
Myanmar,2018,15,1,1.0,3.0,,,False,False,True,False,2018-04-09,True,False,0.3333333333333333,
Myanmar,2018,16,1,3.0,9.0,,,False,False,True,False,2018-04-16,True,False,0.3333333333333333,
Myanmar,2018,17,1,0.0,8.0,,,False,False,True,False,2018-04-23,True,False,0.0,
Myanmar,2018,18,1,0.0,4.0,,,False,False,True,False,2018-04-30,True,False,0.0,
Myanmar,2018,19,1,1.0,13.0,,,False,False,True,False,2018-05-07,True,False,0.07692307692307693,
Myanmar,2018,20,1,0.0,3.0,,,False,False,True,False,2018-05-14,True,False,0.0,
Myanmar,2018,21,1,0.0,8.0,,,False,False,True,False,2018-05-21,True,False,0.0,
Myanmar,2018,22,1,0.0,3.0,,,False,False,True,False,2018-05-28,True,False,0.0,
Myanmar,2018,23,1,0.0,7.0,,,False,False,True,False,2018-06-04,True,False,0.0,
Myanmar,2018,24,1,0.0,6.0,,,False,False,True,False,2018-06-11,True,False,0.0,
Myanmar,2018,25,1,0.0,6.0,,,False,False,True,False,2018-06-18,True,False,0.0,
Myanmar,2018,26,1,0.0,11.0,,,False,False,True,False,2018-06-25,True,False,0.0,
Myanmar,2018,27,1,0.0,3.0,,,False,False,True,False,2018-07-02,True,False,0.0,
Myanmar,2018,28,1,0.0,0.0,,,False,False,True,False,2018-07-09,False,False,,
Myanmar,2018,29,1,0.0,3.0,,,False,False,True,False,2018-07-16,True,False,0.0,
Myanmar,2018,30,1,0.0,0.0,,,False,False,True,False,2018-07-23,False,False,,
Myanmar,2018,31,1,0.0,1.0,,,False,False,True,False,2018-07-30,True,False,0.0,
Myanmar,2018,32,1,2.0,10.0,,,False,False,True,False,2018-08-06,True,False,0.2,
Myanmar,2018,33,1,0.0,4.0,,,False,False,True,False,2018-08-13,True,False,0.0,
Myanmar,2018,34,1,1.0,2.0,,,False,False,True,False,2018-08-20,True,False,0.5,
Myanmar,2018,35,1,4.0,11.0,,,False,False,True,False,2018-08-27,True,False,0.36363636363636365,
Myanmar,2018,36,1,8.0,23.0,,,False,False,True,False,2018-09-03,True,False,0.34782608695652173,
Myanmar,2018,37,1,6.0,22.0,,,False,False,True,False,2018-09-10,True,False,0.2727272727272727,
Myanmar,2018,38,1,4.0,18.0,,,False,False,True,False,2018-09-17,True,False,0.2222222222222222,
Myanmar,2018,39,1,19.0,31.0,,,False,False,True,False,2018-09-24,True,False,0.6129032258064516,
Myanmar,2018,40,1,31.0,47.0,,,False,False,True,False,2018-10-01,True,False,0.6595744680851063,
Myanmar,2018,41,1,0.0,3.0,,,False,False,True,False,2018-10-08,True,False,0.0,
Myanmar,2018,42,1,1.0,6.0,,,False,False,True,False,2018-10-15,True,False,0.16666666666666666,
Myanmar,2018,43,1,4.0,9.0,,,False,False,True,False,2018-10-22,True,False,0.4444444444444444,
Myanmar,2018,44,1,1.0,1.0,,,False,False,True,False,2018-10-29,True,False,1.0,
Myanmar,2018,45,1,2.0,2.0,,,False,False,True,False,2018-11-05,True,False,1.0,
Myanmar,2018,46,1,11.0,30.0,,,False,False,True,False,2018-11-12,True,False,0.36666666666666664,
Myanmar,2018,47,1,0.0,0.0,,,False,False,True,False,2018-11-19,False,False,,
Myanmar,2018,48,1,0.0,3.0,,,False,False,True,False,2018-11-26,True,False,0.0,
Myanmar,2018,49,1,0.0,2.0,,,False,False,True,False,2018-12-03,True,False,0.0,
Myanmar,2018,50,1,1.0,13.0,,,False,False,True,False,2018-12-10,True,False,0.07692307692307693,
Myanmar,2018,51,1,0.0,5.0,,,False,False,True,False,2018-12-17,True,False,0.0,
Myanmar,2018,52,1,1.0,11.0,,,False,False,True,False,2018-12-24,True,False,0.09090909090909091,
Myanmar,2019,1,1,0.0,0.0,,,False,False,True,False,2018-12-31,False,False,,
Myanmar,2019,2,1,0.0,1.0,,,False,False,True,False,2019-01-07,True,False,0.0,
Myanmar,2019,3,1,2.0,7.0,,,False,False,True,False,2019-01-14,True,False,0.2857142857142857,
Myanmar,2019,4,1,0.0,0.0,,,False,False,True,False,2019-01-21,False,False,,
Myanmar,2019,5,1,0.0,8.0,,,False,False,True,False,2019-01-28,True,False,0.0,
Myanmar,2019,6,1,4.0,19.0,,,False,False,True,False,2019-02-04,True,False,0.21052631578947367,
Myanmar,2019,7,1,0.0,2.0,,,False,False,True,False,2019-02-11,True,False,0.0,
Myanmar,2019,8,1,0.0,0.0,,,False,False,True,False,2019-02-18,False,False,,
Myanmar,2019,9,1,2.0,6.0,,,False,False,True,False,2019-02-25,True,False,0.3333333333333333,
Myanmar,2019,10,1,0.0,0.0,,,False,False,True,False,2019-03-04,False,False,,
Myanmar,2019,11,1,0.0,1.0,,,False,False,True,False,2019-03-11,True,False,0.0,
Myanmar,2019,12,1,0.0,3.0,,,False,False,True,False,2019-03-18,True,False,0.0,
Myanmar,2019,13,1,0.0,7.0,,,False,False,True,False,2019-03-25,True,False,0.0,
Myanmar,2019,14,1,0.0,0.0,,,False,False,True,False,2019-04-01,False,False,,
Myanmar,2019,15,1,0.0,0.0,,,False,False,True,False,2019-04-08,False,False,,
Myanmar,2019,16,1,0.0,0.0,,,False,False,True,False,2019-04-15,False,False,,
Myanmar,2019,17,1,0.0,6.0,,,False,False,True,False,2019-04-22,True,False,0.0,
Myanmar,2019,18,1,0.0,0.0,,,False,False,True,False,2019-04-29,False,False,,
Myanmar,2019,19,1,0.0,1.0,,,False,False,True,False,2019-05-06,True,False,0.0,
Myanmar,2019,20,1,0.0,1.0,,,False,False,True,False,2019-05-13,True,False,0.0,
Myanmar,2019,21,1,0.0,0.0,,,False,False,True,False,2019-05-20,False,False,,
Myanmar,2019,22,1,1.0,8.0,,,False,False,True,False,2019-05-27,True,False,0.125,
Myanmar,2019,23,1,0.0,10.0,,,False,False,True,False,2019-06-03,True,False,0.0,
Myanmar,2019,24,1,6.0,22.0,,,False,False,True,False,2019-06-10,True,False,0.2727272727272727,
Myanmar,2019,25,1,18.0,67.0,,,False,False,True,False,2019-06-17,True,False,0.26865671641791045,
Myanmar,2019,26,1,80.0,174.0,,,False,False,True,False,2019-06-24,True,False,0.45977011494252873,
Myanmar,2019,27,1,60.0,146.0,,,False,False,True,False,2019-07-01,True,False,0.410958904109589,
Myanmar,2019,28,1,93.0,170.0,,,False,False,True,False,2019-07-08,True,False,0.5470588235294118,
Myanmar,2019,29,1,90.0,175.0,,,False,False,True,False,2019-07-15,True,False,0.5142857142857142,
Myanmar,2019,30,1,57.0,150.0,,,False,False,True,False,2019-07-22,True,False,0.38,
Myanmar,2019,31,1,59.0,145.0,,,False,False,True,False,2019-07-29,True,False,0.4068965517241379,
Myanmar,2019,32,1,49.0,123.0,,,False,False,True,False,2019-08-05,True,False,0.3983739837398374,
Myanmar,2019,33,1,36.0,84.0,,,False,False,True,False,2019-08-12,True,False,0.42857142857142855,
Myanmar,2019,34,1,50.0,106.0,,,False,False,True,False,2019-08-19,True,False,0.4716981132075472,
Myanmar,2019,35,1,53.0,106.0,,,False,False,True,False,2019-08-26,True,False,0.5,
Myanmar,2019,36,1,40.0,85.0,,,False,False,True,False,2019-09-02,True,False,0.47058823529411764,
Myanmar,2019,37,1,29.0,77.0,,,False,False,True,False,2019-09-09,True,False,0.37662337662337664,
Myanmar,2019,38,1,19.0,83.0,,,False,False,True,False,2019-09-16,True,False,0.2289156626506024,
Myanmar,2019,39,1,20.0,57.0,,,False,False,True,False,2019-09-23,True,False,0.3508771929824561,
Myanmar,2019,40,1,6.0,31.0,,,False,False,True,False,2019-09-30,True,False,0.1935483870967742,
Myanmar,2019,41,1,2.0,19.0,,,False,False,True,False,2019-10-07,True,False,0.10526315789473684,
Myanmar,2019,42,1,5.0,21.0,,,False,False,True,False,2019-10-14,True,False,0.23809523809523808,
Myanmar,2019,43,1,3.0,15.0,,,False,False,True,False,2019-10-21,True,False,0.2,
Myanmar,2019,44,1,0.0,10.0,,,False,False,True,False,2019-10-28,True,False,0.0,
Myanmar,2019,45,1,3.0,14.0,,,False,False,True,False,2019-11-04,True,False,0.21428571428571427,
Myanmar,2019,46,1,0.0,15.0,,,False,False,True,False,2019-11-11,True,False,0.0,
Myanmar,2019,47,1,2.0,8.0,,,False,False,True,False,2019-11-18,True,False,0.25,
Myanmar,2019,48,1,12.0,27.0,,,False,False,True,False,2019-11-25,True,False,0.4444444444444444,
Myanmar,2019,49,1,2.0,11.0,,,False,False,True,False,2019-12-02,True,False,0.18181818181818182,
Myanmar,2019,50,1,2.0,11.0,,,False,False,True,False,2019-12-09,True,False,0.18181818181818182,
Myanmar,2019,51,1,1.0,20.0,,,False,False,True,False,2019-12-16,True,False,0.05,
Myanmar,2019,52,1,0.0,2.0,,,False,False,True,False,2019-12-23,True,False,0.0,
Myanmar,2020,1,2,0.0,1.0,,,False,False,True,False,2019-12-30,True,False,0.0,
Myanmar,2020,2,2,0.0,5.0,,,False,False,True,False,2020-01-06,True,False,0.0,
Myanmar,2020,3,2,0.0,24.0,,,False,False,True,False,2020-01-13,True,False,0.0,
Myanmar,2020,4,2,0.0,15.0,,,False,False,True,False,2020-01-20,True,False,0.0,
Myanmar,2020,5,2,0.0,9.0,,,False,False,True,False,2020-01-27,True,False,0.0,
Myanmar,2020,6,2,4.0,17.0,,,False,False,True,False,2020-02-03,True,False,0.23529411764705882,
Myanmar,2020,7,2,0.0,14.0,,,False,False,True,False,2020-02-10,True,False,0.0,
Myanmar,2020,8,2,0.0,0.0,,,False,False,True,False,2020-02-17,False,False,,
Myanmar,2020,9,2,0.0,15.0,,,False,False,True,False,2020-02-24,True,False,0.0,
Myanmar,2020,10,2,1.0,33.0,,,False,False,True,False,2020-03-02,True,False,0.030303030303030304,
Myanmar,2020,11,2,0.0,4.0,,,False,False,True,False,2020-03-09,True,False,0.0,
Myanmar,2020,12,2,0.0,0.0,,,False,False,True,False,2020-03-16,False,False,,
Myanmar,2020,13,2,0.0,0.0,,,False,False,True,False,2020-03-23,False,False,,
Myanmar,2020,14,2,2.0,30.0,,,False,False,True,False,2020-03-30,True,False,0.06666666666666667,
Myanmar,2020,15,2,0.0,12.0,,,False,False,True,False,2020-04-06,True,False,0.0,
Myanmar,2020,16,2,0.0,8.0,,,False,False,True,False,2020-04-13,True,False,0.0,
Myanmar,2020,17,2,0.0,43.0,,,False,False,True,False,2020-04-20,True,False,0.0,
Myanmar,2020,18,2,0.0,19.0,,,False,False,True,False,2020-04-27,True,False,0.0,
Myanmar,2020,19,2,0.0,0.0,,,False,False,True,False,2020-05-04,False,False,,
Myanmar,2020,20,2,0.0,0.0,,,False,False,True,False,2020-05-11,False,False,,
Myanmar,2020,21,2,0.0,0.0,,,False,False,True,False,2020-05-18,False,False,,
Myanmar,2020,22,2,0.0,0.0,,,False,False,True,False,2020-05-25,False,False,,
Myanmar,2020,23,2,0.0,0.0,,,False,False,True,False,2020-06-01,False,False,,
Myanmar,2020,24,2,0.0,1.0,,,False,False,True,False,2020-06-08,True,False,0.0,
Myanmar,2020,25,2,0.0,0.0,,,False,False,True,False,2020-06-15,False,False,,
Myanmar,2020,26,2,0.0,0.0,,,False,False,True,False,2020-06-22,False,False,,
Myanmar,2020,27,2,0.0,0.0,,,False,False,True,False,2020-06-29,False,False,,
Myanmar,2020,28,2,0.0,0.0,,,False,False,True,False,2020-07-06,False,False,,
Myanmar,2020,29,2,0.0,22.0,,,False,False,True,False,2020-07-13,True,False,0.0,
Myanmar,2020,30,2,0.0,0.0,,,False,False,True,False,2020-07-20,False,False,,
Myanmar,2020,31,2,0.0,0.0,,,False,False,True,False,2020-07-27,False,False,,
Myanmar,2020,32,2,0.0,3.0,,,False,False,True,False,2020-08-03,True,False,0.0,
Myanmar,2020,33,2,0.0,0.0,,,False,False,True,False,2020-08-10,False,False,,
Myanmar,2020,34,2,0.0,0.0,,,False,False,True,False,2020-08-17,False,False,,
Myanmar,2020,35,2,0.0,0.0,,,False,False,True,False,2020-08-24,False,False,,
Myanmar,2020,36,2,0.0,0.0,,,False,False,True,False,2020-08-31,False,False,,
Myanmar,2020,37,2,0.0,0.0,,,False,False,True,False,2020-09-07,False,False,,
Myanmar,2020,38,2,0.0,0.0,,,False,False,True,False,2020-09-14,False,False,,
Myanmar,2020,39,2,0.0,0.0,,,False,False,True,False,2020-09-21,False,False,,
Myanmar,2020,40,2,0.0,0.0,,,False,False,True,False,2020-09-28,False,False,,
Myanmar,2020,41,2,0.0,0.0,,,False,False,True,False,2020-10-05,False,False,,
Myanmar,2020,42,2,12.0,54.0,,,False,False,True,False,2020-10-12,True,False,0.2222222222222222,
Myanmar,2020,43,2,0.0,0.0,,,False,False,True,False,2020-10-19,False,False,,
Myanmar,2020,44,2,0.0,0.0,,,False,False,True,False,2020-10-26,False,False,,
Myanmar,2020,45,2,0.0,0.0,,,False,False,True,False,2020-11-02,False,False,,
Myanmar,2020,46,2,0.0,0.0,,,False,False,True,False,2020-11-09,False,False,,
Myanmar,2020,47,2,0.0,0.0,,,False,False,True,False,2020-11-16,False,False,,
Myanmar,2020,48,2,0.0,0.0,,,False,False,True,False,2020-11-23,False,False,,
Myanmar,2020,49,2,0.0,0.0,,,False,False,True,False,2020-11-30,False,False,,
Myanmar,2020,50,2,0.0,0.0,,,False,False,True,False,2020-12-07,False,False,,
Myanmar,2020,51,2,0.0,6.0,,,False,False,True,False,2020-12-14,True,False,0.0,
Myanmar,2020,52,2,0.0,82.0,,,False,False,True,False,2020-12-21,True,False,0.0,
Myanmar,2020,53,2,0.0,118.0,,,False,False,True,False,2020-12-28,True,False,0.0,
Myanmar,2021,1,2,0.0,0.0,,,False,False,True,False,2021-01-04,False,False,,
Myanmar,2021,2,2,0.0,10.0,,,False,False,True,False,2021-01-11,True,False,0.0,
Myanmar,2021,3,2,0.0,10.0,,,False,False,True,False,2021-01-18,True,False,0.0,
Myanmar,2021,4,2,0.0,2.0,,,False,False,True,False,2021-01-25,True,False,0.0,
Myanmar,2021,5,2,0.0,0.0,,,False,False,True,False,2021-02-01,False,False,,
Myanmar,2021,6,2,0.0,0.0,,,False,False,True,False,2021-02-08,False,False,,
Myanmar,2021,7,2,0.0,0.0,,,False,False,True,False,2021-02-15,False,False,,
Myanmar,2021,8,2,0.0,0.0,,,False,False,True,False,2021-02-22,False,False,,
Myanmar,2021,9,2,0.0,0.0,,,False,False,True,False,2021-03-01,False,False,,
Myanmar,2021,10,2,0.0,0.0,,,False,False,True,False,2021-03-08,False,False,,
Myanmar,2021,11,2,0.0,0.0,,,False,False,True,False,2021-03-15,False,False,,
Myanmar,2021,12,2,0.0,0.0,,,False,False,True,False,2021-03-22,False,False,,
Myanmar,2021,13,2,0.0,0.0,,,False,False,True,False,2021-03-29,False,False,,
Myanmar,2021,14,2,0.0,0.0,,,False,False,True,False,2021-04-05,False,False,,
Myanmar,2021,15,2,0.0,0.0,,,False,False,True,False,2021-04-12,False,False,,
Myanmar,2021,16,2,0.0,0.0,,,False,False,True,False,2021-04-19,False,False,,
Myanmar,2021,17,2,0.0,0.0,,,False,False,True,False,2021-04-26,False,False,,
Myanmar,2021,18,2,0.0,0.0,,,False,False,True,False,2021-05-03,False,False,,
Myanmar,2021,19,2,0.0,0.0,,,False,False,True,False,2021-05-10,False,False,,
Myanmar,2021,20,2,0.0,0.0,,,False,False,True,False,2021-05-17,False,False,,
Myanmar,2021,21,2,0.0,0.0,,,False,False,True,False,2021-05-24,False,False,,
Myanmar,2021,22,2,0.0,0.0,,,False,False,True,False,2021-05-31,False,False,,
Myanmar,2021,23,2,0.0,0.0,,,False,False,True,False,2021-06-07,False,False,,
Myanmar,2021,24,2,0.0,0.0,,,False,False,True,False,2021-06-14,False,False,,
Myanmar,2021,25,2,0.0,0.0,,,False,False,True,False,2021-06-21,False,False,,
Myanmar,2021,26,2,0.0,0.0,,,False,False,True,False,2021-06-28,False,False,,
Myanmar,2021,27,2,0.0,0.0,,,False,False,True,False,2021-07-05,False,False,,
Myanmar,2021,28,2,0.0,0.0,,,False,False,True,False,2021-07-12,False,False,,
Myanmar,2021,29,2,0.0,0.0,,,False,False,True,False,2021-07-19,False,False,,
Myanmar,2021,30,2,0.0,0.0,,,False,False,True,False,2021-07-26,False,False,,
Myanmar,2021,31,2,0.0,0.0,,,False,False,True,False,2021-08-02,False,False,,
Myanmar,2021,32,2,0.0,0.0,,,False,False,True,False,2021-08-09,False,False,,
Myanmar,2021,33,2,0.0,0.0,,,False,False,True,False,2021-08-16,False,False,,
Myanmar,2021,34,2,0.0,0.0,,,False,False,True,False,2021-08-23,False,False,,
Myanmar,2021,35,2,0.0,0.0,,,False,False,True,False,2021-08-30,False,False,,
Myanmar,2021,36,2,0.0,0.0,,,False,False,True,False,2021-09-06,False,False,,
Myanmar,2021,37,2,0.0,0.0,,,False,False,True,False,2021-09-13,False,False,,
Myanmar,2021,38,2,0.0,0.0,,,False,False,True,False,2021-09-20,False,False,,
Myanmar,2021,39,2,0.0,0.0,,,False,False,True,False,2021-09-27,False,False,,
Myanmar,2021,40,2,0.0,0.0,,,False,False,True,False,2021-10-04,False,False,,
Myanmar,2021,41,2,0.0,0.0,,,False,False,True,False,2021-10-11,False,False,,
Myanmar,2021,42,2,13.0,55.0,,,False,False,True,False,2021-10-18,True,False,0.23636363636363636,
Myanmar,2021,43,2,2.0,4.0,,,False,False,True,False,2021-10-25,True,False,0.5,
Myanmar,2021,44,2,0.0,0.0,,,False,False,True,False,2021-11-01,False,False,,
Myanmar,2021,45,2,0.0,2.0,,,False,False,True,False,2021-11-08,True,False,0.0,
Myanmar,2021,46,2,0.0,1.0,,,False,False,True,False,2021-11-15,True,False,0.0,
Myanmar,2021,47,2,0.0,0.0,,,False,False,True,False,2021-11-22,False,False,,
Myanmar,2021,48,2,0.0,0.0,,,False,False,True,False,2021-11-29,False,False,,
Myanmar,2021,49,2,0.0,0.0,,,False,False,True,False,2021-12-06,False,False,,
Myanmar,2021,50,2,0.0,0.0,,,False,False,True,False,2021-12-13,False,False,,
Myanmar,2021,51,2,0.0,0.0,,,False,False,True,False,2021-12-20,False,False,,
Myanmar,2021,52,2,0.0,0.0,,,False,False,True,False,2021-12-27,False,False,,
Myanmar,2022,1,2,0.0,0.0,,,False,False,True,False,2022-01-03,False,False,,
Myanmar,2022,2,2,0.0,0.0,,,False,False,True,False,2022-01-10,False,False,,
Myanmar,2022,3,2,0.0,0.0,,,False,False,True,False,2022-01-17,False,False,,
Myanmar,2022,4,2,0.0,0.0,,,False,False,True,False,2022-01-24,False,False,,
Myanmar,2022,5,2,0.0,0.0,,,False,False,True,False,2022-01-31,False,False,,
Myanmar,2022,6,2,0.0,0.0,,,False,False,True,False,2022-02-07,False,False,,
Myanmar,2022,7,2,0.0,0.0,,,False,False,True,False,2022-02-14,False,False,,
Myanmar,2022,8,2,0.0,0.0,,,False,False,True,False,2022-02-21,False,False,,
Myanmar,2022,9,2,0.0,0.0,,,False,False,True,False,2022-02-28,False,False,,
Myanmar,2022,10,2,0.0,0.0,,,False,False,True,False,2022-03-07,False,False,,
Myanmar,2022,11,2,0.0,0.0,,,False,False,True,False,2022-03-14,False,False,,
Myanmar,2022,12,2,14.0,21.0,,,False,False,True,False,2022-03-21,True,False,0.6666666666666666,
Myanmar,2022,13,2,0.0,0.0,,,False,False,True,False,2022-03-28,False,False,,
Myanmar,2022,14,2,0.0,0.0,,,False,False,True,False,2022-04-04,False,False,,
Myanmar,2022,15,2,0.0,0.0,,,False,False,True,False,2022-04-11,False,False,,
Myanmar,2022,16,2,0.0,0.0,,,False,False,True,False,2022-04-18,False,False,,
Myanmar,2022,17,2,0.0,0.0,,,False,False,True,False,2022-04-25,False,False,,
Myanmar,2022,18,2,0.0,0.0,,,False,False,True,False,2022-05-02,False,False,,
Myanmar,2022,19,2,0.0,0.0,,,False,False,True,False,2022-05-09,False,False,,
Myanmar,2022,20,2,0.0,0.0,,,False,False,True,False,2022-05-16,False,False,,
Myanmar,2022,21,2,0.0,0.0,,,False,False,True,False,2022-05-23,False,False,,
Myanmar,2022,22,2,0.0,0.0,,,False,False,True,False,2022-05-30,False,False,,
Myanmar,2022,23,2,0.0,0.0,,,False,False,True,False,2022-06-06,False,False,,
Myanmar,2022,24,2,0.0,0.0,,,False,False,True,False,2022-06-13,False,False,,
Myanmar,2022,25,2,0.0,5.0,,,False,False,True,False,2022-06-20,True,False,0.0,
Myanmar,2022,26,2,0.0,69.0,,,False,False,True,False,2022-06-27,True,False,0.0,
Myanmar,2022,27,2,0.0,45.0,,,False,False,True,False,2022-07-04,True,False,0.0,
Myanmar,2022,28,2,0.0,15.0,,,False,False,True,False,2022-07-11,True,False,0.0,
Myanmar,2022,29,2,0.0,1.0,,,False,False,True,False,2022-07-18,True,False,0.0,
Myanmar,2022,30,2,0.0,0.0,,,False,False,True,False,2022-07-25,False,False,,
Myanmar,2022,31,2,0.0,0.0,,,False,False,True,False,2022-08-01,False,False,,
Myanmar,2022,32,2,0.0,0.0,,,False,False,True,False,2022-08-08,False,False,,
Myanmar,2022,33,2,0.0,0.0,,,False,False,True,False,2022-08-15,False,False,,
Myanmar,2022,34,2,0.0,0.0,,,False,False,True,False,2022-08-22,False,False,,
Myanmar,2022,35,2,0.0,0.0,,,False,False,True,False,2022-08-29,False,False,,
Myanmar,2022,36,2,0.0,0.0,,,False,False,True,False,2022-09-05,False,False,,
Myanmar,2022,37,2,0.0,0.0,,,False,False,True,False,2022-09-12,False,False,,
Myanmar,2022,38,2,0.0,4.0,,,False,False,True,False,2022-09-19,True,False,0.0,
Myanmar,2022,39,2,0.0,0.0,,,False,False,True,False,2022-09-26,False,False,,
Myanmar,2022,40,2,0.0,1.0,,,False,False,True,False,2022-10-03,True,False,0.0,
Myanmar,2022,41,2,0.0,0.0,,,False,False,True,False,2022-10-10,False,False,,
Myanmar,2022,42,2,0.0,0.0,,,False,False,True,False,2022-10-17,False,False,,
Myanmar,2022,43,2,0.0,0.0,,,False,False,True,False,2022-10-24,False,False,,
Myanmar,2022,44,2,0.0,0.0,,,False,False,True,False,2022-10-31,False,False,,
Myanmar,2022,45,2,0.0,0.0,,,False,False,True,False,2022-11-07,False,False,,
Myanmar,2022,46,2,0.0,0.0,,,False,False,True,False,2022-11-14,False,False,,
Myanmar,2022,47,2,0.0,0.0,,,False,False,True,False,2022-11-21,False,False,,
Myanmar,2022,48,2,0.0,0.0,,,False,False,True,False,2022-11-28,False,False,,
Myanmar,2022,49,2,0.0,0.0,,,False,False,True,False,2022-12-05,False,False,,
Myanmar,2022,50,2,0.0,0.0,,,False,False,True,False,2022-12-12,False,False,,
Myanmar,2023,1,2,4.0,6.0,,,False,False,True,False,2023-01-02,True,False,0.6666666666666666,
Myanmar,2023,2,2,0.0,0.0,,,False,False,True,False,2023-01-09,False,False,,
Myanmar,2023,3,2,0.0,0.0,,,False,False,True,False,2023-01-16,False,False,,
Myanmar,2023,4,2,0.0,0.0,,,False,False,True,False,2023-01-23,False,False,,
Myanmar,2023,5,2,0.0,0.0,,,False,False,True,False,2023-01-30,False,False,,
Myanmar,2023,6,2,0.0,0.0,,,False,False,True,False,2023-02-06,False,False,,
Myanmar,2023,7,2,0.0,0.0,,,False,False,True,False,2023-02-13,False,False,,
Myanmar,2023,8,2,0.0,0.0,,,False,False,True,False,2023-02-20,False,False,,
Myanmar,2023,9,2,0.0,0.0,,,False,False,True,False,2023-02-27,False,False,,
Myanmar,2023,10,2,0.0,0.0,,,False,False,True,False,2023-03-06,False,False,,
Myanmar,2023,11,2,12.0,19.0,,,False,False,True,False,2023-03-13,True,False,0.631578947368421,
Myanmar,2023,12,2,2.0,2.0,,,False,False,True,False,2023-03-20,True,False,1.0,
Myanmar,2023,13,2,0.0,0.0,,,False,False,True,False,2023-03-27,False,False,,
Myanmar,2023,14,2,0.0,0.0,,,False,False,True,False,2023-04-03,False,False,,
Myanmar,2023,15,2,0.0,1.0,,,False,False,True,False,2023-04-10,True,False,0.0,
Myanmar,2023,16,2,0.0,0.0,,,False,False,True,False,2023-04-17,False,False,,
Myanmar,2023,17,2,0.0,0.0,,,False,False,True,False,2023-04-24,False,False,,
Myanmar,2023,18,2,0.0,0.0,,,False,False,True,False,2023-05-01,False,False,,
Myanmar,2023,19,2,0.0,0.0,,,False,False,True,False,2023-05-08,False,False,,
Myanmar,2023,20,2,0.0,0.0,,,False,False,True,False,2023-05-15,False,False,,
Myanmar,2023,21,2,0.0,0.0,,,False,False,True,False,2023-05-22,False,False,,
Myanmar,2023,22,2,0.0,0.0,,,False,False,True,False,2023-05-29,False,False,,
Myanmar,2023,23,2,0.0,0.0,,,False,False,True,False,2023-06-05,False,False,,
Myanmar,2023,24,2,0.0,0.0,,,False,False,True,False,2023-06-12,False,False,,
Myanmar,2023,25,2,0.0,0.0,,,False,False,True,False,2023-06-19,False,False,,
Myanmar,2023,26,2,1.0,1.0,,,False,False,True,False,2023-06-26,True,False,1.0,
Myanmar,2023,27,2,2.0,3.0,,,False,False,True,False,2023-07-03,True,False,0.6666666666666666,
Myanmar,2023,28,2,6.0,12.0,,,False,False,True,False,2023-07-10,True,False,0.5,
Myanmar,2023,29,2,15.0,31.0,,,False,False,True,False,2023-07-17,True,False,0.4838709677419355,
Myanmar,2023,30,2,14.0,43.0,,,False,False,True,False,2023-07-24,True,False,0.32558139534883723,
Myanmar,2023,31,2,7.0,22.0,,,False,False,True,False,2023-07-31,True,False,0.3181818181818182,
Myanmar,2023,32,2,1.0,5.0,,,False,False,True,False,2023-08-07,True,False,0.2,
Myanmar,2023,33,2,0.0,3.0,,,False,False,True,False,2023-08-14,True,False,0.0,
Myanmar,2023,34,2,0.0,2.0,,,False,False,True,False,2023-08-21,True,False,0.0,
Myanmar,2023,35,2,0.0,2.0,,,False,False,True,False,2023-08-28,True,False,0.0,
Myanmar,2023,36,2,0.0,0.0,,,False,False,True,False,2023-09-04,False,False,,
Myanmar,2023,37,2,0.0,3.0,,,False,False,True,False,2023-09-11,True,False,0.0,
Myanmar,2023,38,2,0.0,6.0,,,False,False,True,False,2023-09-18,True,False,0.0,
Myanmar,2023,39,2,0.0,4.0,,,False,False,True,False,2023-09-25,True,False,0.0,
Myanmar,2023,40,2,0.0,4.0,,,False,False,True,False,2023-10-02,True,False,0.0,
Myanmar,2023,41,2,0.0,2.0,,,False,False,True,False,2023-10-09,True,False,0.0,
Myanmar,2023,42,2,0.0,8.0,,,False,False,True,False,2023-10-16,True,False,0.0,
Myanmar,2023,43,2,5.0,22.0,,,False,False,True,False,2023-10-23,True,False,0.22727272727272727,
Myanmar,2023,44,2,0.0,2.0,,,False,False,True,False,2023-10-30,True,False,0.0,
Myanmar,2023,45,2,0.0,1.0,,,False,False,True,False,2023-11-06,True,False,0.0,
Myanmar,2023,46,2,0.0,1.0,,,False,False,True,False,2023-11-13,True,False,0.0,
Myanmar,2023,47,2,0.0,0.0,,,False,False,True,False,2023-11-20,False,False,,
Myanmar,2023,48,2,0.0,2.0,,,False,False,True,False,2023-11-27,True,False,0.0,
Myanmar,2023,49,2,0.0,3.0,,,False,False,True,False,2023-12-04,True,False,0.0,
Myanmar,2023,50,2,0.0,5.0,,,False,False,True,False,2023-12-11,True,False,0.0,
Myanmar,2023,51,2,0.0,0.0,,,False,False,True,False,2023-12-18,False,False,,
Myanmar,2023,52,2,0.0,0.0,,,False,False,True,False,2023-12-25,False,False,,
Myanmar,2025,1,2,0.0,0.0,,,False,False,True,False,2024-12-30,False,False,,
Myanmar,2025,2,2,0.0,1.0,,,False,False,True,False,2025-01-06,True,False,0.0,
Myanmar,2025,3,2,0.0,0.0,,,False,False,True,False,2025-01-13,False,False,,
Myanmar,2025,4,2,0.0,0.0,,,False,False,True,False,2025-01-20,False,False,,
Myanmar,2025,5,2,0.0,1.0,,,False,False,True,False,2025-01-27,True,False,0.0,
Myanmar,2025,6,2,0.0,1.0,,,False,False,True,False,2025-02-03,True,False,0.0,
Myanmar,2025,7,2,0.0,11.0,,,False,False,True,False,2025-02-10,True,False,0.0,
Myanmar,2025,8,2,0.0,25.0,,,False,False,True,False,2025-02-17,True,False,0.0,
Myanmar,2025,9,2,1.0,42.0,,,False,False,True,False,2025-02-24,True,False,0.023809523809523808,
Myanmar,2025,10,2,0.0,33.0,,,False,False,True,False,2025-03-03,True,False,0.0,
Myanmar,2025,11,2,0.0,44.0,,,False,False,True,False,2025-03-10,True,False,0.0,
Myanmar,2025,12,2,2.0,34.0,,,False,False,True,False,2025-03-17,True,False,0.058823529411764705,
Myanmar,2025,13,2,1.0,36.0,,,False,False,True,False,2025-03-24,True,False,0.027777777777777776,
Myanmar,2025,14,2,0.0,27.0,,,False,False,True,False,2025-03-31,True,False,0.0,
Myanmar,2025,15,2,0.0,20.0,,,False,False,True,False,2025-04-07,True,False,0.0,
Myanmar,2025,16,2,0.0,17.0,,,False,False,True,False,2025-04-14,True,False,0.0,
Myanmar,2025,17,2,1.0,16.0,,,False,False,True,False,2025-04-21,True,False,0.0625,
Myanmar,2025,18,2,2.0,20.0,,,False,False,True,False,2025-04-28,True,False,0.1,
Myanmar,2025,19,2,2.0,31.0,,,False,False,True,False,2025-05-05,True,False,0.06451612903225806,
Myanmar,2025,20,2,1.0,35.0,,,False,False,True,False,2025-05-12,True,False,0.02857142857142857,
Myanmar,2025,21,2,1.0,31.0,,,False,False,True,False,2025-05-19,True,False,0.03225806451612903,
Myanmar,2025,22,2,0.0,29.0,,,False,False,True,False,2025-05-26,True,False,0.0,
Myanmar,2025,23,2,0.0,37.0,,,False,False,True,False,2025-06-02,True,False,0.0,
Myanmar,2025,24,2,2.0,36.0,,,False,False,True,False,2025-06-09,True,False,0.05555555555555555,
Myanmar,2025,25,2,4.0,49.0,,,False,False,True,False,2025-06-16,True,False,0.08163265306122448,
Myanmar,2025,26,2,1.0,32.0,,,False,False,True,False,2025-06-23,True,False,0.03125,
Myanmar,2025,27,2,1.0,30.0,,,False,False,True,False,2025-06-30,True,False,0.03333333333333333,
Myanmar,2025,28,2,3.0,31.0,,,False,False,True,False,2025-07-07,True,False,0.0967741935483871,
Myanmar,2025,29,2,1.0,31.0,,,False,False,True,False,2025-07-14,True,False,0.03225806451612903,
Myanmar,2025,30,2,2.0,28.0,,,False,False,True,False,2025-07-21,True,False,0.07142857142857142,
Myanmar,2025,31,2,5.0,27.0,,,False,False,True,False,2025-07-28,True,False,0.18518518518518517,
Myanmar,2025,32,2,5.0,16.0,,,False,False,True,False,2025-08-04,True,False,0.3125,
Myanmar,2025,33,2,18.0,44.0,,,False,False,True,False,2025-08-11,True,False,0.4090909090909091,
Myanmar,2025,34,2,27.0,50.0,,,False,False,True,False,2025-08-18,True,False,0.54,
Myanmar,2025,35,2,5.0,25.0,,,False,False,True,False,2025-08-25,True,False,0.2,
Myanmar,2025,36,2,2.0,31.0,,,False,False,True,False,2025-09-01,True,False,0.06451612903225806,
Myanmar,2025,37,2,1.0,39.0,,,False,False,True,False,2025-09-08,True,False,0.02564102564102564,
Myanmar,2025,38,2,3.0,26.0,,,False,False,True,False,2025-09-15,True,False,0.11538461538461539,
Myanmar,2025,39,2,16.0,49.0,,,False,False,True,False,2025-09-22,True,False,0.32653061224489793,
Myanmar,2025,40,2,0.0,13.0,,,False,False,True,False,2025-09-29,True,False,0.0,
Myanmar,2025,41,2,5.0,48.0,,,False,False,True,False,2025-10-06,True,False,0.10416666666666667,
Myanmar,2025,42,2,0.0,17.0,,,False,False,True,False,2025-10-13,True,False,0.0,
Myanmar,2025,43,2,1.0,27.0,,,False,False,True,False,2025-10-20,True,False,0.037037037037037035,
Myanmar,2025,44,2,4.0,26.0,,,False,False,True,False,2025-10-27,True,False,0.15384615384615385,
Myanmar,2025,45,2,0.0,24.0,,,False,False,True,False,2025-11-03,True,False,0.0,
Myanmar,2025,46,2,4.0,25.0,,,False,False,True,False,2025-11-10,True,False,0.16,
Myanmar,2025,47,2,2.0,22.0,,,False,False,True,False,2025-11-17,True,False,0.09090909090909091,
Myanmar,2025,48,2,0.0,27.0,,,False,False,True,False,2025-11-24,True,False,0.0,
Myanmar,2025,49,2,1.0,19.0,,,False,False,True,False,2025-12-01,True,False,0.05263157894736842,
Myanmar,2025,50,2,0.0,25.0,,,False,False,True,False,2025-12-08,True,False,0.0,
Myanmar,2025,51,2,5.0,37.0,,,False,False,True,False,2025-12-15,True,False,0.13513513513513514,
Myanmar,2025,52,2,1.0,28.0,,,False,False,True,False,2025-12-22,True,False,0.03571428571428571,
Philippines,2002,1,1,0.0,10.0,,,False,False,True,False,2001-12-31,True,False,0.0,
Philippines,2002,2,1,0.0,18.0,,,False,False,True,False,2002-01-07,True,False,0.0,
Philippines,2002,3,1,0.0,17.0,,,False,False,True,False,2002-01-14,True,False,0.0,
Philippines,2002,4,1,0.0,13.0,,,False,False,True,False,2002-01-21,True,False,0.0,
Philippines,2002,5,1,0.0,20.0,,,False,False,True,False,2002-01-28,True,False,0.0,
Philippines,2002,6,1,0.0,20.0,,,False,False,True,False,2002-02-04,True,False,0.0,
Philippines,2002,7,1,0.0,14.0,,,False,False,True,False,2002-02-11,True,False,0.0,
Philippines,2002,8,1,0.0,16.0,,,False,False,True,False,2002-02-18,True,False,0.0,
Philippines,2002,9,1,0.0,8.0,,,False,False,True,False,2002-02-25,True,False,0.0,
Philippines,2002,10,1,0.0,12.0,,,False,False,True,False,2002-03-04,True,False,0.0,
Philippines,2002,11,1,0.0,16.0,,,False,False,True,False,2002-03-11,True,False,0.0,
Philippines,2002,12,1,0.0,13.0,,,False,False,True,False,2002-03-18,True,False,0.0,
Philippines,2002,13,1,0.0,3.0,,,False,False,True,False,2002-03-25,True,False,0.0,
Philippines,2002,14,1,0.0,22.0,,,False,False,True,False,2002-04-01,True,False,0.0,
Philippines,2002,15,1,0.0,12.0,,,False,False,True,False,2002-04-08,True,False,0.0,
Philippines,2002,16,1,0.0,21.0,,,False,False,True,False,2002-04-15,True,False,0.0,
Philippines,2002,17,1,0.0,25.0,,,False,False,True,False,2002-04-22,True,False,0.0,
Philippines,2002,18,1,0.0,23.0,,,False,False,True,False,2002-04-29,True,False,0.0,
Philippines,2002,19,1,0.0,12.0,,,False,False,True,False,2002-05-06,True,False,0.0,
Philippines,2002,20,1,0.0,17.0,,,False,False,True,False,2002-05-13,True,False,0.0,
Philippines,2002,21,1,0.0,23.0,,,False,False,True,False,2002-05-20,True,False,0.0,
Philippines,2002,22,1,1.0,18.0,,,False,False,True,False,2002-05-27,True,False,0.05555555555555555,
Philippines,2002,23,1,0.0,23.0,,,False,False,True,False,2002-06-03,True,False,0.0,
Philippines,2002,24,1,0.0,0.0,,,False,False,True,False,2002-06-10,False,False,,
Philippines,2002,25,1,0.0,13.0,,,False,False,True,False,2002-06-17,True,False,0.0,
Philippines,2002,26,1,1.0,14.0,,,False,False,True,False,2002-06-24,True,False,0.07142857142857142,
Philippines,2002,27,1,2.0,29.0,,,False,False,True,False,2002-07-01,True,False,0.06896551724137931,
Philippines,2002,28,1,0.0,25.0,,,False,False,True,False,2002-07-08,True,False,0.0,
Philippines,2002,29,1,7.0,28.0,,,False,False,True,False,2002-07-15,True,False,0.25,
Philippines,2002,30,1,1.0,15.0,,,False,False,True,False,2002-07-22,True,False,0.06666666666666667,
Philippines,2002,31,1,11.0,21.0,,,False,False,True,False,2002-07-29,True,False,0.5238095238095238,
Philippines,2002,32,1,1.0,17.0,,,False,False,True,False,2002-08-05,True,False,0.058823529411764705,
Philippines,2002,33,1,1.0,13.0,,,False,False,True,False,2002-08-12,True,False,0.07692307692307693,
Philippines,2002,34,1,0.0,29.0,,,False,False,True,False,2002-08-19,True,False,0.0,
Philippines,2002,35,1,0.0,34.0,,,False,False,True,False,2002-08-26,True,False,0.0,
Philippines,2002,36,1,0.0,19.0,,,False,False,True,False,2002-09-02,True,False,0.0,
Philippines,2002,37,1,0.0,27.0,,,False,False,True,False,2002-09-09,True,False,0.0,
Philippines,2002,38,1,0.0,23.0,,,False,False,True,False,2002-09-16,True,False,0.0,
Philippines,2002,39,1,0.0,38.0,,,False,False,True,False,2002-09-23,True,False,0.0,
Philippines,2002,40,1,0.0,41.0,,,False,False,True,False,2002-09-30,True,False,0.0,
Philippines,2002,41,1,0.0,41.0,,,False,False,True,False,2002-10-07,True,False,0.0,
Philippines,2002,42,1,0.0,37.0,,,False,False,True,False,2002-10-14,True,False,0.0,
Philippines,2002,43,1,0.0,28.0,,,False,False,True,False,2002-10-21,True,False,0.0,
Philippines,2002,44,1,0.0,17.0,,,False,False,True,False,2002-10-28,True,False,0.0,
Philippines,2002,45,1,0.0,38.0,,,False,False,True,False,2002-11-04,True,False,0.0,
Philippines,2002,46,1,0.0,34.0,,,False,False,True,False,2002-11-11,True,False,0.0,
Philippines,2002,47,1,0.0,40.0,,,False,False,True,False,2002-11-18,True,False,0.0,
Philippines,2002,48,1,0.0,23.0,,,False,False,True,False,2002-11-25,True,False,0.0,
Philippines,2002,49,1,0.0,12.0,,,False,False,True,False,2002-12-02,True,False,0.0,
Philippines,2002,50,1,0.0,17.0,,,False,False,True,False,2002-12-09,True,False,0.0,
Philippines,2002,51,1,0.0,17.0,,,False,False,True,False,2002-12-16,True,False,0.0,
Philippines,2002,52,1,0.0,0.0,,,False,False,True,False,2002-12-23,False,False,,
Philippines,2003,1,1,0.0,0.0,,,False,False,True,False,2002-12-30,False,False,,
Philippines,2003,2,1,0.0,21.0,,,False,False,True,False,2003-01-06,True,False,0.0,
Philippines,2003,3,1,0.0,24.0,,,False,False,True,False,2003-01-13,True,False,0.0,
Philippines,2003,4,1,0.0,24.0,,,False,False,True,False,2003-01-20,True,False,0.0,
Philippines,2003,5,1,0.0,17.0,,,False,False,True,False,2003-01-27,True,False,0.0,
Philippines,2003,6,1,0.0,22.0,,,False,False,True,False,2003-02-03,True,False,0.0,
Philippines,2003,7,1,0.0,19.0,,,False,False,True,False,2003-02-10,True,False,0.0,
Philippines,2003,8,1,0.0,18.0,,,False,False,True,False,2003-02-17,True,False,0.0,
Philippines,2003,9,1,0.0,0.0,,,False,False,True,False,2003-02-24,False,False,,
Philippines,2003,10,1,0.0,7.0,,,False,False,True,False,2003-03-03,True,False,0.0,
Philippines,2003,11,1,0.0,0.0,,,False,False,True,False,2003-03-10,False,False,,
Philippines,2003,12,1,0.0,28.0,,,False,False,True,False,2003-03-17,True,False,0.0,
Philippines,2003,13,1,0.0,14.0,,,False,False,True,False,2003-03-24,True,False,0.0,
Philippines,2003,14,1,0.0,22.0,,,False,False,True,False,2003-03-31,True,False,0.0,
Philippines,2003,15,1,0.0,18.0,,,False,False,True,False,2003-04-07,True,False,0.0,
Philippines,2003,16,1,0.0,12.0,,,False,False,True,False,2003-04-14,True,False,0.0,
Philippines,2003,17,1,0.0,13.0,,,False,False,True,False,2003-04-21,True,False,0.0,
Philippines,2003,18,1,0.0,9.0,,,False,False,True,False,2003-04-28,True,False,0.0,
Philippines,2003,19,1,0.0,11.0,,,False,False,True,False,2003-05-05,True,False,0.0,
Philippines,2003,20,1,0.0,13.0,,,False,False,True,False,2003-05-12,True,False,0.0,
Philippines,2003,21,1,0.0,24.0,,,False,False,True,False,2003-05-19,True,False,0.0,
Philippines,2003,22,1,0.0,6.0,,,False,False,True,False,2003-05-26,True,False,0.0,
Philippines,2003,23,1,0.0,12.0,,,False,False,True,False,2003-06-02,True,False,0.0,
Philippines,2003,24,1,0.0,19.0,,,False,False,True,False,2003-06-09,True,False,0.0,
Philippines,2003,25,1,0.0,10.0,,,False,False,True,False,2003-06-16,True,False,0.0,
Philippines,2003,26,1,0.0,19.0,,,False,False,True,False,2003-06-23,True,False,0.0,
Philippines,2003,27,1,0.0,9.0,,,False,False,True,False,2003-06-30,True,False,0.0,
Philippines,2003,28,1,0.0,84.0,,,False,False,True,False,2003-07-07,True,False,0.0,
Philippines,2003,29,1,3.0,125.0,,,False,False,True,False,2003-07-14,True,False,0.024,
Philippines,2003,30,1,3.0,134.0,,,False,False,True,False,2003-07-21,True,False,0.022388059701492536,
Philippines,2003,31,1,17.0,153.0,,,False,False,True,False,2003-07-28,True,False,0.1111111111111111,
Philippines,2003,32,1,27.0,113.0,,,False,False,True,False,2003-08-04,True,False,0.23893805309734514,
Philippines,2003,33,1,26.0,114.0,,,False,False,True,False,2003-08-11,True,False,0.22807017543859648,
Philippines,2003,34,1,4.0,60.0,,,False,False,True,False,2003-08-18,True,False,0.06666666666666667,
Philippines,2003,35,1,2.0,71.0,,,False,False,True,False,2003-08-25,True,False,0.028169014084507043,
Philippines,2003,36,1,2.0,75.0,,,False,False,True,False,2003-09-01,True,False,0.02666666666666667,
Philippines,2003,37,1,4.0,90.0,,,False,False,True,False,2003-09-08,True,False,0.044444444444444446,
Philippines,2003,38,1,1.0,84.0,,,False,False,True,False,2003-09-15,True,False,0.011904761904761904,
Philippines,2003,39,1,0.0,90.0,,,False,False,True,False,2003-09-22,True,False,0.0,
Philippines,2003,40,1,1.0,81.0,,,False,False,True,False,2003-09-29,True,False,0.012345679012345678,
Philippines,2003,41,1,0.0,62.0,,,False,False,True,False,2003-10-06,True,False,0.0,
Philippines,2003,42,1,2.0,122.0,,,False,False,True,False,2003-10-13,True,False,0.01639344262295082,
Philippines,2003,43,1,0.0,56.0,,,False,False,True,False,2003-10-20,True,False,0.0,
Philippines,2003,44,1,0.0,14.0,,,False,False,True,False,2003-10-27,True,False,0.0,
Philippines,2003,45,1,0.0,75.0,,,False,False,True,False,2003-11-03,True,False,0.0,
Philippines,2003,46,1,1.0,73.0,,,False,False,True,False,2003-11-10,True,False,0.0136986301369863,
Philippines,2003,47,1,0.0,70.0,,,False,False,True,False,2003-11-17,True,False,0.0,
Philippines,2003,48,1,0.0,71.0,,,False,False,True,False,2003-11-24,True,False,0.0,
Philippines,2003,49,1,0.0,89.0,,,False,False,True,False,2003-12-01,True,False,0.0,
Philippines,2003,50,1,0.0,40.0,,,False,False,True,False,2003-12-08,True,False,0.0,
Philippines,2003,51,1,0.0,19.0,,,False,False,True,False,2003-12-15,True,False,0.0,
Philippines,2003,52,1,0.0,0.0,,,False,False,True,False,2003-12-22,False,False,,
Philippines,2004,1,1,0.0,0.0,,,False,False,True,False,2003-12-29,False,False,,
Philippines,2004,2,1,1.0,52.0,,,False,False,True,False,2004-01-05,True,False,0.019230769230769232,
Philippines,2004,3,1,0.0,58.0,,,False,False,True,False,2004-01-12,True,False,0.0,
Philippines,2004,4,1,0.0,36.0,,,False,False,True,False,2004-01-19,True,False,0.0,
Philippines,2004,5,1,0.0,25.0,,,False,False,True,False,2004-01-26,True,False,0.0,
Philippines,2004,6,1,0.0,35.0,,,False,False,True,False,2004-02-02,True,False,0.0,
Philippines,2004,7,1,0.0,58.0,,,False,False,True,False,2004-02-09,True,False,0.0,
Philippines,2004,8,1,0.0,47.0,,,False,False,True,False,2004-02-16,True,False,0.0,
Philippines,2004,9,1,1.0,34.0,,,False,False,True,False,2004-02-23,True,False,0.029411764705882353,
Philippines,2004,10,1,0.0,51.0,,,False,False,True,False,2004-03-01,True,False,0.0,
Philippines,2004,11,1,0.0,52.0,,,False,False,True,False,2004-03-08,True,False,0.0,
Philippines,2004,12,1,0.0,57.0,,,False,False,True,False,2004-03-15,True,False,0.0,
Philippines,2004,13,1,0.0,58.0,,,False,False,True,False,2004-03-22,True,False,0.0,
Philippines,2004,14,1,0.0,33.0,,,False,False,True,False,2004-03-29,True,False,0.0,
Philippines,2004,15,1,0.0,6.0,,,False,False,True,False,2004-04-05,True,False,0.0,
Philippines,2004,16,1,0.0,17.0,,,False,False,True,False,2004-04-12,True,False,0.0,
Philippines,2004,17,1,0.0,17.0,,,False,False,True,False,2004-04-19,True,False,0.0,
Philippines,2004,18,1,0.0,20.0,,,False,False,True,False,2004-04-26,True,False,0.0,
Philippines,2004,19,1,0.0,14.0,,,False,False,True,False,2004-05-03,True,False,0.0,
Philippines,2004,20,1,0.0,25.0,,,False,False,True,False,2004-05-10,True,False,0.0,
Philippines,2004,21,1,2.0,20.0,,,False,False,True,False,2004-05-17,True,False,0.1,
Philippines,2004,22,1,5.0,19.0,,,False,False,True,False,2004-05-24,True,False,0.2631578947368421,
Philippines,2004,23,1,5.0,35.0,,,False,False,True,False,2004-05-31,True,False,0.14285714285714285,
Philippines,2004,24,1,14.0,53.0,,,False,False,True,False,2004-06-07,True,False,0.2641509433962264,
Philippines,2004,25,1,25.0,84.0,,,False,False,True,False,2004-06-14,True,False,0.2976190476190476,
Philippines,2004,26,1,14.0,46.0,,,False,False,True,False,2004-06-21,True,False,0.30434782608695654,
Philippines,2004,27,1,9.0,35.0,,,False,False,True,False,2004-06-28,True,False,0.2571428571428571,
Philippines,2004,28,1,4.0,66.0,,,False,False,True,False,2004-07-05,True,False,0.06060606060606061,
Philippines,2004,29,1,2.0,64.0,,,False,False,True,False,2004-07-12,True,False,0.03125,
Philippines,2004,30,1,0.0,72.0,,,False,False,True,False,2004-07-19,True,False,0.0,
Philippines,2004,31,1,0.0,62.0,,,False,False,True,False,2004-07-26,True,False,0.0,
Philippines,2004,32,1,0.0,24.0,,,False,False,True,False,2004-08-02,True,False,0.0,
Philippines,2004,33,1,1.0,22.0,,,False,False,True,False,2004-08-09,True,False,0.045454545454545456,
Philippines,2004,34,1,0.0,24.0,,,False,False,True,False,2004-08-16,True,False,0.0,
Philippines,2004,35,1,1.0,16.0,,,False,False,True,False,2004-08-23,True,False,0.0625,
Philippines,2004,36,1,0.0,21.0,,,False,False,True,False,2004-08-30,True,False,0.0,
Philippines,2004,37,1,0.0,44.0,,,False,False,True,False,2004-09-06,True,False,0.0,
Philippines,2004,38,1,5.0,34.0,,,False,False,True,False,2004-09-13,True,False,0.14705882352941177,
Philippines,2004,39,1,4.0,32.0,,,False,False,True,False,2004-09-20,True,False,0.125,
Philippines,2004,40,1,3.0,28.0,,,False,False,True,False,2004-09-27,True,False,0.10714285714285714,
Philippines,2004,41,1,1.0,15.0,,,False,False,True,False,2004-10-04,True,False,0.06666666666666667,
Philippines,2004,42,1,3.0,45.0,,,False,False,True,False,2004-10-11,True,False,0.06666666666666667,
Philippines,2004,43,1,0.0,24.0,,,False,False,True,False,2004-10-18,True,False,0.0,
Philippines,2004,44,1,0.0,26.0,,,False,False,True,False,2004-10-25,True,False,0.0,
Philippines,2004,45,1,0.0,15.0,,,False,False,True,False,2004-11-01,True,False,0.0,
Philippines,2004,46,1,0.0,12.0,,,False,False,True,False,2004-11-08,True,False,0.0,
Philippines,2004,47,1,0.0,12.0,,,False,False,True,False,2004-11-15,True,False,0.0,
Philippines,2004,48,1,0.0,5.0,,,False,False,True,False,2004-11-22,True,False,0.0,
Philippines,2004,49,1,0.0,7.0,,,False,False,True,False,2004-11-29,True,False,0.0,
Philippines,2004,50,1,0.0,18.0,,,False,False,True,False,2004-12-06,True,False,0.0,
Philippines,2004,51,1,0.0,21.0,,,False,False,True,False,2004-12-13,True,False,0.0,
Philippines,2004,52,1,0.0,16.0,,,False,False,True,False,2004-12-20,True,False,0.0,
Philippines,2004,53,1,0.0,0.0,,,False,False,True,False,2004-12-27,False,False,,
Philippines,2005,1,1,0.0,16.0,,,False,False,True,False,2005-01-03,True,False,0.0,
Philippines,2005,2,1,0.0,32.0,,,False,False,True,False,2005-01-10,True,False,0.0,
Philippines,2005,3,1,0.0,41.0,,,False,False,True,False,2005-01-17,True,False,0.0,
Philippines,2005,4,1,0.0,29.0,,,False,False,True,False,2005-01-24,True,False,0.0,
Philippines,2005,5,1,0.0,36.0,,,False,False,True,False,2005-01-31,True,False,0.0,
Philippines,2005,6,1,0.0,13.0,,,False,False,True,False,2005-02-07,True,False,0.0,
Philippines,2005,7,1,0.0,15.0,,,False,False,True,False,2005-02-14,True,False,0.0,
Philippines,2005,8,1,0.0,21.0,,,False,False,True,False,2005-02-21,True,False,0.0,
Philippines,2005,9,1,1.0,3.0,,,False,False,True,False,2005-02-28,True,False,0.3333333333333333,
Philippines,2005,10,1,0.0,15.0,,,False,False,True,False,2005-03-07,True,False,0.0,
Philippines,2005,11,1,1.0,25.0,,,False,False,True,False,2005-03-14,True,False,0.04,
Philippines,2005,12,1,0.0,7.0,,,False,False,True,False,2005-03-21,True,False,0.0,
Philippines,2005,13,1,1.0,24.0,,,False,False,True,False,2005-03-28,True,False,0.041666666666666664,
Philippines,2005,14,1,8.0,33.0,,,False,False,True,False,2005-04-04,True,False,0.24242424242424243,
Philippines,2005,15,1,1.0,16.0,,,False,False,True,False,2005-04-11,True,False,0.0625,
Philippines,2005,16,1,7.0,25.0,,,False,False,True,False,2005-04-18,True,False,0.28,
Philippines,2005,17,1,0.0,16.0,,,False,False,True,False,2005-04-25,True,False,0.0,
Philippines,2005,18,1,11.0,25.0,,,False,False,True,False,2005-05-02,True,False,0.44,
Philippines,2005,19,1,12.0,42.0,,,False,False,True,False,2005-05-09,True,False,0.2857142857142857,
Philippines,2005,20,1,8.0,14.0,,,False,False,True,False,2005-05-16,True,False,0.5714285714285714,
Philippines,2005,21,1,18.0,45.0,,,False,False,True,False,2005-05-23,True,False,0.4,
Philippines,2005,22,1,7.0,30.0,,,False,False,True,False,2005-05-30,True,False,0.23333333333333334,
Philippines,2005,23,1,14.0,34.0,,,False,False,True,False,2005-06-06,True,False,0.4117647058823529,
Philippines,2005,24,1,7.0,19.0,,,False,False,True,False,2005-06-13,True,False,0.3684210526315789,
Philippines,2005,25,1,11.0,29.0,,,False,False,True,False,2005-06-20,True,False,0.3793103448275862,
Philippines,2005,26,1,7.0,20.0,,,False,False,True,False,2005-06-27,True,False,0.35,
Philippines,2005,27,1,5.0,21.0,,,False,False,True,False,2005-07-04,True,False,0.23809523809523808,
Philippines,2005,28,1,4.0,22.0,,,False,False,True,False,2005-07-11,True,False,0.18181818181818182,
Philippines,2005,29,1,2.0,16.0,,,False,False,True,False,2005-07-18,True,False,0.125,
Philippines,2005,30,1,3.0,7.0,,,False,False,True,False,2005-07-25,True,False,0.42857142857142855,
Philippines,2005,31,1,6.0,22.0,,,False,False,True,False,2005-08-01,True,False,0.2727272727272727,
Philippines,2005,32,1,1.0,16.0,,,False,False,True,False,2005-08-08,True,False,0.0625,
Philippines,2005,33,1,1.0,28.0,,,False,False,True,False,2005-08-15,True,False,0.03571428571428571,
Philippines,2005,34,1,1.0,35.0,,,False,False,True,False,2005-08-22,True,False,0.02857142857142857,
Philippines,2005,35,1,0.0,19.0,,,False,False,True,False,2005-08-29,True,False,0.0,
Philippines,2005,36,1,1.0,20.0,,,False,False,True,False,2005-09-05,True,False,0.05,
Philippines,2005,37,1,0.0,29.0,,,False,False,True,False,2005-09-12,True,False,0.0,
Philippines,2005,38,1,0.0,50.0,,,False,False,True,False,2005-09-19,True,False,0.0,
Philippines,2005,39,1,1.0,32.0,,,False,False,True,False,2005-09-26,True,False,0.03125,
Philippines,2005,40,1,0.0,23.0,,,False,False,True,False,2005-10-03,True,False,0.0,
Philippines,2005,41,1,0.0,23.0,,,False,False,True,False,2005-10-10,True,False,0.0,
Philippines,2005,42,1,0.0,20.0,,,False,False,True,False,2005-10-17,True,False,0.0,
Philippines,2005,43,1,0.0,16.0,,,False,False,True,False,2005-10-24,True,False,0.0,
Philippines,2005,44,1,0.0,0.0,,,False,False,True,False,2005-10-31,False,False,,
Philippines,2005,45,1,0.0,15.0,,,False,False,True,False,2005-11-07,True,False,0.0,
Philippines,2005,46,1,3.0,8.0,,,False,False,True,False,2005-11-14,True,False,0.375,
Philippines,2005,47,1,0.0,4.0,,,False,False,True,False,2005-11-21,True,False,0.0,
Philippines,2005,48,1,0.0,13.0,,,False,False,True,False,2005-11-28,True,False,0.0,
Philippines,2005,49,1,0.0,10.0,,,False,False,True,False,2005-12-05,True,False,0.0,
Philippines,2005,50,1,0.0,19.0,,,False,False,True,False,2005-12-12,True,False,0.0,
Philippines,2005,51,1,0.0,4.0,,,False,False,True,False,2005-12-19,True,False,0.0,
Philippines,2006,1,1,1.0,42.0,,,False,False,True,False,2006-01-02,True,False,0.023809523809523808,
Philippines,2006,2,1,1.0,52.0,,,False,False,True,False,2006-01-09,True,False,0.019230769230769232,
Philippines,2006,3,1,0.0,60.0,,,False,False,True,False,2006-01-16,True,False,0.0,
Philippines,2006,4,1,0.0,55.0,,,False,False,True,False,2006-01-23,True,False,0.0,
Philippines,2006,5,1,1.0,37.0,,,False,False,True,False,2006-01-30,True,False,0.02702702702702703,
Philippines,2006,6,1,2.0,39.0,,,False,False,True,False,2006-02-06,True,False,0.05128205128205128,
Philippines,2006,7,1,2.0,47.0,,,False,False,True,False,2006-02-13,True,False,0.0425531914893617,
Philippines,2006,8,1,1.0,26.0,,,False,False,True,False,2006-02-20,True,False,0.038461538461538464,
Philippines,2006,9,1,0.0,51.0,,,False,False,True,False,2006-02-27,True,False,0.0,
Philippines,2006,10,1,1.0,62.0,,,False,False,True,False,2006-03-06,True,False,0.016129032258064516,
Philippines,2006,11,1,0.0,29.0,,,False,False,True,False,2006-03-13,True,False,0.0,
Philippines,2006,12,1,0.0,48.0,,,False,False,True,False,2006-03-20,True,False,0.0,
Philippines,2006,13,1,0.0,43.0,,,False,False,True,False,2006-03-27,True,False,0.0,
Philippines,2006,14,1,2.0,44.0,,,False,False,True,False,2006-04-03,True,False,0.045454545454545456,
Philippines,2006,15,1,1.0,33.0,,,False,False,True,False,2006-04-10,True,False,0.030303030303030304,
Philippines,2006,16,1,0.0,33.0,,,False,False,True,False,2006-04-17,True,False,0.0,
Philippines,2006,17,1,1.0,98.0,,,False,False,True,False,2006-04-24,True,False,0.01020408163265306,
Philippines,2006,18,1,7.0,104.0,,,False,False,True,False,2006-05-01,True,False,0.0673076923076923,
Philippines,2006,19,1,2.0,115.0,,,False,False,True,False,2006-05-08,True,False,0.017391304347826087,
Philippines,2006,20,1,2.0,145.0,,,False,False,True,False,2006-05-15,True,False,0.013793103448275862,
Philippines,2006,21,1,6.0,133.0,,,False,False,True,False,2006-05-22,True,False,0.045112781954887216,
Philippines,2006,22,1,12.0,136.0,,,False,False,True,False,2006-05-29,True,False,0.08823529411764706,
Philippines,2006,23,1,9.0,147.0,,,False,False,True,False,2006-06-05,True,False,0.061224489795918366,
Philippines,2006,24,1,14.0,94.0,,,False,False,True,False,2006-06-12,True,False,0.14893617021276595,
Philippines,2006,25,1,23.0,147.0,,,False,False,True,False,2006-06-19,True,False,0.1564625850340136,
Philippines,2006,26,1,39.0,177.0,,,False,False,True,False,2006-06-26,True,False,0.22033898305084745,
Philippines,2006,27,1,38.0,194.0,,,False,False,True,False,2006-07-03,True,False,0.1958762886597938,
Philippines,2006,28,1,18.0,123.0,,,False,False,True,False,2006-07-10,True,False,0.14634146341463414,
Philippines,2006,29,1,43.0,167.0,,,False,False,True,False,2006-07-17,True,False,0.25748502994011974,
Philippines,2006,30,1,4.0,67.0,,,False,False,True,False,2006-07-24,True,False,0.05970149253731343,
Philippines,2006,31,1,17.0,156.0,,,False,False,True,False,2006-07-31,True,False,0.10897435897435898,
Philippines,2006,32,1,25.0,184.0,,,False,False,True,False,2006-08-07,True,False,0.1358695652173913,
Philippines,2006,33,1,15.0,171.0,,,False,False,True,False,2006-08-14,True,False,0.08771929824561403,
Philippines,2006,34,1,20.0,155.0,,,False,False,True,False,2006-08-21,True,False,0.12903225806451613,
Philippines,2006,35,1,27.0,180.0,,,False,False,True,False,2006-08-28,True,False,0.15,
Philippines,2006,36,1,33.0,205.0,,,False,False,True,False,2006-09-04,True,False,0.16097560975609757,
Philippines,2006,37,1,36.0,253.0,,,False,False,True,False,2006-09-11,True,False,0.1422924901185771,
Philippines,2006,38,1,19.0,209.0,,,False,False,True,False,2006-09-18,True,False,0.09090909090909091,
Philippines,2006,39,1,16.0,219.0,,,False,False,True,False,2006-09-25,True,False,0.0730593607305936,
Philippines,2006,40,1,6.0,128.0,,,False,False,True,False,2006-10-02,True,False,0.046875,
Philippines,2006,41,1,18.0,170.0,,,False,False,True,False,2006-10-09,True,False,0.10588235294117647,
Philippines,2006,42,1,23.0,212.0,,,False,False,True,False,2006-10-16,True,False,0.10849056603773585,
Philippines,2006,43,1,10.0,89.0,,,False,False,True,False,2006-10-23,True,False,0.11235955056179775,
Philippines,2006,44,1,10.0,54.0,,,False,False,True,False,2006-10-30,True,False,0.18518518518518517,
Philippines,2006,45,1,11.0,193.0,,,False,False,True,False,2006-11-06,True,False,0.05699481865284974,
Philippines,2006,46,1,8.0,165.0,,,False,False,True,False,2006-11-13,True,False,0.048484848484848485,
Philippines,2006,47,1,15.0,157.0,,,False,False,True,False,2006-11-20,True,False,0.09554140127388536,
Philippines,2006,48,1,4.0,146.0,,,False,False,True,False,2006-11-27,True,False,0.0273972602739726,
Philippines,2006,49,1,6.0,163.0,,,False,False,True,False,2006-12-04,True,False,0.03680981595092025,
Philippines,2006,50,1,5.0,107.0,,,False,False,True,False,2006-12-11,True,False,0.04672897196261682,
Philippines,2006,51,1,3.0,86.0,,,False,False,True,False,2006-12-18,True,False,0.03488372093023256,
Philippines,2006,52,1,0.0,5.0,,,False,False,True,False,2006-12-25,True,False,0.0,
Philippines,2007,1,1,5.0,95.0,,,False,False,True,False,2007-01-01,True,False,0.05263157894736842,
Philippines,2007,2,1,4.0,135.0,,,False,False,True,False,2007-01-08,True,False,0.02962962962962963,
Philippines,2007,3,1,4.0,126.0,,,False,False,True,False,2007-01-15,True,False,0.031746031746031744,
Philippines,2007,4,1,5.0,126.0,,,False,False,True,False,2007-01-22,True,False,0.03968253968253968,
Philippines,2007,5,1,3.0,118.0,,,False,False,True,False,2007-01-29,True,False,0.025423728813559324,
Philippines,2007,6,1,3.0,147.0,,,False,False,True,False,2007-02-05,True,False,0.02040816326530612,
Philippines,2007,7,1,4.0,126.0,,,False,False,True,False,2007-02-12,True,False,0.031746031746031744,
Philippines,2007,8,1,4.0,126.0,,,False,False,True,False,2007-02-19,True,False,0.031746031746031744,
Philippines,2007,9,1,1.0,91.0,,,False,False,True,False,2007-02-26,True,False,0.01098901098901099,
Philippines,2007,10,1,2.0,128.0,,,False,False,True,False,2007-03-05,True,False,0.015625,
Philippines,2007,11,1,0.0,129.0,,,False,False,True,False,2007-03-12,True,False,0.0,
Philippines,2007,12,1,1.0,97.0,,,False,False,True,False,2007-03-19,True,False,0.010309278350515464,
Philippines,2007,13,1,0.0,98.0,,,False,False,True,False,2007-03-26,True,False,0.0,
Philippines,2007,14,1,0.0,72.0,,,False,False,True,False,2007-04-02,True,False,0.0,
Philippines,2007,15,1,0.0,84.0,,,False,False,True,False,2007-04-09,True,False,0.0,
Philippines,2007,16,1,1.0,87.0,,,False,False,True,False,2007-04-16,True,False,0.011494252873563218,
Philippines,2007,17,1,1.0,112.0,,,False,False,True,False,2007-04-23,True,False,0.008928571428571428,
Philippines,2007,18,1,1.0,54.0,,,False,False,True,False,2007-04-30,True,False,0.018518518518518517,
Philippines,2007,19,1,2.0,95.0,,,False,False,True,False,2007-05-07,True,False,0.021052631578947368,
Philippines,2007,20,1,0.0,49.0,,,False,False,True,False,2007-05-14,True,False,0.0,
Philippines,2007,21,1,2.0,87.0,,,False,False,True,False,2007-05-21,True,False,0.022988505747126436,
Philippines,2007,22,1,6.0,123.0,,,False,False,True,False,2007-05-28,True,False,0.04878048780487805,
Philippines,2007,23,1,8.0,143.0,,,False,False,True,False,2007-06-04,True,False,0.055944055944055944,
Philippines,2007,24,1,2.0,105.0,,,False,False,True,False,2007-06-11,True,False,0.01904761904761905,
Philippines,2007,25,1,21.0,147.0,,,False,False,True,False,2007-06-18,True,False,0.14285714285714285,
Philippines,2007,26,1,26.0,158.0,,,False,False,True,False,2007-06-25,True,False,0.16455696202531644,
Philippines,2007,27,1,48.0,196.0,,,False,False,True,False,2007-07-02,True,False,0.24489795918367346,
Philippines,2007,28,1,42.0,187.0,,,False,False,True,False,2007-07-09,True,False,0.22459893048128343,
Philippines,2007,29,1,24.0,159.0,,,False,False,True,False,2007-07-16,True,False,0.1509433962264151,
Philippines,2007,30,1,32.0,203.0,,,False,False,True,False,2007-07-23,True,False,0.15763546798029557,
Philippines,2007,31,1,13.0,120.0,,,False,False,True,False,2007-07-30,True,False,0.10833333333333334,
Philippines,2007,32,1,30.0,127.0,,,False,False,True,False,2007-08-06,True,False,0.23622047244094488,
Philippines,2007,33,1,11.0,168.0,,,False,False,True,False,2007-08-13,True,False,0.06547619047619048,
Philippines,2007,34,1,8.0,124.0,,,False,False,True,False,2007-08-20,True,False,0.06451612903225806,
Philippines,2007,35,1,14.0,129.0,,,False,False,True,False,2007-08-27,True,False,0.10852713178294573,
Philippines,2007,36,1,14.0,190.0,,,False,False,True,False,2007-09-03,True,False,0.07368421052631578,
Philippines,2007,37,1,28.0,182.0,,,False,False,True,False,2007-09-10,True,False,0.15384615384615385,
Philippines,2007,38,1,40.0,199.0,,,False,False,True,False,2007-09-17,True,False,0.20100502512562815,
Philippines,2007,39,1,25.0,192.0,,,False,False,True,False,2007-09-24,True,False,0.13020833333333334,
Philippines,2007,40,1,24.0,171.0,,,False,False,True,False,2007-10-01,True,False,0.14035087719298245,
Philippines,2007,41,1,38.0,171.0,,,False,False,True,False,2007-10-08,True,False,0.2222222222222222,
Philippines,2007,42,1,8.0,114.0,,,False,False,True,False,2007-10-15,True,False,0.07017543859649122,
Philippines,2007,43,1,3.0,91.0,,,False,False,True,False,2007-10-22,True,False,0.03296703296703297,
Philippines,2007,44,1,0.0,7.0,,,False,False,True,False,2007-10-29,True,False,0.0,
Philippines,2007,45,1,2.0,82.0,,,False,False,True,False,2007-11-05,True,False,0.024390243902439025,
Philippines,2007,46,1,3.0,93.0,,,False,False,True,False,2007-11-12,True,False,0.03225806451612903,
Philippines,2007,47,1,2.0,106.0,,,False,False,True,False,2007-11-19,True,False,0.018867924528301886,
Philippines,2007,48,1,4.0,143.0,,,False,False,True,False,2007-11-26,True,False,0.027972027972027972,
Philippines,2007,49,1,5.0,106.0,,,False,False,True,False,2007-12-03,True,False,0.04716981132075472,
Philippines,2007,50,1,8.0,94.0,,,False,False,True,False,2007-12-10,True,False,0.0851063829787234,
Philippines,2007,51,1,4.0,74.0,,,False,False,True,False,2007-12-17,True,False,0.05405405405405406,
Philippines,2007,52,1,0.0,5.0,,,False,False,True,False,2007-12-24,True,False,0.0,
Philippines,2008,1,1,0.0,13.0,,,False,False,True,False,2007-12-31,True,False,0.0,
Philippines,2008,2,1,12.0,131.0,,,False,False,True,False,2008-01-07,True,False,0.0916030534351145,
Philippines,2008,3,1,17.0,144.0,,,False,False,True,False,2008-01-14,True,False,0.11805555555555555,
Philippines,2008,4,1,14.0,124.0,,,False,False,True,False,2008-01-21,True,False,0.11290322580645161,
Philippines,2008,5,1,12.0,156.0,,,False,False,True,False,2008-01-28,True,False,0.07692307692307693,
Philippines,2008,6,1,14.0,175.0,,,False,False,True,False,2008-02-04,True,False,0.08,
Philippines,2008,7,1,15.0,216.0,,,False,False,True,False,2008-02-11,True,False,0.06944444444444445,
Philippines,2008,8,1,17.0,215.0,,,False,False,True,False,2008-02-18,True,False,0.07906976744186046,
Philippines,2008,9,1,30.0,190.0,,,False,False,True,False,2008-02-25,True,False,0.15789473684210525,
Philippines,2008,10,1,8.0,215.0,,,False,False,True,False,2008-03-03,True,False,0.037209302325581395,
Philippines,2008,11,1,16.0,227.0,,,False,False,True,False,2008-03-10,True,False,0.07048458149779736,
Philippines,2008,12,1,10.0,150.0,,,False,False,True,False,2008-03-17,True,False,0.06666666666666667,
Philippines,2008,13,1,14.0,165.0,,,False,False,True,False,2008-03-24,True,False,0.08484848484848485,
Philippines,2008,14,1,12.0,169.0,,,False,False,True,False,2008-03-31,True,False,0.07100591715976332,
Philippines,2008,15,1,10.0,186.0,,,False,False,True,False,2008-04-07,True,False,0.053763440860215055,
Philippines,2008,16,1,4.0,,,,False,False,True,False,2008-04-14,False,False,,
Philippines,2008,17,1,12.0,158.0,,,False,False,True,False,2008-04-21,True,False,0.0759493670886076,
Philippines,2008,18,1,14.0,160.0,,,False,False,True,False,2008-04-28,True,False,0.0875,
Philippines,2008,19,1,6.0,181.0,,,False,False,True,False,2008-05-05,True,False,0.03314917127071823,
Philippines,2008,20,1,7.0,145.0,,,False,False,True,False,2008-05-12,True,False,0.04827586206896552,
Philippines,2008,21,1,4.0,162.0,,,False,False,True,False,2008-05-19,True,False,0.024691358024691357,
Philippines,2008,22,1,12.0,174.0,,,False,False,True,False,2008-05-26,True,False,0.06896551724137931,
Philippines,2008,23,1,12.0,161.0,,,False,False,True,False,2008-06-02,True,False,0.07453416149068323,
Philippines,2008,24,1,13.0,209.0,,,False,False,True,False,2008-06-09,True,False,0.06220095693779904,
Philippines,2008,25,1,23.0,243.0,,,False,False,True,False,2008-06-16,True,False,0.09465020576131687,
Philippines,2008,26,1,35.0,227.0,,,False,False,True,False,2008-06-23,True,False,0.15418502202643172,
Philippines,2008,27,1,20.0,260.0,,,False,False,True,False,2008-06-30,True,False,0.07692307692307693,
Philippines,2008,28,1,27.0,278.0,,,False,False,True,False,2008-07-07,True,False,0.09712230215827339,
Philippines,2008,29,1,39.0,277.0,,,False,False,True,False,2008-07-14,True,False,0.1407942238267148,
Philippines,2008,30,1,45.0,284.0,,,False,False,True,False,2008-07-21,True,False,0.15845070422535212,
Philippines,2008,31,1,36.0,280.0,,,False,False,True,False,2008-07-28,True,False,0.12857142857142856,
Philippines,2008,32,1,32.0,308.0,,,False,False,True,False,2008-08-04,True,False,0.1038961038961039,
Philippines,2008,33,1,19.0,311.0,,,False,False,True,False,2008-08-11,True,False,0.06109324758842444,
Philippines,2008,34,1,19.0,230.0,,,False,False,True,False,2008-08-18,True,False,0.08260869565217391,
Philippines,2008,35,1,12.0,215.0,,,False,False,True,False,2008-08-25,True,False,0.05581395348837209,
Philippines,2008,36,1,18.0,285.0,,,False,False,True,False,2008-09-01,True,False,0.06315789473684211,
Philippines,2008,37,1,8.0,341.0,,,False,False,True,False,2008-09-08,True,False,0.02346041055718475,
Philippines,2008,38,1,17.0,314.0,,,False,False,True,False,2008-09-15,True,False,0.054140127388535034,
Philippines,2008,39,1,26.0,339.0,,,False,False,True,False,2008-09-22,True,False,0.07669616519174041,
Philippines,2008,40,1,28.0,342.0,,,False,False,True,False,2008-09-29,True,False,0.08187134502923976,
Philippines,2008,41,1,15.0,306.0,,,False,False,True,False,2008-10-06,True,False,0.049019607843137254,
Philippines,2008,42,1,8.0,371.0,,,False,False,True,False,2008-10-13,True,False,0.0215633423180593,
Philippines,2008,43,1,3.0,414.0,,,False,False,True,False,2008-10-20,True,False,0.007246376811594203,
Philippines,2008,44,1,8.0,345.0,,,False,False,True,False,2008-10-27,True,False,0.02318840579710145,
Philippines,2008,45,1,10.0,379.0,,,False,False,True,False,2008-11-03,True,False,0.026385224274406333,
Philippines,2008,46,1,8.0,321.0,,,False,False,True,False,2008-11-10,True,False,0.024922118380062305,
Philippines,2008,47,1,17.0,326.0,,,False,False,True,False,2008-11-17,True,False,0.05214723926380368,
Philippines,2008,48,1,3.0,272.0,,,False,False,True,False,2008-11-24,True,False,0.011029411764705883,
Philippines,2008,49,1,7.0,167.0,,,False,False,True,False,2008-12-01,True,False,0.041916167664670656,
Philippines,2008,50,1,26.0,219.0,,,False,False,True,False,2008-12-08,True,False,0.1187214611872146,
Philippines,2008,51,1,11.0,150.0,,,False,False,True,False,2008-12-15,True,False,0.07333333333333333,
Philippines,2008,52,1,2.0,42.0,,,False,False,True,False,2008-12-22,True,False,0.047619047619047616,
Philippines,2009,1,1,18.0,235.0,,,False,False,True,False,2008-12-29,True,False,0.07659574468085106,
Philippines,2009,2,1,5.0,261.0,,,False,False,True,False,2009-01-05,True,False,0.019157088122605363,
Philippines,2009,3,1,11.0,245.0,,,False,False,True,False,2009-01-12,True,False,0.044897959183673466,
Philippines,2009,4,1,9.0,238.0,,,False,False,True,False,2009-01-19,True,False,0.037815126050420166,
Philippines,2009,5,1,8.0,233.0,,,False,False,True,False,2009-01-26,True,False,0.034334763948497854,
Philippines,2009,6,1,12.0,280.0,,,False,False,True,False,2009-02-02,True,False,0.04285714285714286,
Philippines,2009,7,1,23.0,247.0,,,False,False,True,False,2009-02-09,True,False,0.0931174089068826,
Philippines,2009,8,1,20.0,207.0,,,False,False,True,False,2009-02-16,True,False,0.0966183574879227,
Philippines,2009,9,1,15.0,246.0,,,False,False,True,False,2009-02-23,True,False,0.06097560975609756,
Philippines,2009,10,1,27.0,265.0,,,False,False,True,False,2009-03-02,True,False,0.1018867924528302,
Philippines,2009,11,1,34.0,246.0,,,False,False,True,False,2009-03-09,True,False,0.13821138211382114,
Philippines,2009,12,1,30.0,234.0,,,False,False,True,False,2009-03-16,True,False,0.1282051282051282,
Philippines,2009,13,1,12.0,214.0,,,False,False,True,False,2009-03-23,True,False,0.056074766355140186,
Philippines,2009,14,1,4.0,55.0,,,False,False,True,False,2009-03-30,True,False,0.07272727272727272,
Philippines,2009,15,1,18.0,176.0,,,False,False,True,False,2009-04-06,True,False,0.10227272727272728,
Philippines,2009,16,1,16.0,158.0,,,False,False,True,False,2009-04-13,True,False,0.10126582278481013,
Philippines,2009,17,1,25.0,148.0,,,False,False,True,False,2009-04-20,True,False,0.16891891891891891,
Philippines,2009,18,1,16.0,235.0,,,False,False,True,False,2009-04-27,True,False,0.06808510638297872,
Philippines,2009,19,1,21.0,256.0,,,False,False,True,False,2009-05-04,True,False,0.08203125,
Philippines,2009,20,1,24.0,276.0,,,False,False,True,False,2009-05-11,True,False,0.08695652173913043,
Philippines,2009,21,1,55.0,490.0,,,False,False,True,False,2009-05-18,True,False,0.11224489795918367,
Philippines,2009,22,1,111.0,609.0,,,False,False,True,False,2009-05-25,True,False,0.18226600985221675,
Philippines,2009,23,1,415.0,1155.0,,,False,False,True,False,2009-06-01,True,False,0.3593073593073593,
Philippines,2009,24,1,730.0,1740.0,,,False,False,True,False,2009-06-08,True,False,0.41954022988505746,
Philippines,2009,25,1,1231.0,2230.0,,,False,False,True,False,2009-06-15,True,False,0.5520179372197309,
Philippines,2009,26,1,1396.0,2757.0,,,False,False,True,False,2009-06-22,True,False,0.5063474791439971,
Philippines,2009,27,1,832.0,1644.0,,,False,False,True,False,2009-06-29,True,False,0.5060827250608273,
Philippines,2009,28,1,746.0,1165.0,,,False,False,True,False,2009-07-06,True,False,0.640343347639485,
Philippines,2009,29,1,698.0,1208.0,,,False,False,True,False,2009-07-13,True,False,0.5778145695364238,
Philippines,2009,30,1,334.0,720.0,,,False,False,True,False,2009-07-20,True,False,0.4638888888888889,
Philippines,2009,31,1,358.0,700.0,,,False,False,True,False,2009-07-27,True,False,0.5114285714285715,
Philippines,2009,32,1,136.0,388.0,,,False,False,True,False,2009-08-03,True,False,0.35051546391752575,
Philippines,2009,33,1,104.0,383.0,,,False,False,True,False,2009-08-10,True,False,0.27154046997389036,
Philippines,2009,34,1,68.0,372.0,,,False,False,True,False,2009-08-17,True,False,0.1827956989247312,
Philippines,2009,35,1,16.0,254.0,,,False,False,True,False,2009-08-24,True,False,0.06299212598425197,
Philippines,2009,36,1,16.0,205.0,,,False,False,True,False,2009-08-31,True,False,0.07804878048780488,
Philippines,2009,37,1,11.0,209.0,,,False,False,True,False,2009-09-07,True,False,0.05263157894736842,
Philippines,2009,38,1,5.0,229.0,,,False,False,True,False,2009-09-14,True,False,0.021834061135371178,
Philippines,2009,39,1,4.0,190.0,,,False,False,True,False,2009-09-21,True,False,0.021052631578947368,
Philippines,2009,40,1,5.0,189.0,,,False,False,True,False,2009-09-28,True,False,0.026455026455026454,
Philippines,2009,41,1,5.0,233.0,,,False,False,True,False,2009-10-05,True,False,0.02145922746781116,
Philippines,2009,42,1,14.0,191.0,,,False,False,True,False,2009-10-12,True,False,0.07329842931937172,
Philippines,2009,44,1,8.0,193.0,,,False,False,True,False,2009-10-26,True,False,0.04145077720207254,
Philippines,2009,45,1,7.0,257.0,,,False,False,True,False,2009-11-02,True,False,0.027237354085603113,
Philippines,2009,46,1,17.0,222.0,,,False,False,True,False,2009-11-09,True,False,0.07657657657657657,
Philippines,2009,47,1,6.0,216.0,,,False,False,True,False,2009-11-16,True,False,0.027777777777777776,
Philippines,2009,48,1,10.0,175.0,,,False,False,True,False,2009-11-23,True,False,0.05714285714285714,
Philippines,2009,49,1,10.0,168.0,,,False,False,True,False,2009-11-30,True,False,0.05952380952380952,
Philippines,2009,50,1,9.0,133.0,,,False,False,True,False,2009-12-07,True,False,0.06766917293233082,
Philippines,2009,51,1,1.0,89.0,,,False,False,True,False,2009-12-14,True,False,0.011235955056179775,
Philippines,2010,1,1,9.0,234.0,,,False,False,True,False,2010-01-04,True,False,0.038461538461538464,
Philippines,2010,2,1,17.0,203.0,,,False,False,True,False,2010-01-11,True,False,0.08374384236453201,
Philippines,2010,3,1,3.0,209.0,,,False,False,True,False,2010-01-18,True,False,0.014354066985645933,
Philippines,2010,4,1,6.0,242.0,,,False,False,True,False,2010-01-25,True,False,0.024793388429752067,
Philippines,2010,5,1,16.0,208.0,,,False,False,True,False,2010-02-01,True,False,0.07692307692307693,
Philippines,2010,6,1,43.0,255.0,,,False,False,True,False,2010-02-08,True,False,0.16862745098039217,
Philippines,2010,7,1,20.0,208.0,,,False,False,True,False,2010-02-15,True,False,0.09615384615384616,
Philippines,2010,8,1,13.0,217.0,,,False,False,True,False,2010-02-22,True,False,0.059907834101382486,
Philippines,2010,9,1,6.0,211.0,,,False,False,True,False,2010-03-01,True,False,0.02843601895734597,
Philippines,2010,10,1,15.0,216.0,,,False,False,True,False,2010-03-08,True,False,0.06944444444444445,
Philippines,2010,11,1,9.0,155.0,,,False,False,True,False,2010-03-15,True,False,0.05806451612903226,
Philippines,2010,12,1,10.0,155.0,,,False,False,True,False,2010-03-22,True,False,0.06451612903225806,
Philippines,2010,13,1,9.0,106.0,,,False,False,True,False,2010-03-29,True,False,0.08490566037735849,
Philippines,2010,14,1,15.0,150.0,,,False,False,True,False,2010-04-05,True,False,0.1,
Philippines,2010,15,1,8.0,131.0,,,False,False,True,False,2010-04-12,True,False,0.061068702290076333,
Philippines,2010,16,1,8.0,145.0,,,False,False,True,False,2010-04-19,True,False,0.05517241379310345,
Philippines,2010,17,1,3.0,121.0,,,False,False,True,False,2010-04-26,True,False,0.024793388429752067,
Philippines,2010,18,1,2.0,76.0,,,False,False,True,False,2010-05-03,True,False,0.02631578947368421,
Philippines,2010,19,1,3.0,96.0,,,False,False,True,False,2010-05-10,True,False,0.03125,
Philippines,2010,20,1,13.0,134.0,,,False,False,True,False,2010-05-17,True,False,0.09701492537313433,
Philippines,2010,21,1,7.0,138.0,,,False,False,True,False,2010-05-24,True,False,0.050724637681159424,
Philippines,2010,22,1,10.0,113.0,,,False,False,True,False,2010-05-31,True,False,0.08849557522123894,
Philippines,2010,23,1,13.0,142.0,,,False,False,True,False,2010-06-07,True,False,0.09154929577464789,
Philippines,2010,24,1,22.0,147.0,,,False,False,True,False,2010-06-14,True,False,0.14965986394557823,
Philippines,2010,25,1,28.0,204.0,,,False,False,True,False,2010-06-21,True,False,0.13725490196078433,
Philippines,2010,26,1,48.0,224.0,,,False,False,True,False,2010-06-28,True,False,0.21428571428571427,
Philippines,2010,27,1,55.0,286.0,,,False,False,True,False,2010-07-05,True,False,0.19230769230769232,
Philippines,2010,28,1,78.0,318.0,,,False,False,True,False,2010-07-12,True,False,0.24528301886792453,
Philippines,2010,29,1,74.0,331.0,,,False,False,True,False,2010-07-19,True,False,0.22356495468277945,
Philippines,2010,30,1,114.0,349.0,,,False,False,True,False,2010-07-26,True,False,0.32664756446991405,
Philippines,2010,31,1,92.0,335.0,,,False,False,True,False,2010-08-02,True,False,0.2746268656716418,
Philippines,2010,32,1,116.0,401.0,,,False,False,True,False,2010-08-09,True,False,0.2892768079800499,
Philippines,2010,33,1,148.0,428.0,,,False,False,True,False,2010-08-16,True,False,0.34579439252336447,
Philippines,2010,34,1,174.0,455.0,,,False,False,True,False,2010-08-23,True,False,0.3824175824175824,
Philippines,2010,35,1,82.0,284.0,,,False,False,True,False,2010-08-30,True,False,0.2887323943661972,
Philippines,2010,36,1,54.0,218.0,,,False,False,True,False,2010-09-06,True,False,0.24770642201834864,
Philippines,2010,37,1,97.0,336.0,,,False,False,True,False,2010-09-13,True,False,0.28869047619047616,
Philippines,2010,38,1,87.0,290.0,,,False,False,True,False,2010-09-20,True,False,0.3,
Philippines,2010,39,1,59.0,256.0,,,False,False,True,False,2010-09-27,True,False,0.23046875,
Philippines,2010,40,1,36.0,215.0,,,False,False,True,False,2010-10-04,True,False,0.16744186046511628,
Philippines,2010,41,1,42.0,196.0,,,False,False,True,False,2010-10-11,True,False,0.21428571428571427,
Philippines,2010,42,1,5.0,111.0,,,False,False,True,False,2010-10-18,True,False,0.04504504504504504,
Philippines,2010,43,1,14.0,98.0,,,False,False,True,False,2010-10-25,True,False,0.14285714285714285,
Philippines,2010,44,1,4.0,59.0,,,False,False,True,False,2010-11-01,True,False,0.06779661016949153,
Philippines,2010,45,1,7.0,93.0,,,False,False,True,False,2010-11-08,True,False,0.07526881720430108,
Philippines,2010,46,1,7.0,104.0,,,False,False,True,False,2010-11-15,True,False,0.0673076923076923,
Philippines,2010,47,1,12.0,151.0,,,False,False,True,False,2010-11-22,True,False,0.07947019867549669,
Philippines,2010,48,1,3.0,123.0,,,False,False,True,False,2010-11-29,True,False,0.024390243902439025,
Philippines,2010,49,1,2.0,128.0,,,False,False,True,False,2010-12-06,True,False,0.015625,
Philippines,2010,50,1,5.0,83.0,,,False,False,True,False,2010-12-13,True,False,0.060240963855421686,
Philippines,2010,51,1,1.0,13.0,,,False,False,True,False,2010-12-20,True,False,0.07692307692307693,
Philippines,2011,1,1,5.0,219.0,,,False,False,True,False,2011-01-03,True,False,0.0228310502283105,
Philippines,2011,2,1,13.0,237.0,,,False,False,True,False,2011-01-10,True,False,0.05485232067510549,
Philippines,2011,3,1,5.0,221.0,,,False,False,True,False,2011-01-17,True,False,0.02262443438914027,
Philippines,2011,4,1,7.0,260.0,,,False,False,True,False,2011-01-24,True,False,0.026923076923076925,
Philippines,2011,5,1,8.0,276.0,,,False,False,True,False,2011-01-31,True,False,0.028985507246376812,
Philippines,2011,6,1,20.0,267.0,,,False,False,True,False,2011-02-07,True,False,0.0749063670411985,
Philippines,2011,7,1,25.0,226.0,,,False,False,True,False,2011-02-14,True,False,0.11061946902654868,
Philippines,2011,8,1,21.0,248.0,,,False,False,True,False,2011-02-21,True,False,0.0846774193548387,
Philippines,2011,9,1,15.0,215.0,,,False,False,True,False,2011-02-28,True,False,0.06976744186046512,
Philippines,2011,10,1,20.0,196.0,,,False,False,True,False,2011-03-07,True,False,0.10204081632653061,
Philippines,2011,11,1,20.0,218.0,,,False,False,True,False,2011-03-14,True,False,0.09174311926605505,
Philippines,2011,12,1,18.0,210.0,,,False,False,True,False,2011-03-21,True,False,0.08571428571428572,
Philippines,2011,13,1,13.0,174.0,,,False,False,True,False,2011-03-28,True,False,0.07471264367816093,
Philippines,2011,14,1,10.0,136.0,,,False,False,True,False,2011-04-04,True,False,0.07352941176470588,
Philippines,2011,15,1,10.0,117.0,,,False,False,True,False,2011-04-11,True,False,0.08547008547008547,
Philippines,2011,16,1,3.0,56.0,,,False,False,True,False,2011-04-18,True,False,0.05357142857142857,
Philippines,2011,17,1,5.0,97.0,,,False,False,True,False,2011-04-25,True,False,0.05154639175257732,
Philippines,2011,18,1,6.0,88.0,,,False,False,True,False,2011-05-02,True,False,0.06818181818181818,
Philippines,2011,19,1,3.0,93.0,,,False,False,True,False,2011-05-09,True,False,0.03225806451612903,
Philippines,2011,20,1,1.0,118.0,,,False,False,True,False,2011-05-16,True,False,0.00847457627118644,
Philippines,2011,21,1,6.0,130.0,,,False,False,True,False,2011-05-23,True,False,0.046153846153846156,
Philippines,2011,22,1,10.0,126.0,,,False,False,True,False,2011-05-30,True,False,0.07936507936507936,
Philippines,2011,23,1,6.0,130.0,,,False,False,True,False,2011-06-06,True,False,0.046153846153846156,
Philippines,2011,24,1,6.0,130.0,,,False,False,True,False,2011-06-13,True,False,0.046153846153846156,
Philippines,2011,25,1,2.0,98.0,,,False,False,True,False,2011-06-20,True,False,0.02040816326530612,
Philippines,2011,26,1,17.0,175.0,,,False,False,True,False,2011-06-27,True,False,0.09714285714285714,
Philippines,2011,27,1,17.0,227.0,,,False,False,True,False,2011-07-04,True,False,0.07488986784140969,
Philippines,2011,28,1,20.0,189.0,,,False,False,True,False,2011-07-11,True,False,0.10582010582010581,
Philippines,2011,29,1,32.0,218.0,,,False,False,True,False,2011-07-18,True,False,0.14678899082568808,
Philippines,2011,30,1,12.0,177.0,,,False,False,True,False,2011-07-25,True,False,0.06779661016949153,
Philippines,2011,31,1,28.0,241.0,,,False,False,True,False,2011-08-01,True,False,0.11618257261410789,
Philippines,2011,32,1,28.0,215.0,,,False,False,True,False,2011-08-08,True,False,0.13023255813953488,
Philippines,2011,33,1,51.0,283.0,,,False,False,True,False,2011-08-15,True,False,0.18021201413427562,
Philippines,2011,34,1,39.0,321.0,,,False,False,True,False,2011-08-22,True,False,0.12149532710280374,
Philippines,2011,35,1,2.0,55.0,,,False,False,True,False,2011-08-29,True,False,0.03636363636363636,
Philippines,2011,36,1,24.0,256.0,,,False,False,True,False,2011-09-05,True,False,0.09375,
Philippines,2011,37,1,18.0,243.0,,,False,False,True,False,2011-09-12,True,False,0.07407407407407407,
Philippines,2011,38,1,16.0,223.0,,,False,False,True,False,2011-09-19,True,False,0.07174887892376682,
Philippines,2011,39,1,17.0,189.0,,,False,False,True,False,2011-09-26,True,False,0.08994708994708994,
Philippines,2011,40,1,29.0,240.0,,,False,False,True,False,2011-10-03,True,False,0.12083333333333333,
Philippines,2011,41,1,25.0,234.0,,,False,False,True,False,2011-10-10,True,False,0.10683760683760683,
Philippines,2011,42,1,45.0,310.0,,,False,False,True,False,2011-10-17,True,False,0.14516129032258066,
Philippines,2011,43,1,41.0,273.0,,,False,False,True,False,2011-10-24,True,False,0.15018315018315018,
Philippines,2011,44,1,11.0,94.0,,,False,False,True,False,2011-10-31,True,False,0.11702127659574468,
Philippines,2011,45,1,22.0,220.0,,,False,False,True,False,2011-11-07,True,False,0.1,
Philippines,2011,46,1,34.0,186.0,,,False,False,True,False,2011-11-14,True,False,0.1827956989247312,
Philippines,2011,47,1,27.0,219.0,,,False,False,True,False,2011-11-21,True,False,0.1232876712328767,
Philippines,2011,48,1,22.0,186.0,,,False,False,True,False,2011-11-28,True,False,0.11827956989247312,
Philippines,2011,49,1,24.0,189.0,,,False,False,True,False,2011-12-05,True,False,0.12698412698412698,
Philippines,2011,50,1,24.0,145.0,,,False,False,True,False,2011-12-12,True,False,0.16551724137931034,
Philippines,2011,51,1,11.0,85.0,,,False,False,True,False,2011-12-19,True,False,0.12941176470588237,
Philippines,2011,52,1,0.0,10.0,,,False,False,True,False,2011-12-26,True,False,0.0,
Philippines,2012,1,1,28.0,137.0,,,False,False,True,False,2012-01-02,True,False,0.20437956204379562,
Philippines,2012,2,1,32.0,210.0,,,False,False,True,False,2012-01-09,True,False,0.1523809523809524,
Philippines,2012,3,1,16.0,162.0,,,False,False,True,False,2012-01-16,True,False,0.09876543209876543,
Philippines,2012,4,1,16.0,167.0,,,False,False,True,False,2012-01-23,True,False,0.09580838323353294,
Philippines,2012,5,1,6.0,173.0,,,False,False,True,False,2012-01-30,True,False,0.03468208092485549,
Philippines,2012,6,1,9.0,197.0,,,False,False,True,False,2012-02-06,True,False,0.04568527918781726,
Philippines,2012,7,1,7.0,175.0,,,False,False,True,False,2012-02-13,True,False,0.04,
Philippines,2012,8,1,5.0,158.0,,,False,False,True,False,2012-02-20,True,False,0.03164556962025317,
Philippines,2012,9,1,3.0,195.0,,,False,False,True,False,2012-02-27,True,False,0.015384615384615385,
Philippines,2012,10,1,2.0,180.0,,,False,False,True,False,2012-03-05,True,False,0.011111111111111112,
Philippines,2012,11,1,4.0,194.0,,,False,False,True,False,2012-03-12,True,False,0.020618556701030927,
Philippines,2012,12,1,1.0,162.0,,,False,False,True,False,2012-03-19,True,False,0.006172839506172839,
Philippines,2012,13,1,1.0,182.0,,,False,False,True,False,2012-03-26,True,False,0.005494505494505495,
Philippines,2012,14,1,1.0,57.0,,,False,False,True,False,2012-04-02,True,False,0.017543859649122806,
Philippines,2012,15,1,2.0,117.0,,,False,False,True,False,2012-04-09,True,False,0.017094017094017096,
Philippines,2012,16,1,3.0,130.0,,,False,False,True,False,2012-04-16,True,False,0.023076923076923078,
Philippines,2012,17,1,0.0,110.0,,,False,False,True,False,2012-04-23,True,False,0.0,
Philippines,2012,18,1,0.0,69.0,,,False,False,True,False,2012-04-30,True,False,0.0,
Philippines,2012,19,1,0.0,125.0,,,False,False,True,False,2012-05-07,True,False,0.0,
Philippines,2012,20,1,1.0,109.0,,,False,False,True,False,2012-05-14,True,False,0.009174311926605505,
Philippines,2012,21,1,0.0,129.0,,,False,False,True,False,2012-05-21,True,False,0.0,
Philippines,2012,22,1,0.0,129.0,,,False,False,True,False,2012-05-28,True,False,0.0,
Philippines,2012,23,1,0.0,92.0,,,False,False,True,False,2012-06-04,True,False,0.0,
Philippines,2012,24,1,0.0,91.0,,,False,False,True,False,2012-06-11,True,False,0.0,
Philippines,2012,25,1,2.0,147.0,,,False,False,True,False,2012-06-18,True,False,0.013605442176870748,
Philippines,2012,26,1,2.0,165.0,,,False,False,True,False,2012-06-25,True,False,0.012121212121212121,
Philippines,2012,27,1,8.0,177.0,,,False,False,True,False,2012-07-02,True,False,0.04519774011299435,
Philippines,2012,28,1,14.0,184.0,,,False,False,True,False,2012-07-09,True,False,0.07608695652173914,
Philippines,2012,29,1,59.0,236.0,,,False,False,True,False,2012-07-16,True,False,0.25,
Philippines,2012,30,1,71.0,245.0,,,False,False,True,False,2012-07-23,True,False,0.2897959183673469,
Philippines,2012,31,1,41.0,181.0,,,False,False,True,False,2012-07-30,True,False,0.2265193370165746,
Philippines,2012,32,1,29.0,195.0,,,False,False,True,False,2012-08-06,True,False,0.14871794871794872,
Philippines,2012,33,1,30.0,129.0,,,False,False,True,False,2012-08-13,True,False,0.23255813953488372,
Philippines,2012,34,1,13.0,67.0,,,False,False,True,False,2012-08-20,True,False,0.19402985074626866,
Philippines,2012,35,1,33.0,161.0,,,False,False,True,False,2012-08-27,True,False,0.20496894409937888,
Philippines,2012,36,1,25.0,212.0,,,False,False,True,False,2012-09-03,True,False,0.1179245283018868,
Philippines,2012,37,1,20.0,154.0,,,False,False,True,False,2012-09-10,True,False,0.12987012987012986,
Philippines,2012,38,1,22.0,141.0,,,False,False,True,False,2012-09-17,True,False,0.15602836879432624,
Philippines,2012,39,1,20.0,136.0,,,False,False,True,False,2012-09-24,True,False,0.14705882352941177,
Philippines,2012,40,1,12.0,151.0,,,False,False,True,False,2012-10-01,True,False,0.07947019867549669,
Philippines,2012,41,1,12.0,144.0,,,False,False,True,False,2012-10-08,True,False,0.08333333333333333,
Philippines,2012,42,1,11.0,138.0,,,False,False,True,False,2012-10-15,True,False,0.07971014492753623,
Philippines,2012,43,1,5.0,91.0,,,False,False,True,False,2012-10-22,True,False,0.054945054945054944,
Philippines,2012,44,1,13.0,64.0,,,False,False,True,False,2012-10-29,True,False,0.203125,
Philippines,2012,45,1,10.0,131.0,,,False,False,True,False,2012-11-05,True,False,0.07633587786259542,
Philippines,2012,46,1,25.0,154.0,,,False,False,True,False,2012-11-12,True,False,0.16233766233766234,
Philippines,2012,47,1,3.0,98.0,,,False,False,True,False,2012-11-19,True,False,0.030612244897959183,
Philippines,2012,48,1,11.0,132.0,,,False,False,True,False,2012-11-26,True,False,0.08333333333333333,
Philippines,2012,49,1,11.0,151.0,,,False,False,True,False,2012-12-03,True,False,0.0728476821192053,
Philippines,2012,50,1,11.0,112.0,,,False,False,True,False,2012-12-10,True,False,0.09821428571428571,
Philippines,2013,1,1,1.0,29.0,,,False,False,True,False,2012-12-31,True,False,0.034482758620689655,
Philippines,2013,2,1,16.0,117.0,,,False,False,True,False,2013-01-07,True,False,0.13675213675213677,
Philippines,2013,3,1,26.0,140.0,,,False,False,True,False,2013-01-14,True,False,0.18571428571428572,
Philippines,2013,4,1,19.0,144.0,,,False,False,True,False,2013-01-21,True,False,0.13194444444444445,
Philippines,2013,5,1,32.0,128.0,,,False,False,True,False,2013-01-28,True,False,0.25,
Philippines,2013,6,1,27.0,127.0,,,False,False,True,False,2013-02-04,True,False,0.2125984251968504,
Philippines,2013,7,1,30.0,112.0,,,False,False,True,False,2013-02-11,True,False,0.26785714285714285,
Philippines,2013,8,1,19.0,119.0,,,False,False,True,False,2013-02-18,True,False,0.15966386554621848,
Philippines,2013,9,1,21.0,114.0,,,False,False,True,False,2013-02-25,True,False,0.18421052631578946,
Philippines,2013,10,1,27.0,130.0,,,False,False,True,False,2013-03-04,True,False,0.2076923076923077,
Philippines,2013,11,1,29.0,128.0,,,False,False,True,False,2013-03-11,True,False,0.2265625,
Philippines,2013,12,1,17.0,113.0,,,False,False,True,False,2013-03-18,True,False,0.1504424778761062,
Philippines,2013,13,1,14.0,59.0,,,False,False,True,False,2013-03-25,True,False,0.23728813559322035,
Philippines,2013,14,1,16.0,83.0,,,False,False,True,False,2013-04-01,True,False,0.1927710843373494,
Philippines,2013,15,1,3.0,44.0,,,False,False,True,False,2013-04-08,True,False,0.06818181818181818,
Philippines,2013,16,1,12.0,82.0,,,False,False,True,False,2013-04-15,True,False,0.14634146341463414,
Philippines,2013,17,1,4.0,82.0,,,False,False,True,False,2013-04-22,True,False,0.04878048780487805,
Philippines,2013,18,1,6.0,78.0,,,False,False,True,False,2013-04-29,True,False,0.07692307692307693,
Philippines,2013,19,1,2.0,56.0,,,False,False,True,False,2013-05-06,True,False,0.03571428571428571,
Philippines,2013,20,1,8.0,40.0,,,False,False,True,False,2013-05-13,True,False,0.2,
Philippines,2013,21,1,17.0,83.0,,,False,False,True,False,2013-05-20,True,False,0.20481927710843373,
Philippines,2013,22,1,13.0,84.0,,,False,False,True,False,2013-05-27,True,False,0.15476190476190477,
Philippines,2013,23,1,11.0,88.0,,,False,False,True,False,2013-06-03,True,False,0.125,
Philippines,2013,24,1,6.0,48.0,,,False,False,True,False,2013-06-10,True,False,0.125,
Philippines,2013,25,1,17.0,111.0,,,False,False,True,False,2013-06-17,True,False,0.15315315315315314,
Philippines,2013,26,1,38.0,119.0,,,False,False,True,False,2013-06-24,True,False,0.31932773109243695,
Philippines,2013,27,1,13.0,109.0,,,False,False,True,False,2013-07-01,True,False,0.11926605504587157,
Philippines,2013,28,1,16.0,128.0,,,False,False,True,False,2013-07-08,True,False,0.125,
Philippines,2013,29,1,25.0,113.0,,,False,False,True,False,2013-07-15,True,False,0.22123893805309736,
Philippines,2013,30,1,7.0,156.0,,,False,False,True,False,2013-07-22,True,False,0.04487179487179487,
Philippines,2013,31,1,27.0,136.0,,,False,False,True,False,2013-07-29,True,False,0.19852941176470587,
Philippines,2013,32,1,25.0,109.0,,,False,False,True,False,2013-08-05,True,False,0.22935779816513763,
Philippines,2013,33,1,20.0,85.0,,,False,False,True,False,2013-08-12,True,False,0.23529411764705882,
Philippines,2013,34,1,11.0,55.0,,,False,False,True,False,2013-08-19,True,False,0.2,
Philippines,2013,35,1,8.0,71.0,,,False,False,True,False,2013-08-26,True,False,0.11267605633802817,
Philippines,2013,36,1,17.0,161.0,,,False,False,True,False,2013-09-02,True,False,0.10559006211180125,
Philippines,2013,37,1,25.0,89.0,,,False,False,True,False,2013-09-09,True,False,0.2808988764044944,
Philippines,2013,38,1,39.0,157.0,,,False,False,True,False,2013-09-16,True,False,0.2484076433121019,
Philippines,2013,39,1,25.0,116.0,,,False,False,True,False,2013-09-23,True,False,0.21551724137931033,
Philippines,2013,40,1,49.0,126.0,,,False,False,True,False,2013-09-30,True,False,0.3888888888888889,
Philippines,2013,41,1,66.0,171.0,,,False,False,True,False,2013-10-07,True,False,0.38596491228070173,
Philippines,2013,42,1,21.0,69.0,,,False,False,True,False,2013-10-14,True,False,0.30434782608695654,
Philippines,2013,43,1,32.0,120.0,,,False,False,True,False,2013-10-21,True,False,0.26666666666666666,
Philippines,2013,44,1,12.0,47.0,,,False,False,True,False,2013-10-28,True,False,0.2553191489361702,
Philippines,2013,45,1,32.0,120.0,,,False,False,True,False,2013-11-04,True,False,0.26666666666666666,
Philippines,2013,46,1,27.0,101.0,,,False,False,True,False,2013-11-11,True,False,0.26732673267326734,
Philippines,2013,47,1,17.0,109.0,,,False,False,True,False,2013-11-18,True,False,0.1559633027522936,
Philippines,2013,48,1,8.0,61.0,,,False,False,True,False,2013-11-25,True,False,0.13114754098360656,
Philippines,2013,49,1,13.0,108.0,,,False,False,True,False,2013-12-02,True,False,0.12037037037037036,
Philippines,2013,50,1,8.0,73.0,,,False,False,True,False,2013-12-09,True,False,0.1095890410958904,
Philippines,2013,51,1,1.0,4.0,,,False,False,True,False,2013-12-16,True,False,0.25,
Philippines,2014,1,1,1.0,1.0,,,False,False,True,False,2013-12-30,True,False,1.0,
Philippines,2014,2,1,5.0,78.0,,,False,False,True,False,2014-01-06,True,False,0.0641025641025641,
Philippines,2014,3,1,10.0,87.0,,,False,False,True,False,2014-01-13,True,False,0.11494252873563218,
Philippines,2014,4,1,8.0,86.0,,,False,False,True,False,2014-01-20,True,False,0.09302325581395349,
Philippines,2014,5,1,16.0,82.0,,,False,False,True,False,2014-01-27,True,False,0.1951219512195122,
Philippines,2014,6,1,3.0,76.0,,,False,False,True,False,2014-02-03,True,False,0.039473684210526314,
Philippines,2014,7,1,5.0,83.0,,,False,False,True,False,2014-02-10,True,False,0.060240963855421686,
Philippines,2014,8,1,4.0,54.0,,,False,False,True,False,2014-02-17,True,False,0.07407407407407407,
Philippines,2014,9,1,5.0,77.0,,,False,False,True,False,2014-02-24,True,False,0.06493506493506493,
Philippines,2014,10,1,2.0,89.0,,,False,False,True,False,2014-03-03,True,False,0.02247191011235955,
Philippines,2014,11,1,3.0,79.0,,,False,False,True,False,2014-03-10,True,False,0.0379746835443038,
Philippines,2014,12,1,12.0,79.0,,,False,False,True,False,2014-03-17,True,False,0.1518987341772152,
Philippines,2014,13,1,4.0,72.0,,,False,False,True,False,2014-03-24,True,False,0.05555555555555555,
Philippines,2014,14,1,13.0,72.0,,,False,False,True,False,2014-03-31,True,False,0.18055555555555555,
Philippines,2014,15,1,9.0,83.0,,,False,False,True,False,2014-04-07,True,False,0.10843373493975904,
Philippines,2014,16,1,4.0,21.0,,,False,False,True,False,2014-04-14,True,False,0.19047619047619047,
Philippines,2014,17,1,8.0,61.0,,,False,False,True,False,2014-04-21,True,False,0.13114754098360656,
Philippines,2014,18,1,15.0,61.0,,,False,False,True,False,2014-04-28,True,False,0.2459016393442623,
Philippines,2014,19,1,28.0,86.0,,,False,False,True,False,2014-05-05,True,False,0.32558139534883723,
Philippines,2014,20,1,21.0,81.0,,,False,False,True,False,2014-05-12,True,False,0.25925925925925924,
Philippines,2014,21,1,16.0,59.0,,,False,False,True,False,2014-05-19,True,False,0.2711864406779661,
Philippines,2014,22,1,12.0,40.0,,,False,False,True,False,2014-05-26,True,False,0.3,
Philippines,2014,23,1,19.0,68.0,,,False,False,True,False,2014-06-02,True,False,0.27941176470588236,
Philippines,2014,24,1,10.0,45.0,,,False,False,True,False,2014-06-09,True,False,0.2222222222222222,
Philippines,2014,25,1,14.0,75.0,,,False,False,True,False,2014-06-16,True,False,0.18666666666666668,
Philippines,2014,26,1,10.0,84.0,,,False,False,True,False,2014-06-23,True,False,0.11904761904761904,
Philippines,2014,27,1,22.0,82.0,,,False,False,True,False,2014-06-30,True,False,0.2682926829268293,
Philippines,2014,28,1,14.0,86.0,,,False,False,True,False,2014-07-07,True,False,0.16279069767441862,
Philippines,2014,29,1,20.0,89.0,,,False,False,True,False,2014-07-14,True,False,0.2247191011235955,
Philippines,2014,30,1,17.0,95.0,,,False,False,True,False,2014-07-21,True,False,0.17894736842105263,
Philippines,2014,31,1,2.0,13.0,,,False,False,True,False,2014-07-28,True,False,0.15384615384615385,
Philippines,2014,32,1,21.0,79.0,,,False,False,True,False,2014-08-04,True,False,0.26582278481012656,
Philippines,2014,33,1,42.0,136.0,,,False,False,True,False,2014-08-11,True,False,0.3088235294117647,
Philippines,2014,34,1,28.0,106.0,,,False,False,True,False,2014-08-18,True,False,0.2641509433962264,
Philippines,2014,35,1,17.0,81.0,,,False,False,True,False,2014-08-25,True,False,0.20987654320987653,
Philippines,2014,36,1,11.0,82.0,,,False,False,True,False,2014-09-01,True,False,0.13414634146341464,
Philippines,2014,37,1,16.0,156.0,,,False,False,True,False,2014-09-08,True,False,0.10256410256410256,
Philippines,2014,38,1,17.0,163.0,,,False,False,True,False,2014-09-15,True,False,0.10429447852760736,
Philippines,2014,39,1,11.0,117.0,,,False,False,True,False,2014-09-22,True,False,0.09401709401709402,
Philippines,2014,40,1,5.0,116.0,,,False,False,True,False,2014-09-29,True,False,0.04310344827586207,
Philippines,2014,41,1,1.0,79.0,,,False,False,True,False,2014-10-06,True,False,0.012658227848101266,
Philippines,2014,42,1,4.0,107.0,,,False,False,True,False,2014-10-13,True,False,0.037383177570093455,
Philippines,2014,43,1,0.0,90.0,,,False,False,True,False,2014-10-20,True,False,0.0,
Philippines,2014,44,1,0.0,59.0,,,False,False,True,False,2014-10-27,True,False,0.0,
Philippines,2014,45,1,6.0,44.0,,,False,False,True,False,2014-11-03,True,False,0.13636363636363635,
Philippines,2014,46,1,2.0,44.0,,,False,False,True,False,2014-11-10,True,False,0.045454545454545456,
Philippines,2014,47,1,6.0,54.0,,,False,False,True,False,2014-11-17,True,False,0.1111111111111111,
Philippines,2014,48,1,2.0,48.0,,,False,False,True,False,2014-11-24,True,False,0.041666666666666664,
Philippines,2014,49,1,1.0,41.0,,,False,False,True,False,2014-12-01,True,False,0.024390243902439025,
Philippines,2014,50,1,0.0,12.0,,,False,False,True,False,2014-12-08,True,False,0.0,
Philippines,2014,51,1,0.0,7.0,,,False,False,True,False,2014-12-15,True,False,0.0,
Philippines,2015,2,1,7.0,55.0,,,False,False,True,False,2015-01-05,True,False,0.12727272727272726,
Philippines,2015,3,1,10.0,68.0,,,False,False,True,False,2015-01-12,True,False,0.14705882352941177,
Philippines,2015,4,1,9.0,71.0,,,False,False,True,False,2015-01-19,True,False,0.1267605633802817,
Philippines,2015,5,1,8.0,48.0,,,False,False,True,False,2015-01-26,True,False,0.16666666666666666,
Philippines,2015,6,1,13.0,57.0,,,False,False,True,False,2015-02-02,True,False,0.22807017543859648,
Philippines,2015,7,1,5.0,49.0,,,False,False,True,False,2015-02-09,True,False,0.10204081632653061,
Philippines,2015,8,1,6.0,51.0,,,False,False,True,False,2015-02-16,True,False,0.11764705882352941,
Philippines,2015,9,1,2.0,31.0,,,False,False,True,False,2015-02-23,True,False,0.06451612903225806,
Philippines,2015,10,1,0.0,4.0,,,False,False,True,False,2015-03-02,True,False,0.0,
Philippines,2015,11,1,5.0,24.0,,,False,False,True,False,2015-03-09,True,False,0.20833333333333334,
Philippines,2015,12,1,5.0,31.0,,,False,False,True,False,2015-03-16,True,False,0.16129032258064516,
Philippines,2015,13,1,3.0,8.0,,,False,False,True,False,2015-03-23,True,False,0.375,
Philippines,2015,14,1,1.0,6.0,,,False,False,True,False,2015-03-30,True,False,0.16666666666666666,
Philippines,2015,15,1,1.0,11.0,,,False,False,True,False,2015-04-06,True,False,0.09090909090909091,
Philippines,2015,16,1,1.0,10.0,,,False,False,True,False,2015-04-13,True,False,0.1,
Philippines,2015,17,1,0.0,15.0,,,False,False,True,False,2015-04-20,True,False,0.0,
Philippines,2015,18,1,1.0,16.0,,,False,False,True,False,2015-04-27,True,False,0.0625,
Philippines,2015,19,1,1.0,15.0,,,False,False,True,False,2015-05-04,True,False,0.06666666666666667,
Philippines,2015,20,1,0.0,14.0,,,False,False,True,False,2015-05-11,True,False,0.0,
Philippines,2015,21,1,2.0,9.0,,,False,False,True,False,2015-05-18,True,False,0.2222222222222222,
Philippines,2015,22,1,5.0,22.0,,,False,False,True,False,2015-05-25,True,False,0.22727272727272727,
Philippines,2015,23,1,0.0,9.0,,,False,False,True,False,2015-06-01,True,False,0.0,
Philippines,2015,24,1,1.0,21.0,,,False,False,True,False,2015-06-08,True,False,0.047619047619047616,
Philippines,2015,25,1,4.0,15.0,,,False,False,True,False,2015-06-15,True,False,0.26666666666666666,
Philippines,2015,26,1,2.0,26.0,,,False,False,True,False,2015-06-22,True,False,0.07692307692307693,
Philippines,2015,27,1,1.0,23.0,,,False,False,True,False,2015-06-29,True,False,0.043478260869565216,
Philippines,2015,28,1,12.0,25.0,,,False,False,True,False,2015-07-06,True,False,0.48,
Philippines,2015,29,1,13.0,30.0,,,False,False,True,False,2015-07-13,True,False,0.43333333333333335,
Philippines,2015,30,1,3.0,13.0,,,False,False,True,False,2015-07-20,True,False,0.23076923076923078,
Philippines,2015,31,1,11.0,30.0,,,False,False,True,False,2015-07-27,True,False,0.36666666666666664,
Philippines,2015,32,1,6.0,25.0,,,False,False,True,False,2015-08-03,True,False,0.24,
Philippines,2015,33,1,3.0,24.0,,,False,False,True,False,2015-08-10,True,False,0.125,
Philippines,2015,34,1,6.0,20.0,,,False,False,True,False,2015-08-17,True,False,0.3,
Philippines,2015,35,1,4.0,16.0,,,False,False,True,False,2015-08-24,True,False,0.25,
Philippines,2015,36,1,1.0,4.0,,,False,False,True,False,2015-08-31,True,False,0.25,
Philippines,2015,37,1,2.0,18.0,,,False,False,True,False,2015-09-07,True,False,0.1111111111111111,
Philippines,2015,38,1,2.0,17.0,,,False,False,True,False,2015-09-14,True,False,0.11764705882352941,
Philippines,2015,39,1,2.0,17.0,,,False,False,True,False,2015-09-21,True,False,0.11764705882352941,
Philippines,2015,40,1,0.0,23.0,,,False,False,True,False,2015-09-28,True,False,0.0,
Philippines,2015,41,1,1.0,42.0,,,False,False,True,False,2015-10-05,True,False,0.023809523809523808,
Philippines,2015,42,1,1.0,18.0,,,False,False,True,False,2015-10-12,True,False,0.05555555555555555,
Philippines,2015,43,1,0.0,7.0,,,False,False,True,False,2015-10-19,True,False,0.0,
Philippines,2015,44,1,0.0,24.0,,,False,False,True,False,2015-10-26,True,False,0.0,
Philippines,2015,45,1,1.0,16.0,,,False,False,True,False,2015-11-02,True,False,0.0625,
Philippines,2015,46,1,0.0,9.0,,,False,False,True,False,2015-11-09,True,False,0.0,
Philippines,2015,47,1,1.0,6.0,,,False,False,True,False,2015-11-16,True,False,0.16666666666666666,
Philippines,2015,48,1,0.0,21.0,,,False,False,True,False,2015-11-23,True,False,0.0,
Philippines,2015,49,1,0.0,7.0,,,False,False,True,False,2015-11-30,True,False,0.0,
Philippines,2015,50,1,1.0,9.0,,,False,False,True,False,2015-12-07,True,False,0.1111111111111111,
Philippines,2015,51,1,0.0,10.0,,,False,False,True,False,2015-12-14,True,False,0.0,
Philippines,2015,52,1,,,,,False,False,True,False,2015-12-21,False,False,,
Philippines,2015,53,1,1.0,,,,False,False,True,False,2015-12-28,False,False,,
Philippines,2016,1,1,0.0,1.0,,,False,False,True,False,2016-01-04,True,False,0.0,
Philippines,2016,2,1,5.0,17.0,,,False,False,True,False,2016-01-11,True,False,0.29411764705882354,
Philippines,2016,3,1,9.0,39.0,,,False,False,True,False,2016-01-18,True,False,0.23076923076923078,
Philippines,2016,4,1,11.0,40.0,,,False,False,True,False,2016-01-25,True,False,0.275,
Philippines,2016,5,1,7.0,27.0,,,False,False,True,False,2016-02-01,True,False,0.25925925925925924,
Philippines,2016,6,1,2.0,9.0,,,False,False,True,False,2016-02-08,True,False,0.2222222222222222,
Philippines,2016,7,1,2.0,30.0,,,False,False,True,False,2016-02-15,True,False,0.06666666666666667,
Philippines,2016,8,1,15.0,29.0,,,False,False,True,False,2016-02-22,True,False,0.5172413793103449,
Philippines,2016,9,1,10.0,35.0,,,False,False,True,False,2016-02-29,True,False,0.2857142857142857,
Philippines,2016,10,1,6.0,13.0,,,False,False,True,False,2016-03-07,True,False,0.46153846153846156,
Philippines,2016,11,1,11.0,27.0,,,False,False,True,False,2016-03-14,True,False,0.4074074074074074,
Philippines,2016,12,1,11.0,41.0,,,False,False,True,False,2016-03-21,True,False,0.2682926829268293,
Philippines,2016,13,1,4.0,23.0,,,False,False,True,False,2016-03-28,True,False,0.17391304347826086,
Philippines,2016,14,1,5.0,21.0,,,False,False,True,False,2016-04-04,True,False,0.23809523809523808,
Philippines,2016,15,1,1.0,9.0,,,False,False,True,False,2016-04-11,True,False,0.1111111111111111,
Philippines,2016,16,1,3.0,20.0,,,False,False,True,False,2016-04-18,True,False,0.15,
Philippines,2016,17,1,2.0,14.0,,,False,False,True,False,2016-04-25,True,False,0.14285714285714285,
Philippines,2016,18,1,4.0,17.0,,,False,False,True,False,2016-05-02,True,False,0.23529411764705882,
Philippines,2016,20,1,0.0,20.0,,,False,False,True,False,2016-05-16,True,False,0.0,
Philippines,2016,21,1,0.0,0.0,,,False,False,True,False,2016-05-23,False,False,,
Philippines,2016,22,1,1.0,18.0,,,False,False,True,False,2016-05-30,True,False,0.05555555555555555,
Philippines,2016,23,1,1.0,17.0,,,False,False,True,False,2016-06-06,True,False,0.058823529411764705,
Philippines,2016,24,1,1.0,14.0,,,False,False,True,False,2016-06-13,True,False,0.07142857142857142,
Philippines,2016,25,1,1.0,14.0,,,False,False,True,False,2016-06-20,True,False,0.07142857142857142,
Philippines,2016,26,1,2.0,9.0,,,False,False,True,False,2016-06-27,True,False,0.2222222222222222,
Philippines,2016,27,1,3.0,15.0,,,False,False,True,False,2016-07-04,True,False,0.2,
Philippines,2016,28,1,8.0,26.0,,,False,False,True,False,2016-07-11,True,False,0.3076923076923077,
Philippines,2016,29,1,19.0,45.0,,,False,False,True,False,2016-07-18,True,False,0.4222222222222222,
Philippines,2016,30,1,11.0,33.0,,,False,False,True,False,2016-07-25,True,False,0.3333333333333333,
Philippines,2016,31,1,4.0,22.0,,,False,False,True,False,2016-08-01,True,False,0.18181818181818182,
Philippines,2016,32,1,11.0,37.0,,,False,False,True,False,2016-08-08,True,False,0.2972972972972973,
Philippines,2016,33,1,18.0,31.0,,,False,False,True,False,2016-08-15,True,False,0.5806451612903226,
Philippines,2016,34,1,13.0,29.0,,,False,False,True,False,2016-08-22,True,False,0.4482758620689655,
Philippines,2016,35,1,7.0,18.0,,,False,False,True,False,2016-08-29,True,False,0.3888888888888889,
Philippines,2016,36,1,13.0,30.0,,,False,False,True,False,2016-09-05,True,False,0.43333333333333335,
Philippines,2016,37,1,2.0,10.0,,,False,False,True,False,2016-09-12,True,False,0.2,
Philippines,2016,38,1,15.0,30.0,,,False,False,True,False,2016-09-19,True,False,0.5,
Philippines,2016,39,1,7.0,22.0,,,False,False,True,False,2016-09-26,True,False,0.3181818181818182,
Philippines,2016,40,1,3.0,24.0,,,False,False,True,False,2016-10-03,True,False,0.125,
Philippines,2016,41,1,2.0,12.0,,,False,False,True,False,2016-10-10,True,False,0.16666666666666666,
Philippines,2016,42,1,1.0,28.0,,,False,False,True,False,2016-10-17,True,False,0.03571428571428571,
Philippines,2016,43,1,0.0,13.0,,,False,False,True,False,2016-10-24,True,False,0.0,
Philippines,2016,44,1,0.0,0.0,,,False,False,True,False,2016-10-31,False,False,,
Philippines,2016,45,1,0.0,0.0,,,False,False,True,False,2016-11-07,False,False,,
Philippines,2016,46,1,2.0,29.0,,,False,False,True,False,2016-11-14,True,False,0.06896551724137931,
Philippines,2016,47,1,0.0,7.0,,,False,False,True,False,2016-11-21,True,False,0.0,
Philippines,2016,48,1,1.0,28.0,,,False,False,True,False,2016-11-28,True,False,0.03571428571428571,
Philippines,2016,49,1,1.0,18.0,,,False,False,True,False,2016-12-05,True,False,0.05555555555555555,
Philippines,2016,50,1,4.0,22.0,,,False,False,True,False,2016-12-12,True,False,0.18181818181818182,
Philippines,2016,51,1,0.0,0.0,,,False,False,True,False,2016-12-19,False,False,,
Philippines,2016,52,1,0.0,0.0,,,False,False,True,False,2016-12-26,False,False,,
Philippines,2017,1,1,0.0,0.0,0.0,,False,False,True,True,2017-01-02,False,False,,
Philippines,2017,2,1,2.0,28.0,0.0,,False,False,True,True,2017-01-09,True,False,0.07142857142857142,
Philippines,2017,3,1,0.0,14.0,0.0,,False,False,True,True,2017-01-16,True,False,0.0,
Philippines,2017,4,1,2.0,18.0,0.0,,False,False,True,True,2017-01-23,True,False,0.1111111111111111,
Philippines,2017,5,1,2.0,25.0,0.0,,False,False,True,True,2017-01-30,True,False,0.08,
Philippines,2017,6,1,0.0,23.0,0.0,,False,False,True,True,2017-02-06,True,False,0.0,
Philippines,2017,7,1,0.0,14.0,0.0,,False,False,True,True,2017-02-13,True,False,0.0,
Philippines,2017,8,1,1.0,30.0,0.0,,False,False,True,True,2017-02-20,True,False,0.03333333333333333,
Philippines,2017,9,1,1.0,17.0,0.0,,False,False,True,True,2017-02-27,True,False,0.058823529411764705,
Philippines,2017,10,1,0.0,15.0,0.0,,False,False,True,True,2017-03-06,True,False,0.0,
Philippines,2017,11,1,2.0,17.0,0.0,,False,False,True,True,2017-03-13,True,False,0.11764705882352941,
Philippines,2017,12,1,1.0,25.0,0.0,,False,False,True,True,2017-03-20,True,False,0.04,
Philippines,2017,13,1,4.0,16.0,0.0,,False,False,True,True,2017-03-27,True,False,0.25,
Philippines,2017,14,1,3.0,24.0,0.0,,False,False,True,True,2017-04-03,True,False,0.125,
Philippines,2017,15,1,2.0,19.0,0.0,,False,False,True,True,2017-04-10,True,False,0.10526315789473684,
Philippines,2017,16,1,0.0,20.0,0.0,,False,False,True,True,2017-04-17,True,False,0.0,
Philippines,2017,17,1,0.0,10.0,0.0,,False,False,True,True,2017-04-24,True,False,0.0,
Philippines,2017,18,1,0.0,18.0,0.0,,False,False,True,True,2017-05-01,True,False,0.0,
Philippines,2017,19,1,0.0,33.0,0.0,,False,False,True,True,2017-05-08,True,False,0.0,
Philippines,2017,20,1,0.0,33.0,0.0,,False,False,True,True,2017-05-15,True,False,0.0,
Philippines,2017,21,1,1.0,17.0,0.0,,False,False,True,True,2017-05-22,True,False,0.058823529411764705,
Philippines,2017,22,1,1.0,30.0,0.0,,False,False,True,True,2017-05-29,True,False,0.03333333333333333,
Philippines,2017,23,1,5.0,32.0,0.0,,False,False,True,True,2017-06-05,True,False,0.15625,
Philippines,2017,24,1,6.0,14.0,0.0,,False,False,True,True,2017-06-12,True,False,0.42857142857142855,
Philippines,2017,25,1,11.0,31.0,0.0,,False,False,True,True,2017-06-19,True,False,0.3548387096774194,
Philippines,2017,26,1,7.0,25.0,0.0,,False,False,True,True,2017-06-26,True,False,0.28,
Philippines,2017,27,1,5.0,10.0,0.0,,False,False,True,True,2017-07-03,True,False,0.5,
Philippines,2017,28,1,13.0,45.0,0.0,,False,False,True,True,2017-07-10,True,False,0.28888888888888886,
Philippines,2017,29,1,21.0,46.0,0.0,,False,False,True,True,2017-07-17,True,False,0.45652173913043476,
Philippines,2017,30,1,14.0,51.0,0.0,,False,False,True,True,2017-07-24,True,False,0.27450980392156865,
Philippines,2017,31,1,16.0,40.0,0.0,,False,False,True,True,2017-07-31,True,False,0.4,
Philippines,2017,32,1,14.0,36.0,0.0,,False,False,True,True,2017-08-07,True,False,0.3888888888888889,
Philippines,2017,33,1,17.0,47.0,0.0,,False,False,True,True,2017-08-14,True,False,0.3617021276595745,
Philippines,2017,34,1,7.0,18.0,0.0,,False,False,True,True,2017-08-21,True,False,0.3888888888888889,
Philippines,2017,35,1,6.0,21.0,0.0,,False,False,True,True,2017-08-28,True,False,0.2857142857142857,
Philippines,2017,36,1,9.0,42.0,0.0,,False,False,True,True,2017-09-04,True,False,0.21428571428571427,
Philippines,2017,37,1,18.0,38.0,0.0,,False,False,True,True,2017-09-11,True,False,0.47368421052631576,
Philippines,2017,38,1,23.0,49.0,0.0,,False,False,True,True,2017-09-18,True,False,0.46938775510204084,
Philippines,2017,39,1,6.0,32.0,0.0,,False,False,True,True,2017-09-25,True,False,0.1875,
Philippines,2017,40,1,12.0,40.0,0.0,,False,False,True,True,2017-10-02,True,False,0.3,
Philippines,2017,41,1,8.0,34.0,0.0,,False,False,True,True,2017-10-09,True,False,0.23529411764705882,
Philippines,2017,42,1,1.0,2.0,0.0,,False,False,True,True,2017-10-16,True,False,0.5,
Philippines,2017,43,1,8.0,30.0,0.0,,False,False,True,True,2017-10-23,True,False,0.26666666666666666,
Philippines,2017,44,1,1.0,5.0,0.0,,False,False,True,True,2017-10-30,True,False,0.2,
Philippines,2017,45,1,5.0,47.0,0.0,,False,False,True,True,2017-11-06,True,False,0.10638297872340426,
Philippines,2017,46,1,4.0,11.0,0.0,,False,False,True,True,2017-11-13,True,False,0.36363636363636365,
Philippines,2017,47,1,4.0,19.0,0.0,,False,False,True,True,2017-11-20,True,False,0.21052631578947367,
Philippines,2017,48,1,0.0,29.0,0.0,,False,False,True,True,2017-11-27,True,False,0.0,
Philippines,2017,49,1,1.0,32.0,0.0,,False,False,True,True,2017-12-04,True,False,0.03125,
Philippines,2017,50,1,4.0,16.0,0.0,,False,False,True,True,2017-12-11,True,False,0.25,
Philippines,2017,51,1,,,,,False,False,True,True,2017-12-18,False,False,,
Philippines,2017,52,1,,,,,False,False,True,True,2017-12-25,False,False,,
Philippines,2018,1,1,0.0,4.0,0.0,,False,False,True,True,2018-01-01,True,False,0.0,
Philippines,2018,2,1,3.0,34.0,0.0,,False,False,True,True,2018-01-08,True,False,0.08823529411764706,
Philippines,2018,3,1,1.0,23.0,0.0,,False,False,True,True,2018-01-15,True,False,0.043478260869565216,
Philippines,2018,4,1,0.0,24.0,0.0,,False,False,True,True,2018-01-22,True,False,0.0,
Philippines,2018,5,1,5.0,54.0,0.0,,False,False,True,True,2018-01-29,True,False,0.09259259259259259,
Philippines,2018,6,1,1.0,45.0,0.0,,False,False,True,True,2018-02-05,True,False,0.022222222222222223,
Philippines,2018,7,1,1.0,18.0,0.0,,False,False,True,True,2018-02-12,True,False,0.05555555555555555,
Philippines,2018,8,1,5.0,28.0,0.0,,False,False,True,True,2018-02-19,True,False,0.17857142857142858,
Philippines,2018,9,1,0.0,22.0,0.0,,False,False,True,True,2018-02-26,True,False,0.0,
Philippines,2018,10,1,1.0,21.0,0.0,,False,False,True,True,2018-03-05,True,False,0.047619047619047616,
Philippines,2018,11,1,1.0,40.0,0.0,,False,False,True,True,2018-03-12,True,False,0.025,
Philippines,2018,12,1,0.0,30.0,0.0,,False,False,True,True,2018-03-19,True,False,0.0,
Philippines,2018,13,1,0.0,30.0,0.0,,False,False,True,True,2018-03-26,True,False,0.0,
Philippines,2018,14,1,0.0,24.0,0.0,,False,False,True,True,2018-04-02,True,False,0.0,
Philippines,2018,15,1,0.0,8.0,0.0,,False,False,True,True,2018-04-09,True,False,0.0,
Philippines,2018,16,1,0.0,19.0,0.0,,False,False,True,True,2018-04-16,True,False,0.0,
Philippines,2018,17,1,0.0,29.0,0.0,,False,False,True,True,2018-04-23,True,False,0.0,
Philippines,2018,18,1,0.0,,0.0,,False,False,True,True,2018-04-30,False,False,,
Philippines,2018,19,1,0.0,,0.0,,False,False,True,True,2018-05-07,False,False,,
Philippines,2018,20,1,0.0,,0.0,,False,False,True,True,2018-05-14,False,False,,
Philippines,2018,21,1,0.0,21.0,0.0,,False,False,True,True,2018-05-21,True,False,0.0,
Philippines,2018,22,1,1.0,29.0,0.0,,False,False,True,True,2018-05-28,True,False,0.034482758620689655,
Philippines,2018,23,1,1.0,29.0,0.0,,False,False,True,True,2018-06-04,True,False,0.034482758620689655,
Philippines,2018,24,1,3.0,23.0,0.0,,False,False,True,True,2018-06-11,True,False,0.13043478260869565,
Philippines,2018,25,1,2.0,23.0,0.0,,False,False,True,True,2018-06-18,True,False,0.08695652173913043,
Philippines,2018,26,1,4.0,16.0,0.0,,False,False,True,True,2018-06-25,True,False,0.25,
Philippines,2018,27,1,8.0,23.0,0.0,,False,False,True,True,2018-07-02,True,False,0.34782608695652173,
Philippines,2018,28,1,7.0,25.0,0.0,,False,False,True,True,2018-07-09,True,False,0.28,
Philippines,2018,29,1,6.0,18.0,0.0,,False,False,True,True,2018-07-16,True,False,0.3333333333333333,
Philippines,2018,30,1,26.0,65.0,0.0,,False,False,True,True,2018-07-23,True,False,0.4,
Philippines,2018,31,1,20.0,43.0,0.0,,False,False,True,True,2018-07-30,True,False,0.46511627906976744,
Philippines,2018,32,1,27.0,70.0,0.0,,False,False,True,True,2018-08-06,True,False,0.38571428571428573,
Philippines,2018,33,1,9.0,47.0,0.0,,False,False,True,True,2018-08-13,True,False,0.19148936170212766,
Philippines,2018,34,1,9.0,39.0,0.0,,False,False,True,True,2018-08-20,True,False,0.23076923076923078,
Philippines,2018,35,1,2.0,24.0,0.0,,False,False,True,True,2018-08-27,True,False,0.08333333333333333,
Philippines,2018,36,1,9.0,49.0,0.0,,False,False,True,True,2018-09-03,True,False,0.1836734693877551,
Philippines,2018,37,1,2.0,33.0,0.0,,False,False,True,True,2018-09-10,True,False,0.06060606060606061,
Philippines,2018,38,1,4.0,37.0,0.0,,False,False,True,True,2018-09-17,True,False,0.10810810810810811,
Philippines,2018,39,1,2.0,40.0,0.0,,False,False,True,True,2018-09-24,True,False,0.05,
Philippines,2018,40,1,2.0,37.0,0.0,,False,False,True,True,2018-10-01,True,False,0.05405405405405406,
Philippines,2018,41,1,3.0,34.0,0.0,,False,False,True,True,2018-10-08,True,False,0.08823529411764706,
Philippines,2018,42,1,4.0,54.0,0.0,,False,False,True,True,2018-10-15,True,False,0.07407407407407407,
Philippines,2018,43,1,0.0,36.0,0.0,,False,False,True,True,2018-10-22,True,False,0.0,
Philippines,2018,44,1,1.0,7.0,0.0,,False,False,True,True,2018-10-29,True,False,0.14285714285714285,
Philippines,2018,45,1,2.0,26.0,0.0,,False,False,True,True,2018-11-05,True,False,0.07692307692307693,
Philippines,2018,46,1,3.0,17.0,0.0,,False,False,True,True,2018-11-12,True,False,0.17647058823529413,
Philippines,2018,47,1,11.0,31.0,0.0,,False,False,True,True,2018-11-19,True,False,0.3548387096774194,
Philippines,2018,48,1,10.0,25.0,0.0,,False,False,True,True,2018-11-26,True,False,0.4,
Philippines,2018,49,1,8.0,33.0,0.0,,False,False,True,True,2018-12-03,True,False,0.24242424242424243,
Philippines,2018,50,1,12.0,25.0,0.0,,False,False,True,True,2018-12-10,True,False,0.48,
Philippines,2019,1,1,20.0,57.0,0.0,,False,False,True,True,2018-12-31,True,False,0.3508771929824561,
Philippines,2019,2,1,42.0,74.0,0.0,,False,False,True,True,2019-01-07,True,False,0.5675675675675675,
Philippines,2019,3,1,39.0,112.0,0.0,,False,False,True,True,2019-01-14,True,False,0.3482142857142857,
Philippines,2019,4,1,31.0,87.0,0.0,,False,False,True,True,2019-01-21,True,False,0.3563218390804598,
Philippines,2019,5,1,32.0,93.0,0.0,,False,False,True,True,2019-01-28,True,False,0.34408602150537637,
Philippines,2019,6,1,11.0,46.0,0.0,,False,False,True,True,2019-02-04,True,False,0.2391304347826087,
Philippines,2019,7,1,23.0,64.0,0.0,,False,False,True,True,2019-02-11,True,False,0.359375,
Philippines,2019,8,1,19.0,60.0,0.0,,False,False,True,True,2019-02-18,True,False,0.31666666666666665,
Philippines,2019,9,1,8.0,59.0,0.0,,False,False,True,True,2019-02-25,True,False,0.13559322033898305,
Philippines,2019,10,1,8.0,50.0,0.0,,False,False,True,True,2019-03-04,True,False,0.16,
Philippines,2019,11,1,2.0,68.0,0.0,,False,False,True,True,2019-03-11,True,False,0.029411764705882353,
Philippines,2019,12,1,7.0,52.0,0.0,,False,False,True,True,2019-03-18,True,False,0.1346153846153846,
Philippines,2019,13,1,1.0,54.0,0.0,,False,False,True,True,2019-03-25,True,False,0.018518518518518517,
Philippines,2019,14,1,1.0,36.0,0.0,,False,False,True,True,2019-04-01,True,False,0.027777777777777776,
Philippines,2019,15,1,2.0,58.0,0.0,,False,False,True,True,2019-04-08,True,False,0.034482758620689655,
Philippines,2019,16,1,0.0,42.0,0.0,,False,False,True,True,2019-04-15,True,False,0.0,
Philippines,2019,17,1,1.0,48.0,0.0,,False,False,True,True,2019-04-22,True,False,0.020833333333333332,
Philippines,2019,18,1,1.0,41.0,0.0,,False,False,True,True,2019-04-29,True,False,0.024390243902439025,
Philippines,2019,19,1,3.0,57.0,0.0,,False,False,True,True,2019-05-06,True,False,0.05263157894736842,
Philippines,2019,20,1,0.0,47.0,0.0,,False,False,True,True,2019-05-13,True,False,0.0,
Philippines,2019,21,1,2.0,42.0,0.0,,False,False,True,True,2019-05-20,True,False,0.047619047619047616,
Philippines,2019,22,1,4.0,71.0,0.0,,False,False,True,True,2019-05-27,True,False,0.056338028169014086,
Philippines,2019,23,1,0.0,41.0,0.0,,False,False,True,True,2019-06-03,True,False,0.0,
Philippines,2019,24,1,2.0,48.0,0.0,,False,False,True,True,2019-06-10,True,False,0.041666666666666664,
Philippines,2019,25,1,4.0,49.0,0.0,,False,False,True,True,2019-06-17,True,False,0.08163265306122448,
Philippines,2019,26,1,3.0,53.0,0.0,,False,False,True,True,2019-06-24,True,False,0.05660377358490566,
Philippines,2019,27,1,2.0,34.0,0.0,,False,False,True,True,2019-07-01,True,False,0.058823529411764705,
Philippines,2019,28,1,4.0,67.0,0.0,,False,False,True,True,2019-07-08,True,False,0.05970149253731343,
Philippines,2019,29,1,6.0,51.0,0.0,,False,False,True,True,2019-07-15,True,False,0.11764705882352941,
Philippines,2019,30,1,6.0,59.0,0.0,,False,False,True,True,2019-07-22,True,False,0.1016949152542373,
Philippines,2019,31,1,7.0,55.0,0.0,,False,False,True,True,2019-07-29,True,False,0.12727272727272726,
Philippines,2019,32,1,4.0,71.0,0.0,,False,False,True,True,2019-08-05,True,False,0.056338028169014086,
Philippines,2019,33,1,5.0,46.0,0.0,,False,False,True,True,2019-08-12,True,False,0.10869565217391304,
Philippines,2019,34,1,8.0,76.0,0.0,,False,False,True,True,2019-08-19,True,False,0.10526315789473684,
Philippines,2019,35,1,4.0,34.0,0.0,,False,False,True,True,2019-08-26,True,False,0.11764705882352941,
Philippines,2019,36,1,26.0,111.0,0.0,,False,False,True,True,2019-09-02,True,False,0.23423423423423423,
Philippines,2019,37,1,21.0,81.0,0.0,,False,False,True,True,2019-09-09,True,False,0.25925925925925924,
Philippines,2019,38,1,14.0,49.0,0.0,,False,False,True,True,2019-09-16,True,False,0.2857142857142857,
Philippines,2019,39,1,18.0,59.0,0.0,,False,False,True,True,2019-09-23,True,False,0.3050847457627119,
Philippines,2019,40,1,26.0,65.0,,,False,False,True,True,2019-09-30,True,False,0.4,
Philippines,2019,41,1,40.0,84.0,0.0,,False,False,True,True,2019-10-07,True,False,0.47619047619047616,
Philippines,2019,42,1,33.0,69.0,0.0,,False,False,True,True,2019-10-14,True,False,0.4782608695652174,
Philippines,2019,43,1,18.0,40.0,0.0,,False,False,True,True,2019-10-21,True,False,0.45,
Philippines,2019,44,1,21.0,68.0,0.0,,False,False,True,True,2019-10-28,True,False,0.3088235294117647,
Philippines,2019,45,1,14.0,53.0,0.0,,False,False,True,True,2019-11-04,True,False,0.2641509433962264,
Philippines,2019,46,1,9.0,43.0,0.0,,False,False,True,True,2019-11-11,True,False,0.20930232558139536,
Philippines,2019,47,1,23.0,63.0,0.0,,False,False,True,True,2019-11-18,True,False,0.36507936507936506,
Philippines,2019,48,1,22.0,80.0,0.0,,False,False,True,True,2019-11-25,True,False,0.275,
Philippines,2019,49,1,5.0,47.0,0.0,,False,False,True,True,2019-12-02,True,False,0.10638297872340426,
Philippines,2019,50,1,2.0,40.0,0.0,,False,False,True,True,2019-12-09,True,False,0.05,
Philippines,2019,51,1,4.0,58.0,0.0,,False,False,True,True,2019-12-16,True,False,0.06896551724137931,
Philippines,2019,52,1,4.0,28.0,0.0,,False,False,True,True,2019-12-23,True,False,0.14285714285714285,
Philippines,2020,1,1,0.0,19.0,0.0,,False,False,True,True,2019-12-30,True,False,0.0,
Philippines,2020,2,1,1.0,44.0,0.0,,False,False,True,True,2020-01-06,True,False,0.022727272727272728,
Philippines,2020,3,1,5.0,70.0,0.0,,False,False,True,True,2020-01-13,True,False,0.07142857142857142,
Philippines,2020,4,1,21.0,77.0,0.0,,False,False,True,True,2020-01-20,True,False,0.2727272727272727,
Philippines,2020,5,1,9.0,52.0,0.0,,False,False,True,True,2020-01-27,True,False,0.17307692307692307,
Philippines,2020,6,1,5.0,82.0,0.0,,False,False,True,True,2020-02-03,True,False,0.06097560975609756,
Philippines,2020,7,1,5.0,75.0,0.0,,False,False,True,True,2020-02-10,True,False,0.06666666666666667,
Philippines,2020,8,1,4.0,61.0,0.0,,False,False,True,True,2020-02-17,True,False,0.06557377049180328,
Philippines,2020,9,1,0.0,74.0,0.0,,False,False,True,True,2020-02-24,True,False,0.0,
Philippines,2020,10,1,1.0,34.0,0.0,,False,False,True,True,2020-03-02,True,False,0.029411764705882353,
Philippines,2020,11,1,1.0,75.0,0.0,,False,False,True,True,2020-03-09,True,False,0.013333333333333334,
Philippines,2020,12,1,0.0,19.0,0.0,,False,False,True,True,2020-03-16,True,False,0.0,
Philippines,2020,13,1,0.0,2.0,0.0,,False,False,True,True,2020-03-23,True,False,0.0,
Philippines,2020,14,1,0.0,0.0,0.0,,False,False,True,True,2020-03-30,False,False,,
Philippines,2020,15,1,0.0,0.0,0.0,,False,False,True,True,2020-04-06,False,False,,
Philippines,2020,16,1,0.0,0.0,0.0,,False,False,True,True,2020-04-13,False,False,,
Philippines,2020,17,1,0.0,0.0,0.0,,False,False,True,True,2020-04-20,False,False,,
Philippines,2020,18,1,0.0,0.0,0.0,,False,False,True,True,2020-04-27,False,False,,
Philippines,2020,19,1,0.0,0.0,0.0,,False,False,True,True,2020-05-04,False,False,,
Philippines,2020,20,1,0.0,0.0,0.0,,False,False,True,True,2020-05-11,False,False,,
Philippines,2020,21,1,0.0,0.0,0.0,,False,False,True,True,2020-05-18,False,False,,
Philippines,2020,22,1,0.0,0.0,0.0,,False,False,True,True,2020-05-25,False,False,,
Philippines,2020,23,1,0.0,0.0,0.0,,False,False,True,True,2020-06-01,False,False,,
Philippines,2020,24,1,0.0,0.0,0.0,,False,False,True,True,2020-06-08,False,False,,
Philippines,2020,25,1,0.0,1.0,0.0,,False,False,True,True,2020-06-15,True,False,0.0,
Philippines,2020,26,1,0.0,0.0,0.0,,False,False,True,True,2020-06-22,False,False,,
Philippines,2020,27,1,0.0,0.0,0.0,,False,False,True,True,2020-06-29,False,False,,
Philippines,2020,28,1,0.0,1.0,0.0,,False,False,True,True,2020-07-06,True,False,0.0,
Philippines,2020,29,1,0.0,0.0,0.0,,False,False,True,True,2020-07-13,False,False,,
Philippines,2020,30,1,0.0,0.0,0.0,,False,False,True,True,2020-07-20,False,False,,
Philippines,2020,31,1,0.0,0.0,0.0,,False,False,True,True,2020-07-27,False,False,,
Philippines,2020,32,1,0.0,0.0,0.0,,False,False,True,True,2020-08-03,False,False,,
Philippines,2020,33,1,0.0,0.0,0.0,,False,False,True,True,2020-08-10,False,False,,
Philippines,2020,34,1,0.0,0.0,0.0,,False,False,True,True,2020-08-17,False,False,,
Philippines,2020,35,1,0.0,0.0,0.0,,False,False,True,True,2020-08-24,False,False,,
Philippines,2020,36,1,0.0,0.0,0.0,,False,False,True,True,2020-08-31,False,False,,
Philippines,2020,37,1,0.0,0.0,0.0,,False,False,True,True,2020-09-07,False,False,,
Philippines,2020,38,1,0.0,0.0,0.0,,False,False,True,True,2020-09-14,False,False,,
Philippines,2020,39,1,0.0,0.0,0.0,,False,False,True,True,2020-09-21,False,False,,
Philippines,2020,40,1,0.0,0.0,0.0,,False,False,True,True,2020-09-28,False,False,,
Philippines,2020,41,1,0.0,0.0,0.0,,False,False,True,True,2020-10-05,False,False,,
Philippines,2020,42,1,0.0,1.0,0.0,,False,False,True,True,2020-10-12,True,False,0.0,
Philippines,2020,43,1,0.0,0.0,0.0,,False,False,True,True,2020-10-19,False,False,,
Philippines,2020,44,1,0.0,0.0,0.0,,False,False,True,True,2020-10-26,False,False,,
Philippines,2020,45,1,0.0,0.0,0.0,,False,False,True,True,2020-11-02,False,False,,
Philippines,2020,46,1,0.0,0.0,0.0,,False,False,True,True,2020-11-09,False,False,,
Philippines,2020,47,1,0.0,0.0,0.0,,False,False,True,True,2020-11-16,False,False,,
Philippines,2020,48,1,0.0,6.0,0.0,,False,False,True,True,2020-11-23,True,False,0.0,
Philippines,2020,49,1,0.0,8.0,0.0,,False,False,True,True,2020-11-30,True,False,0.0,
Philippines,2020,50,1,0.0,10.0,0.0,,False,False,True,True,2020-12-07,True,False,0.0,
Philippines,2020,51,1,0.0,1.0,0.0,,False,False,True,True,2020-12-14,True,False,0.0,
Philippines,2021,1,1,0.0,2.0,0.0,,False,False,True,True,2021-01-04,True,False,0.0,
Philippines,2021,2,1,0.0,0.0,0.0,,False,False,True,True,2021-01-11,False,False,,
Philippines,2021,3,1,0.0,0.0,0.0,,False,False,True,True,2021-01-18,False,False,,
Philippines,2021,4,1,0.0,0.0,0.0,,False,False,True,True,2021-01-25,False,False,,
Philippines,2021,5,1,0.0,0.0,0.0,,False,False,True,True,2021-02-01,False,False,,
Philippines,2021,6,1,0.0,1.0,0.0,,False,False,True,True,2021-02-08,True,False,0.0,
Philippines,2021,7,1,0.0,0.0,0.0,,False,False,True,True,2021-02-15,False,False,,
Philippines,2021,8,1,0.0,1.0,0.0,,False,False,True,True,2021-02-22,True,False,0.0,
Philippines,2021,9,1,0.0,0.0,0.0,,False,False,True,True,2021-03-01,False,False,,
Philippines,2021,10,1,0.0,0.0,0.0,,False,False,True,True,2021-03-08,False,False,,
Philippines,2021,11,1,0.0,0.0,0.0,,False,False,True,True,2021-03-15,False,False,,
Philippines,2021,12,1,0.0,0.0,0.0,,False,False,True,True,2021-03-22,False,False,,
Philippines,2021,13,1,0.0,0.0,0.0,,False,False,True,True,2021-03-29,False,False,,
Philippines,2021,14,1,0.0,2.0,0.0,,False,False,True,True,2021-04-05,True,False,0.0,
Philippines,2021,15,1,0.0,1.0,0.0,,False,False,True,True,2021-04-12,True,False,0.0,
Philippines,2021,16,1,0.0,2.0,0.0,,False,False,True,True,2021-04-19,True,False,0.0,
Philippines,2021,17,1,0.0,5.0,0.0,,False,False,True,True,2021-04-26,True,False,0.0,
Philippines,2021,18,1,0.0,5.0,0.0,,False,False,True,True,2021-05-03,True,False,0.0,
Philippines,2021,19,1,1.0,5.0,0.0,,False,False,True,True,2021-05-10,True,False,0.2,
Philippines,2021,20,1,2.0,6.0,0.0,,False,False,True,True,2021-05-17,True,False,0.3333333333333333,
Philippines,2021,21,1,2.0,15.0,0.0,,False,False,True,True,2021-05-24,True,False,0.13333333333333333,
Philippines,2021,22,1,1.0,51.0,0.0,,False,False,True,True,2021-05-31,True,False,0.0196078431372549,
Philippines,2021,23,1,4.0,56.0,0.0,,False,False,True,True,2021-06-07,True,False,0.07142857142857142,
Philippines,2021,24,1,4.0,20.0,0.0,,False,False,True,True,2021-06-14,True,False,0.2,
Philippines,2021,25,1,7.0,44.0,0.0,,False,False,True,True,2021-06-21,True,False,0.1590909090909091,
Philippines,2021,26,1,4.0,44.0,0.0,,False,False,True,True,2021-06-28,True,False,0.09090909090909091,
Philippines,2021,27,1,9.0,42.0,0.0,,False,False,True,True,2021-07-05,True,False,0.21428571428571427,
Philippines,2021,28,1,7.0,26.0,0.0,,False,False,True,True,2021-07-12,True,False,0.2692307692307692,
Philippines,2021,29,1,4.0,39.0,0.0,,False,False,True,True,2021-07-19,True,False,0.10256410256410256,
Philippines,2021,30,1,1.0,28.0,0.0,,False,False,True,True,2021-07-26,True,False,0.03571428571428571,
Philippines,2021,31,1,4.0,32.0,0.0,,False,False,True,True,2021-08-02,True,False,0.125,
Philippines,2021,32,1,7.0,30.0,0.0,,False,False,True,True,2021-08-09,True,False,0.23333333333333334,
Philippines,2021,33,1,5.0,22.0,0.0,,False,False,True,True,2021-08-16,True,False,0.22727272727272727,
Philippines,2021,34,1,5.0,31.0,0.0,,False,False,True,True,2021-08-23,True,False,0.16129032258064516,
Philippines,2021,35,1,5.0,22.0,0.0,,False,False,True,True,2021-08-30,True,False,0.22727272727272727,
Philippines,2021,36,1,1.0,25.0,0.0,,False,False,True,True,2021-09-06,True,False,0.04,
Philippines,2021,37,1,3.0,28.0,0.0,,False,False,True,True,2021-09-13,True,False,0.10714285714285714,
Philippines,2021,38,1,1.0,18.0,0.0,,False,False,True,True,2021-09-20,True,False,0.05555555555555555,
Philippines,2021,39,1,0.0,21.0,0.0,,False,False,True,True,2021-09-27,True,False,0.0,
Philippines,2021,40,1,0.0,7.0,0.0,,False,False,True,True,2021-10-04,True,False,0.0,
Philippines,2021,41,1,0.0,7.0,0.0,,False,False,True,True,2021-10-11,True,False,0.0,
Philippines,2021,42,1,0.0,6.0,0.0,,False,False,True,True,2021-10-18,True,False,0.0,
Philippines,2021,43,1,0.0,14.0,0.0,,False,False,True,True,2021-10-25,True,False,0.0,
Philippines,2021,44,1,5.0,14.0,0.0,,False,False,True,True,2021-11-01,True,False,0.35714285714285715,
Philippines,2021,45,1,1.0,10.0,0.0,,False,False,True,True,2021-11-08,True,False,0.1,
Philippines,2021,46,1,2.0,15.0,0.0,,False,False,True,True,2021-11-15,True,False,0.13333333333333333,
Philippines,2021,47,1,2.0,13.0,0.0,,False,False,True,True,2021-11-22,True,False,0.15384615384615385,
Philippines,2021,48,1,2.0,18.0,0.0,,False,False,True,True,2021-11-29,True,False,0.1111111111111111,
Philippines,2021,49,1,1.0,19.0,1.0,,False,False,True,True,2021-12-06,True,False,0.05263157894736842,
Philippines,2021,50,1,7.0,23.0,0.0,,False,False,True,True,2021-12-13,True,False,0.30434782608695654,
Philippines,2021,51,1,2.0,20.0,0.0,,False,False,True,True,2021-12-20,True,False,0.1,
Philippines,2021,52,1,6.0,34.0,0.0,,False,False,True,True,2021-12-27,True,False,0.17647058823529413,
Philippines,2022,1,1,2.0,37.0,0.0,,False,False,True,True,2022-01-03,True,False,0.05405405405405406,
Philippines,2022,2,1,1.0,47.0,0.0,,False,False,True,True,2022-01-10,True,False,0.02127659574468085,
Philippines,2022,3,1,5.0,28.0,0.0,,False,False,True,True,2022-01-17,True,False,0.17857142857142858,
Philippines,2022,4,1,4.0,31.0,0.0,,False,False,True,True,2022-01-24,True,False,0.12903225806451613,
Philippines,2022,5,1,3.0,23.0,0.0,,False,False,True,True,2022-01-31,True,False,0.13043478260869565,
Philippines,2022,6,1,1.0,29.0,0.0,,False,False,True,True,2022-02-07,True,False,0.034482758620689655,
Philippines,2022,7,1,0.0,32.0,0.0,,False,False,True,True,2022-02-14,True,False,0.0,
Philippines,2022,8,1,0.0,23.0,0.0,,False,False,True,True,2022-02-21,True,False,0.0,
Philippines,2022,9,1,0.0,17.0,0.0,,False,False,True,True,2022-02-28,True,False,0.0,
Philippines,2022,10,1,0.0,21.0,0.0,,False,False,True,True,2022-03-07,True,False,0.0,
Philippines,2022,11,1,0.0,35.0,0.0,,False,False,True,True,2022-03-14,True,False,0.0,
Philippines,2022,12,1,0.0,24.0,0.0,,False,False,True,True,2022-03-21,True,False,0.0,
Philippines,2022,13,1,0.0,30.0,0.0,,False,False,True,True,2022-03-28,True,False,0.0,
Philippines,2022,14,1,0.0,34.0,0.0,,False,False,True,True,2022-04-04,True,False,0.0,
Philippines,2022,15,1,0.0,47.0,0.0,,False,False,True,True,2022-04-11,True,False,0.0,
Philippines,2022,16,1,0.0,41.0,0.0,,False,False,True,True,2022-04-18,True,False,0.0,
Philippines,2022,17,1,0.0,44.0,0.0,,False,False,True,True,2022-04-25,True,False,0.0,
Philippines,2022,18,1,0.0,38.0,0.0,,False,False,True,True,2022-05-02,True,False,0.0,
Philippines,2022,19,1,0.0,54.0,0.0,,False,False,True,True,2022-05-09,True,False,0.0,
Philippines,2022,20,1,0.0,45.0,0.0,,False,False,True,True,2022-05-16,True,False,0.0,
Philippines,2022,21,1,1.0,41.0,0.0,,False,False,True,True,2022-05-23,True,False,0.024390243902439025,
Philippines,2022,22,1,0.0,44.0,0.0,,False,False,True,True,2022-05-30,True,False,0.0,
Philippines,2022,23,1,0.0,43.0,0.0,,False,False,True,True,2022-06-06,True,False,0.0,
Philippines,2022,24,1,0.0,53.0,0.0,,False,False,True,True,2022-06-13,True,False,0.0,
Philippines,2022,25,1,4.0,105.0,3.0,,False,False,True,True,2022-06-20,True,False,0.0380952380952381,
Philippines,2022,26,1,2.0,93.0,6.0,,False,False,True,True,2022-06-27,True,False,0.021505376344086023,
Philippines,2022,27,1,1.0,88.0,6.0,,False,False,True,True,2022-07-04,True,False,0.011363636363636364,
Philippines,2022,28,1,0.0,73.0,3.0,,False,False,True,True,2022-07-11,True,False,0.0,
Philippines,2022,29,1,4.0,96.0,4.0,,False,False,True,True,2022-07-18,True,False,0.041666666666666664,
Philippines,2022,30,1,3.0,106.0,5.0,,False,False,True,True,2022-07-25,True,False,0.02830188679245283,
Philippines,2022,31,1,10.0,128.0,7.0,,False,False,True,True,2022-08-01,True,False,0.078125,
Philippines,2022,32,1,15.0,141.0,10.0,,False,False,True,True,2022-08-08,True,False,0.10638297872340426,
Philippines,2022,33,1,12.0,121.0,10.0,,False,False,True,True,2022-08-15,True,False,0.09917355371900827,
Philippines,2022,34,1,11.0,149.0,9.0,,False,False,True,True,2022-08-22,True,False,0.0738255033557047,
Philippines,2022,35,1,22.0,141.0,5.0,,False,False,True,True,2022-08-29,True,False,0.15602836879432624,
Philippines,2022,36,1,17.0,140.0,17.0,,False,False,True,True,2022-09-05,True,False,0.12142857142857143,
Philippines,2022,37,1,20.0,131.0,11.0,,False,False,True,True,2022-09-12,True,False,0.15267175572519084,
Philippines,2022,38,1,21.0,116.0,13.0,,False,False,True,True,2022-09-19,True,False,0.1810344827586207,
Philippines,2022,39,1,11.0,110.0,8.0,,False,False,True,True,2022-09-26,True,False,0.1,
Philippines,2022,40,1,10.0,114.0,9.0,,False,False,True,True,2022-10-03,True,False,0.08771929824561403,
Philippines,2022,41,1,10.0,93.0,6.0,,False,False,True,True,2022-10-10,True,False,0.10752688172043011,
Philippines,2022,42,1,2.0,122.0,28.0,,False,False,True,True,2022-10-17,True,False,0.01639344262295082,
Philippines,2022,43,1,6.0,118.0,18.0,,False,False,True,True,2022-10-24,True,False,0.05084745762711865,
Philippines,2022,44,1,9.0,93.0,17.0,,False,False,True,True,2022-10-31,True,False,0.0967741935483871,
Philippines,2022,45,1,5.0,52.0,1.0,,False,False,True,True,2022-11-07,True,False,0.09615384615384616,
Philippines,2022,46,1,11.0,87.0,6.0,,False,False,True,True,2022-11-14,True,False,0.12643678160919541,
Philippines,2022,47,1,3.0,50.0,2.0,,False,False,True,True,2022-11-21,True,False,0.06,
Philippines,2022,48,1,8.0,81.0,6.0,,False,False,True,True,2022-11-28,True,False,0.09876543209876543,
Philippines,2022,49,1,7.0,107.0,7.0,,False,False,True,True,2022-12-05,True,False,0.06542056074766354,
Philippines,2022,50,1,12.0,114.0,8.0,,False,False,True,True,2022-12-12,True,False,0.10526315789473684,
Philippines,2022,51,1,5.0,59.0,2.0,,False,False,True,True,2022-12-19,True,False,0.0847457627118644,
Philippines,2022,52,1,2.0,33.0,0.0,,False,False,True,True,2022-12-26,True,False,0.06060606060606061,
Philippines,2023,1,1,5.0,74.0,2.0,,False,False,True,True,2023-01-02,True,False,0.06756756756756757,
Philippines,2023,2,1,7.0,106.0,3.0,,False,False,True,True,2023-01-09,True,False,0.0660377358490566,
Philippines,2023,3,1,6.0,65.0,1.0,,False,False,True,True,2023-01-16,True,False,0.09230769230769231,
Philippines,2023,4,1,4.0,97.0,1.0,,False,False,True,True,2023-01-23,True,False,0.041237113402061855,
Philippines,2023,5,1,0.0,61.0,1.0,,False,False,True,True,2023-01-30,True,False,0.0,
Philippines,2023,6,1,0.0,81.0,1.0,,False,False,True,True,2023-02-06,True,False,0.0,
Philippines,2023,7,1,4.0,80.0,0.0,,False,False,True,True,2023-02-13,True,False,0.05,
Philippines,2023,8,1,6.0,52.0,1.0,,False,False,True,True,2023-02-20,True,False,0.11538461538461539,
Philippines,2023,9,1,6.0,61.0,1.0,,False,False,True,True,2023-02-27,True,False,0.09836065573770492,
Philippines,2023,10,1,11.0,126.0,6.0,,False,False,True,True,2023-03-06,True,False,0.0873015873015873,
Philippines,2023,11,1,9.0,155.0,2.0,,False,False,True,True,2023-03-13,True,False,0.05806451612903226,
Philippines,2023,12,1,5.0,117.0,2.0,,False,False,True,True,2023-03-20,True,False,0.042735042735042736,
Philippines,2023,13,1,9.0,119.0,2.0,,False,False,True,True,2023-03-27,True,False,0.07563025210084033,
Philippines,2023,14,1,2.0,60.0,0.0,,False,False,True,True,2023-04-03,True,False,0.03333333333333333,
Philippines,2023,15,1,6.0,94.0,0.0,,False,False,True,True,2023-04-10,True,False,0.06382978723404255,
Philippines,2023,16,1,2.0,94.0,1.0,,False,False,True,True,2023-04-17,True,False,0.02127659574468085,
Philippines,2023,17,1,2.0,114.0,1.0,,False,False,True,True,2023-04-24,True,False,0.017543859649122806,
Philippines,2023,18,1,6.0,100.0,0.0,,False,False,True,True,2023-05-01,True,False,0.06,
Philippines,2023,19,1,13.0,131.0,0.0,,False,False,True,True,2023-05-08,True,False,0.09923664122137404,
Philippines,2023,20,1,8.0,92.0,0.0,,False,False,True,True,2023-05-15,True,False,0.08695652173913043,
Philippines,2023,21,1,16.0,137.0,1.0,,False,False,True,True,2023-05-22,True,False,0.11678832116788321,
Philippines,2023,22,1,21.0,147.0,4.0,,False,False,True,True,2023-05-29,True,False,0.14285714285714285,
Philippines,2023,23,1,30.0,112.0,4.0,,False,False,True,True,2023-06-05,True,False,0.26785714285714285,
Philippines,2023,24,1,15.0,115.0,0.0,,False,False,True,True,2023-06-12,True,False,0.13043478260869565,
Philippines,2023,25,1,25.0,146.0,4.0,,False,False,True,True,2023-06-19,True,False,0.17123287671232876,
Philippines,2023,26,1,24.0,117.0,2.0,,False,False,True,True,2023-06-26,True,False,0.20512820512820512,
Philippines,2023,27,1,16.0,109.0,5.0,,False,False,True,True,2023-07-03,True,False,0.14678899082568808,
Philippines,2023,28,1,18.0,119.0,4.0,,False,False,True,True,2023-07-10,True,False,0.15126050420168066,
Philippines,2023,29,1,5.0,129.0,3.0,,False,False,True,True,2023-07-17,True,False,0.03875968992248062,
Philippines,2023,30,1,12.0,117.0,3.0,,False,False,True,True,2023-07-24,True,False,0.10256410256410256,
Philippines,2023,31,1,2.0,105.0,10.0,,False,False,True,True,2023-07-31,True,False,0.01904761904761905,
Philippines,2023,32,1,8.0,106.0,12.0,,False,False,True,True,2023-08-07,True,False,0.07547169811320754,
Philippines,2023,33,1,7.0,124.0,20.0,,False,False,True,True,2023-08-14,True,False,0.056451612903225805,
Philippines,2023,34,1,8.0,130.0,13.0,,False,False,True,True,2023-08-21,True,False,0.06153846153846154,
Philippines,2023,35,1,13.0,116.0,24.0,,False,False,True,True,2023-08-28,True,False,0.11206896551724138,
Philippines,2023,36,1,20.0,161.0,34.0,,False,False,True,True,2023-09-04,True,False,0.12422360248447205,
Philippines,2023,37,1,23.0,201.0,46.0,,False,False,True,True,2023-09-11,True,False,0.11442786069651742,
Philippines,2023,38,1,22.0,221.0,43.0,,False,False,True,True,2023-09-18,True,False,0.09954751131221719,
Philippines,2023,39,1,29.0,217.0,58.0,,False,False,True,True,2023-09-25,True,False,0.1336405529953917,
Philippines,2023,40,1,20.0,237.0,48.0,,False,False,True,True,2023-10-02,True,False,0.08438818565400844,
Philippines,2023,41,1,19.0,230.0,56.0,,False,False,True,True,2023-10-09,True,False,0.08260869565217391,
Philippines,2023,42,1,29.0,242.0,54.0,,False,False,True,True,2023-10-16,True,False,0.11983471074380166,
Philippines,2023,43,1,38.0,277.0,64.0,,False,False,True,True,2023-10-23,True,False,0.1371841155234657,
Philippines,2023,44,1,25.0,202.0,42.0,,False,False,True,True,2023-10-30,True,False,0.12376237623762376,
Philippines,2023,45,1,21.0,195.0,36.0,,False,False,True,True,2023-11-06,True,False,0.1076923076923077,
Philippines,2023,46,1,27.0,194.0,22.0,,False,False,True,True,2023-11-13,True,False,0.13917525773195877,
Philippines,2023,47,1,17.0,188.0,18.0,,False,False,True,True,2023-11-20,True,False,0.09042553191489362,
Philippines,2023,48,1,15.0,177.0,27.0,,False,False,True,True,2023-11-27,True,False,0.0847457627118644,
Philippines,2023,49,1,17.0,197.0,7.0,,False,False,True,True,2023-12-04,True,False,0.08629441624365482,
Philippines,2023,50,1,10.0,147.0,5.0,,False,False,True,True,2023-12-11,True,False,0.06802721088435375,
Philippines,2023,51,1,10.0,148.0,3.0,,False,False,True,True,2023-12-18,True,False,0.06756756756756757,
Philippines,2023,52,1,15.0,175.0,4.0,,False,False,True,True,2023-12-25,True,False,0.08571428571428572,
Philippines,2024,1,1,12.0,132.0,1.0,,False,False,True,True,2024-01-01,True,False,0.09090909090909091,
Philippines,2024,2,1,11.0,139.0,2.0,,False,False,True,True,2024-01-08,True,False,0.07913669064748201,
Philippines,2024,3,1,6.0,92.0,2.0,,False,False,True,True,2024-01-15,True,False,0.06521739130434782,
Philippines,2024,4,1,6.0,75.0,0.0,,False,False,True,True,2024-01-22,True,False,0.08,
Philippines,2024,5,1,6.0,120.0,2.0,,False,False,True,True,2024-01-29,True,False,0.05,
Philippines,2024,6,1,5.0,104.0,3.0,,False,False,True,True,2024-02-05,True,False,0.04807692307692308,
Philippines,2024,7,1,3.0,100.0,1.0,,False,False,True,True,2024-02-12,True,False,0.03,
Philippines,2024,8,1,0.0,104.0,1.0,,False,False,True,True,2024-02-19,True,False,0.0,
Philippines,2024,9,1,1.0,91.0,2.0,,False,False,True,True,2024-02-26,True,False,0.01098901098901099,
Philippines,2024,10,1,2.0,117.0,0.0,,False,False,True,True,2024-03-04,True,False,0.017094017094017096,
Philippines,2024,11,1,1.0,114.0,0.0,,False,False,True,True,2024-03-11,True,False,0.008771929824561403,
Philippines,2024,12,1,1.0,110.0,0.0,,False,False,True,True,2024-03-18,True,False,0.00909090909090909,
Philippines,2024,13,1,5.0,98.0,0.0,,False,False,True,True,2024-03-25,True,False,0.05102040816326531,
Philippines,2024,14,1,2.0,111.0,0.0,,False,False,True,True,2024-04-01,True,False,0.018018018018018018,
Philippines,2024,15,1,1.0,95.0,0.0,,False,False,True,True,2024-04-08,True,False,0.010526315789473684,
Philippines,2024,16,1,0.0,96.0,0.0,,False,False,True,True,2024-04-15,True,False,0.0,
Philippines,2024,17,1,3.0,104.0,0.0,,False,False,True,True,2024-04-22,True,False,0.028846153846153848,
Philippines,2024,18,1,0.0,72.0,0.0,,False,False,True,True,2024-04-29,True,False,0.0,
Philippines,2024,19,1,1.0,91.0,0.0,,False,False,True,True,2024-05-06,True,False,0.01098901098901099,
Philippines,2024,20,1,0.0,77.0,0.0,,False,False,True,True,2024-05-13,True,False,0.0,
Philippines,2024,21,1,0.0,96.0,0.0,,False,False,True,True,2024-05-20,True,False,0.0,
Philippines,2024,22,1,2.0,116.0,0.0,,False,False,True,True,2024-05-27,True,False,0.017241379310344827,
Philippines,2024,23,1,5.0,123.0,0.0,,False,False,True,True,2024-06-03,True,False,0.04065040650406504,
Philippines,2024,24,1,5.0,115.0,0.0,,False,False,True,True,2024-06-10,True,False,0.043478260869565216,
Philippines,2024,25,1,2.0,82.0,1.0,,False,False,True,True,2024-06-17,True,False,0.024390243902439025,
Philippines,2024,26,1,12.0,98.0,0.0,,False,False,True,True,2024-06-24,True,False,0.12244897959183673,
Philippines,2024,27,1,10.0,111.0,2.0,,False,False,True,True,2024-07-01,True,False,0.09009009009009009,
Philippines,2024,28,1,29.0,118.0,0.0,,False,False,True,True,2024-07-08,True,False,0.2457627118644068,
Philippines,2024,29,1,28.0,99.0,1.0,,False,False,True,True,2024-07-15,True,False,0.2828282828282828,
Philippines,2024,30,1,16.0,100.0,0.0,,False,False,True,True,2024-07-22,True,False,0.16,
Philippines,2024,31,1,34.0,98.0,1.0,,False,False,True,True,2024-07-29,True,False,0.3469387755102041,
Philippines,2024,32,1,53.0,125.0,0.0,,False,False,True,True,2024-08-05,True,False,0.424,
Philippines,2024,33,1,45.0,112.0,2.0,,False,False,True,True,2024-08-12,True,False,0.4017857142857143,
Philippines,2024,34,1,36.0,106.0,0.0,,False,False,True,True,2024-08-19,True,False,0.33962264150943394,
Philippines,2024,35,1,28.0,90.0,2.0,,False,False,True,True,2024-08-26,True,False,0.3111111111111111,
Philippines,2024,36,1,26.0,97.0,5.0,,False,False,True,True,2024-09-02,True,False,0.26804123711340205,
Philippines,2024,37,1,24.0,137.0,16.0,,False,False,True,True,2024-09-09,True,False,0.17518248175182483,
Philippines,2024,38,1,27.0,137.0,24.0,,False,False,True,True,2024-09-16,True,False,0.19708029197080293,
Philippines,2024,39,1,28.0,145.0,29.0,,False,False,True,True,2024-09-23,True,False,0.19310344827586207,
Philippines,2024,40,1,17.0,129.0,36.0,,False,False,True,True,2024-09-30,True,False,0.13178294573643412,
Philippines,2024,41,1,14.0,132.0,33.0,,False,False,True,True,2024-10-07,True,False,0.10606060606060606,
Philippines,2024,42,1,14.0,132.0,37.0,,False,False,True,True,2024-10-14,True,False,0.10606060606060606,
Philippines,2024,43,1,12.0,144.0,65.0,,False,False,True,True,2024-10-21,True,False,0.08333333333333333,
Philippines,2024,44,1,15.0,116.0,54.0,,False,False,True,True,2024-10-28,True,False,0.12931034482758622,
Philippines,2024,45,1,10.0,147.0,55.0,,False,False,True,True,2024-11-04,True,False,0.06802721088435375,
Philippines,2024,46,1,14.0,107.0,41.0,,False,False,True,True,2024-11-11,True,False,0.1308411214953271,
Philippines,2024,47,1,12.0,113.0,39.0,,False,False,True,True,2024-11-18,True,False,0.10619469026548672,
Philippines,2024,48,1,14.0,116.0,36.0,,False,False,True,True,2024-11-25,True,False,0.1206896551724138,
Philippines,2024,49,1,12.0,99.0,34.0,,False,False,True,True,2024-12-02,True,False,0.12121212121212122,
Philippines,2024,50,1,12.0,85.0,22.0,,False,False,True,True,2024-12-09,True,False,0.1411764705882353,
Philippines,2024,51,1,5.0,47.0,3.0,,False,False,True,True,2024-12-16,True,False,0.10638297872340426,
Philippines,2024,52,1,3.0,16.0,0.0,,False,False,True,True,2024-12-23,True,False,0.1875,
Philippines,2025,1,2,9.0,52.0,11.0,52.0,False,False,True,True,2024-12-30,True,True,0.17307692307692307,0.21153846153846154
Philippines,2025,2,2,13.0,102.0,18.0,102.0,False,False,True,True,2025-01-06,True,True,0.12745098039215685,0.17647058823529413
Philippines,2025,3,2,18.0,106.0,10.0,106.0,False,False,True,True,2025-01-13,True,True,0.16981132075471697,0.09433962264150944
Philippines,2025,4,2,12.0,90.0,10.0,90.0,False,False,True,True,2025-01-20,True,True,0.13333333333333333,0.1111111111111111
Philippines,2025,5,2,13.0,95.0,14.0,95.0,False,False,True,True,2025-01-27,True,True,0.1368421052631579,0.14736842105263157
Philippines,2025,6,2,14.0,113.0,13.0,113.0,False,False,True,True,2025-02-03,True,True,0.12389380530973451,0.11504424778761062
Philippines,2025,7,2,10.0,100.0,11.0,100.0,False,False,True,True,2025-02-10,True,True,0.1,0.11
Philippines,2025,8,2,13.0,92.0,1.0,92.0,False,False,True,True,2025-02-17,True,True,0.14130434782608695,0.010869565217391304
Philippines,2025,9,2,11.0,112.0,10.0,112.0,False,False,True,True,2025-02-24,True,True,0.09821428571428571,0.08928571428571429
Philippines,2025,10,2,15.0,104.0,8.0,104.0,False,False,True,True,2025-03-03,True,True,0.14423076923076922,0.07692307692307693
Philippines,2025,11,2,9.0,100.0,8.0,100.0,False,False,True,True,2025-03-10,True,True,0.09,0.08
Philippines,2025,12,2,12.0,103.0,1.0,103.0,False,False,True,True,2025-03-17,True,True,0.11650485436893204,0.009708737864077669
Philippines,2025,13,2,11.0,103.0,1.0,103.0,False,False,True,True,2025-03-24,True,True,0.10679611650485436,0.009708737864077669
Philippines,2025,14,2,11.0,95.0,1.0,95.0,False,False,True,True,2025-03-31,True,True,0.11578947368421053,0.010526315789473684
Philippines,2025,15,2,6.0,110.0,2.0,110.0,False,False,True,True,2025-04-07,True,True,0.05454545454545454,0.01818181818181818
Philippines,2025,16,2,3.0,78.0,3.0,78.0,False,False,True,True,2025-04-14,True,True,0.038461538461538464,0.038461538461538464
Philippines,2025,17,2,7.0,108.0,4.0,108.0,False,False,True,True,2025-04-21,True,True,0.06481481481481481,0.037037037037037035
Philippines,2025,18,2,17.0,88.0,0.0,88.0,False,False,True,True,2025-04-28,True,True,0.19318181818181818,0.0
Philippines,2025,19,2,1.0,91.0,5.0,91.0,False,False,True,True,2025-05-05,True,True,0.01098901098901099,0.054945054945054944
Philippines,2025,20,2,2.0,80.0,1.0,80.0,False,False,True,True,2025-05-12,True,True,0.025,0.0125
Philippines,2025,21,2,6.0,97.0,1.0,97.0,False,False,True,True,2025-05-19,True,True,0.061855670103092786,0.010309278350515464
Philippines,2025,22,2,9.0,86.0,1.0,86.0,False,False,True,True,2025-05-26,True,True,0.10465116279069768,0.011627906976744186
Philippines,2025,23,2,9.0,76.0,0.0,76.0,False,False,True,True,2025-06-02,True,True,0.11842105263157894,0.0
Philippines,2025,24,2,9.0,67.0,0.0,67.0,False,False,True,True,2025-06-09,True,True,0.13432835820895522,0.0
Philippines,2025,25,2,6.0,75.0,1.0,75.0,False,False,True,True,2025-06-16,True,True,0.08,0.013333333333333334
Philippines,2025,26,2,6.0,78.0,6.0,78.0,False,False,True,True,2025-06-23,True,True,0.07692307692307693,0.07692307692307693
Philippines,2025,27,2,14.0,103.0,0.0,103.0,False,False,True,True,2025-06-30,True,True,0.13592233009708737,0.0
Philippines,2025,28,2,22.0,112.0,2.0,112.0,False,False,True,True,2025-07-07,True,True,0.19642857142857142,0.017857142857142856
Philippines,2025,29,2,13.0,100.0,3.0,100.0,False,False,True,True,2025-07-14,True,True,0.13,0.03
Philippines,2025,30,2,13.0,80.0,8.0,80.0,False,False,True,True,2025-07-21,True,True,0.1625,0.1
Philippines,2025,31,2,21.0,92.0,6.0,92.0,False,False,True,True,2025-07-28,True,True,0.22826086956521738,0.06521739130434782
Philippines,2025,32,2,29.0,125.0,7.0,125.0,False,False,True,True,2025-08-04,True,True,0.232,0.056
Philippines,2025,33,2,46.0,168.0,21.0,168.0,False,False,True,True,2025-08-11,True,True,0.27380952380952384,0.125
Philippines,2025,34,2,32.0,136.0,16.0,136.0,False,False,True,True,2025-08-18,True,True,0.23529411764705882,0.11764705882352941
Philippines,2025,35,2,21.0,119.0,21.0,119.0,False,False,True,True,2025-08-25,True,True,0.17647058823529413,0.17647058823529413
Philippines,2025,36,2,24.0,98.0,18.0,98.0,False,False,True,True,2025-09-01,True,True,0.24489795918367346,0.1836734693877551
Philippines,2025,37,2,18.0,75.0,22.0,75.0,False,False,True,True,2025-09-08,True,True,0.24,0.29333333333333333
Philippines,2025,38,2,17.0,71.0,13.0,71.0,False,False,True,True,2025-09-15,True,True,0.23943661971830985,0.18309859154929578
Philippines,2025,39,2,17.0,57.0,14.0,57.0,False,False,True,True,2025-09-22,True,True,0.2982456140350877,0.24561403508771928
Philippines,2025,40,2,18.0,63.0,15.0,63.0,False,False,True,True,2025-09-29,True,True,0.2857142857142857,0.23809523809523808
Philippines,2025,41,2,15.0,74.0,12.0,74.0,False,False,True,True,2025-10-06,True,True,0.20270270270270271,0.16216216216216217
Philippines,2025,42,2,45.0,146.0,25.0,146.0,False,False,True,True,2025-10-13,True,True,0.3082191780821918,0.17123287671232876
Philippines,2025,43,2,94.0,230.0,43.0,230.0,False,False,True,True,2025-10-20,True,True,0.40869565217391307,0.18695652173913044
Philippines,2025,44,2,82.0,211.0,34.0,211.0,False,False,True,True,2025-10-27,True,True,0.3886255924170616,0.16113744075829384
Philippines,2025,45,2,44.0,151.0,21.0,151.0,False,False,True,True,2025-11-03,True,True,0.2913907284768212,0.1390728476821192
Philippines,2025,46,2,34.0,135.0,29.0,135.0,False,False,True,True,2025-11-10,True,True,0.2518518518518518,0.21481481481481482
Philippines,2025,47,2,39.0,175.0,29.0,175.0,False,False,True,True,2025-11-17,True,True,0.22285714285714286,0.1657142857142857
Philippines,2025,48,2,29.0,126.0,20.0,126.0,False,False,True,True,2025-11-24,True,True,0.23015873015873015,0.15873015873015872
Philippines,2025,49,2,17.0,133.0,29.0,133.0,False,False,True,True,2025-12-01,True,True,0.12781954887218044,0.21804511278195488
Philippines,2025,50,2,18.0,118.0,30.0,118.0,False,False,True,True,2025-12-08,True,True,0.15254237288135594,0.2542372881355932
Philippines,2025,51,2,15.0,93.0,10.0,93.0,False,False,True,True,2025-12-15,True,True,0.16129032258064516,0.10752688172043011
Philippines,2025,52,2,6.0,70.0,4.0,70.0,False,False,True,True,2025-12-22,True,True,0.08571428571428572,0.05714285714285714
Singapore,2007,1,1,6.0,160.0,,,False,False,True,False,2007-01-01,True,False,0.0375,
Singapore,2007,2,1,7.0,184.0,,,False,False,True,False,2007-01-08,True,False,0.03804347826086957,
Singapore,2007,3,1,9.0,237.0,,,False,False,True,False,2007-01-15,True,False,0.0379746835443038,
Singapore,2007,4,1,16.0,277.0,,,False,False,True,False,2007-01-22,True,False,0.05776173285198556,
Singapore,2007,5,1,13.0,305.0,,,False,False,True,False,2007-01-29,True,False,0.04262295081967213,
Singapore,2007,6,1,14.0,285.0,,,False,False,True,False,2007-02-05,True,False,0.04912280701754386,
Singapore,2007,7,1,7.0,248.0,,,False,False,True,False,2007-02-12,True,False,0.028225806451612902,
Singapore,2007,8,1,13.0,273.0,,,False,False,True,False,2007-02-19,True,False,0.047619047619047616,
Singapore,2007,9,1,9.0,300.0,,,False,False,True,False,2007-02-26,True,False,0.03,
Singapore,2007,10,1,8.0,293.0,,,False,False,True,False,2007-03-05,True,False,0.027303754266211604,
Singapore,2007,11,1,6.0,265.0,,,False,False,True,False,2007-03-12,True,False,0.022641509433962263,
Singapore,2007,12,1,6.0,275.0,,,False,False,True,False,2007-03-19,True,False,0.02181818181818182,
Singapore,2007,13,1,9.0,263.0,,,False,False,True,False,2007-03-26,True,False,0.034220532319391636,
Singapore,2007,14,1,7.0,269.0,,,False,False,True,False,2007-04-02,True,False,0.026022304832713755,
Singapore,2007,15,1,8.0,278.0,,,False,False,True,False,2007-04-09,True,False,0.02877697841726619,
Singapore,2007,16,1,17.0,309.0,,,False,False,True,False,2007-04-16,True,False,0.05501618122977346,
Singapore,2007,17,1,9.0,297.0,,,False,False,True,False,2007-04-23,True,False,0.030303030303030304,
Singapore,2007,18,1,13.0,261.0,,,False,False,True,False,2007-04-30,True,False,0.04980842911877394,
Singapore,2007,19,1,14.0,308.0,,,False,False,True,False,2007-05-07,True,False,0.045454545454545456,
Singapore,2007,20,1,11.0,349.0,,,False,False,True,False,2007-05-14,True,False,0.03151862464183381,
Singapore,2007,21,1,12.0,337.0,,,False,False,True,False,2007-05-21,True,False,0.03560830860534125,
Singapore,2007,22,1,4.0,298.0,,,False,False,True,False,2007-05-28,True,False,0.013422818791946308,
Singapore,2007,23,1,8.0,293.0,,,False,False,True,False,2007-06-04,True,False,0.027303754266211604,
Singapore,2007,24,1,4.0,231.0,,,False,False,True,False,2007-06-11,True,False,0.017316017316017316,
Singapore,2007,25,1,7.0,264.0,,,False,False,True,False,2007-06-18,True,False,0.026515151515151516,
Singapore,2007,26,1,9.0,256.0,,,False,False,True,False,2007-06-25,True,False,0.03515625,
Singapore,2007,27,1,6.0,225.0,,,False,False,True,False,2007-07-02,True,False,0.02666666666666667,
Singapore,2007,28,1,7.0,209.0,,,False,False,True,False,2007-07-09,True,False,0.03349282296650718,
Singapore,2007,29,1,4.0,185.0,,,False,False,True,False,2007-07-16,True,False,0.021621621621621623,
Singapore,2007,30,1,6.0,233.0,,,False,False,True,False,2007-07-23,True,False,0.02575107296137339,
Singapore,2007,31,1,3.0,230.0,,,False,False,True,False,2007-07-30,True,False,0.013043478260869565,
Singapore,2007,32,1,3.0,237.0,,,False,False,True,False,2007-08-06,True,False,0.012658227848101266,
Singapore,2007,33,1,4.0,227.0,,,False,False,True,False,2007-08-13,True,False,0.01762114537444934,
Singapore,2007,34,1,2.0,210.0,,,False,False,True,False,2007-08-20,True,False,0.009523809523809525,
Singapore,2007,35,1,2.0,225.0,,,False,False,True,False,2007-08-27,True,False,0.008888888888888889,
Singapore,2007,36,1,1.0,232.0,,,False,False,True,False,2007-09-03,True,False,0.004310344827586207,
Singapore,2007,37,1,7.0,234.0,,,False,False,True,False,2007-09-10,True,False,0.029914529914529916,
Singapore,2007,38,1,3.0,257.0,,,False,False,True,False,2007-09-17,True,False,0.011673151750972763,
Singapore,2007,39,1,2.0,259.0,,,False,False,True,False,2007-09-24,True,False,0.007722007722007722,
Singapore,2007,40,1,1.0,279.0,,,False,False,True,False,2007-10-01,True,False,0.0035842293906810036,
Singapore,2007,41,1,3.0,250.0,,,False,False,True,False,2007-10-08,True,False,0.012,
Singapore,2007,42,1,1.0,206.0,,,False,False,True,False,2007-10-15,True,False,0.0048543689320388345,
Singapore,2007,43,1,0.0,230.0,,,False,False,True,False,2007-10-22,True,False,0.0,
Singapore,2007,44,1,4.0,238.0,,,False,False,True,False,2007-10-29,True,False,0.01680672268907563,
Singapore,2007,45,1,5.0,273.0,,,False,False,True,False,2007-11-05,True,False,0.018315018315018316,
Singapore,2007,46,1,2.0,273.0,,,False,False,True,False,2007-11-12,True,False,0.007326007326007326,
Singapore,2007,47,1,2.0,276.0,,,False,False,True,False,2007-11-19,True,False,0.007246376811594203,
Singapore,2007,48,1,3.0,264.0,,,False,False,True,False,2007-11-26,True,False,0.011363636363636364,
Singapore,2007,49,1,1.0,255.0,,,False,False,True,False,2007-12-03,True,False,0.00392156862745098,
Singapore,2007,50,1,0.0,217.0,,,False,False,True,False,2007-12-10,True,False,0.0,
Singapore,2007,51,1,2.0,230.0,,,False,False,True,False,2007-12-17,True,False,0.008695652173913044,
Singapore,2007,52,1,6.0,216.0,,,False,False,True,False,2007-12-24,True,False,0.027777777777777776,
Singapore,2008,1,1,18.0,229.0,,,False,False,True,False,2007-12-31,True,False,0.07860262008733625,
Singapore,2008,2,1,22.0,248.0,,,False,False,True,False,2008-01-07,True,False,0.08870967741935484,
Singapore,2008,3,1,35.0,307.0,,,False,False,True,False,2008-01-14,True,False,0.11400651465798045,
Singapore,2008,4,1,30.0,338.0,,,False,False,True,False,2008-01-21,True,False,0.08875739644970414,
Singapore,2008,5,1,22.0,329.0,,,False,False,True,False,2008-01-28,True,False,0.0668693009118541,
Singapore,2008,6,1,20.0,254.0,,,False,False,True,False,2008-02-04,True,False,0.07874015748031496,
Singapore,2008,7,1,31.0,348.0,,,False,False,True,False,2008-02-11,True,False,0.08908045977011494,
Singapore,2008,8,1,26.0,305.0,,,False,False,True,False,2008-02-18,True,False,0.08524590163934426,
Singapore,2008,9,1,26.0,350.0,,,False,False,True,False,2008-02-25,True,False,0.07428571428571429,
Singapore,2008,10,1,27.0,360.0,,,False,False,True,False,2008-03-03,True,False,0.075,
Singapore,2008,11,1,30.0,363.0,,,False,False,True,False,2008-03-10,True,False,0.08264462809917356,
Singapore,2008,12,1,41.0,388.0,,,False,False,True,False,2008-03-17,True,False,0.1056701030927835,
Singapore,2008,13,1,45.0,391.0,,,False,False,True,False,2008-03-24,True,False,0.11508951406649616,
Singapore,2008,14,1,46.0,448.0,,,False,False,True,False,2008-03-31,True,False,0.10267857142857142,
Singapore,2008,15,1,30.0,415.0,,,False,False,True,False,2008-04-07,True,False,0.07228915662650602,
Singapore,2008,16,1,57.0,442.0,,,False,False,True,False,2008-04-14,True,False,0.12895927601809956,
Singapore,2008,17,1,65.0,479.0,,,False,False,True,False,2008-04-21,True,False,0.13569937369519833,
Singapore,2008,18,1,46.0,404.0,,,False,False,True,False,2008-04-28,True,False,0.11386138613861387,
Singapore,2008,19,1,123.0,506.0,,,False,False,True,False,2008-05-05,True,False,0.24308300395256918,
Singapore,2008,20,1,71.0,384.0,,,False,False,True,False,2008-05-12,True,False,0.18489583333333334,
Singapore,2008,21,1,71.0,374.0,,,False,False,True,False,2008-05-19,True,False,0.18983957219251338,
Singapore,2008,22,1,40.0,398.0,,,False,False,True,False,2008-05-26,True,False,0.10050251256281408,
Singapore,2008,23,1,26.0,292.0,,,False,False,True,False,2008-06-02,True,False,0.08904109589041095,
Singapore,2008,24,1,43.0,326.0,,,False,False,True,False,2008-06-09,True,False,0.13190184049079753,
Singapore,2008,25,1,24.0,324.0,,,False,False,True,False,2008-06-16,True,False,0.07407407407407407,
Singapore,2008,26,1,34.0,346.0,,,False,False,True,False,2008-06-23,True,False,0.09826589595375723,
Singapore,2008,27,1,16.0,280.0,,,False,False,True,False,2008-06-30,True,False,0.05714285714285714,
Singapore,2008,28,1,32.0,375.0,,,False,False,True,False,2008-07-07,True,False,0.08533333333333333,
Singapore,2008,29,1,31.0,307.0,,,False,False,True,False,2008-07-14,True,False,0.10097719869706841,
Singapore,2008,30,1,11.0,292.0,,,False,False,True,False,2008-07-21,True,False,0.03767123287671233,
Singapore,2008,31,1,22.0,345.0,,,False,False,True,False,2008-07-28,True,False,0.06376811594202898,
Singapore,2008,32,1,19.0,231.0,,,False,False,True,False,2008-08-04,True,False,0.08225108225108226,
Singapore,2008,33,1,16.0,301.0,,,False,False,True,False,2008-08-11,True,False,0.053156146179401995,
Singapore,2008,34,1,16.0,321.0,,,False,False,True,False,2008-08-18,True,False,0.04984423676012461,
Singapore,2008,35,1,10.0,292.0,,,False,False,True,False,2008-08-25,True,False,0.03424657534246575,
Singapore,2008,36,1,31.0,308.0,,,False,False,True,False,2008-09-01,True,False,0.10064935064935066,
Singapore,2008,37,1,22.0,288.0,,,False,False,True,False,2008-09-08,True,False,0.0763888888888889,
Singapore,2008,38,1,19.0,354.0,,,False,False,True,False,2008-09-15,True,False,0.05367231638418079,
Singapore,2008,39,1,19.0,328.0,,,False,False,True,False,2008-09-22,True,False,0.057926829268292686,
Singapore,2008,40,1,12.0,276.0,,,False,False,True,False,2008-09-29,True,False,0.043478260869565216,
Singapore,2008,41,1,23.0,292.0,,,False,False,True,False,2008-10-06,True,False,0.07876712328767123,
Singapore,2008,42,1,5.0,295.0,,,False,False,True,False,2008-10-13,True,False,0.01694915254237288,
Singapore,2008,43,1,27.0,329.0,,,False,False,True,False,2008-10-20,True,False,0.08206686930091185,
Singapore,2008,44,1,23.0,331.0,,,False,False,True,False,2008-10-27,True,False,0.06948640483383686,
Singapore,2008,45,1,31.0,303.0,,,False,False,True,False,2008-11-03,True,False,0.10231023102310231,
Singapore,2008,46,2,21.0,42.0,,,False,False,True,False,2008-11-10,True,False,0.5,
Singapore,2008,47,2,8.0,21.0,,,False,False,True,False,2008-11-17,True,False,0.38095238095238093,
Singapore,2008,48,2,11.0,27.0,,,False,False,True,False,2008-11-24,True,False,0.4074074074074074,
Singapore,2008,49,2,14.0,29.0,,,False,False,True,False,2008-12-01,True,False,0.4827586206896552,
Singapore,2008,50,2,7.0,29.0,,,False,False,True,False,2008-12-08,True,False,0.2413793103448276,
Singapore,2008,51,2,28.0,30.0,,,False,False,True,False,2008-12-15,True,False,0.9333333333333333,
Singapore,2008,52,2,2.0,19.0,,,False,False,True,False,2008-12-22,True,False,0.10526315789473684,
Singapore,2009,1,2,11.0,31.0,,,False,False,True,False,2008-12-29,True,False,0.3548387096774194,
Singapore,2009,2,2,9.0,57.0,,,False,False,True,False,2009-01-05,True,False,0.15789473684210525,
Singapore,2009,3,1,2.0,35.0,,,False,False,True,False,2009-01-12,True,False,0.05714285714285714,
Singapore,2009,4,2,7.0,46.0,,,False,False,True,False,2009-01-19,True,False,0.15217391304347827,
Singapore,2009,5,2,1.0,31.0,,,False,False,True,False,2009-01-26,True,False,0.03225806451612903,
Singapore,2009,6,2,5.0,58.0,,,False,False,True,False,2009-02-02,True,False,0.08620689655172414,
Singapore,2009,7,2,11.0,52.0,,,False,False,True,False,2009-02-09,True,False,0.21153846153846154,
Singapore,2009,8,2,13.0,62.0,,,False,False,True,False,2009-02-16,True,False,0.20967741935483872,
Singapore,2009,9,2,15.0,65.0,,,False,False,True,False,2009-02-23,True,False,0.23076923076923078,
Singapore,2009,10,2,14.0,69.0,,,False,False,True,False,2009-03-02,True,False,0.2028985507246377,
Singapore,2009,11,2,19.0,81.0,,,False,False,True,False,2009-03-09,True,False,0.2345679012345679,
Singapore,2009,12,2,21.0,69.0,,,False,False,True,False,2009-03-16,True,False,0.30434782608695654,
Singapore,2009,13,2,29.0,82.0,,,False,False,True,False,2009-03-23,True,False,0.35365853658536583,
Singapore,2009,14,2,19.0,67.0,,,False,False,True,False,2009-03-30,True,False,0.2835820895522388,
Singapore,2009,15,2,16.0,63.0,,,False,False,True,False,2009-04-06,True,False,0.25396825396825395,
Singapore,2009,16,2,15.0,81.0,,,False,False,True,False,2009-04-13,True,False,0.18518518518518517,
Singapore,2009,17,2,40.0,92.0,,,False,False,True,False,2009-04-20,True,False,0.43478260869565216,
Singapore,2009,18,2,187.0,422.0,,,False,False,True,False,2009-04-27,True,False,0.4431279620853081,
Singapore,2009,19,2,122.0,268.0,,,False,False,True,False,2009-05-04,True,False,0.4552238805970149,
Singapore,2009,20,2,124.0,254.0,,,False,False,True,False,2009-05-11,True,False,0.4881889763779528,
Singapore,2009,21,2,112.0,265.0,,,False,False,True,False,2009-05-18,True,False,0.4226415094339623,
Singapore,2009,22,2,91.0,264.0,,,False,False,True,False,2009-05-25,True,False,0.3446969696969697,
Singapore,2009,23,2,80.0,295.0,,,False,False,True,False,2009-06-01,True,False,0.2711864406779661,
Singapore,2009,24,2,51.0,345.0,,,False,False,True,False,2009-06-08,True,False,0.14782608695652175,
Singapore,2009,25,2,111.0,457.0,,,False,False,True,False,2009-06-15,True,False,0.24288840262582057,
Singapore,2009,26,2,236.0,1418.0,,,False,False,True,False,2009-06-22,True,False,0.16643159379407615,
Singapore,2009,27,2,323.0,1599.0,,,False,False,True,False,2009-06-29,True,False,0.20200125078173858,
Singapore,2009,28,2,485.0,1245.0,,,False,False,True,False,2009-07-06,True,False,0.3895582329317269,
Singapore,2009,29,2,600.0,1160.0,,,False,False,True,False,2009-07-13,True,False,0.5172413793103449,
Singapore,2009,30,2,642.0,1326.0,,,False,False,True,False,2009-07-20,True,False,0.4841628959276018,
Singapore,2009,31,2,662.0,1285.0,,,False,False,True,False,2009-07-27,True,False,0.5151750972762645,
Singapore,2009,32,2,674.0,1210.0,,,False,False,True,False,2009-08-03,True,False,0.5570247933884298,
Singapore,2009,33,2,427.0,821.0,,,False,False,True,False,2009-08-10,True,False,0.5200974421437271,
Singapore,2009,34,2,381.0,956.0,,,False,False,True,False,2009-08-17,True,False,0.3985355648535565,
Singapore,2009,35,2,296.0,666.0,,,False,False,True,False,2009-08-24,True,False,0.4444444444444444,
Singapore,2009,36,2,265.0,639.0,,,False,False,True,False,2009-08-31,True,False,0.41471048513302033,
Singapore,2009,37,2,198.0,535.0,,,False,False,True,False,2009-09-07,True,False,0.37009345794392523,
Singapore,2009,38,1,0.0,47.0,,,False,False,True,False,2009-09-14,True,False,0.0,
Singapore,2009,39,1,0.0,21.0,,,False,False,True,False,2009-09-21,True,False,0.0,
Singapore,2009,40,1,2.0,37.0,,,False,False,True,False,2009-09-28,True,False,0.05405405405405406,
Singapore,2009,41,1,2.0,96.0,,,False,False,True,False,2009-10-05,True,False,0.020833333333333332,
Singapore,2009,42,1,1.0,61.0,,,False,False,True,False,2009-10-12,True,False,0.01639344262295082,
Singapore,2009,43,1,0.0,72.0,,,False,False,True,False,2009-10-19,True,False,0.0,
Singapore,2009,44,1,0.0,59.0,,,False,False,True,False,2009-10-26,True,False,0.0,
Singapore,2009,45,1,0.0,58.0,,,False,False,True,False,2009-11-02,True,False,0.0,
Singapore,2009,46,1,1.0,39.0,,,False,False,True,False,2009-11-09,True,False,0.02564102564102564,
Singapore,2009,47,1,2.0,76.0,,,False,False,True,False,2009-11-16,True,False,0.02631578947368421,
Singapore,2010,1,1,94.0,179.0,,,False,False,True,False,2010-01-04,True,False,0.5251396648044693,
Singapore,2010,2,1,184.0,359.0,,,False,False,True,False,2010-01-11,True,False,0.5125348189415042,
Singapore,2010,3,1,89.0,225.0,,,False,False,True,False,2010-01-18,True,False,0.39555555555555555,
Singapore,2010,4,1,87.0,208.0,,,False,False,True,False,2010-01-25,True,False,0.4182692307692308,
Singapore,2010,5,1,63.0,161.0,,,False,False,True,False,2010-02-01,True,False,0.391304347826087,
Singapore,2010,6,1,45.0,118.0,,,False,False,True,False,2010-02-08,True,False,0.3813559322033898,
Singapore,2010,7,1,9.0,35.0,,,False,False,True,False,2010-02-15,True,False,0.2571428571428571,
Singapore,2010,8,1,18.0,90.0,,,False,False,True,False,2010-02-22,True,False,0.2,
Singapore,2010,9,1,15.0,60.0,,,False,False,True,False,2010-03-01,True,False,0.25,
Singapore,2010,10,1,17.0,71.0,,,False,False,True,False,2010-03-08,True,False,0.23943661971830985,
Singapore,2010,11,1,17.0,82.0,,,False,False,True,False,2010-03-15,True,False,0.2073170731707317,
Singapore,2010,12,1,34.0,84.0,,,False,False,True,False,2010-03-22,True,False,0.40476190476190477,
Singapore,2010,13,1,47.0,98.0,,,False,False,True,False,2010-03-29,True,False,0.47959183673469385,
Singapore,2010,14,1,93.0,170.0,,,False,False,True,False,2010-04-05,True,False,0.5470588235294118,
Singapore,2010,15,1,88.0,178.0,,,False,False,True,False,2010-04-12,True,False,0.4943820224719101,
Singapore,2010,16,1,149.0,259.0,,,False,False,True,False,2010-04-19,True,False,0.5752895752895753,
Singapore,2010,17,1,163.0,262.0,,,False,False,True,False,2010-04-26,True,False,0.6221374045801527,
Singapore,2010,18,1,304.0,502.0,,,False,False,True,False,2010-05-03,True,False,0.6055776892430279,
Singapore,2010,19,1,249.0,390.0,,,False,False,True,False,2010-05-10,True,False,0.6384615384615384,
Singapore,2010,20,1,203.0,325.0,,,False,False,True,False,2010-05-17,True,False,0.6246153846153846,
Singapore,2010,21,1,206.0,306.0,,,False,False,True,False,2010-05-24,True,False,0.673202614379085,
Singapore,2010,22,1,165.0,277.0,,,False,False,True,False,2010-05-31,True,False,0.5956678700361011,
Singapore,2010,23,1,152.0,245.0,,,False,False,True,False,2010-06-07,True,False,0.6204081632653061,
Singapore,2010,24,1,98.0,154.0,,,False,False,True,False,2010-06-14,True,False,0.6363636363636364,
Singapore,2010,25,1,69.0,147.0,,,False,False,True,False,2010-06-21,True,False,0.46938775510204084,
Singapore,2010,26,1,61.0,123.0,,,False,False,True,False,2010-06-28,True,False,0.4959349593495935,
Singapore,2010,27,1,71.0,164.0,,,False,False,True,False,2010-07-05,True,False,0.4329268292682927,
Singapore,2010,28,1,62.0,135.0,,,False,False,True,False,2010-07-12,True,False,0.45925925925925926,
Singapore,2010,29,1,58.0,124.0,,,False,False,True,False,2010-07-19,True,False,0.46774193548387094,
Singapore,2010,30,1,47.0,127.0,,,False,False,True,False,2010-07-26,True,False,0.3700787401574803,
Singapore,2010,31,1,39.0,82.0,,,False,False,True,False,2010-08-02,True,False,0.47560975609756095,
Singapore,2010,32,1,27.0,79.0,,,False,False,True,False,2010-08-09,True,False,0.34177215189873417,
Singapore,2010,33,1,46.0,93.0,,,False,False,True,False,2010-08-16,True,False,0.4946236559139785,
Singapore,2010,34,1,40.0,84.0,,,False,False,True,False,2010-08-23,True,False,0.47619047619047616,
Singapore,2010,35,1,49.0,101.0,,,False,False,True,False,2010-08-30,True,False,0.48514851485148514,
Singapore,2010,36,1,31.0,77.0,,,False,False,True,False,2010-09-06,True,False,0.4025974025974026,
Singapore,2010,37,1,33.0,78.0,,,False,False,True,False,2010-09-13,True,False,0.4230769230769231,
Singapore,2010,38,1,43.0,102.0,,,False,False,True,False,2010-09-20,True,False,0.4215686274509804,
Singapore,2010,39,1,34.0,86.0,,,False,False,True,False,2010-09-27,True,False,0.3953488372093023,
Singapore,2010,40,1,22.0,54.0,,,False,False,True,False,2010-10-04,True,False,0.4074074074074074,
Singapore,2010,41,1,30.0,58.0,,,False,False,True,False,2010-10-11,True,False,0.5172413793103449,
Singapore,2010,42,1,11.0,27.0,,,False,False,True,False,2010-10-18,True,False,0.4074074074074074,
Singapore,2010,43,1,20.0,50.0,,,False,False,True,False,2010-10-25,True,False,0.4,
Singapore,2010,44,1,16.0,33.0,,,False,False,True,False,2010-11-01,True,False,0.48484848484848486,
Singapore,2010,45,1,12.0,40.0,,,False,False,True,False,2010-11-08,True,False,0.3,
Singapore,2010,46,1,5.0,22.0,,,False,False,True,False,2010-11-15,True,False,0.22727272727272727,
Singapore,2010,47,1,10.0,36.0,,,False,False,True,False,2010-11-22,True,False,0.2777777777777778,
Singapore,2010,48,1,16.0,36.0,,,False,False,True,False,2010-11-29,True,False,0.4444444444444444,
Singapore,2010,49,1,12.0,31.0,,,False,False,True,False,2010-12-06,True,False,0.3870967741935484,
Singapore,2010,50,1,13.0,36.0,,,False,False,True,False,2010-12-13,True,False,0.3611111111111111,
Singapore,2010,51,1,11.0,29.0,,,False,False,True,False,2010-12-20,True,False,0.3793103448275862,
Singapore,2010,52,1,22.0,44.0,,,False,False,True,False,2010-12-27,True,False,0.5,
Singapore,2011,1,1,47.0,74.0,,,False,False,True,False,2011-01-03,True,False,0.6351351351351351,
Singapore,2011,2,1,65.0,119.0,,,False,False,True,False,2011-01-10,True,False,0.5462184873949579,
Singapore,2011,3,1,72.0,138.0,,,False,False,True,False,2011-01-17,True,False,0.5217391304347826,
Singapore,2011,4,1,72.0,131.0,,,False,False,True,False,2011-01-24,True,False,0.549618320610687,
Singapore,2011,5,1,36.0,62.0,,,False,False,True,False,2011-01-31,True,False,0.5806451612903226,
Singapore,2011,6,1,61.0,125.0,,,False,False,True,False,2011-02-07,True,False,0.488,
Singapore,2011,7,1,35.0,97.0,,,False,False,True,False,2011-02-14,True,False,0.36082474226804123,
Singapore,2011,8,1,27.0,90.0,,,False,False,True,False,2011-02-21,True,False,0.3,
Singapore,2011,9,1,25.0,80.0,,,False,False,True,False,2011-02-28,True,False,0.3125,
Singapore,2011,10,1,18.0,89.0,,,False,False,True,False,2011-03-07,True,False,0.20224719101123595,
Singapore,2011,11,1,15.0,60.0,,,False,False,True,False,2011-03-14,True,False,0.25,
Singapore,2011,12,1,20.0,77.0,,,False,False,True,False,2011-03-21,True,False,0.2597402597402597,
Singapore,2011,13,1,7.0,52.0,,,False,False,True,False,2011-03-28,True,False,0.1346153846153846,
Singapore,2011,14,1,10.0,66.0,,,False,False,True,False,2011-04-04,True,False,0.15151515151515152,
Singapore,2011,15,1,4.0,55.0,,,False,False,True,False,2011-04-11,True,False,0.07272727272727272,
Singapore,2011,16,1,2.0,30.0,,,False,False,True,False,2011-04-18,True,False,0.06666666666666667,
Singapore,2011,17,1,2.0,32.0,,,False,False,True,False,2011-04-25,True,False,0.0625,
Singapore,2011,18,1,3.0,20.0,,,False,False,True,False,2011-05-02,True,False,0.15,
Singapore,2011,19,1,6.0,28.0,,,False,False,True,False,2011-05-09,True,False,0.21428571428571427,
Singapore,2011,20,1,5.0,38.0,,,False,False,True,False,2011-05-16,True,False,0.13157894736842105,
Singapore,2011,21,1,13.0,54.0,,,False,False,True,False,2011-05-23,True,False,0.24074074074074073,
Singapore,2011,22,1,10.0,39.0,,,False,False,True,False,2011-05-30,True,False,0.2564102564102564,
Singapore,2011,23,1,12.0,38.0,,,False,False,True,False,2011-06-06,True,False,0.3157894736842105,
Singapore,2011,24,1,23.0,53.0,,,False,False,True,False,2011-06-13,True,False,0.4339622641509434,
Singapore,2011,25,1,37.0,71.0,,,False,False,True,False,2011-06-20,True,False,0.5211267605633803,
Singapore,2011,26,1,35.0,58.0,,,False,False,True,False,2011-06-27,True,False,0.603448275862069,
Singapore,2011,27,1,35.0,70.0,,,False,False,True,False,2011-07-04,True,False,0.5,
Singapore,2011,28,1,45.0,84.0,,,False,False,True,False,2011-07-11,True,False,0.5357142857142857,
Singapore,2011,29,1,31.0,68.0,,,False,False,True,False,2011-07-18,True,False,0.45588235294117646,
Singapore,2011,30,1,29.0,55.0,,,False,False,True,False,2011-07-25,True,False,0.5272727272727272,
Singapore,2011,31,1,20.0,46.0,,,False,False,True,False,2011-08-01,True,False,0.43478260869565216,
Singapore,2011,32,1,17.0,44.0,,,False,False,True,False,2011-08-08,True,False,0.38636363636363635,
Singapore,2011,33,1,16.0,36.0,,,False,False,True,False,2011-08-15,True,False,0.4444444444444444,
Singapore,2011,34,1,7.0,22.0,,,False,False,True,False,2011-08-22,True,False,0.3181818181818182,
Singapore,2011,35,1,6.0,15.0,,,False,False,True,False,2011-08-29,True,False,0.4,
Singapore,2011,36,1,9.0,21.0,,,False,False,True,False,2011-09-05,True,False,0.42857142857142855,
Singapore,2011,37,1,12.0,31.0,,,False,False,True,False,2011-09-12,True,False,0.3870967741935484,
Singapore,2011,38,1,9.0,25.0,,,False,False,True,False,2011-09-19,True,False,0.36,
Singapore,2011,39,1,16.0,41.0,,,False,False,True,False,2011-09-26,True,False,0.3902439024390244,
Singapore,2011,40,1,26.0,45.0,,,False,False,True,False,2011-10-03,True,False,0.5777777777777777,
Singapore,2011,41,1,14.0,40.0,,,False,False,True,False,2011-10-10,True,False,0.35,
Singapore,2011,42,1,25.0,55.0,,,False,False,True,False,2011-10-17,True,False,0.45454545454545453,
Singapore,2011,43,1,10.0,28.0,,,False,False,True,False,2011-10-24,True,False,0.35714285714285715,
Singapore,2011,44,1,16.0,36.0,,,False,False,True,False,2011-10-31,True,False,0.4444444444444444,
Singapore,2011,45,1,21.0,39.0,,,False,False,True,False,2011-11-07,True,False,0.5384615384615384,
Singapore,2011,46,1,25.0,51.0,,,False,False,True,False,2011-11-14,True,False,0.49019607843137253,
Singapore,2011,47,1,17.0,40.0,,,False,False,True,False,2011-11-21,True,False,0.425,
Singapore,2011,48,1,16.0,41.0,,,False,False,True,False,2011-11-28,True,False,0.3902439024390244,
Singapore,2011,49,1,25.0,46.0,,,False,False,True,False,2011-12-05,True,False,0.5434782608695652,
Singapore,2011,50,1,20.0,43.0,,,False,False,True,False,2011-12-12,True,False,0.46511627906976744,
Singapore,2012,1,1,25.0,48.0,,,False,False,True,False,2012-01-02,True,False,0.5208333333333334,
Singapore,2012,2,1,39.0,61.0,,,False,False,True,False,2012-01-09,True,False,0.639344262295082,
Singapore,2012,3,1,18.0,42.0,,,False,False,True,False,2012-01-16,True,False,0.42857142857142855,
Singapore,2012,4,1,23.0,35.0,,,False,False,True,False,2012-01-23,True,False,0.6571428571428571,
Singapore,2012,5,1,34.0,58.0,,,False,False,True,False,2012-01-30,True,False,0.5862068965517241,
Singapore,2012,6,1,39.0,68.0,,,False,False,True,False,2012-02-06,True,False,0.5735294117647058,
Singapore,2012,7,1,48.0,93.0,,,False,False,True,False,2012-02-13,True,False,0.5161290322580645,
Singapore,2012,8,1,30.0,50.0,,,False,False,True,False,2012-02-20,True,False,0.6,
Singapore,2012,9,1,26.0,58.0,,,False,False,True,False,2012-02-27,True,False,0.4482758620689655,
Singapore,2012,10,1,18.0,46.0,,,False,False,True,False,2012-03-05,True,False,0.391304347826087,
Singapore,2012,11,1,24.0,39.0,,,False,False,True,False,2012-03-12,True,False,0.6153846153846154,
Singapore,2012,12,1,19.0,53.0,,,False,False,True,False,2012-03-19,True,False,0.3584905660377358,
Singapore,2012,13,1,22.0,55.0,,,False,False,True,False,2012-03-26,True,False,0.4,
Singapore,2012,14,1,14.0,29.0,,,False,False,True,False,2012-04-02,True,False,0.4827586206896552,
Singapore,2012,15,1,19.0,45.0,,,False,False,True,False,2012-04-09,True,False,0.4222222222222222,
Singapore,2012,16,1,12.0,33.0,,,False,False,True,False,2012-04-16,True,False,0.36363636363636365,
Singapore,2012,17,1,19.0,45.0,,,False,False,True,False,2012-04-23,True,False,0.4222222222222222,
Singapore,2012,18,1,19.0,,,,False,False,True,False,2012-04-30,False,False,,
Singapore,2012,19,1,24.0,,,,False,False,True,False,2012-05-07,False,False,,
Singapore,2012,20,1,18.0,,,,False,False,True,False,2012-05-14,False,False,,
Singapore,2012,21,1,24.0,,,,False,False,True,False,2012-05-21,False,False,,
Singapore,2012,22,1,30.0,,,,False,False,True,False,2012-05-28,False,False,,
Singapore,2012,23,1,30.0,,,,False,False,True,False,2012-06-04,False,False,,
Singapore,2012,24,1,27.0,,,,False,False,True,False,2012-06-11,False,False,,
Singapore,2012,25,1,23.0,,,,False,False,True,False,2012-06-18,False,False,,
Singapore,2012,26,1,14.0,,,,False,False,True,False,2012-06-25,False,False,,
Singapore,2012,27,1,17.0,,,,False,False,True,False,2012-07-02,False,False,,
Singapore,2012,28,1,13.0,45.0,,,False,False,True,False,2012-07-09,True,False,0.28888888888888886,
Singapore,2012,29,1,7.0,,,,False,False,True,False,2012-07-16,False,False,,
Singapore,2012,30,1,13.0,,,,False,False,True,False,2012-07-23,False,False,,
Singapore,2012,31,1,9.0,,,,False,False,True,False,2012-07-30,False,False,,
Singapore,2012,32,1,17.0,,,,False,False,True,False,2012-08-06,False,False,,
Singapore,2012,33,1,9.0,23.0,,,False,False,True,False,2012-08-13,True,False,0.391304347826087,
Singapore,2012,34,1,8.0,,,,False,False,True,False,2012-08-20,False,False,,
Singapore,2012,35,1,7.0,,,,False,False,True,False,2012-08-27,False,False,,
Singapore,2012,36,1,7.0,17.0,,,False,False,True,False,2012-09-03,True,False,0.4117647058823529,
Singapore,2012,37,1,9.0,20.0,,,False,False,True,False,2012-09-10,True,False,0.45,
Singapore,2012,38,1,10.0,31.0,,,False,False,True,False,2012-09-17,True,False,0.3225806451612903,
Singapore,2012,39,1,8.0,27.0,,,False,False,True,False,2012-09-24,True,False,0.2962962962962963,
Singapore,2012,40,1,7.0,34.0,,,False,False,True,False,2012-10-01,True,False,0.20588235294117646,
Singapore,2012,41,1,7.0,25.0,,,False,False,True,False,2012-10-08,True,False,0.28,
Singapore,2012,42,1,7.0,30.0,,,False,False,True,False,2012-10-15,True,False,0.23333333333333334,
Singapore,2012,43,1,12.0,31.0,,,False,False,True,False,2012-10-22,True,False,0.3870967741935484,
Singapore,2012,44,1,13.0,31.0,,,False,False,True,False,2012-10-29,True,False,0.41935483870967744,
Singapore,2012,45,1,17.0,40.0,,,False,False,True,False,2012-11-05,True,False,0.425,
Singapore,2012,46,1,17.0,37.0,,,False,False,True,False,2012-11-12,True,False,0.4594594594594595,
Singapore,2012,47,1,12.0,34.0,,,False,False,True,False,2012-11-19,True,False,0.35294117647058826,
Singapore,2012,48,1,18.0,50.0,,,False,False,True,False,2012-11-26,True,False,0.36,
Singapore,2012,49,1,25.0,51.0,,,False,False,True,False,2012-12-03,True,False,0.49019607843137253,
Singapore,2012,50,1,26.0,42.0,,,False,False,True,False,2012-12-10,True,False,0.6190476190476191,
Singapore,2012,51,1,24.0,53.0,,,False,False,True,False,2012-12-17,True,False,0.4528301886792453,
Singapore,2012,52,1,25.0,47.0,,,False,False,True,False,2012-12-24,True,False,0.5319148936170213,
Singapore,2013,1,1,23.0,43.0,,,False,False,True,False,2012-12-31,True,False,0.5348837209302325,
Singapore,2013,2,1,28.0,50.0,,,False,False,True,False,2013-01-07,True,False,0.56,
Singapore,2013,3,1,22.0,56.0,,,False,False,True,False,2013-01-14,True,False,0.39285714285714285,
Singapore,2013,4,1,28.0,52.0,,,False,False,True,False,2013-01-21,True,False,0.5384615384615384,
Singapore,2013,5,1,29.0,56.0,,,False,False,True,False,2013-01-28,True,False,0.5178571428571429,
Singapore,2013,6,1,6.0,29.0,,,False,False,True,False,2013-02-04,True,False,0.20689655172413793,
Singapore,2013,7,1,6.0,14.0,,,False,False,True,False,2013-02-11,True,False,0.42857142857142855,
Singapore,2013,8,1,15.0,39.0,,,False,False,True,False,2013-02-18,True,False,0.38461538461538464,
Singapore,2013,9,1,3.0,14.0,,,False,False,True,False,2013-02-25,True,False,0.21428571428571427,
Singapore,2013,10,1,7.0,18.0,,,False,False,True,False,2013-03-04,True,False,0.3888888888888889,
Singapore,2013,11,1,5.0,21.0,,,False,False,True,False,2013-03-11,True,False,0.23809523809523808,
Singapore,2013,12,1,9.0,25.0,,,False,False,True,False,2013-03-18,True,False,0.36,
Singapore,2013,13,1,3.0,10.0,,,False,False,True,False,2013-03-25,True,False,0.3,
Singapore,2013,14,1,6.0,22.0,,,False,False,True,False,2013-04-01,True,False,0.2727272727272727,
Singapore,2013,15,1,10.0,38.0,,,False,False,True,False,2013-04-08,True,False,0.2631578947368421,
Singapore,2013,16,1,11.0,56.0,,,False,False,True,False,2013-04-15,True,False,0.19642857142857142,
Singapore,2013,17,1,10.0,49.0,,,False,False,True,False,2013-04-22,True,False,0.20408163265306123,
Singapore,2013,18,1,2.0,25.0,,,False,False,True,False,2013-04-29,True,False,0.08,
Singapore,2013,19,1,8.0,33.0,,,False,False,True,False,2013-05-06,True,False,0.24242424242424243,
Singapore,2013,20,1,22.0,51.0,,,False,False,True,False,2013-05-13,True,False,0.43137254901960786,
Singapore,2013,21,1,15.0,37.0,,,False,False,True,False,2013-05-20,True,False,0.40540540540540543,
Singapore,2013,22,1,19.0,42.0,,,False,False,True,False,2013-05-27,True,False,0.4523809523809524,
Singapore,2013,23,1,23.0,52.0,,,False,False,True,False,2013-06-03,True,False,0.4423076923076923,
Singapore,2013,24,1,21.0,39.0,,,False,False,True,False,2013-06-10,True,False,0.5384615384615384,
Singapore,2013,25,1,12.0,34.0,,,False,False,True,False,2013-06-17,True,False,0.35294117647058826,
Singapore,2013,26,1,5.0,17.0,,,False,False,True,False,2013-06-24,True,False,0.29411764705882354,
Singapore,2013,27,1,5.0,25.0,,,False,False,True,False,2013-07-01,True,False,0.2,
Singapore,2013,28,1,3.0,21.0,,,False,False,True,False,2013-07-08,True,False,0.14285714285714285,
Singapore,2013,29,1,4.0,16.0,,,False,False,True,False,2013-07-15,True,False,0.25,
Singapore,2013,30,1,3.0,14.0,,,False,False,True,False,2013-07-22,True,False,0.21428571428571427,
Singapore,2013,31,1,6.0,18.0,,,False,False,True,False,2013-07-29,True,False,0.3333333333333333,
Singapore,2013,32,1,3.0,11.0,,,False,False,True,False,2013-08-05,True,False,0.2727272727272727,
Singapore,2013,33,1,10.0,19.0,,,False,False,True,False,2013-08-12,True,False,0.5263157894736842,
Singapore,2013,34,1,4.0,8.0,,,False,False,True,False,2013-08-19,True,False,0.5,
Singapore,2013,35,1,2.0,15.0,,,False,False,True,False,2013-08-26,True,False,0.13333333333333333,
Singapore,2013,36,1,5.0,12.0,,,False,False,True,False,2013-09-02,True,False,0.4166666666666667,
Singapore,2013,37,1,5.0,14.0,,,False,False,True,False,2013-09-09,True,False,0.35714285714285715,
Singapore,2013,38,1,19.0,33.0,,,False,False,True,False,2013-09-16,True,False,0.5757575757575758,
Singapore,2013,39,1,16.0,41.0,,,False,False,True,False,2013-09-23,True,False,0.3902439024390244,
Singapore,2013,40,1,11.0,28.0,,,False,False,True,False,2013-09-30,True,False,0.39285714285714285,
Singapore,2013,41,1,28.0,66.0,,,False,False,True,False,2013-10-07,True,False,0.42424242424242425,
Singapore,2013,42,1,20.0,46.0,,,False,False,True,False,2013-10-14,True,False,0.43478260869565216,
Singapore,2013,43,1,11.0,36.0,,,False,False,True,False,2013-10-21,True,False,0.3055555555555556,
Singapore,2013,44,1,31.0,67.0,,,False,False,True,False,2013-10-28,True,False,0.4626865671641791,
Singapore,2013,45,1,23.0,54.0,,,False,False,True,False,2013-11-04,True,False,0.42592592592592593,
Singapore,2013,46,1,36.0,50.0,,,False,False,True,False,2013-11-11,True,False,0.72,
Singapore,2013,47,1,21.0,41.0,,,False,False,True,False,2013-11-18,True,False,0.5121951219512195,
Singapore,2013,48,1,31.0,48.0,,,False,False,True,False,2013-11-25,True,False,0.6458333333333334,
Singapore,2013,49,1,29.0,52.0,,,False,False,True,False,2013-12-02,True,False,0.5576923076923077,
Singapore,2013,50,1,24.0,31.0,,,False,False,True,False,2013-12-09,True,False,0.7741935483870968,
Singapore,2013,51,1,41.0,67.0,,,False,False,True,False,2013-12-16,True,False,0.6119402985074627,
Singapore,2013,52,1,18.0,21.0,,,False,False,True,False,2013-12-23,True,False,0.8571428571428571,
Singapore,2014,1,1,25.0,36.0,,,False,False,True,False,2013-12-30,True,False,0.6944444444444444,
Singapore,2014,2,1,34.0,72.0,,,False,False,True,False,2014-01-06,True,False,0.4722222222222222,
Singapore,2014,3,1,28.0,59.0,,,False,False,True,False,2014-01-13,True,False,0.4745762711864407,
Singapore,2014,4,1,22.0,57.0,,,False,False,True,False,2014-01-20,True,False,0.38596491228070173,
Singapore,2014,5,1,13.0,26.0,,,False,False,True,False,2014-01-27,True,False,0.5,
Singapore,2014,6,1,11.0,29.0,,,False,False,True,False,2014-02-03,True,False,0.3793103448275862,
Singapore,2014,7,1,17.0,41.0,,,False,False,True,False,2014-02-10,True,False,0.4146341463414634,
Singapore,2014,8,1,21.0,49.0,,,False,False,True,False,2014-02-17,True,False,0.42857142857142855,
Singapore,2014,9,1,14.0,30.0,,,False,False,True,False,2014-02-24,True,False,0.4666666666666667,
Singapore,2014,10,1,12.0,46.0,,,False,False,True,False,2014-03-03,True,False,0.2608695652173913,
Singapore,2014,11,1,7.0,21.0,,,False,False,True,False,2014-03-10,True,False,0.3333333333333333,
Singapore,2014,12,1,4.0,20.0,,,False,False,True,False,2014-03-17,True,False,0.2,
Singapore,2014,13,1,10.0,25.0,,,False,False,True,False,2014-03-24,True,False,0.4,
Singapore,2014,14,1,15.0,42.0,,,False,False,True,False,2014-03-31,True,False,0.35714285714285715,
Singapore,2014,15,1,8.0,32.0,,,False,False,True,False,2014-04-07,True,False,0.25,
Singapore,2014,16,1,11.0,23.0,,,False,False,True,False,2014-04-14,True,False,0.4782608695652174,
Singapore,2014,17,1,7.0,30.0,,,False,False,True,False,2014-04-21,True,False,0.23333333333333334,
Singapore,2014,18,1,8.0,28.0,,,False,False,True,False,2014-04-28,True,False,0.2857142857142857,
Singapore,2014,19,1,15.0,30.0,,,False,False,True,False,2014-05-05,True,False,0.5,
Singapore,2014,20,1,9.0,30.0,,,False,False,True,False,2014-05-12,True,False,0.3,
Singapore,2014,21,1,17.0,46.0,,,False,False,True,False,2014-05-19,True,False,0.3695652173913043,
Singapore,2014,22,1,51.0,80.0,,,False,False,True,False,2014-05-26,True,False,0.6375,
Singapore,2014,23,1,45.0,68.0,,,False,False,True,False,2014-06-02,True,False,0.6617647058823529,
Singapore,2014,24,1,58.0,88.0,,,False,False,True,False,2014-06-09,True,False,0.6590909090909091,
Singapore,2014,25,1,41.0,67.0,,,False,False,True,False,2014-06-16,True,False,0.6119402985074627,
Singapore,2014,26,1,50.0,68.0,,,False,False,True,False,2014-06-23,True,False,0.7352941176470589,
Singapore,2014,27,1,60.0,96.0,,,False,False,True,False,2014-06-30,True,False,0.625,
Singapore,2014,28,1,60.0,89.0,,,False,False,True,False,2014-07-07,True,False,0.6741573033707865,
Singapore,2014,29,1,64.0,88.0,,,False,False,True,False,2014-07-14,True,False,0.7272727272727273,
Singapore,2014,30,1,60.0,85.0,,,False,False,True,False,2014-07-21,True,False,0.7058823529411765,
Singapore,2014,31,1,35.0,55.0,,,False,False,True,False,2014-07-28,True,False,0.6363636363636364,
Singapore,2014,32,1,30.0,52.0,,,False,False,True,False,2014-08-04,True,False,0.5769230769230769,
Singapore,2014,33,1,30.0,48.0,,,False,False,True,False,2014-08-11,True,False,0.625,
Singapore,2014,34,1,23.0,53.0,,,False,False,True,False,2014-08-18,True,False,0.4339622641509434,
Singapore,2014,35,1,14.0,43.0,,,False,False,True,False,2014-08-25,True,False,0.32558139534883723,
Singapore,2014,36,1,12.0,34.0,,,False,False,True,False,2014-09-01,True,False,0.35294117647058826,
Singapore,2014,37,1,8.0,28.0,,,False,False,True,False,2014-09-08,True,False,0.2857142857142857,
Singapore,2014,38,1,10.0,30.0,,,False,False,True,False,2014-09-15,True,False,0.3333333333333333,
Singapore,2014,39,1,7.0,19.0,,,False,False,True,False,2014-09-22,True,False,0.3684210526315789,
Singapore,2014,40,1,3.0,20.0,,,False,False,True,False,2014-09-29,True,False,0.15,
Singapore,2014,41,1,4.0,17.0,,,False,False,True,False,2014-10-06,True,False,0.23529411764705882,
Singapore,2014,42,1,2.0,14.0,,,False,False,True,False,2014-10-13,True,False,0.14285714285714285,
Singapore,2014,43,1,3.0,9.0,,,False,False,True,False,2014-10-20,True,False,0.3333333333333333,
Singapore,2014,44,1,1.0,14.0,,,False,False,True,False,2014-10-27,True,False,0.07142857142857142,
Singapore,2014,45,1,2.0,18.0,,,False,False,True,False,2014-11-03,True,False,0.1111111111111111,
Singapore,2014,46,1,2.0,15.0,,,False,False,True,False,2014-11-10,True,False,0.13333333333333333,
Singapore,2014,47,1,2.0,9.0,,,False,False,True,False,2014-11-17,True,False,0.2222222222222222,
Singapore,2014,48,1,2.0,13.0,,,False,False,True,False,2014-11-24,True,False,0.15384615384615385,
Singapore,2014,49,1,3.0,17.0,,,False,False,True,False,2014-12-01,True,False,0.17647058823529413,
Singapore,2014,50,1,3.0,17.0,,,False,False,True,False,2014-12-08,True,False,0.17647058823529413,
Singapore,2014,51,1,4.0,11.0,,,False,False,True,False,2014-12-15,True,False,0.36363636363636365,
Singapore,2014,52,1,1.0,10.0,,,False,False,True,False,2014-12-22,True,False,0.1,
Singapore,2015,1,1,2.0,9.0,,,False,False,True,False,2014-12-29,True,False,0.2222222222222222,
Singapore,2015,2,1,13.0,34.0,,,False,False,True,False,2015-01-05,True,False,0.38235294117647056,
Singapore,2015,3,1,9.0,31.0,,,False,False,True,False,2015-01-12,True,False,0.2903225806451613,
Singapore,2015,4,1,15.0,33.0,,,False,False,True,False,2015-01-19,True,False,0.45454545454545453,
Singapore,2015,5,1,6.0,27.0,,,False,False,True,False,2015-01-26,True,False,0.2222222222222222,
Singapore,2015,6,1,14.0,32.0,,,False,False,True,False,2015-02-02,True,False,0.4375,
Singapore,2015,7,1,13.0,40.0,,,False,False,True,False,2015-02-09,True,False,0.325,
Singapore,2015,8,1,3.0,18.0,,,False,False,True,False,2015-02-16,True,False,0.16666666666666666,
Singapore,2015,9,1,14.0,39.0,,,False,False,True,False,2015-02-23,True,False,0.358974358974359,
Singapore,2015,10,1,10.0,29.0,,,False,False,True,False,2015-03-02,True,False,0.3448275862068966,
Singapore,2015,11,1,5.0,29.0,,,False,False,True,False,2015-03-09,True,False,0.1724137931034483,
Singapore,2015,12,1,7.0,28.0,,,False,False,True,False,2015-03-16,True,False,0.25,
Singapore,2015,13,1,7.0,33.0,,,False,False,True,False,2015-03-23,True,False,0.21212121212121213,
Singapore,2015,14,1,9.0,25.0,,,False,False,True,False,2015-03-30,True,False,0.36,
Singapore,2015,15,1,8.0,25.0,,,False,False,True,False,2015-04-06,True,False,0.32,
Singapore,2015,16,1,15.0,27.0,,,False,False,True,False,2015-04-13,True,False,0.5555555555555556,
Singapore,2015,17,1,20.0,41.0,,,False,False,True,False,2015-04-20,True,False,0.4878048780487805,
Singapore,2015,18,1,13.0,32.0,,,False,False,True,False,2015-04-27,True,False,0.40625,
Singapore,2015,19,1,15.0,34.0,,,False,False,True,False,2015-05-04,True,False,0.4411764705882353,
Singapore,2015,20,1,22.0,38.0,,,False,False,True,False,2015-05-11,True,False,0.5789473684210527,
Singapore,2015,21,1,27.0,58.0,,,False,False,True,False,2015-05-18,True,False,0.46551724137931033,
Singapore,2015,22,1,43.0,77.0,,,False,False,True,False,2015-05-25,True,False,0.5584415584415584,
Singapore,2015,23,1,39.0,63.0,,,False,False,True,False,2015-06-01,True,False,0.6190476190476191,
Singapore,2015,24,1,51.0,91.0,,,False,False,True,False,2015-06-08,True,False,0.5604395604395604,
Singapore,2015,25,1,71.0,112.0,,,False,False,True,False,2015-06-15,True,False,0.6339285714285714,
Singapore,2015,26,1,86.0,136.0,,,False,False,True,False,2015-06-22,True,False,0.6323529411764706,
Singapore,2015,27,1,28.0,90.0,,,False,False,True,False,2015-06-29,True,False,0.3111111111111111,
Singapore,2015,28,1,43.0,91.0,,,False,False,True,False,2015-07-06,True,False,0.4725274725274725,
Singapore,2015,29,1,16.0,37.0,,,False,False,True,False,2015-07-13,True,False,0.43243243243243246,
Singapore,2015,30,1,14.0,49.0,,,False,False,True,False,2015-07-20,True,False,0.2857142857142857,
Singapore,2015,31,1,13.0,32.0,,,False,False,True,False,2015-07-27,True,False,0.40625,
Singapore,2015,32,1,9.0,22.0,,,False,False,True,False,2015-08-03,True,False,0.4090909090909091,
Singapore,2015,33,1,7.0,18.0,,,False,False,True,False,2015-08-10,True,False,0.3888888888888889,
Singapore,2015,34,1,3.0,15.0,,,False,False,True,False,2015-08-17,True,False,0.2,
Singapore,2015,35,1,5.0,20.0,,,False,False,True,False,2015-08-24,True,False,0.25,
Singapore,2015,36,1,4.0,18.0,,,False,False,True,False,2015-08-31,True,False,0.2222222222222222,
Singapore,2015,37,1,1.0,12.0,,,False,False,True,False,2015-09-07,True,False,0.08333333333333333,
Singapore,2015,38,1,6.0,18.0,,,False,False,True,False,2015-09-14,True,False,0.3333333333333333,
Singapore,2015,39,1,10.0,27.0,,,False,False,True,False,2015-09-21,True,False,0.37037037037037035,
Singapore,2015,40,1,4.0,28.0,,,False,False,True,False,2015-09-28,True,False,0.14285714285714285,
Singapore,2015,41,1,6.0,26.0,,,False,False,True,False,2015-10-05,True,False,0.23076923076923078,
Singapore,2015,42,1,3.0,14.0,,,False,False,True,False,2015-10-12,True,False,0.21428571428571427,
Singapore,2015,43,1,4.0,25.0,,,False,False,True,False,2015-10-19,True,False,0.16,
Singapore,2015,44,1,5.0,30.0,,,False,False,True,False,2015-10-26,True,False,0.16666666666666666,
Singapore,2015,45,1,9.0,29.0,,,False,False,True,False,2015-11-02,True,False,0.3103448275862069,
Singapore,2015,46,1,2.0,21.0,,,False,False,True,False,2015-11-09,True,False,0.09523809523809523,
Singapore,2015,47,1,7.0,29.0,,,False,False,True,False,2015-11-16,True,False,0.2413793103448276,
Singapore,2015,48,1,5.0,15.0,,,False,False,True,False,2015-11-23,True,False,0.3333333333333333,
Singapore,2015,49,1,10.0,27.0,,,False,False,True,False,2015-11-30,True,False,0.37037037037037035,
Singapore,2015,50,1,4.0,22.0,,,False,False,True,False,2015-12-07,True,False,0.18181818181818182,
Singapore,2015,51,1,15.0,39.0,,,False,False,True,False,2015-12-14,True,False,0.38461538461538464,
Singapore,2015,52,1,3.0,11.0,,,False,False,True,False,2015-12-21,True,False,0.2727272727272727,
Singapore,2015,53,1,5.0,20.0,,,False,False,True,False,2015-12-28,True,False,0.25,
Singapore,2016,1,1,27.0,47.0,,,False,False,True,False,2016-01-04,True,False,0.574468085106383,
Singapore,2016,2,1,35.0,51.0,,,False,False,True,False,2016-01-11,True,False,0.6862745098039216,
Singapore,2016,3,1,36.0,51.0,,,False,False,True,False,2016-01-18,True,False,0.7058823529411765,
Singapore,2016,4,1,33.0,57.0,,,False,False,True,False,2016-01-25,True,False,0.5789473684210527,
Singapore,2016,5,1,51.0,89.0,,,False,False,True,False,2016-02-01,True,False,0.5730337078651685,
Singapore,2016,6,1,16.0,23.0,,,False,False,True,False,2016-02-08,True,False,0.6956521739130435,
Singapore,2016,7,1,49.0,76.0,,,False,False,True,False,2016-02-15,True,False,0.6447368421052632,
Singapore,2016,8,1,59.0,82.0,,,False,False,True,False,2016-02-22,True,False,0.7195121951219512,
Singapore,2016,9,1,43.0,70.0,,,False,False,True,False,2016-02-29,True,False,0.6142857142857143,
Singapore,2016,10,1,32.0,62.0,,,False,False,True,False,2016-03-07,True,False,0.5161290322580645,
Singapore,2016,11,1,34.0,62.0,,,False,False,True,False,2016-03-14,True,False,0.5483870967741935,
Singapore,2016,12,1,29.0,50.0,,,False,False,True,False,2016-03-21,True,False,0.58,
Singapore,2016,13,1,13.0,26.0,,,False,False,True,False,2016-03-28,True,False,0.5,
Singapore,2016,14,1,8.0,27.0,,,False,False,True,False,2016-04-04,True,False,0.2962962962962963,
Singapore,2016,15,1,8.0,28.0,,,False,False,True,False,2016-04-11,True,False,0.2857142857142857,
Singapore,2016,16,1,7.0,23.0,,,False,False,True,False,2016-04-18,True,False,0.30434782608695654,
Singapore,2016,17,1,15.0,31.0,,,False,False,True,False,2016-04-25,True,False,0.4838709677419355,
Singapore,2016,18,1,7.0,23.0,,,False,False,True,False,2016-05-02,True,False,0.30434782608695654,
Singapore,2016,19,1,10.0,42.0,,,False,False,True,False,2016-05-09,True,False,0.23809523809523808,
Singapore,2016,20,1,12.0,36.0,,,False,False,True,False,2016-05-16,True,False,0.3333333333333333,
Singapore,2016,21,1,16.0,31.0,,,False,False,True,False,2016-05-23,True,False,0.5161290322580645,
Singapore,2016,22,1,15.0,24.0,,,False,False,True,False,2016-05-30,True,False,0.625,
Singapore,2016,23,1,23.0,33.0,,,False,False,True,False,2016-06-06,True,False,0.696969696969697,
Singapore,2016,24,1,11.0,23.0,,,False,False,True,False,2016-06-13,True,False,0.4782608695652174,
Singapore,2016,25,1,37.0,52.0,,,False,False,True,False,2016-06-20,True,False,0.7115384615384616,
Singapore,2016,26,1,53.0,74.0,,,False,False,True,False,2016-06-27,True,False,0.7162162162162162,
Singapore,2016,27,1,31.0,59.0,,,False,False,True,False,2016-07-04,True,False,0.5254237288135594,
Singapore,2016,28,1,67.0,91.0,,,False,False,True,False,2016-07-11,True,False,0.7362637362637363,
Singapore,2016,29,1,75.0,119.0,,,False,False,True,False,2016-07-18,True,False,0.6302521008403361,
Singapore,2016,30,1,63.0,128.0,,,False,False,True,False,2016-07-25,True,False,0.4921875,
Singapore,2016,31,1,70.0,142.0,,,False,False,True,False,2016-08-01,True,False,0.49295774647887325,
Singapore,2016,32,1,32.0,71.0,,,False,False,True,False,2016-08-08,True,False,0.4507042253521127,
Singapore,2016,33,1,36.0,85.0,,,False,False,True,False,2016-08-15,True,False,0.4235294117647059,
Singapore,2016,34,1,15.0,49.0,,,False,False,True,False,2016-08-22,True,False,0.30612244897959184,
Singapore,2016,35,1,15.0,42.0,,,False,False,True,False,2016-08-29,True,False,0.35714285714285715,
Singapore,2016,36,1,12.0,40.0,,,False,False,True,False,2016-09-05,True,False,0.3,
Singapore,2016,37,1,9.0,34.0,,,False,False,True,False,2016-09-12,True,False,0.2647058823529412,
Singapore,2016,38,1,7.0,17.0,,,False,False,True,False,2016-09-19,True,False,0.4117647058823529,
Singapore,2016,39,1,6.0,21.0,,,False,False,True,False,2016-09-26,True,False,0.2857142857142857,
Singapore,2016,40,1,3.0,15.0,,,False,False,True,False,2016-10-03,True,False,0.2,
Singapore,2016,41,1,4.0,14.0,,,False,False,True,False,2016-10-10,True,False,0.2857142857142857,
Singapore,2016,42,1,4.0,14.0,,,False,False,True,False,2016-10-17,True,False,0.2857142857142857,
Singapore,2016,43,1,0.0,7.0,,,False,False,True,False,2016-10-24,True,False,0.0,
Singapore,2016,44,1,8.0,16.0,,,False,False,True,False,2016-10-31,True,False,0.5,
Singapore,2016,45,1,6.0,14.0,,,False,False,True,False,2016-11-07,True,False,0.42857142857142855,
Singapore,2016,46,1,6.0,18.0,,,False,False,True,False,2016-11-14,True,False,0.3333333333333333,
Singapore,2016,47,1,8.0,21.0,,,False,False,True,False,2016-11-21,True,False,0.38095238095238093,
Singapore,2016,48,1,2.0,11.0,,,False,False,True,False,2016-11-28,True,False,0.18181818181818182,
Singapore,2016,49,1,6.0,12.0,,,False,False,True,False,2016-12-05,True,False,0.5,
Singapore,2016,50,1,4.0,12.0,,,False,False,True,False,2016-12-12,True,False,0.3333333333333333,
Singapore,2016,51,1,3.0,12.0,,,False,False,True,False,2016-12-19,True,False,0.25,
Singapore,2016,52,1,5.0,13.0,,,False,False,True,False,2016-12-26,True,False,0.38461538461538464,
Singapore,2017,1,1,9.0,18.0,,,False,False,True,False,2017-01-02,True,False,0.5,
Singapore,2017,2,1,21.0,36.0,,,False,False,True,False,2017-01-09,True,False,0.5833333333333334,
Singapore,2017,3,1,16.0,31.0,,,False,False,True,False,2017-01-16,True,False,0.5161290322580645,
Singapore,2017,4,1,5.0,17.0,,,False,False,True,False,2017-01-23,True,False,0.29411764705882354,
Singapore,2017,5,1,12.0,18.0,,,False,False,True,False,2017-01-30,True,False,0.6666666666666666,
Singapore,2017,6,1,22.0,45.0,,,False,False,True,False,2017-02-06,True,False,0.4888888888888889,
Singapore,2017,7,1,21.0,41.0,,,False,False,True,False,2017-02-13,True,False,0.5121951219512195,
Singapore,2017,8,1,13.0,34.0,,,False,False,True,False,2017-02-20,True,False,0.38235294117647056,
Singapore,2017,9,1,16.0,32.0,,,False,False,True,False,2017-02-27,True,False,0.5,
Singapore,2017,10,1,14.0,33.0,,,False,False,True,False,2017-03-06,True,False,0.42424242424242425,
Singapore,2017,11,1,22.0,41.0,,,False,False,True,False,2017-03-13,True,False,0.5365853658536586,
Singapore,2017,12,1,21.0,36.0,,,False,False,True,False,2017-03-20,True,False,0.5833333333333334,
Singapore,2017,13,1,23.0,36.0,,,False,False,True,False,2017-03-27,True,False,0.6388888888888888,
Singapore,2017,14,1,15.0,38.0,,,False,False,True,False,2017-04-03,True,False,0.39473684210526316,
Singapore,2017,15,1,16.0,38.0,,,False,False,True,False,2017-04-10,True,False,0.42105263157894735,
Singapore,2017,16,1,22.0,39.0,,,False,False,True,False,2017-04-17,True,False,0.5641025641025641,
Singapore,2017,17,1,33.0,57.0,,,False,False,True,False,2017-04-24,True,False,0.5789473684210527,
Singapore,2017,18,1,38.0,67.0,,,False,False,True,False,2017-05-01,True,False,0.5671641791044776,
Singapore,2017,19,1,34.0,64.0,,,False,False,True,False,2017-05-08,True,False,0.53125,
Singapore,2017,20,1,68.0,105.0,,,False,False,True,False,2017-05-15,True,False,0.6476190476190476,
Singapore,2017,21,1,71.0,105.0,,,False,False,True,False,2017-05-22,True,False,0.6761904761904762,
Singapore,2017,22,1,42.0,55.0,,,False,False,True,False,2017-05-29,True,False,0.7636363636363637,
Singapore,2017,23,1,52.0,80.0,,,False,False,True,False,2017-06-05,True,False,0.65,
Singapore,2017,24,1,46.0,71.0,,,False,False,True,False,2017-06-12,True,False,0.647887323943662,
Singapore,2017,25,1,32.0,59.0,,,False,False,True,False,2017-06-19,True,False,0.5423728813559322,
Singapore,2017,26,1,24.0,46.0,,,False,False,True,False,2017-06-26,True,False,0.5217391304347826,
Singapore,2017,27,1,27.0,50.0,,,False,False,True,False,2017-07-03,True,False,0.54,
Singapore,2017,28,1,18.0,43.0,,,False,False,True,False,2017-07-10,True,False,0.4186046511627907,
Singapore,2017,29,1,27.0,56.0,,,False,False,True,False,2017-07-17,True,False,0.48214285714285715,
Singapore,2017,30,1,14.0,39.0,,,False,False,True,False,2017-07-24,True,False,0.358974358974359,
Singapore,2017,31,1,9.0,33.0,,,False,False,True,False,2017-07-31,True,False,0.2727272727272727,
Singapore,2017,32,1,4.0,10.0,,,False,False,True,False,2017-08-07,True,False,0.4,
Singapore,2017,33,1,13.0,30.0,,,False,False,True,False,2017-08-14,True,False,0.43333333333333335,
Singapore,2017,34,1,15.0,35.0,,,False,False,True,False,2017-08-21,True,False,0.42857142857142855,
Singapore,2017,35,1,1.0,17.0,,,False,False,True,False,2017-08-28,True,False,0.058823529411764705,
Singapore,2017,36,1,6.0,22.0,,,False,False,True,False,2017-09-04,True,False,0.2727272727272727,
Singapore,2017,37,1,10.0,27.0,,,False,False,True,False,2017-09-11,True,False,0.37037037037037035,
Singapore,2017,38,1,3.0,15.0,,,False,False,True,False,2017-09-18,True,False,0.2,
Singapore,2017,39,1,7.0,24.0,,,False,False,True,False,2017-09-25,True,False,0.2916666666666667,
Singapore,2017,40,1,15.0,29.0,,,False,False,True,False,2017-10-02,True,False,0.5172413793103449,
Singapore,2017,41,1,9.0,27.0,,,False,False,True,False,2017-10-09,True,False,0.3333333333333333,
Singapore,2017,42,1,7.0,18.0,,,False,False,True,False,2017-10-16,True,False,0.3888888888888889,
Singapore,2017,43,1,7.0,17.0,,,False,False,True,False,2017-10-23,True,False,0.4117647058823529,
Singapore,2017,44,1,10.0,22.0,,,False,False,True,False,2017-10-30,True,False,0.45454545454545453,
Singapore,2017,45,1,10.0,28.0,,,False,False,True,False,2017-11-06,True,False,0.35714285714285715,
Singapore,2017,46,1,15.0,36.0,,,False,False,True,False,2017-11-13,True,False,0.4166666666666667,
Singapore,2017,47,1,12.0,33.0,,,False,False,True,False,2017-11-20,True,False,0.36363636363636365,
Singapore,2017,48,1,12.0,43.0,,,False,False,True,False,2017-11-27,True,False,0.27906976744186046,
Singapore,2017,49,1,14.0,32.0,,,False,False,True,False,2017-12-04,True,False,0.4375,
Singapore,2017,50,1,9.0,23.0,,,False,False,True,False,2017-12-11,True,False,0.391304347826087,
Singapore,2017,51,1,8.0,37.0,,,False,False,True,False,2017-12-18,True,False,0.21621621621621623,
Singapore,2017,52,1,8.0,25.0,,,False,False,True,False,2017-12-25,True,False,0.32,
Singapore,2018,1,1,11.0,34.0,,,False,False,True,False,2018-01-01,True,False,0.3235294117647059,
Singapore,2018,2,1,46.0,83.0,,,False,False,True,False,2018-01-08,True,False,0.5542168674698795,
Singapore,2018,3,1,27.0,56.0,,,False,False,True,False,2018-01-15,True,False,0.48214285714285715,
Singapore,2018,4,1,38.0,87.0,,,False,False,True,False,2018-01-22,True,False,0.4367816091954023,
Singapore,2018,5,1,46.0,91.0,,,False,False,True,False,2018-01-29,True,False,0.5054945054945055,
Singapore,2018,6,1,53.0,126.0,,,False,False,True,False,2018-02-05,True,False,0.42063492063492064,
Singapore,2018,7,1,29.0,79.0,,,False,False,True,False,2018-02-12,True,False,0.3670886075949367,
Singapore,2018,8,1,21.0,74.0,,,False,False,True,False,2018-02-19,True,False,0.28378378378378377,
Singapore,2018,9,1,43.0,112.0,,,False,False,True,False,2018-02-26,True,False,0.38392857142857145,
Singapore,2018,10,1,18.0,74.0,,,False,False,True,False,2018-03-05,True,False,0.24324324324324326,
Singapore,2018,11,1,26.0,78.0,,,False,False,True,False,2018-03-12,True,False,0.3333333333333333,
Singapore,2018,12,1,16.0,71.0,,,False,False,True,False,2018-03-19,True,False,0.22535211267605634,
Singapore,2018,13,1,9.0,81.0,,,False,False,True,False,2018-03-26,True,False,0.1111111111111111,
Singapore,2018,14,1,24.0,80.0,,,False,False,True,False,2018-04-02,True,False,0.3,
Singapore,2018,15,1,18.0,64.0,,,False,False,True,False,2018-04-09,True,False,0.28125,
Singapore,2018,16,1,13.0,73.0,,,False,False,True,False,2018-04-16,True,False,0.1780821917808219,
Singapore,2018,17,1,13.0,69.0,,,False,False,True,False,2018-04-23,True,False,0.18840579710144928,
Singapore,2018,18,1,8.0,38.0,,,False,False,True,False,2018-04-30,True,False,0.21052631578947367,
Singapore,2018,19,1,19.0,57.0,,,False,False,True,False,2018-05-07,True,False,0.3333333333333333,
Singapore,2018,20,1,20.0,77.0,,,False,False,True,False,2018-05-14,True,False,0.2597402597402597,
Singapore,2018,21,1,19.0,56.0,,,False,False,True,False,2018-05-21,True,False,0.3392857142857143,
Singapore,2018,22,1,6.0,34.0,,,False,False,True,False,2018-05-28,True,False,0.17647058823529413,
Singapore,2018,23,1,15.0,54.0,,,False,False,True,False,2018-06-04,True,False,0.2777777777777778,
Singapore,2018,24,1,11.0,62.0,,,False,False,True,False,2018-06-11,True,False,0.1774193548387097,
Singapore,2018,25,1,9.0,33.0,,,False,False,True,False,2018-06-18,True,False,0.2727272727272727,
Singapore,2018,26,1,17.0,59.0,,,False,False,True,False,2018-06-25,True,False,0.288135593220339,
Singapore,2018,27,1,18.0,53.0,,,False,False,True,False,2018-07-02,True,False,0.33962264150943394,
Singapore,2018,28,1,16.0,50.0,,,False,False,True,False,2018-07-09,True,False,0.32,
Singapore,2018,29,1,21.0,60.0,,,False,False,True,False,2018-07-16,True,False,0.35,
Singapore,2018,30,1,17.0,54.0,,,False,False,True,False,2018-07-23,True,False,0.3148148148148148,
Singapore,2018,31,1,11.0,53.0,,,False,False,True,False,2018-07-30,True,False,0.20754716981132076,
Singapore,2018,32,1,3.0,30.0,,,False,False,True,False,2018-08-06,True,False,0.1,
Singapore,2018,33,1,9.0,36.0,,,False,False,True,False,2018-08-13,True,False,0.25,
Singapore,2018,34,1,5.0,39.0,,,False,False,True,False,2018-08-20,True,False,0.1282051282051282,
Singapore,2018,35,1,6.0,33.0,,,False,False,True,False,2018-08-27,True,False,0.18181818181818182,
Singapore,2018,36,1,2.0,25.0,,,False,False,True,False,2018-09-03,True,False,0.08,
Singapore,2018,37,1,10.0,50.0,,,False,False,True,False,2018-09-10,True,False,0.2,
Singapore,2018,38,1,8.0,50.0,,,False,False,True,False,2018-09-17,True,False,0.16,
Singapore,2018,39,1,17.0,61.0,,,False,False,True,False,2018-09-24,True,False,0.2786885245901639,
Singapore,2018,40,1,15.0,72.0,,,False,False,True,False,2018-10-01,True,False,0.20833333333333334,
Singapore,2018,41,1,8.0,50.0,,,False,False,True,False,2018-10-08,True,False,0.16,
Singapore,2018,42,1,20.0,53.0,,,False,False,True,False,2018-10-15,True,False,0.37735849056603776,
Singapore,2018,43,1,13.0,61.0,,,False,False,True,False,2018-10-22,True,False,0.21311475409836064,
Singapore,2018,44,1,12.0,59.0,,,False,False,True,False,2018-10-29,True,False,0.2033898305084746,
Singapore,2018,45,1,34.0,69.0,,,False,False,True,False,2018-11-05,True,False,0.4927536231884058,
Singapore,2018,46,1,43.0,82.0,,,False,False,True,False,2018-11-12,True,False,0.524390243902439,
Singapore,2018,47,1,52.0,96.0,,,False,False,True,False,2018-11-19,True,False,0.5416666666666666,
Singapore,2018,48,1,40.0,65.0,,,False,False,True,False,2018-11-26,True,False,0.6153846153846154,
Singapore,2018,49,1,63.0,122.0,,,False,False,True,False,2018-12-03,True,False,0.5163934426229508,
Singapore,2018,50,1,39.0,86.0,,,False,False,True,False,2018-12-10,True,False,0.45348837209302323,
Singapore,2018,51,1,34.0,127.0,,,False,False,True,False,2018-12-17,True,False,0.2677165354330709,
Singapore,2018,52,1,15.0,41.0,,,False,False,True,False,2018-12-24,True,False,0.36585365853658536,
Singapore,2019,1,1,13.0,27.0,,,False,False,True,False,2018-12-31,True,False,0.48148148148148145,
Singapore,2019,2,1,33.0,76.0,,,False,False,True,False,2019-01-07,True,False,0.4342105263157895,
Singapore,2019,3,1,32.0,71.0,,,False,False,True,False,2019-01-14,True,False,0.4507042253521127,
Singapore,2019,4,1,29.0,75.0,,,False,False,True,False,2019-01-21,True,False,0.38666666666666666,
Singapore,2019,5,1,22.0,73.0,,,False,False,True,False,2019-01-28,True,False,0.3013698630136986,
Singapore,2019,6,1,10.0,38.0,,,False,False,True,False,2019-02-04,True,False,0.2631578947368421,
Singapore,2019,7,1,25.0,78.0,,,False,False,True,False,2019-02-11,True,False,0.32051282051282054,
Singapore,2019,8,1,30.0,74.0,,,False,False,True,False,2019-02-18,True,False,0.40540540540540543,
Singapore,2019,9,1,27.0,72.0,,,False,False,True,False,2019-02-25,True,False,0.375,
Singapore,2019,10,1,8.0,62.0,,,False,False,True,False,2019-03-04,True,False,0.12903225806451613,
Singapore,2019,11,1,8.0,46.0,,,False,False,True,False,2019-03-11,True,False,0.17391304347826086,
Singapore,2019,12,1,18.0,46.0,,,False,False,True,False,2019-03-18,True,False,0.391304347826087,
Singapore,2019,13,1,9.0,59.0,,,False,False,True,False,2019-03-25,True,False,0.15254237288135594,
Singapore,2019,14,1,10.0,53.0,,,False,False,True,False,2019-04-01,True,False,0.18867924528301888,
Singapore,2019,15,1,10.0,62.0,,,False,False,True,False,2019-04-08,True,False,0.16129032258064516,
Singapore,2019,16,1,13.0,40.0,,,False,False,True,False,2019-04-15,True,False,0.325,
Singapore,2019,17,1,11.0,51.0,,,False,False,True,False,2019-04-22,True,False,0.21568627450980393,
Singapore,2019,18,1,8.0,47.0,,,False,False,True,False,2019-04-29,True,False,0.1702127659574468,
Singapore,2019,19,1,15.0,61.0,,,False,False,True,False,2019-05-06,True,False,0.2459016393442623,
Singapore,2019,20,1,16.0,55.0,,,False,False,True,False,2019-05-13,True,False,0.2909090909090909,
Singapore,2019,21,1,8.0,42.0,,,False,False,True,False,2019-05-20,True,False,0.19047619047619047,
Singapore,2019,22,1,22.0,51.0,,,False,False,True,False,2019-05-27,True,False,0.43137254901960786,
Singapore,2019,23,1,24.0,72.0,,,False,False,True,False,2019-06-03,True,False,0.3333333333333333,
Singapore,2019,24,1,30.0,91.0,,,False,False,True,False,2019-06-10,True,False,0.32967032967032966,
Singapore,2019,25,1,38.0,112.0,,,False,False,True,False,2019-06-17,True,False,0.3392857142857143,
Singapore,2019,26,1,28.0,83.0,,,False,False,True,False,2019-06-24,True,False,0.3373493975903614,
Singapore,2019,27,1,29.0,77.0,,,False,False,True,False,2019-07-01,True,False,0.37662337662337664,
Singapore,2019,28,1,51.0,114.0,,,False,False,True,False,2019-07-08,True,False,0.4473684210526316,
Singapore,2019,29,1,71.0,126.0,,,False,False,True,False,2019-07-15,True,False,0.5634920634920635,
Singapore,2019,30,1,34.0,116.0,,,False,False,True,False,2019-07-22,True,False,0.29310344827586204,
Singapore,2019,31,1,35.0,105.0,,,False,False,True,False,2019-07-29,True,False,0.3333333333333333,
Singapore,2019,32,1,10.0,51.0,,,False,False,True,False,2019-08-05,True,False,0.19607843137254902,
Singapore,2019,33,1,12.0,37.0,,,False,False,True,False,2019-08-12,True,False,0.32432432432432434,
Singapore,2019,34,1,11.0,55.0,,,False,False,True,False,2019-08-19,True,False,0.2,
Singapore,2019,35,1,12.0,61.0,,,False,False,True,False,2019-08-26,True,False,0.19672131147540983,
Singapore,2019,36,1,9.0,61.0,,,False,False,True,False,2019-09-02,True,False,0.14754098360655737,
Singapore,2019,37,1,12.0,56.0,,,False,False,True,False,2019-09-09,True,False,0.21428571428571427,
Singapore,2019,38,1,12.0,63.0,,,False,False,True,False,2019-09-16,True,False,0.19047619047619047,
Singapore,2019,39,1,11.0,57.0,,,False,False,True,False,2019-09-23,True,False,0.19298245614035087,
Singapore,2019,40,1,14.0,65.0,,,False,False,True,False,2019-09-30,True,False,0.2153846153846154,
Singapore,2019,41,1,13.0,60.0,,,False,False,True,False,2019-10-07,True,False,0.21666666666666667,
Singapore,2019,42,1,12.0,71.0,,,False,False,True,False,2019-10-14,True,False,0.16901408450704225,
Singapore,2019,43,1,16.0,63.0,,,False,False,True,False,2019-10-21,True,False,0.25396825396825395,
Singapore,2019,44,1,16.0,85.0,,,False,False,True,False,2019-10-28,True,False,0.18823529411764706,
Singapore,2019,45,1,18.0,56.0,,,False,False,True,False,2019-11-04,True,False,0.32142857142857145,
Singapore,2019,46,1,21.0,66.0,,,False,False,True,False,2019-11-11,True,False,0.3181818181818182,
Singapore,2019,47,1,25.0,63.0,,,False,False,True,False,2019-11-18,True,False,0.3968253968253968,
Singapore,2019,48,1,38.0,79.0,,,False,False,True,False,2019-11-25,True,False,0.4810126582278481,
Singapore,2019,49,1,39.0,74.0,,,False,False,True,False,2019-12-02,True,False,0.527027027027027,
Singapore,2019,50,1,37.0,97.0,,,False,False,True,False,2019-12-09,True,False,0.38144329896907214,
Singapore,2019,51,1,56.0,105.0,,,False,False,True,False,2019-12-16,True,False,0.5333333333333333,
Singapore,2019,52,1,43.0,74.0,,,False,False,True,False,2019-12-23,True,False,0.581081081081081,
Singapore,2020,1,1,26.0,41.0,,,False,False,True,False,2019-12-30,True,False,0.6341463414634146,
Singapore,2020,2,1,92.0,159.0,,,False,False,True,False,2020-01-06,True,False,0.5786163522012578,
Singapore,2020,3,1,99.0,180.0,,,False,False,True,False,2020-01-13,True,False,0.55,
Singapore,2020,4,1,70.0,169.0,,,False,False,True,False,2020-01-20,True,False,0.41420118343195267,
Singapore,2020,5,1,34.0,144.0,,,False,False,True,False,2020-01-27,True,False,0.2361111111111111,
Singapore,2020,6,1,27.0,147.0,,,False,False,True,False,2020-02-03,True,False,0.1836734693877551,
Singapore,2020,7,1,4.0,104.0,,,False,False,True,False,2020-02-10,True,False,0.038461538461538464,
Singapore,2020,8,1,1.0,82.0,,,False,False,True,False,2020-02-17,True,False,0.012195121951219513,
Singapore,2020,9,1,2.0,58.0,,,False,False,True,False,2020-02-24,True,False,0.034482758620689655,
Singapore,2020,10,1,4.0,61.0,,,False,False,True,False,2020-03-02,True,False,0.06557377049180328,
Singapore,2020,11,1,4.0,105.0,,,False,False,True,False,2020-03-09,True,False,0.0380952380952381,
Singapore,2020,12,1,6.0,157.0,,,False,False,True,False,2020-03-16,True,False,0.03821656050955414,
Singapore,2020,13,1,4.0,90.0,,,False,False,True,False,2020-03-23,True,False,0.044444444444444446,
Singapore,2020,14,1,2.0,104.0,,,False,False,True,False,2020-03-30,True,False,0.019230769230769232,
Singapore,2020,15,1,0.0,55.0,,,False,False,True,False,2020-04-06,True,False,0.0,
Singapore,2020,16,1,0.0,42.0,,,False,False,True,False,2020-04-13,True,False,0.0,
Singapore,2020,17,1,1.0,38.0,,,False,False,True,False,2020-04-20,True,False,0.02631578947368421,
Singapore,2020,18,1,0.0,31.0,,,False,False,True,False,2020-04-27,True,False,0.0,
Singapore,2020,19,1,0.0,30.0,,,False,False,True,False,2020-05-04,True,False,0.0,
Singapore,2020,20,1,0.0,21.0,,,False,False,True,False,2020-05-11,True,False,0.0,
Singapore,2020,21,1,0.0,13.0,,,False,False,True,False,2020-05-18,True,False,0.0,
Singapore,2020,22,1,0.0,12.0,,,False,False,True,False,2020-05-25,True,False,0.0,
Singapore,2020,23,1,0.0,13.0,,,False,False,True,False,2020-06-01,True,False,0.0,
Singapore,2020,24,1,0.0,44.0,,,False,False,True,False,2020-06-08,True,False,0.0,
Singapore,2020,25,1,0.0,42.0,,,False,False,True,False,2020-06-15,True,False,0.0,
Singapore,2020,26,1,0.0,28.0,,,False,False,True,False,2020-06-22,True,False,0.0,
Singapore,2020,27,1,0.0,53.0,,,False,False,True,False,2020-06-29,True,False,0.0,
Singapore,2020,28,1,0.0,33.0,,,False,False,True,False,2020-07-06,True,False,0.0,
Singapore,2020,29,1,0.0,38.0,,,False,False,True,False,2020-07-13,True,False,0.0,
Singapore,2020,30,1,0.0,40.0,,,False,False,True,False,2020-07-20,True,False,0.0,
Singapore,2020,31,1,0.0,31.0,,,False,False,True,False,2020-07-27,True,False,0.0,
Singapore,2020,32,1,0.0,37.0,,,False,False,True,False,2020-08-03,True,False,0.0,
Singapore,2020,33,1,0.0,29.0,,,False,False,True,False,2020-08-10,True,False,0.0,
Singapore,2020,34,1,0.0,48.0,,,False,False,True,False,2020-08-17,True,False,0.0,
Singapore,2020,35,1,0.0,34.0,,,False,False,True,False,2020-08-24,True,False,0.0,
Singapore,2020,36,1,0.0,55.0,,,False,False,True,False,2020-08-31,True,False,0.0,
Singapore,2020,37,1,0.0,65.0,,,False,False,True,False,2020-09-07,True,False,0.0,
Singapore,2020,38,1,0.0,66.0,,,False,False,True,False,2020-09-14,True,False,0.0,
Singapore,2020,39,1,0.0,101.0,,,False,False,True,False,2020-09-21,True,False,0.0,
Singapore,2020,40,1,0.0,60.0,,,False,False,True,False,2020-09-28,True,False,0.0,
Singapore,2020,41,1,0.0,50.0,,,False,False,True,False,2020-10-05,True,False,0.0,
Singapore,2020,42,1,0.0,57.0,,,False,False,True,False,2020-10-12,True,False,0.0,
Singapore,2020,43,1,0.0,55.0,,,False,False,True,False,2020-10-19,True,False,0.0,
Singapore,2020,44,1,0.0,58.0,,,False,False,True,False,2020-10-26,True,False,0.0,
Singapore,2020,45,1,0.0,53.0,,,False,False,True,False,2020-11-02,True,False,0.0,
Singapore,2020,46,1,0.0,42.0,,,False,False,True,False,2020-11-09,True,False,0.0,
Singapore,2020,47,1,0.0,39.0,,,False,False,True,False,2020-11-16,True,False,0.0,
Singapore,2020,48,1,0.0,35.0,,,False,False,True,False,2020-11-23,True,False,0.0,
Singapore,2020,49,1,0.0,47.0,,,False,False,True,False,2020-11-30,True,False,0.0,
Singapore,2020,50,1,0.0,44.0,,,False,False,True,False,2020-12-07,True,False,0.0,
Singapore,2020,51,1,0.0,41.0,,,False,False,True,False,2020-12-14,True,False,0.0,
Singapore,2020,52,1,0.0,31.0,,,False,False,True,False,2020-12-21,True,False,0.0,
Singapore,2020,53,1,0.0,22.0,,,False,False,True,False,2020-12-28,True,False,0.0,
Singapore,2021,1,1,0.0,39.0,,,False,False,True,False,2021-01-04,True,False,0.0,
Singapore,2021,2,1,0.0,46.0,,,False,False,True,False,2021-01-11,True,False,0.0,
Singapore,2021,3,1,0.0,83.0,,,False,False,True,False,2021-01-18,True,False,0.0,
Singapore,2021,4,1,0.0,66.0,,,False,False,True,False,2021-01-25,True,False,0.0,
Singapore,2021,5,1,0.0,53.0,,,False,False,True,False,2021-02-01,True,False,0.0,
Singapore,2021,6,1,0.0,32.0,,,False,False,True,False,2021-02-08,True,False,0.0,
Singapore,2021,7,1,0.0,65.0,,,False,False,True,False,2021-02-15,True,False,0.0,
Singapore,2021,8,1,0.0,66.0,,,False,False,True,False,2021-02-22,True,False,0.0,
Singapore,2021,9,1,0.0,84.0,,,False,False,True,False,2021-03-01,True,False,0.0,
Singapore,2021,10,1,0.0,84.0,,,False,False,True,False,2021-03-08,True,False,0.0,
Singapore,2021,11,1,0.0,77.0,,,False,False,True,False,2021-03-15,True,False,0.0,
Singapore,2021,12,1,0.0,56.0,,,False,False,True,False,2021-03-22,True,False,0.0,
Singapore,2021,13,1,0.0,59.0,,,False,False,True,False,2021-03-29,True,False,0.0,
Singapore,2021,14,1,0.0,72.0,,,False,False,True,False,2021-04-05,True,False,0.0,
Singapore,2021,15,1,0.0,80.0,,,False,False,True,False,2021-04-12,True,False,0.0,
Singapore,2021,16,1,0.0,72.0,,,False,False,True,False,2021-04-19,True,False,0.0,
Singapore,2021,17,1,0.0,72.0,,,False,False,True,False,2021-04-26,True,False,0.0,
Singapore,2021,18,1,0.0,101.0,,,False,False,True,False,2021-05-03,True,False,0.0,
Singapore,2021,19,1,0.0,80.0,,,False,False,True,False,2021-05-10,True,False,0.0,
Singapore,2021,20,1,0.0,93.0,,,False,False,True,False,2021-05-17,True,False,0.0,
Singapore,2021,21,1,0.0,44.0,,,False,False,True,False,2021-05-24,True,False,0.0,
Singapore,2021,22,1,0.0,31.0,,,False,False,True,False,2021-05-31,True,False,0.0,
Singapore,2021,23,1,0.0,28.0,,,False,False,True,False,2021-06-07,True,False,0.0,
Singapore,2021,24,1,0.0,30.0,,,False,False,True,False,2021-06-14,True,False,0.0,
Singapore,2021,25,1,0.0,26.0,,,False,False,True,False,2021-06-21,True,False,0.0,
Singapore,2021,26,1,0.0,35.0,,,False,False,True,False,2021-06-28,True,False,0.0,
Singapore,2021,27,1,1.0,30.0,,,False,False,True,False,2021-07-05,True,False,0.03333333333333333,
Singapore,2021,28,1,0.0,60.0,,,False,False,True,False,2021-07-12,True,False,0.0,
Singapore,2021,29,1,0.0,46.0,,,False,False,True,False,2021-07-19,True,False,0.0,
Singapore,2021,30,1,0.0,51.0,,,False,False,True,False,2021-07-26,True,False,0.0,
Singapore,2021,31,1,0.0,33.0,,,False,False,True,False,2021-08-02,True,False,0.0,
Singapore,2021,32,1,0.0,21.0,,,False,False,True,False,2021-08-09,True,False,0.0,
Singapore,2021,33,1,0.0,33.0,,,False,False,True,False,2021-08-16,True,False,0.0,
Singapore,2021,34,1,0.0,49.0,,,False,False,True,False,2021-08-23,True,False,0.0,
Singapore,2021,35,1,0.0,46.0,,,False,False,True,False,2021-08-30,True,False,0.0,
Singapore,2021,36,1,0.0,37.0,,,False,False,True,False,2021-09-06,True,False,0.0,
Singapore,2021,37,1,0.0,46.0,,,False,False,True,False,2021-09-13,True,False,0.0,
Singapore,2021,38,1,0.0,40.0,,,False,False,True,False,2021-09-20,True,False,0.0,
Singapore,2021,39,1,0.0,33.0,,,False,False,True,False,2021-09-27,True,False,0.0,
Singapore,2021,40,1,0.0,20.0,,,False,False,True,False,2021-10-04,True,False,0.0,
Singapore,2021,41,1,0.0,27.0,,,False,False,True,False,2021-10-11,True,False,0.0,
Singapore,2021,42,1,0.0,26.0,,,False,False,True,False,2021-10-18,True,False,0.0,
Singapore,2021,43,1,0.0,25.0,,,False,False,True,False,2021-10-25,True,False,0.0,
Singapore,2021,44,1,0.0,24.0,,,False,False,True,False,2021-11-01,True,False,0.0,
Singapore,2021,45,1,0.0,26.0,,,False,False,True,False,2021-11-08,True,False,0.0,
Singapore,2021,46,1,0.0,44.0,,,False,False,True,False,2021-11-15,True,False,0.0,
Singapore,2021,47,1,0.0,50.0,,,False,False,True,False,2021-11-22,True,False,0.0,
Singapore,2021,48,1,0.0,44.0,,,False,False,True,False,2021-11-29,True,False,0.0,
Singapore,2021,49,1,0.0,45.0,,,False,False,True,False,2021-12-06,True,False,0.0,
Singapore,2021,50,1,0.0,40.0,,,False,False,True,False,2021-12-13,True,False,0.0,
Singapore,2021,51,1,0.0,25.0,,,False,False,True,False,2021-12-20,True,False,0.0,
Singapore,2021,52,1,0.0,5.0,,,False,False,True,False,2021-12-27,True,False,0.0,
Singapore,2022,1,1,0.0,30.0,,,False,False,True,False,2022-01-03,True,False,0.0,
Singapore,2022,2,1,0.0,44.0,,,False,False,True,False,2022-01-10,True,False,0.0,
Singapore,2022,3,1,0.0,68.0,,,False,False,True,False,2022-01-17,True,False,0.0,
Singapore,2022,4,1,0.0,71.0,,,False,False,True,False,2022-01-24,True,False,0.0,
Singapore,2022,5,1,0.0,21.0,,,False,False,True,False,2022-01-31,True,False,0.0,
Singapore,2022,6,1,0.0,54.0,,,False,False,True,False,2022-02-07,True,False,0.0,
Singapore,2022,7,1,0.0,57.0,,,False,False,True,False,2022-02-14,True,False,0.0,
Singapore,2022,8,1,3.0,70.0,,,False,False,True,False,2022-02-21,True,False,0.04285714285714286,
Singapore,2022,9,1,7.0,60.0,,,False,False,True,False,2022-02-28,True,False,0.11666666666666667,
Singapore,2022,10,1,1.0,51.0,,,False,False,True,False,2022-03-07,True,False,0.0196078431372549,
Singapore,2022,11,1,1.0,49.0,,,False,False,True,False,2022-03-14,True,False,0.02040816326530612,
Singapore,2022,12,1,0.0,38.0,,,False,False,True,False,2022-03-21,True,False,0.0,
Singapore,2022,13,1,1.0,51.0,,,False,False,True,False,2022-03-28,True,False,0.0196078431372549,
Singapore,2022,14,1,0.0,54.0,,,False,False,True,False,2022-04-04,True,False,0.0,
Singapore,2022,15,1,0.0,49.0,,,False,False,True,False,2022-04-11,True,False,0.0,
Singapore,2022,16,1,1.0,60.0,,,False,False,True,False,2022-04-18,True,False,0.016666666666666666,
Singapore,2022,17,1,0.0,97.0,,,False,False,True,False,2022-04-25,True,False,0.0,
Singapore,2022,18,1,0.0,15.0,,,False,False,True,False,2022-05-02,True,False,0.0,
Singapore,2022,19,1,1.0,159.0,,,False,False,True,False,2022-05-09,True,False,0.006289308176100629,
Singapore,2022,20,1,0.0,139.0,,,False,False,True,False,2022-05-16,True,False,0.0,
Singapore,2022,21,1,2.0,190.0,,,False,False,True,False,2022-05-23,True,False,0.010526315789473684,
Singapore,2022,22,1,2.0,160.0,,,False,False,True,False,2022-05-30,True,False,0.0125,
Singapore,2022,23,1,2.0,191.0,,,False,False,True,False,2022-06-06,True,False,0.010471204188481676,
Singapore,2022,24,1,4.0,169.0,,,False,False,True,False,2022-06-13,True,False,0.023668639053254437,
Singapore,2022,25,1,6.0,215.0,,,False,False,True,False,2022-06-20,True,False,0.027906976744186046,
Singapore,2022,26,1,21.0,284.0,,,False,False,True,False,2022-06-27,True,False,0.07394366197183098,
Singapore,2022,27,1,9.0,156.0,,,False,False,True,False,2022-07-04,True,False,0.057692307692307696,
Singapore,2022,28,1,15.0,196.0,,,False,False,True,False,2022-07-11,True,False,0.07653061224489796,
Singapore,2022,29,1,22.0,249.0,,,False,False,True,False,2022-07-18,True,False,0.08835341365461848,
Singapore,2022,30,1,26.0,201.0,,,False,False,True,False,2022-07-25,True,False,0.12935323383084577,
Singapore,2022,31,1,40.0,235.0,,,False,False,True,False,2022-08-01,True,False,0.1702127659574468,
Singapore,2022,32,1,37.0,180.0,,,False,False,True,False,2022-08-08,True,False,0.20555555555555555,
Singapore,2022,33,1,33.0,183.0,,,False,False,True,False,2022-08-15,True,False,0.18032786885245902,
Singapore,2022,34,1,29.0,155.0,,,False,False,True,False,2022-08-22,True,False,0.1870967741935484,
Singapore,2022,35,1,38.0,187.0,,,False,False,True,False,2022-08-29,True,False,0.20320855614973263,
Singapore,2022,36,1,33.0,180.0,,,False,False,True,False,2022-09-05,True,False,0.18333333333333332,
Singapore,2022,37,1,54.0,243.0,,,False,False,True,False,2022-09-12,True,False,0.2222222222222222,
Singapore,2022,38,1,69.0,266.0,,,False,False,True,False,2022-09-19,True,False,0.2593984962406015,
Singapore,2022,39,1,84.0,298.0,,,False,False,True,False,2022-09-26,True,False,0.28187919463087246,
Singapore,2022,40,1,45.0,295.0,,,False,False,True,False,2022-10-03,True,False,0.15254237288135594,
Singapore,2022,41,1,66.0,342.0,,,False,False,True,False,2022-10-10,True,False,0.19298245614035087,
Singapore,2022,42,1,56.0,252.0,,,False,False,True,False,2022-10-17,True,False,0.2222222222222222,
Singapore,2022,43,1,33.0,176.0,,,False,False,True,False,2022-10-24,True,False,0.1875,
Singapore,2022,44,1,26.0,178.0,,,False,False,True,False,2022-10-31,True,False,0.14606741573033707,
Singapore,2022,45,1,13.0,174.0,,,False,False,True,False,2022-11-07,True,False,0.07471264367816093,
Singapore,2022,46,1,14.0,152.0,,,False,False,True,False,2022-11-14,True,False,0.09210526315789473,
Singapore,2022,47,1,15.0,222.0,,,False,False,True,False,2022-11-21,True,False,0.06756756756756757,
Singapore,2022,48,1,19.0,204.0,,,False,False,True,False,2022-11-28,True,False,0.09313725490196079,
Singapore,2022,49,1,16.0,183.0,,,False,False,True,False,2022-12-05,True,False,0.08743169398907104,
Singapore,2022,50,1,24.0,176.0,,,False,False,True,False,2022-12-12,True,False,0.13636363636363635,
Singapore,2022,51,1,22.0,130.0,,,False,False,True,False,2022-12-19,True,False,0.16923076923076924,
Singapore,2022,52,1,19.0,89.0,,,False,False,True,False,2022-12-26,True,False,0.21348314606741572,
Singapore,2023,1,1,21.0,125.0,,,False,False,True,False,2023-01-02,True,False,0.168,
Singapore,2023,2,1,26.0,154.0,,,False,False,True,False,2023-01-09,True,False,0.16883116883116883,
Singapore,2023,3,1,13.0,142.0,,,False,False,True,False,2023-01-16,True,False,0.09154929577464789,
Singapore,2023,4,1,15.0,99.0,,,False,False,True,False,2023-01-23,True,False,0.15151515151515152,
Singapore,2023,5,1,34.0,228.0,,,False,False,True,False,2023-01-30,True,False,0.14912280701754385,
Singapore,2023,6,1,52.0,217.0,,,False,False,True,False,2023-02-06,True,False,0.23963133640552994,
Singapore,2023,7,1,39.0,214.0,,,False,False,True,False,2023-02-13,True,False,0.1822429906542056,
Singapore,2023,8,1,57.0,263.0,,,False,False,True,False,2023-02-20,True,False,0.21673003802281368,
Singapore,2023,9,1,76.0,265.0,,,False,False,True,False,2023-02-27,True,False,0.28679245283018867,
Singapore,2023,10,1,105.0,315.0,,,False,False,True,False,2023-03-06,True,False,0.3333333333333333,
Singapore,2023,11,1,97.0,376.0,,,False,False,True,False,2023-03-13,True,False,0.2579787234042553,
Singapore,2023,12,1,91.0,362.0,,,False,False,True,False,2023-03-20,True,False,0.2513812154696133,
Singapore,2023,13,1,89.0,366.0,,,False,False,True,False,2023-03-27,True,False,0.24316939890710382,
Singapore,2023,14,1,71.0,282.0,,,False,False,True,False,2023-04-03,True,False,0.25177304964539005,
Singapore,2023,15,1,87.0,389.0,,,False,False,True,False,2023-04-10,True,False,0.2236503856041131,
Singapore,2023,16,1,84.0,397.0,,,False,False,True,False,2023-04-17,True,False,0.21158690176322417,
Singapore,2023,17,1,46.0,335.0,,,False,False,True,False,2023-04-24,True,False,0.1373134328358209,
Singapore,2023,18,1,49.0,279.0,,,False,False,True,False,2023-05-01,True,False,0.17562724014336917,
Singapore,2023,19,1,59.0,354.0,,,False,False,True,False,2023-05-08,True,False,0.16666666666666666,
Singapore,2023,20,1,52.0,329.0,,,False,False,True,False,2023-05-15,True,False,0.1580547112462006,
Singapore,2023,21,1,54.0,347.0,,,False,False,True,False,2023-05-22,True,False,0.15561959654178675,
Singapore,2023,22,1,33.0,211.0,,,False,False,True,False,2023-05-29,True,False,0.15639810426540285,
Singapore,2023,23,1,40.0,251.0,,,False,False,True,False,2023-06-05,True,False,0.1593625498007968,
Singapore,2023,24,1,34.0,197.0,,,False,False,True,False,2023-06-12,True,False,0.17258883248730963,
Singapore,2023,25,1,57.0,246.0,,,False,False,True,False,2023-06-19,True,False,0.23170731707317074,
Singapore,2023,26,1,37.0,170.0,,,False,False,True,False,2023-06-26,True,False,0.21764705882352942,
Singapore,2023,27,1,54.0,233.0,,,False,False,True,False,2023-07-03,True,False,0.2317596566523605,
Singapore,2023,28,1,63.0,255.0,,,False,False,True,False,2023-07-10,True,False,0.24705882352941178,
Singapore,2023,29,1,73.0,261.0,,,False,False,True,False,2023-07-17,True,False,0.2796934865900383,
Singapore,2023,30,1,84.0,281.0,,,False,False,True,False,2023-07-24,True,False,0.298932384341637,
Singapore,2023,31,1,84.0,302.0,,,False,False,True,False,2023-07-31,True,False,0.2781456953642384,
Singapore,2023,32,1,82.0,259.0,,,False,False,True,False,2023-08-07,True,False,0.3166023166023166,
Singapore,2023,33,1,65.0,282.0,,,False,False,True,False,2023-08-14,True,False,0.23049645390070922,
Singapore,2023,34,1,88.0,324.0,,,False,False,True,False,2023-08-21,True,False,0.2716049382716049,
Singapore,2023,35,1,52.0,241.0,,,False,False,True,False,2023-08-28,True,False,0.2157676348547718,
Singapore,2023,36,1,69.0,299.0,,,False,False,True,False,2023-09-04,True,False,0.23076923076923078,
Singapore,2023,37,1,77.0,284.0,,,False,False,True,False,2023-09-11,True,False,0.2711267605633803,
Singapore,2023,38,1,74.0,346.0,,,False,False,True,False,2023-09-18,True,False,0.2138728323699422,
Singapore,2023,39,1,73.0,344.0,,,False,False,True,False,2023-09-25,True,False,0.21220930232558138,
Singapore,2023,40,1,48.0,329.0,,,False,False,True,False,2023-10-02,True,False,0.1458966565349544,
Singapore,2023,41,1,50.0,305.0,,,False,False,True,False,2023-10-09,True,False,0.16393442622950818,
Singapore,2023,42,1,38.0,286.0,,,False,False,True,False,2023-10-16,True,False,0.13286713286713286,
Singapore,2023,43,1,27.0,318.0,,,False,False,True,False,2023-10-23,True,False,0.08490566037735849,
Singapore,2023,44,1,32.0,285.0,,,False,False,True,False,2023-10-30,True,False,0.11228070175438597,
Singapore,2023,45,1,42.0,318.0,,,False,False,True,False,2023-11-06,True,False,0.1320754716981132,
Singapore,2023,46,1,23.0,228.0,,,False,False,True,False,2023-11-13,True,False,0.10087719298245613,
Singapore,2023,47,1,21.0,261.0,,,False,False,True,False,2023-11-20,True,False,0.08045977011494253,
Singapore,2023,48,1,49.0,368.0,,,False,False,True,False,2023-11-27,True,False,0.1331521739130435,
Singapore,2023,49,1,54.0,476.0,,,False,False,True,False,2023-12-04,True,False,0.1134453781512605,
Singapore,2023,50,1,39.0,420.0,,,False,False,True,False,2023-12-11,True,False,0.09285714285714286,
Singapore,2023,51,1,43.0,326.0,,,False,False,True,False,2023-12-18,True,False,0.13190184049079753,
Singapore,2023,52,1,45.0,229.0,,,False,False,True,False,2023-12-25,True,False,0.1965065502183406,
Singapore,2024,1,1,72.0,252.0,,,False,False,True,False,2024-01-01,True,False,0.2857142857142857,
Singapore,2024,2,1,110.0,356.0,,,False,False,True,False,2024-01-08,True,False,0.3089887640449438,
Singapore,2024,3,1,123.0,365.0,,,False,False,True,False,2024-01-15,True,False,0.336986301369863,
Singapore,2024,4,1,129.0,360.0,,,False,False,True,False,2024-01-22,True,False,0.35833333333333334,
Singapore,2024,5,1,119.0,323.0,,,False,False,True,False,2024-01-29,True,False,0.3684210526315789,
Singapore,2024,6,1,107.0,308.0,,,False,False,True,False,2024-02-05,True,False,0.3474025974025974,
Singapore,2024,7,1,79.0,235.0,,,False,False,True,False,2024-02-12,True,False,0.33617021276595743,
Singapore,2024,8,1,89.0,304.0,,,False,False,True,False,2024-02-19,True,False,0.29276315789473684,
Singapore,2024,9,1,103.0,370.0,,,False,False,True,False,2024-02-26,True,False,0.27837837837837837,
Singapore,2024,10,1,79.0,326.0,,,False,False,True,False,2024-03-04,True,False,0.24233128834355827,
Singapore,2024,11,1,72.0,318.0,,,False,False,True,False,2024-03-11,True,False,0.22641509433962265,
Singapore,2024,12,1,68.0,299.0,,,False,False,True,False,2024-03-18,True,False,0.22742474916387959,
Singapore,2024,13,1,34.0,216.0,,,False,False,True,False,2024-03-25,True,False,0.1574074074074074,
Singapore,2024,14,1,37.0,259.0,,,False,False,True,False,2024-04-01,True,False,0.14285714285714285,
Singapore,2024,15,1,35.0,225.0,,,False,False,True,False,2024-04-08,True,False,0.15555555555555556,
Singapore,2024,16,1,34.0,199.0,,,False,False,True,False,2024-04-15,True,False,0.1708542713567839,
Singapore,2024,17,1,36.0,268.0,,,False,False,True,False,2024-04-22,True,False,0.13432835820895522,
Singapore,2024,18,1,24.0,230.0,,,False,False,True,False,2024-04-29,True,False,0.10434782608695652,
Singapore,2024,19,1,41.0,325.0,,,False,False,True,False,2024-05-06,True,False,0.12615384615384614,
Singapore,2024,20,1,30.0,283.0,,,False,False,True,False,2024-05-13,True,False,0.10600706713780919,
Singapore,2024,21,1,30.0,261.0,,,False,False,True,False,2024-05-20,True,False,0.11494252873563218,
Singapore,2024,22,1,53.0,266.0,,,False,False,True,False,2024-05-27,True,False,0.19924812030075187,
Singapore,2024,23,1,34.0,229.0,,,False,False,True,False,2024-06-03,True,False,0.14847161572052403,
Singapore,2024,24,1,56.0,249.0,,,False,False,True,False,2024-06-10,True,False,0.2248995983935743,
Singapore,2024,25,1,47.0,197.0,,,False,False,True,False,2024-06-17,True,False,0.23857868020304568,
Singapore,2024,26,1,70.0,225.0,,,False,False,True,False,2024-06-24,True,False,0.3111111111111111,
Singapore,2024,27,1,69.0,248.0,,,False,False,True,False,2024-07-01,True,False,0.2782258064516129,
Singapore,2024,28,1,82.0,255.0,,,False,False,True,False,2024-07-08,True,False,0.3215686274509804,
Singapore,2024,29,1,80.0,251.0,,,False,False,True,False,2024-07-15,True,False,0.3187250996015936,
Singapore,2024,30,1,43.0,182.0,,,False,False,True,False,2024-07-22,True,False,0.23626373626373626,
Singapore,2024,31,1,34.0,180.0,,,False,False,True,False,2024-07-29,True,False,0.18888888888888888,
Singapore,2024,32,1,22.0,149.0,,,False,False,True,False,2024-08-05,True,False,0.1476510067114094,
Singapore,2024,33,1,26.0,191.0,,,False,False,True,False,2024-08-12,True,False,0.13612565445026178,
Singapore,2024,34,1,31.0,162.0,,,False,False,True,False,2024-08-19,True,False,0.19135802469135801,
Singapore,2024,35,1,29.0,177.0,,,False,False,True,False,2024-08-26,True,False,0.1638418079096045,
Singapore,2024,36,1,33.0,160.0,,,False,False,True,False,2024-09-02,True,False,0.20625,
Singapore,2024,37,1,18.0,147.0,,,False,False,True,False,2024-09-09,True,False,0.12244897959183673,
Singapore,2024,38,1,23.0,156.0,,,False,False,True,False,2024-09-16,True,False,0.14743589743589744,
Singapore,2024,39,1,14.0,153.0,,,False,False,True,False,2024-09-23,True,False,0.0915032679738562,
Singapore,2024,40,1,21.0,141.0,,,False,False,True,False,2024-09-30,True,False,0.14893617021276595,
Singapore,2024,41,1,31.0,152.0,,,False,False,True,False,2024-10-07,True,False,0.20394736842105263,
Singapore,2024,42,1,21.0,122.0,,,False,False,True,False,2024-10-14,True,False,0.1721311475409836,
Singapore,2024,43,1,22.0,143.0,,,False,False,True,False,2024-10-21,True,False,0.15384615384615385,
Singapore,2024,44,1,22.0,120.0,,,False,False,True,False,2024-10-28,True,False,0.18333333333333332,
Singapore,2024,45,1,24.0,140.0,,,False,False,True,False,2024-11-04,True,False,0.17142857142857143,
Singapore,2024,46,1,22.0,130.0,,,False,False,True,False,2024-11-11,True,False,0.16923076923076924,
Singapore,2024,47,1,20.0,134.0,,,False,False,True,False,2024-11-18,True,False,0.14925373134328357,
Singapore,2024,48,1,24.0,145.0,,,False,False,True,False,2024-11-25,True,False,0.16551724137931034,
Singapore,2024,49,1,65.0,185.0,,,False,False,True,False,2024-12-02,True,False,0.35135135135135137,
Singapore,2024,50,1,41.0,135.0,,,False,False,True,False,2024-12-09,True,False,0.3037037037037037,
Singapore,2024,51,1,46.0,165.0,,,False,False,True,False,2024-12-16,True,False,0.2787878787878788,
Singapore,2024,52,1,49.0,121.0,,,False,False,True,False,2024-12-23,True,False,0.4049586776859504,
Singapore,2025,1,1,58.0,132.0,,,False,False,True,False,2024-12-30,True,False,0.4393939393939394,
Singapore,2025,2,1,86.0,229.0,,,False,False,True,False,2025-01-06,True,False,0.37554585152838427,
Singapore,2025,3,1,65.0,179.0,,,False,False,True,False,2025-01-13,True,False,0.36312849162011174,
Singapore,2025,4,1,78.0,212.0,,,False,False,True,False,2025-01-20,True,False,0.36792452830188677,
Singapore,2025,5,1,44.0,131.0,,,False,False,True,False,2025-01-27,True,False,0.33587786259541985,
Singapore,2025,6,1,73.0,246.0,,,False,False,True,False,2025-02-03,True,False,0.2967479674796748,
Singapore,2025,7,1,45.0,256.0,,,False,False,True,False,2025-02-10,True,False,0.17578125,
Singapore,2025,8,1,34.0,206.0,,,False,False,True,False,2025-02-17,True,False,0.1650485436893204,
Singapore,2025,9,1,32.0,164.0,,,False,False,True,False,2025-02-24,True,False,0.1951219512195122,
Singapore,2025,10,1,25.0,167.0,,,False,False,True,False,2025-03-03,True,False,0.1497005988023952,
Singapore,2025,11,1,18.0,168.0,,,False,False,True,False,2025-03-10,True,False,0.10714285714285714,
Singapore,2025,12,1,19.0,124.0,,,False,False,True,False,2025-03-17,True,False,0.1532258064516129,
Singapore,2025,13,1,14.0,158.0,,,False,False,True,False,2025-03-24,True,False,0.08860759493670886,
Singapore,2025,14,1,11.0,111.0,,,False,False,True,False,2025-03-31,True,False,0.0990990990990991,
Singapore,2025,15,1,12.0,120.0,,,False,False,True,False,2025-04-07,True,False,0.1,
Singapore,2025,16,1,12.0,110.0,,,False,False,True,False,2025-04-14,True,False,0.10909090909090909,
Singapore,2025,17,1,18.0,171.0,,,False,False,True,False,2025-04-21,True,False,0.10526315789473684,
Singapore,2025,18,1,11.0,123.0,,,False,False,True,False,2025-04-28,True,False,0.08943089430894309,
Singapore,2025,19,1,18.0,160.0,,,False,False,True,False,2025-05-05,True,False,0.1125,
Singapore,2025,20,1,24.0,148.0,,,False,False,True,False,2025-05-12,True,False,0.16216216216216217,
Singapore,2025,21,1,25.0,184.0,,,False,False,True,False,2025-05-19,True,False,0.1358695652173913,
Singapore,2025,22,1,32.0,184.0,,,False,False,True,False,2025-05-26,True,False,0.17391304347826086,
Singapore,2025,23,1,19.0,151.0,,,False,False,True,False,2025-06-02,True,False,0.12582781456953643,
Singapore,2025,24,1,15.0,138.0,,,False,False,True,False,2025-06-09,True,False,0.10869565217391304,
Singapore,2025,25,1,19.0,137.0,,,False,False,True,False,2025-06-16,True,False,0.1386861313868613,
Singapore,2025,26,1,25.0,128.0,,,False,False,True,False,2025-06-23,True,False,0.1953125,
Singapore,2025,27,1,21.0,135.0,,,False,False,True,False,2025-06-30,True,False,0.15555555555555556,
Singapore,2025,28,1,9.0,105.0,,,False,False,True,False,2025-07-07,True,False,0.08571428571428572,
Singapore,2025,29,1,13.0,114.0,,,False,False,True,False,2025-07-14,True,False,0.11403508771929824,
Singapore,2025,30,1,14.0,110.0,,,False,False,True,False,2025-07-21,True,False,0.12727272727272726,
Singapore,2025,31,1,24.0,127.0,,,False,False,True,False,2025-07-28,True,False,0.1889763779527559,
Singapore,2025,32,1,13.0,105.0,,,False,False,True,False,2025-08-04,True,False,0.12380952380952381,
Singapore,2025,33,1,25.0,127.0,,,False,False,True,False,2025-08-11,True,False,0.1968503937007874,
Singapore,2025,34,1,36.0,157.0,,,False,False,True,False,2025-08-18,True,False,0.22929936305732485,
Singapore,2025,35,1,42.0,138.0,,,False,False,True,False,2025-08-25,True,False,0.30434782608695654,
Singapore,2025,36,1,45.0,146.0,,,False,False,True,False,2025-09-01,True,False,0.3082191780821918,
Singapore,2025,37,1,65.0,172.0,,,False,False,True,False,2025-09-08,True,False,0.37790697674418605,
Singapore,2025,38,1,59.0,171.0,,,False,False,True,False,2025-09-15,True,False,0.34502923976608185,
Singapore,2025,39,1,90.0,228.0,,,False,False,True,False,2025-09-22,True,False,0.39473684210526316,
Singapore,2025,40,1,66.0,185.0,,,False,False,True,False,2025-09-29,True,False,0.3567567567567568,
Singapore,2025,41,1,79.0,214.0,,,False,False,True,False,2025-10-06,True,False,0.3691588785046729,
Singapore,2025,42,1,59.0,214.0,,,False,False,True,False,2025-10-13,True,False,0.2757009345794392,
Singapore,2025,43,1,58.0,168.0,,,False,False,True,False,2025-10-20,True,False,0.34523809523809523,
Singapore,2025,44,1,54.0,185.0,,,False,False,True,False,2025-10-27,True,False,0.2918918918918919,
Singapore,2025,45,1,54.0,176.0,,,False,False,True,False,2025-11-03,True,False,0.3068181818181818,
Singapore,2025,46,1,39.0,160.0,,,False,False,True,False,2025-11-10,True,False,0.24375,
Singapore,2025,47,1,39.0,192.0,,,False,False,True,False,2025-11-17,True,False,0.203125,
Singapore,2025,48,1,39.0,176.0,,,False,False,True,False,2025-11-24,True,False,0.2215909090909091,
Singapore,2025,49,1,29.0,146.0,,,False,False,True,False,2025-12-01,True,False,0.19863013698630136,
Singapore,2025,50,1,28.0,133.0,,,False,False,True,False,2025-12-08,True,False,0.21052631578947367,
Singapore,2025,51,1,29.0,122.0,,,False,False,True,False,2025-12-15,True,False,0.23770491803278687,
Singapore,2025,52,1,13.0,72.0,,,False,False,True,False,2025-12-22,True,False,0.18055555555555555,
Thailand,2004,1,1,0.0,17.0,,,False,False,True,False,2003-12-29,True,False,0.0,
Thailand,2004,2,1,3.0,18.0,,,False,False,True,False,2004-01-05,True,False,0.16666666666666666,
Thailand,2004,3,1,4.0,18.0,,,False,False,True,False,2004-01-12,True,False,0.2222222222222222,
Thailand,2004,4,1,1.0,33.0,,,False,False,True,False,2004-01-19,True,False,0.030303030303030304,
Thailand,2004,5,1,8.0,275.0,,,False,False,True,False,2004-01-26,True,False,0.02909090909090909,
Thailand,2004,6,1,19.0,317.0,,,False,False,True,False,2004-02-02,True,False,0.05993690851735016,
Thailand,2004,7,1,9.0,160.0,,,False,False,True,False,2004-02-09,True,False,0.05625,
Thailand,2004,8,1,7.0,103.0,,,False,False,True,False,2004-02-16,True,False,0.06796116504854369,
Thailand,2004,9,1,5.0,94.0,,,False,False,True,False,2004-02-23,True,False,0.05319148936170213,
Thailand,2004,10,1,1.0,28.0,,,False,False,True,False,2004-03-01,True,False,0.03571428571428571,
Thailand,2004,11,1,2.0,17.0,,,False,False,True,False,2004-03-08,True,False,0.11764705882352941,
Thailand,2004,12,1,0.0,9.0,,,False,False,True,False,2004-03-15,True,False,0.0,
Thailand,2004,13,1,1.0,2.0,,,False,False,True,False,2004-03-22,True,False,0.5,
Thailand,2004,14,1,0.0,5.0,,,False,False,True,False,2004-03-29,True,False,0.0,
Thailand,2004,15,1,0.0,3.0,,,False,False,True,False,2004-04-05,True,False,0.0,
Thailand,2004,16,1,0.0,0.0,,,False,False,True,False,2004-04-12,False,False,,
Thailand,2004,17,1,1.0,2.0,,,False,False,True,False,2004-04-19,True,False,0.5,
Thailand,2004,18,1,0.0,5.0,,,False,False,True,False,2004-04-26,True,False,0.0,
Thailand,2004,19,1,1.0,8.0,,,False,False,True,False,2004-05-03,True,False,0.125,
Thailand,2004,20,1,1.0,6.0,,,False,False,True,False,2004-05-10,True,False,0.16666666666666666,
Thailand,2004,21,1,2.0,8.0,,,False,False,True,False,2004-05-17,True,False,0.25,
Thailand,2004,22,1,0.0,5.0,,,False,False,True,False,2004-05-24,True,False,0.0,
Thailand,2004,23,1,0.0,13.0,,,False,False,True,False,2004-05-31,True,False,0.0,
Thailand,2004,24,1,7.0,35.0,,,False,False,True,False,2004-06-07,True,False,0.2,
Thailand,2004,25,1,2.0,10.0,,,False,False,True,False,2004-06-14,True,False,0.2,
Thailand,2004,26,1,1.0,12.0,,,False,False,True,False,2004-06-21,True,False,0.08333333333333333,
Thailand,2004,27,1,1.0,10.0,,,False,False,True,False,2004-06-28,True,False,0.1,
Thailand,2004,28,1,2.0,22.0,,,False,False,True,False,2004-07-05,True,False,0.09090909090909091,
Thailand,2004,29,1,5.0,28.0,,,False,False,True,False,2004-07-12,True,False,0.17857142857142858,
Thailand,2004,30,1,1.0,15.0,,,False,False,True,False,2004-07-19,True,False,0.06666666666666667,
Thailand,2004,31,1,4.0,34.0,,,False,False,True,False,2004-07-26,True,False,0.11764705882352941,
Thailand,2004,32,1,6.0,21.0,,,False,False,True,False,2004-08-02,True,False,0.2857142857142857,
Thailand,2004,33,1,3.0,27.0,,,False,False,True,False,2004-08-09,True,False,0.1111111111111111,
Thailand,2004,34,1,4.0,42.0,,,False,False,True,False,2004-08-16,True,False,0.09523809523809523,
Thailand,2004,35,1,7.0,33.0,,,False,False,True,False,2004-08-23,True,False,0.21212121212121213,
Thailand,2004,36,1,11.0,76.0,,,False,False,True,False,2004-08-30,True,False,0.14473684210526316,
Thailand,2004,37,1,11.0,62.0,,,False,False,True,False,2004-09-06,True,False,0.1774193548387097,
Thailand,2004,38,1,21.0,82.0,,,False,False,True,False,2004-09-13,True,False,0.25609756097560976,
Thailand,2004,39,1,32.0,122.0,,,False,False,True,False,2004-09-20,True,False,0.26229508196721313,
Thailand,2004,40,1,47.0,218.0,,,False,False,True,False,2004-09-27,True,False,0.21559633027522937,
Thailand,2004,41,1,89.0,349.0,,,False,False,True,False,2004-10-04,True,False,0.25501432664756446,
Thailand,2004,42,1,51.0,370.0,,,False,False,True,False,2004-10-11,True,False,0.13783783783783785,
Thailand,2004,43,1,66.0,360.0,,,False,False,True,False,2004-10-18,True,False,0.18333333333333332,
Thailand,2004,44,1,19.0,283.0,,,False,False,True,False,2004-10-25,True,False,0.06713780918727916,
Thailand,2004,45,1,28.0,280.0,,,False,False,True,False,2004-11-01,True,False,0.1,
Thailand,2004,46,1,8.0,142.0,,,False,False,True,False,2004-11-08,True,False,0.056338028169014086,
Thailand,2004,47,1,4.0,48.0,,,False,False,True,False,2004-11-15,True,False,0.08333333333333333,
Thailand,2004,48,1,4.0,55.0,,,False,False,True,False,2004-11-22,True,False,0.07272727272727272,
Thailand,2004,49,1,0.0,28.0,,,False,False,True,False,2004-11-29,True,False,0.0,
Thailand,2005,1,1,1.0,14.0,,,False,False,True,False,2005-01-03,True,False,0.07142857142857142,
Thailand,2005,2,1,12.0,24.0,,,False,False,True,False,2005-01-10,True,False,0.5,
Thailand,2005,3,1,2.0,27.0,,,False,False,True,False,2005-01-17,True,False,0.07407407407407407,
Thailand,2005,4,1,9.0,42.0,,,False,False,True,False,2005-01-24,True,False,0.21428571428571427,
Thailand,2005,5,1,20.0,64.0,,,False,False,True,False,2005-01-31,True,False,0.3125,
Thailand,2005,6,1,21.0,58.0,,,False,False,True,False,2005-02-07,True,False,0.3620689655172414,
Thailand,2005,7,1,15.0,56.0,,,False,False,True,False,2005-02-14,True,False,0.26785714285714285,
Thailand,2005,8,1,2.0,25.0,,,False,False,True,False,2005-02-21,True,False,0.08,
Thailand,2005,9,1,5.0,26.0,,,False,False,True,False,2005-02-28,True,False,0.19230769230769232,
Thailand,2005,10,1,14.0,57.0,,,False,False,True,False,2005-03-07,True,False,0.24561403508771928,
Thailand,2005,11,1,5.0,38.0,,,False,False,True,False,2005-03-14,True,False,0.13157894736842105,
Thailand,2005,12,1,9.0,47.0,,,False,False,True,False,2005-03-21,True,False,0.19148936170212766,
Thailand,2005,13,1,4.0,31.0,,,False,False,True,False,2005-03-28,True,False,0.12903225806451613,
Thailand,2005,14,1,3.0,23.0,,,False,False,True,False,2005-04-04,True,False,0.13043478260869565,
Thailand,2005,15,1,5.0,32.0,,,False,False,True,False,2005-04-11,True,False,0.15625,
Thailand,2005,16,1,4.0,27.0,,,False,False,True,False,2005-04-18,True,False,0.14814814814814814,
Thailand,2005,17,1,10.0,33.0,,,False,False,True,False,2005-04-25,True,False,0.30303030303030304,
Thailand,2005,18,1,7.0,28.0,,,False,False,True,False,2005-05-02,True,False,0.25,
Thailand,2005,19,1,1.0,16.0,,,False,False,True,False,2005-05-09,True,False,0.0625,
Thailand,2005,20,1,4.0,44.0,,,False,False,True,False,2005-05-16,True,False,0.09090909090909091,
Thailand,2005,21,1,2.0,17.0,,,False,False,True,False,2005-05-23,True,False,0.11764705882352941,
Thailand,2005,22,1,2.0,31.0,,,False,False,True,False,2005-05-30,True,False,0.06451612903225806,
Thailand,2005,23,1,1.0,24.0,,,False,False,True,False,2005-06-06,True,False,0.041666666666666664,
Thailand,2005,24,1,36.0,107.0,,,False,False,True,False,2005-06-13,True,False,0.3364485981308411,
Thailand,2005,25,1,6.0,51.0,,,False,False,True,False,2005-06-20,True,False,0.11764705882352941,
Thailand,2005,26,1,3.0,54.0,,,False,False,True,False,2005-06-27,True,False,0.05555555555555555,
Thailand,2005,27,1,21.0,51.0,,,False,False,True,False,2005-07-04,True,False,0.4117647058823529,
Thailand,2005,28,1,10.0,101.0,,,False,False,True,False,2005-07-11,True,False,0.09900990099009901,
Thailand,2005,29,1,23.0,124.0,,,False,False,True,False,2005-07-18,True,False,0.18548387096774194,
Thailand,2005,30,1,13.0,82.0,,,False,False,True,False,2005-07-25,True,False,0.15853658536585366,
Thailand,2005,31,1,13.0,90.0,,,False,False,True,False,2005-08-01,True,False,0.14444444444444443,
Thailand,2005,32,1,8.0,40.0,,,False,False,True,False,2005-08-08,True,False,0.2,
Thailand,2005,33,1,8.0,72.0,,,False,False,True,False,2005-08-15,True,False,0.1111111111111111,
Thailand,2005,34,1,17.0,103.0,,,False,False,True,False,2005-08-22,True,False,0.1650485436893204,
Thailand,2005,35,1,9.0,137.0,,,False,False,True,False,2005-08-29,True,False,0.06569343065693431,
Thailand,2005,36,1,16.0,65.0,,,False,False,True,False,2005-09-05,True,False,0.24615384615384617,
Thailand,2005,37,1,14.0,87.0,,,False,False,True,False,2005-09-12,True,False,0.16091954022988506,
Thailand,2005,38,1,16.0,95.0,,,False,False,True,False,2005-09-19,True,False,0.16842105263157894,
Thailand,2005,39,1,8.0,72.0,,,False,False,True,False,2005-09-26,True,False,0.1111111111111111,
Thailand,2005,40,1,8.0,87.0,,,False,False,True,False,2005-10-03,True,False,0.09195402298850575,
Thailand,2005,41,1,7.0,61.0,,,False,False,True,False,2005-10-10,True,False,0.11475409836065574,
Thailand,2005,42,1,9.0,64.0,,,False,False,True,False,2005-10-17,True,False,0.140625,
Thailand,2005,43,1,7.0,64.0,,,False,False,True,False,2005-10-24,True,False,0.109375,
Thailand,2005,44,1,20.0,222.0,,,False,False,True,False,2005-10-31,True,False,0.09009009009009009,
Thailand,2005,45,1,29.0,207.0,,,False,False,True,False,2005-11-07,True,False,0.14009661835748793,
Thailand,2005,46,1,45.0,242.0,,,False,False,True,False,2005-11-14,True,False,0.1859504132231405,
Thailand,2005,52,1,8.0,98.0,,,False,False,True,False,2005-12-26,True,False,0.08163265306122448,
Thailand,2006,1,1,5.0,72.0,,,False,False,True,False,2006-01-02,True,False,0.06944444444444445,
Thailand,2006,2,1,7.0,97.0,,,False,False,True,False,2006-01-09,True,False,0.07216494845360824,
Thailand,2006,3,1,4.0,139.0,,,False,False,True,False,2006-01-16,True,False,0.02877697841726619,
Thailand,2006,4,1,2.0,108.0,,,False,False,True,False,2006-01-23,True,False,0.018518518518518517,
Thailand,2006,6,1,7.0,87.0,,,False,False,True,False,2006-02-06,True,False,0.08045977011494253,
Thailand,2006,7,1,7.0,102.0,,,False,False,True,False,2006-02-13,True,False,0.06862745098039216,
Thailand,2006,8,1,5.0,64.0,,,False,False,True,False,2006-02-20,True,False,0.078125,
Thailand,2006,9,1,6.0,92.0,,,False,False,True,False,2006-02-27,True,False,0.06521739130434782,
Thailand,2006,10,1,4.0,58.0,,,False,False,True,False,2006-03-06,True,False,0.06896551724137931,
Thailand,2006,11,1,2.0,72.0,,,False,False,True,False,2006-03-13,True,False,0.027777777777777776,
Thailand,2006,12,1,2.0,90.0,,,False,False,True,False,2006-03-20,True,False,0.022222222222222223,
Thailand,2006,13,1,2.0,51.0,,,False,False,True,False,2006-03-27,True,False,0.0392156862745098,
Thailand,2006,14,1,17.0,65.0,,,False,False,True,False,2006-04-03,True,False,0.26153846153846155,
Thailand,2006,15,1,13.0,61.0,,,False,False,True,False,2006-04-10,True,False,0.21311475409836064,
Thailand,2006,16,1,34.0,167.0,,,False,False,True,False,2006-04-17,True,False,0.20359281437125748,
Thailand,2006,17,1,1.0,57.0,,,False,False,True,False,2006-04-24,True,False,0.017543859649122806,
Thailand,2006,18,1,0.0,31.0,,,False,False,True,False,2006-05-01,True,False,0.0,
Thailand,2006,19,1,4.0,69.0,,,False,False,True,False,2006-05-08,True,False,0.057971014492753624,
Thailand,2006,20,1,5.0,,,,False,False,True,False,2006-05-15,False,False,,
Thailand,2006,21,1,3.0,44.0,,,False,False,True,False,2006-05-22,True,False,0.06818181818181818,
Thailand,2006,22,1,4.0,99.0,,,False,False,True,False,2006-05-29,True,False,0.04040404040404041,
Thailand,2006,23,1,17.0,93.0,,,False,False,True,False,2006-06-05,True,False,0.1827956989247312,
Thailand,2006,24,1,13.0,131.0,,,False,False,True,False,2006-06-12,True,False,0.09923664122137404,
Thailand,2006,25,1,1.0,50.0,,,False,False,True,False,2006-06-19,True,False,0.02,
Thailand,2006,26,1,81.0,257.0,,,False,False,True,False,2006-06-26,True,False,0.3151750972762646,
Thailand,2006,27,1,19.0,146.0,,,False,False,True,False,2006-07-03,True,False,0.13013698630136986,
Thailand,2006,28,1,14.0,97.0,,,False,False,True,False,2006-07-10,True,False,0.14432989690721648,
Thailand,2006,29,1,43.0,244.0,,,False,False,True,False,2006-07-17,True,False,0.1762295081967213,
Thailand,2006,30,1,20.0,118.0,,,False,False,True,False,2006-07-24,True,False,0.1694915254237288,
Thailand,2006,31,1,35.0,343.0,,,False,False,True,False,2006-07-31,True,False,0.10204081632653061,
Thailand,2006,33,1,45.0,205.0,,,False,False,True,False,2006-08-14,True,False,0.21951219512195122,
Thailand,2006,34,1,46.0,245.0,,,False,False,True,False,2006-08-21,True,False,0.18775510204081633,
Thailand,2006,35,1,15.0,105.0,,,False,False,True,False,2006-08-28,True,False,0.14285714285714285,
Thailand,2006,36,1,22.0,188.0,,,False,False,True,False,2006-09-04,True,False,0.11702127659574468,
Thailand,2006,37,1,15.0,149.0,,,False,False,True,False,2006-09-11,True,False,0.10067114093959731,
Thailand,2006,38,1,9.0,151.0,,,False,False,True,False,2006-09-18,True,False,0.059602649006622516,
Thailand,2006,39,1,10.0,125.0,,,False,False,True,False,2006-09-25,True,False,0.08,
Thailand,2006,40,1,15.0,130.0,,,False,False,True,False,2006-10-02,True,False,0.11538461538461539,
Thailand,2006,41,1,15.0,126.0,,,False,False,True,False,2006-10-09,True,False,0.11904761904761904,
Thailand,2006,42,1,13.0,121.0,,,False,False,True,False,2006-10-16,True,False,0.10743801652892562,
Thailand,2006,43,1,12.0,73.0,,,False,False,True,False,2006-10-23,True,False,0.1643835616438356,
Thailand,2006,44,1,4.0,108.0,,,False,False,True,False,2006-10-30,True,False,0.037037037037037035,
Thailand,2006,45,1,14.0,121.0,,,False,False,True,False,2006-11-06,True,False,0.11570247933884298,
Thailand,2006,46,1,12.0,65.0,,,False,False,True,False,2006-11-13,True,False,0.18461538461538463,
Thailand,2006,47,1,7.0,106.0,,,False,False,True,False,2006-11-20,True,False,0.0660377358490566,
Thailand,2007,1,1,7.0,37.0,,,False,False,True,False,2007-01-01,True,False,0.1891891891891892,
Thailand,2007,2,1,7.0,37.0,,,False,False,True,False,2007-01-08,True,False,0.1891891891891892,
Thailand,2007,3,1,36.0,122.0,,,False,False,True,False,2007-01-15,True,False,0.29508196721311475,
Thailand,2007,4,1,55.0,229.0,,,False,False,True,False,2007-01-22,True,False,0.24017467248908297,
Thailand,2007,5,1,60.0,333.0,,,False,False,True,False,2007-01-29,True,False,0.18018018018018017,
Thailand,2007,6,1,61.0,211.0,,,False,False,True,False,2007-02-05,True,False,0.2890995260663507,
Thailand,2007,7,1,34.0,234.0,,,False,False,True,False,2007-02-12,True,False,0.1452991452991453,
Thailand,2007,8,1,40.0,366.0,,,False,False,True,False,2007-02-19,True,False,0.1092896174863388,
Thailand,2007,9,1,31.0,225.0,,,False,False,True,False,2007-02-26,True,False,0.13777777777777778,
Thailand,2007,10,1,39.0,184.0,,,False,False,True,False,2007-03-05,True,False,0.21195652173913043,
Thailand,2007,11,1,36.0,127.0,,,False,False,True,False,2007-03-12,True,False,0.28346456692913385,
Thailand,2007,12,1,25.0,159.0,,,False,False,True,False,2007-03-19,True,False,0.15723270440251572,
Thailand,2007,13,1,13.0,94.0,,,False,False,True,False,2007-03-26,True,False,0.13829787234042554,
Thailand,2007,14,1,5.0,68.0,,,False,False,True,False,2007-04-02,True,False,0.07352941176470588,
Thailand,2007,15,1,4.0,42.0,,,False,False,True,False,2007-04-09,True,False,0.09523809523809523,
Thailand,2007,16,1,0.0,55.0,,,False,False,True,False,2007-04-16,True,False,0.0,
Thailand,2007,17,1,0.0,74.0,,,False,False,True,False,2007-04-23,True,False,0.0,
Thailand,2007,18,1,2.0,137.0,,,False,False,True,False,2007-04-30,True,False,0.014598540145985401,
Thailand,2007,19,1,0.0,12.0,,,False,False,True,False,2007-05-07,True,False,0.0,
Thailand,2007,20,1,7.0,100.0,,,False,False,True,False,2007-05-14,True,False,0.07,
Thailand,2007,21,1,4.0,105.0,,,False,False,True,False,2007-05-21,True,False,0.0380952380952381,
Thailand,2007,22,1,4.0,26.0,,,False,False,True,False,2007-05-28,True,False,0.15384615384615385,
Thailand,2007,23,1,11.0,129.0,,,False,False,True,False,2007-06-04,True,False,0.08527131782945736,
Thailand,2007,24,1,15.0,111.0,,,False,False,True,False,2007-06-11,True,False,0.13513513513513514,
Thailand,2007,25,1,16.0,100.0,,,False,False,True,False,2007-06-18,True,False,0.16,
Thailand,2007,26,1,7.0,81.0,,,False,False,True,False,2007-06-25,True,False,0.08641975308641975,
Thailand,2007,27,1,1.0,127.0,,,False,False,True,False,2007-07-02,True,False,0.007874015748031496,
Thailand,2007,28,1,31.0,274.0,,,False,False,True,False,2007-07-09,True,False,0.11313868613138686,
Thailand,2007,29,1,11.0,116.0,,,False,False,True,False,2007-07-16,True,False,0.09482758620689655,
Thailand,2007,30,1,9.0,107.0,,,False,False,True,False,2007-07-23,True,False,0.08411214953271028,
Thailand,2007,31,1,2.0,53.0,,,False,False,True,False,2007-07-30,True,False,0.03773584905660377,
Thailand,2007,32,1,10.0,124.0,,,False,False,True,False,2007-08-06,True,False,0.08064516129032258,
Thailand,2007,33,1,2.0,81.0,,,False,False,True,False,2007-08-13,True,False,0.024691358024691357,
Thailand,2007,34,1,12.0,87.0,,,False,False,True,False,2007-08-20,True,False,0.13793103448275862,
Thailand,2007,35,1,1.0,75.0,,,False,False,True,False,2007-08-27,True,False,0.013333333333333334,
Thailand,2007,36,1,1.0,133.0,,,False,False,True,False,2007-09-03,True,False,0.007518796992481203,
Thailand,2007,37,1,2.0,124.0,,,False,False,True,False,2007-09-10,True,False,0.016129032258064516,
Thailand,2007,38,1,21.0,117.0,,,False,False,True,False,2007-09-17,True,False,0.1794871794871795,
Thailand,2007,39,1,29.0,108.0,,,False,False,True,False,2007-09-24,True,False,0.26851851851851855,
Thailand,2007,40,1,23.0,89.0,,,False,False,True,False,2007-10-01,True,False,0.25842696629213485,
Thailand,2007,41,1,7.0,78.0,,,False,False,True,False,2007-10-08,True,False,0.08974358974358974,
Thailand,2007,42,1,25.0,108.0,,,False,False,True,False,2007-10-15,True,False,0.23148148148148148,
Thailand,2007,43,1,2.0,7.0,,,False,False,True,False,2007-10-22,True,False,0.2857142857142857,
Thailand,2007,44,1,46.0,152.0,,,False,False,True,False,2007-10-29,True,False,0.3026315789473684,
Thailand,2007,45,1,17.0,104.0,,,False,False,True,False,2007-11-05,True,False,0.16346153846153846,
Thailand,2007,46,1,36.0,126.0,,,False,False,True,False,2007-11-12,True,False,0.2857142857142857,
Thailand,2007,47,1,5.0,16.0,,,False,False,True,False,2007-11-19,True,False,0.3125,
Thailand,2007,48,1,71.0,164.0,,,False,False,True,False,2007-11-26,True,False,0.4329268292682927,
Thailand,2007,49,1,35.0,98.0,,,False,False,True,False,2007-12-03,True,False,0.35714285714285715,
Thailand,2007,50,1,40.0,116.0,,,False,False,True,False,2007-12-10,True,False,0.3448275862068966,
Thailand,2007,51,1,37.0,132.0,,,False,False,True,False,2007-12-17,True,False,0.2803030303030303,
Thailand,2007,52,1,21.0,86.0,,,False,False,True,False,2007-12-24,True,False,0.2441860465116279,
Thailand,2008,1,1,49.0,112.0,,,False,False,True,False,2007-12-31,True,False,0.4375,
Thailand,2008,2,1,34.0,98.0,,,False,False,True,False,2008-01-07,True,False,0.3469387755102041,
Thailand,2008,3,1,43.0,134.0,,,False,False,True,False,2008-01-14,True,False,0.3208955223880597,
Thailand,2008,4,1,53.0,171.0,,,False,False,True,False,2008-01-21,True,False,0.30994152046783624,
Thailand,2008,5,1,71.0,174.0,,,False,False,True,False,2008-01-28,True,False,0.40804597701149425,
Thailand,2008,6,1,32.0,113.0,,,False,False,True,False,2008-02-04,True,False,0.2831858407079646,
Thailand,2008,7,1,38.0,138.0,,,False,False,True,False,2008-02-11,True,False,0.2753623188405797,
Thailand,2008,8,1,40.0,121.0,,,False,False,True,False,2008-02-18,True,False,0.3305785123966942,
Thailand,2008,9,1,22.0,129.0,,,False,False,True,False,2008-02-25,True,False,0.17054263565891473,
Thailand,2008,10,1,17.0,83.0,,,False,False,True,False,2008-03-03,True,False,0.20481927710843373,
Thailand,2008,11,1,19.0,86.0,,,False,False,True,False,2008-03-10,True,False,0.22093023255813954,
Thailand,2008,12,1,13.0,85.0,,,False,False,True,False,2008-03-17,True,False,0.15294117647058825,
Thailand,2008,13,1,40.0,135.0,,,False,False,True,False,2008-03-24,True,False,0.2962962962962963,
Thailand,2008,14,1,18.0,100.0,,,False,False,True,False,2008-03-31,True,False,0.18,
Thailand,2008,15,1,9.0,73.0,,,False,False,True,False,2008-04-07,True,False,0.1232876712328767,
Thailand,2008,16,1,0.0,20.0,,,False,False,True,False,2008-04-14,True,False,0.0,
Thailand,2008,17,1,15.0,70.0,,,False,False,True,False,2008-04-21,True,False,0.21428571428571427,
Thailand,2008,18,1,2.0,87.0,,,False,False,True,False,2008-04-28,True,False,0.022988505747126436,
Thailand,2008,19,1,4.0,48.0,,,False,False,True,False,2008-05-05,True,False,0.08333333333333333,
Thailand,2008,20,1,3.0,72.0,,,False,False,True,False,2008-05-12,True,False,0.041666666666666664,
Thailand,2008,21,1,2.0,59.0,,,False,False,True,False,2008-05-19,True,False,0.03389830508474576,
Thailand,2008,22,1,1.0,30.0,,,False,False,True,False,2008-05-26,True,False,0.03333333333333333,
Thailand,2008,23,1,3.0,127.0,,,False,False,True,False,2008-06-02,True,False,0.023622047244094488,
Thailand,2008,24,1,17.0,90.0,,,False,False,True,False,2008-06-09,True,False,0.18888888888888888,
Thailand,2008,25,1,11.0,87.0,,,False,False,True,False,2008-06-16,True,False,0.12643678160919541,
Thailand,2008,26,1,28.0,109.0,,,False,False,True,False,2008-06-23,True,False,0.25688073394495414,
Thailand,2008,27,1,22.0,96.0,,,False,False,True,False,2008-06-30,True,False,0.22916666666666666,
Thailand,2008,28,1,6.0,22.0,,,False,False,True,False,2008-07-07,True,False,0.2727272727272727,
Thailand,2008,29,1,30.0,150.0,,,False,False,True,False,2008-07-14,True,False,0.2,
Thailand,2008,30,1,22.0,85.0,,,False,False,True,False,2008-07-21,True,False,0.25882352941176473,
Thailand,2008,31,1,20.0,81.0,,,False,False,True,False,2008-07-28,True,False,0.24691358024691357,
Thailand,2008,32,1,13.0,72.0,,,False,False,True,False,2008-08-04,True,False,0.18055555555555555,
Thailand,2008,33,1,11.0,66.0,,,False,False,True,False,2008-08-11,True,False,0.16666666666666666,
Thailand,2008,34,1,27.0,101.0,,,False,False,True,False,2008-08-18,True,False,0.26732673267326734,
Thailand,2008,35,1,30.0,110.0,,,False,False,True,False,2008-08-25,True,False,0.2727272727272727,
Thailand,2008,36,1,22.0,79.0,,,False,False,True,False,2008-09-01,True,False,0.27848101265822783,
Thailand,2008,37,1,31.0,135.0,,,False,False,True,False,2008-09-08,True,False,0.22962962962962963,
Thailand,2008,38,1,17.0,82.0,,,False,False,True,False,2008-09-15,True,False,0.2073170731707317,
Thailand,2008,39,1,18.0,78.0,,,False,False,True,False,2008-09-22,True,False,0.23076923076923078,
Thailand,2008,40,1,16.0,80.0,,,False,False,True,False,2008-09-29,True,False,0.2,
Thailand,2008,41,1,19.0,101.0,,,False,False,True,False,2008-10-06,True,False,0.18811881188118812,
Thailand,2008,42,1,17.0,79.0,,,False,False,True,False,2008-10-13,True,False,0.21518987341772153,
Thailand,2008,43,1,7.0,40.0,,,False,False,True,False,2008-10-20,True,False,0.175,
Thailand,2008,44,1,53.0,149.0,,,False,False,True,False,2008-10-27,True,False,0.35570469798657717,
Thailand,2008,46,1,58.0,165.0,,,False,False,True,False,2008-11-10,True,False,0.3515151515151515,
Thailand,2008,47,1,44.0,161.0,,,False,False,True,False,2008-11-17,True,False,0.2732919254658385,
Thailand,2008,48,1,35.0,117.0,,,False,False,True,False,2008-11-24,True,False,0.29914529914529914,
Thailand,2008,49,1,16.0,60.0,,,False,False,True,False,2008-12-01,True,False,0.26666666666666666,
Thailand,2008,50,1,19.0,52.0,,,False,False,True,False,2008-12-08,True,False,0.36538461538461536,
Thailand,2008,51,1,23.0,90.0,,,False,False,True,False,2008-12-15,True,False,0.25555555555555554,
Thailand,2008,52,1,0.0,9.0,,,False,False,True,False,2008-12-22,True,False,0.0,
Thailand,2009,1,1,12.0,55.0,,,False,False,True,False,2008-12-29,True,False,0.21818181818181817,
Thailand,2009,2,1,18.0,94.0,,,False,False,True,False,2009-01-05,True,False,0.19148936170212766,
Thailand,2009,3,1,12.0,95.0,,,False,False,True,False,2009-01-12,True,False,0.12631578947368421,
Thailand,2009,4,1,7.0,94.0,,,False,False,True,False,2009-01-19,True,False,0.07446808510638298,
Thailand,2009,5,1,6.0,58.0,,,False,False,True,False,2009-01-26,True,False,0.10344827586206896,
Thailand,2009,6,1,16.0,69.0,,,False,False,True,False,2009-02-02,True,False,0.2318840579710145,
Thailand,2009,7,1,8.0,79.0,,,False,False,True,False,2009-02-09,True,False,0.10126582278481013,
Thailand,2009,8,1,15.0,81.0,,,False,False,True,False,2009-02-16,True,False,0.18518518518518517,
Thailand,2009,9,1,9.0,62.0,,,False,False,True,False,2009-02-23,True,False,0.14516129032258066,
Thailand,2009,10,1,5.0,63.0,,,False,False,True,False,2009-03-02,True,False,0.07936507936507936,
Thailand,2009,11,1,7.0,51.0,,,False,False,True,False,2009-03-09,True,False,0.13725490196078433,
Thailand,2009,12,1,3.0,52.0,,,False,False,True,False,2009-03-16,True,False,0.057692307692307696,
Thailand,2009,13,1,6.0,50.0,,,False,False,True,False,2009-03-23,True,False,0.12,
Thailand,2009,14,1,0.0,33.0,,,False,False,True,False,2009-03-30,True,False,0.0,
Thailand,2009,15,1,1.0,45.0,,,False,False,True,False,2009-04-06,True,False,0.022222222222222223,
Thailand,2009,16,1,0.0,0.0,,,False,False,True,False,2009-04-13,False,False,,
Thailand,2009,17,1,6.0,74.0,,,False,False,True,False,2009-04-20,True,False,0.08108108108108109,
Thailand,2009,18,1,3.0,80.0,,,False,False,True,False,2009-04-27,True,False,0.0375,
Thailand,2009,19,1,23.0,118.0,,,False,False,True,False,2009-05-04,True,False,0.19491525423728814,
Thailand,2009,20,1,16.0,240.0,,,False,False,True,False,2009-05-11,True,False,0.06666666666666667,
Thailand,2009,21,1,46.0,294.0,,,False,False,True,False,2009-05-18,True,False,0.1564625850340136,
Thailand,2009,22,1,29.0,256.0,,,False,False,True,False,2009-05-25,True,False,0.11328125,
Thailand,2009,23,1,36.0,274.0,,,False,False,True,False,2009-06-01,True,False,0.13138686131386862,
Thailand,2009,24,1,14.0,67.0,,,False,False,True,False,2009-06-08,True,False,0.208955223880597,
Thailand,2009,25,1,19.0,120.0,,,False,False,True,False,2009-06-15,True,False,0.15833333333333333,
Thailand,2009,26,1,16.0,102.0,,,False,False,True,False,2009-06-22,True,False,0.1568627450980392,
Thailand,2009,27,1,38.0,121.0,,,False,False,True,False,2009-06-29,True,False,0.3140495867768595,
Thailand,2009,28,1,6.0,56.0,,,False,False,True,False,2009-07-06,True,False,0.10714285714285714,
Thailand,2009,29,1,79.0,208.0,,,False,False,True,False,2009-07-13,True,False,0.3798076923076923,
Thailand,2009,30,1,44.0,155.0,,,False,False,True,False,2009-07-20,True,False,0.2838709677419355,
Thailand,2009,31,1,21.0,78.0,,,False,False,True,False,2009-07-27,True,False,0.2692307692307692,
Thailand,2009,32,1,11.0,69.0,,,False,False,True,False,2009-08-03,True,False,0.15942028985507245,
Thailand,2009,33,1,31.0,64.0,,,False,False,True,False,2009-08-10,True,False,0.484375,
Thailand,2009,34,1,33.0,82.0,,,False,False,True,False,2009-08-17,True,False,0.4024390243902439,
Thailand,2009,35,1,18.0,53.0,,,False,False,True,False,2009-08-24,True,False,0.33962264150943394,
Thailand,2009,36,1,19.0,131.0,,,False,False,True,False,2009-08-31,True,False,0.1450381679389313,
Thailand,2009,37,1,26.0,74.0,,,False,False,True,False,2009-09-07,True,False,0.35135135135135137,
Thailand,2009,38,1,14.0,27.0,,,False,False,True,False,2009-09-14,True,False,0.5185185185185185,
Thailand,2009,39,1,49.0,311.0,,,False,False,True,False,2009-09-21,True,False,0.15755627009646303,
Thailand,2009,40,1,30.0,247.0,,,False,False,True,False,2009-09-28,True,False,0.1214574898785425,
Thailand,2009,41,1,29.0,249.0,,,False,False,True,False,2009-10-05,True,False,0.11646586345381527,
Thailand,2009,42,1,45.0,157.0,,,False,False,True,False,2009-10-12,True,False,0.28662420382165604,
Thailand,2009,43,1,20.0,166.0,,,False,False,True,False,2009-10-19,True,False,0.12048192771084337,
Thailand,2009,44,1,21.0,180.0,,,False,False,True,False,2009-10-26,True,False,0.11666666666666667,
Thailand,2009,45,1,10.0,99.0,,,False,False,True,False,2009-11-02,True,False,0.10101010101010101,
Thailand,2009,46,1,8.0,113.0,,,False,False,True,False,2009-11-09,True,False,0.07079646017699115,
Thailand,2009,47,1,9.0,155.0,,,False,False,True,False,2009-11-16,True,False,0.05806451612903226,
Thailand,2009,48,1,10.0,133.0,,,False,False,True,False,2009-11-23,True,False,0.07518796992481203,
Thailand,2009,49,1,6.0,57.0,,,False,False,True,False,2009-11-30,True,False,0.10526315789473684,
Thailand,2009,50,1,8.0,98.0,,,False,False,True,False,2009-12-07,True,False,0.08163265306122448,
Thailand,2009,51,1,14.0,156.0,,,False,False,True,False,2009-12-14,True,False,0.08974358974358974,
Thailand,2009,52,1,10.0,124.0,,,False,False,True,False,2009-12-21,True,False,0.08064516129032258,
Thailand,2009,53,1,5.0,87.0,,,False,False,True,False,2009-12-28,True,False,0.05747126436781609,
Thailand,2010,1,1,6.0,126.0,,,False,False,True,False,2010-01-04,True,False,0.047619047619047616,
Thailand,2010,2,1,39.0,158.0,,,False,False,True,False,2010-01-11,True,False,0.2468354430379747,
Thailand,2010,3,1,49.0,208.0,,,False,False,True,False,2010-01-18,True,False,0.23557692307692307,
Thailand,2010,4,1,48.0,233.0,,,False,False,True,False,2010-01-25,True,False,0.20600858369098712,
Thailand,2010,5,1,60.0,209.0,,,False,False,True,False,2010-02-01,True,False,0.28708133971291866,
Thailand,2010,6,1,74.0,251.0,,,False,False,True,False,2010-02-08,True,False,0.2948207171314741,
Thailand,2010,7,1,76.0,252.0,,,False,False,True,False,2010-02-15,True,False,0.30158730158730157,
Thailand,2010,8,1,74.0,193.0,,,False,False,True,False,2010-02-22,True,False,0.38341968911917096,
Thailand,2010,9,1,33.0,164.0,,,False,False,True,False,2010-03-01,True,False,0.20121951219512196,
Thailand,2010,10,1,35.0,166.0,,,False,False,True,False,2010-03-08,True,False,0.21084337349397592,
Thailand,2010,11,1,40.0,162.0,,,False,False,True,False,2010-03-15,True,False,0.24691358024691357,
Thailand,2010,12,1,29.0,153.0,,,False,False,True,False,2010-03-22,True,False,0.1895424836601307,
Thailand,2010,13,1,14.0,126.0,,,False,False,True,False,2010-03-29,True,False,0.1111111111111111,
Thailand,2010,14,1,6.0,122.0,,,False,False,True,False,2010-04-05,True,False,0.04918032786885246,
Thailand,2010,15,1,1.0,42.0,,,False,False,True,False,2010-04-12,True,False,0.023809523809523808,
Thailand,2010,16,1,7.0,127.0,,,False,False,True,False,2010-04-19,True,False,0.05511811023622047,
Thailand,2010,17,1,2.0,93.0,,,False,False,True,False,2010-04-26,True,False,0.021505376344086023,
Thailand,2010,18,1,11.0,84.0,,,False,False,True,False,2010-05-03,True,False,0.13095238095238096,
Thailand,2010,19,1,8.0,91.0,,,False,False,True,False,2010-05-10,True,False,0.08791208791208792,
Thailand,2010,20,1,8.0,188.0,,,False,False,True,False,2010-05-17,True,False,0.0425531914893617,
Thailand,2010,21,1,3.0,133.0,,,False,False,True,False,2010-05-24,True,False,0.022556390977443608,
Thailand,2010,22,1,2.0,98.0,,,False,False,True,False,2010-05-31,True,False,0.02040816326530612,
Thailand,2010,23,1,3.0,89.0,,,False,False,True,False,2010-06-07,True,False,0.033707865168539325,
Thailand,2010,24,1,4.0,104.0,,,False,False,True,False,2010-06-14,True,False,0.038461538461538464,
Thailand,2010,25,1,7.0,110.0,,,False,False,True,False,2010-06-21,True,False,0.06363636363636363,
Thailand,2010,26,1,13.0,122.0,,,False,False,True,False,2010-06-28,True,False,0.10655737704918032,
Thailand,2010,27,1,7.0,97.0,,,False,False,True,False,2010-07-05,True,False,0.07216494845360824,
Thailand,2010,28,1,32.0,111.0,,,False,False,True,False,2010-07-12,True,False,0.2882882882882883,
Thailand,2010,29,1,39.0,136.0,,,False,False,True,False,2010-07-19,True,False,0.2867647058823529,
Thailand,2010,30,1,25.0,76.0,,,False,False,True,False,2010-07-26,True,False,0.32894736842105265,
Thailand,2010,31,1,51.0,139.0,,,False,False,True,False,2010-08-02,True,False,0.3669064748201439,
Thailand,2010,32,1,44.0,141.0,,,False,False,True,False,2010-08-09,True,False,0.3120567375886525,
Thailand,2010,33,1,67.0,223.0,,,False,False,True,False,2010-08-16,True,False,0.3004484304932735,
Thailand,2010,34,1,92.0,217.0,,,False,False,True,False,2010-08-23,True,False,0.423963133640553,
Thailand,2010,35,1,108.0,244.0,,,False,False,True,False,2010-08-30,True,False,0.4426229508196721,
Thailand,2010,36,1,108.0,252.0,,,False,False,True,False,2010-09-06,True,False,0.42857142857142855,
Thailand,2010,37,1,94.0,226.0,,,False,False,True,False,2010-09-13,True,False,0.415929203539823,
Thailand,2010,38,1,103.0,260.0,,,False,False,True,False,2010-09-20,True,False,0.39615384615384613,
Thailand,2010,39,1,102.0,256.0,,,False,False,True,False,2010-09-27,True,False,0.3984375,
Thailand,2010,40,1,51.0,160.0,,,False,False,True,False,2010-10-04,True,False,0.31875,
Thailand,2010,41,1,64.0,188.0,,,False,False,True,False,2010-10-11,True,False,0.3404255319148936,
Thailand,2010,42,1,50.0,134.0,,,False,False,True,False,2010-10-18,True,False,0.373134328358209,
Thailand,2010,43,1,62.0,153.0,,,False,False,True,False,2010-10-25,True,False,0.40522875816993464,
Thailand,2010,44,1,23.0,117.0,,,False,False,True,False,2010-11-01,True,False,0.19658119658119658,
Thailand,2010,45,1,15.0,112.0,,,False,False,True,False,2010-11-08,True,False,0.13392857142857142,
Thailand,2010,46,1,8.0,88.0,,,False,False,True,False,2010-11-15,True,False,0.09090909090909091,
Thailand,2010,47,1,7.0,83.0,,,False,False,True,False,2010-11-22,True,False,0.08433734939759036,
Thailand,2010,48,1,4.0,85.0,,,False,False,True,False,2010-11-29,True,False,0.047058823529411764,
Thailand,2010,49,1,2.0,27.0,,,False,False,True,False,2010-12-06,True,False,0.07407407407407407,
Thailand,2010,50,1,4.0,76.0,,,False,False,True,False,2010-12-13,True,False,0.05263157894736842,
Thailand,2010,51,1,8.0,108.0,,,False,False,True,False,2010-12-20,True,False,0.07407407407407407,
Thailand,2011,1,1,1.0,25.0,,,False,False,True,False,2011-01-03,True,False,0.04,
Thailand,2011,2,1,13.0,128.0,,,False,False,True,False,2011-01-10,True,False,0.1015625,
Thailand,2011,3,1,11.0,110.0,,,False,False,True,False,2011-01-17,True,False,0.1,
Thailand,2011,4,1,2.0,79.0,,,False,False,True,False,2011-01-24,True,False,0.02531645569620253,
Thailand,2011,5,1,12.0,75.0,,,False,False,True,False,2011-01-31,True,False,0.16,
Thailand,2011,6,1,9.0,71.0,,,False,False,True,False,2011-02-07,True,False,0.1267605633802817,
Thailand,2011,7,1,5.0,63.0,,,False,False,True,False,2011-02-14,True,False,0.07936507936507936,
Thailand,2011,8,1,6.0,65.0,,,False,False,True,False,2011-02-21,True,False,0.09230769230769231,
Thailand,2011,9,1,1.0,52.0,,,False,False,True,False,2011-02-28,True,False,0.019230769230769232,
Thailand,2011,10,1,3.0,110.0,,,False,False,True,False,2011-03-07,True,False,0.02727272727272727,
Thailand,2011,11,1,2.0,15.0,,,False,False,True,False,2011-03-14,True,False,0.13333333333333333,
Thailand,2011,12,1,6.0,94.0,,,False,False,True,False,2011-03-21,True,False,0.06382978723404255,
Thailand,2011,13,1,4.0,58.0,,,False,False,True,False,2011-03-28,True,False,0.06896551724137931,
Thailand,2011,14,1,2.0,30.0,,,False,False,True,False,2011-04-04,True,False,0.06666666666666667,
Thailand,2011,15,1,1.0,9.0,,,False,False,True,False,2011-04-11,True,False,0.1111111111111111,
Thailand,2011,16,1,7.0,96.0,,,False,False,True,False,2011-04-18,True,False,0.07291666666666667,
Thailand,2011,17,1,4.0,68.0,,,False,False,True,False,2011-04-25,True,False,0.058823529411764705,
Thailand,2011,18,1,1.0,48.0,,,False,False,True,False,2011-05-02,True,False,0.020833333333333332,
Thailand,2011,19,1,1.0,58.0,,,False,False,True,False,2011-05-09,True,False,0.017241379310344827,
Thailand,2011,20,1,3.0,29.0,,,False,False,True,False,2011-05-16,True,False,0.10344827586206896,
Thailand,2011,21,1,8.0,121.0,,,False,False,True,False,2011-05-23,True,False,0.06611570247933884,
Thailand,2011,22,1,3.0,84.0,,,False,False,True,False,2011-05-30,True,False,0.03571428571428571,
Thailand,2011,23,1,4.0,66.0,,,False,False,True,False,2011-06-06,True,False,0.06060606060606061,
Thailand,2011,24,1,7.0,121.0,,,False,False,True,False,2011-06-13,True,False,0.05785123966942149,
Thailand,2011,25,1,9.0,94.0,,,False,False,True,False,2011-06-20,True,False,0.09574468085106383,
Thailand,2011,26,1,8.0,72.0,,,False,False,True,False,2011-06-27,True,False,0.1111111111111111,
Thailand,2011,27,1,39.0,121.0,,,False,False,True,False,2011-07-04,True,False,0.32231404958677684,
Thailand,2011,28,1,20.0,79.0,,,False,False,True,False,2011-07-11,True,False,0.25316455696202533,
Thailand,2011,29,1,45.0,116.0,,,False,False,True,False,2011-07-18,True,False,0.3879310344827586,
Thailand,2011,30,1,43.0,117.0,,,False,False,True,False,2011-07-25,True,False,0.36752136752136755,
Thailand,2011,31,1,51.0,113.0,,,False,False,True,False,2011-08-01,True,False,0.45132743362831856,
Thailand,2011,32,1,44.0,124.0,,,False,False,True,False,2011-08-08,True,False,0.3548387096774194,
Thailand,2011,33,1,60.0,128.0,,,False,False,True,False,2011-08-15,True,False,0.46875,
Thailand,2011,34,1,66.0,129.0,,,False,False,True,False,2011-08-22,True,False,0.5116279069767442,
Thailand,2011,35,1,66.0,111.0,,,False,False,True,False,2011-08-29,True,False,0.5945945945945946,
Thailand,2011,36,1,89.0,128.0,,,False,False,True,False,2011-09-05,True,False,0.6953125,
Thailand,2011,37,1,37.0,96.0,,,False,False,True,False,2011-09-12,True,False,0.3854166666666667,
Thailand,2011,38,1,39.0,103.0,,,False,False,True,False,2011-09-19,True,False,0.3786407766990291,
Thailand,2011,39,1,15.0,76.0,,,False,False,True,False,2011-09-26,True,False,0.19736842105263158,
Thailand,2011,40,1,25.0,81.0,,,False,False,True,False,2011-10-03,True,False,0.30864197530864196,
Thailand,2011,41,1,7.0,52.0,,,False,False,True,False,2011-10-10,True,False,0.1346153846153846,
Thailand,2011,42,1,9.0,52.0,,,False,False,True,False,2011-10-17,True,False,0.17307692307692307,
Thailand,2011,43,1,1.0,20.0,,,False,False,True,False,2011-10-24,True,False,0.05,
Thailand,2011,44,1,14.0,72.0,,,False,False,True,False,2011-10-31,True,False,0.19444444444444445,
Thailand,2011,45,1,11.0,29.0,,,False,False,True,False,2011-11-07,True,False,0.3793103448275862,
Thailand,2011,46,1,5.0,34.0,,,False,False,True,False,2011-11-14,True,False,0.14705882352941177,
Thailand,2011,47,1,5.0,37.0,,,False,False,True,False,2011-11-21,True,False,0.13513513513513514,
Thailand,2011,48,1,34.0,97.0,,,False,False,True,False,2011-11-28,True,False,0.35051546391752575,
Thailand,2011,49,1,18.0,116.0,,,False,False,True,False,2011-12-05,True,False,0.15517241379310345,
Thailand,2011,50,1,11.0,69.0,,,False,False,True,False,2011-12-12,True,False,0.15942028985507245,
Thailand,2011,51,1,17.0,96.0,,,False,False,True,False,2011-12-19,True,False,0.17708333333333334,
Thailand,2012,1,1,0.0,12.0,,,False,False,True,False,2012-01-02,True,False,0.0,
Thailand,2012,2,1,13.0,95.0,,,False,False,True,False,2012-01-09,True,False,0.1368421052631579,
Thailand,2012,3,1,2.0,62.0,,,False,False,True,False,2012-01-16,True,False,0.03225806451612903,
Thailand,2012,4,1,14.0,58.0,,,False,False,True,False,2012-01-23,True,False,0.2413793103448276,
Thailand,2012,5,1,12.0,63.0,,,False,False,True,False,2012-01-30,True,False,0.19047619047619047,
Thailand,2012,6,1,18.0,80.0,,,False,False,True,False,2012-02-06,True,False,0.225,
Thailand,2012,7,1,17.0,91.0,,,False,False,True,False,2012-02-13,True,False,0.18681318681318682,
Thailand,2012,8,1,17.0,92.0,,,False,False,True,False,2012-02-20,True,False,0.18478260869565216,
Thailand,2012,9,1,16.0,72.0,,,False,False,True,False,2012-02-27,True,False,0.2222222222222222,
Thailand,2012,10,1,10.0,77.0,,,False,False,True,False,2012-03-05,True,False,0.12987012987012986,
Thailand,2012,11,1,14.0,64.0,,,False,False,True,False,2012-03-12,True,False,0.21875,
Thailand,2012,12,1,12.0,82.0,,,False,False,True,False,2012-03-19,True,False,0.14634146341463414,
Thailand,2012,13,1,5.0,73.0,,,False,False,True,False,2012-03-26,True,False,0.0684931506849315,
Thailand,2012,14,1,3.0,44.0,,,False,False,True,False,2012-04-02,True,False,0.06818181818181818,
Thailand,2012,15,1,6.0,8.0,,,False,False,True,False,2012-04-09,True,False,0.75,
Thailand,2012,16,1,10.0,102.0,,,False,False,True,False,2012-04-16,True,False,0.09803921568627451,
Thailand,2012,17,1,7.0,72.0,,,False,False,True,False,2012-04-23,True,False,0.09722222222222222,
Thailand,2012,18,1,5.0,75.0,,,False,False,True,False,2012-04-30,True,False,0.06666666666666667,
Thailand,2012,19,1,4.0,35.0,,,False,False,True,False,2012-05-07,True,False,0.11428571428571428,
Thailand,2012,20,1,6.0,91.0,,,False,False,True,False,2012-05-14,True,False,0.06593406593406594,
Thailand,2012,21,1,3.0,15.0,,,False,False,True,False,2012-05-21,True,False,0.2,
Thailand,2012,22,1,9.0,102.0,,,False,False,True,False,2012-05-28,True,False,0.08823529411764706,
Thailand,2012,23,1,10.0,198.0,,,False,False,True,False,2012-06-04,True,False,0.050505050505050504,
Thailand,2012,24,1,4.0,95.0,,,False,False,True,False,2012-06-11,True,False,0.042105263157894736,
Thailand,2012,25,1,14.0,106.0,,,False,False,True,False,2012-06-18,True,False,0.1320754716981132,
Thailand,2012,26,1,10.0,103.0,,,False,False,True,False,2012-06-25,True,False,0.0970873786407767,
Thailand,2012,27,1,28.0,141.0,,,False,False,True,False,2012-07-02,True,False,0.19858156028368795,
Thailand,2012,28,1,31.0,101.0,,,False,False,True,False,2012-07-09,True,False,0.3069306930693069,
Thailand,2012,29,1,22.0,107.0,,,False,False,True,False,2012-07-16,True,False,0.205607476635514,
Thailand,2012,30,1,25.0,105.0,,,False,False,True,False,2012-07-23,True,False,0.23809523809523808,
Thailand,2012,31,1,4.0,17.0,,,False,False,True,False,2012-07-30,True,False,0.23529411764705882,
Thailand,2012,32,1,35.0,127.0,,,False,False,True,False,2012-08-06,True,False,0.2755905511811024,
Thailand,2012,33,1,40.0,121.0,,,False,False,True,False,2012-08-13,True,False,0.3305785123966942,
Thailand,2012,34,1,34.0,119.0,,,False,False,True,False,2012-08-20,True,False,0.2857142857142857,
Thailand,2012,36,1,42.0,135.0,,,False,False,True,False,2012-09-03,True,False,0.3111111111111111,
Thailand,2012,37,1,56.0,172.0,,,False,False,True,False,2012-09-10,True,False,0.32558139534883723,
Thailand,2012,38,1,54.0,139.0,,,False,False,True,False,2012-09-17,True,False,0.38848920863309355,
Thailand,2012,39,1,38.0,91.0,,,False,False,True,False,2012-09-24,True,False,0.4175824175824176,
Thailand,2012,40,1,33.0,110.0,,,False,False,True,False,2012-10-01,True,False,0.3,
Thailand,2012,41,1,26.0,85.0,,,False,False,True,False,2012-10-08,True,False,0.3058823529411765,
Thailand,2012,42,1,30.0,98.0,,,False,False,True,False,2012-10-15,True,False,0.30612244897959184,
Thailand,2012,43,1,10.0,48.0,,,False,False,True,False,2012-10-22,True,False,0.20833333333333334,
Thailand,2012,44,1,17.0,76.0,,,False,False,True,False,2012-10-29,True,False,0.2236842105263158,
Thailand,2012,45,1,21.0,89.0,,,False,False,True,False,2012-11-05,True,False,0.23595505617977527,
Thailand,2012,46,1,13.0,75.0,,,False,False,True,False,2012-11-12,True,False,0.17333333333333334,
Thailand,2012,47,1,20.0,113.0,,,False,False,True,False,2012-11-19,True,False,0.17699115044247787,
Thailand,2012,48,1,22.0,83.0,,,False,False,True,False,2012-11-26,True,False,0.26506024096385544,
Thailand,2012,49,1,23.0,79.0,,,False,False,True,False,2012-12-03,True,False,0.2911392405063291,
Thailand,2012,50,1,19.0,63.0,,,False,False,True,False,2012-12-10,True,False,0.30158730158730157,
Thailand,2012,51,1,24.0,108.0,,,False,False,True,False,2012-12-17,True,False,0.2222222222222222,
Thailand,2013,1,1,0.0,4.0,,,False,False,True,False,2012-12-31,True,False,0.0,
Thailand,2013,2,1,38.0,138.0,,,False,False,True,False,2013-01-07,True,False,0.2753623188405797,
Thailand,2013,3,1,28.0,95.0,,,False,False,True,False,2013-01-14,True,False,0.29473684210526313,
Thailand,2013,4,1,22.0,103.0,,,False,False,True,False,2013-01-21,True,False,0.21359223300970873,
Thailand,2013,5,1,25.0,87.0,,,False,False,True,False,2013-01-28,True,False,0.28735632183908044,
Thailand,2013,6,1,29.0,95.0,,,False,False,True,False,2013-02-04,True,False,0.30526315789473685,
Thailand,2013,7,1,21.0,108.0,,,False,False,True,False,2013-02-11,True,False,0.19444444444444445,
Thailand,2013,8,1,22.0,87.0,,,False,False,True,False,2013-02-18,True,False,0.25287356321839083,
Thailand,2013,9,1,5.0,81.0,,,False,False,True,False,2013-02-25,True,False,0.06172839506172839,
Thailand,2013,10,1,21.0,94.0,,,False,False,True,False,2013-03-04,True,False,0.22340425531914893,
Thailand,2013,11,1,11.0,85.0,,,False,False,True,False,2013-03-11,True,False,0.12941176470588237,
Thailand,2013,12,1,12.0,92.0,,,False,False,True,False,2013-03-18,True,False,0.13043478260869565,
Thailand,2013,13,1,12.0,87.0,,,False,False,True,False,2013-03-25,True,False,0.13793103448275862,
Thailand,2013,14,1,6.0,66.0,,,False,False,True,False,2013-04-01,True,False,0.09090909090909091,
Thailand,2013,15,1,1.0,21.0,,,False,False,True,False,2013-04-08,True,False,0.047619047619047616,
Thailand,2013,16,1,6.0,80.0,,,False,False,True,False,2013-04-15,True,False,0.075,
Thailand,2013,17,1,5.0,84.0,,,False,False,True,False,2013-04-22,True,False,0.05952380952380952,
Thailand,2013,18,1,3.0,80.0,,,False,False,True,False,2013-04-29,True,False,0.0375,
Thailand,2013,19,1,5.0,79.0,,,False,False,True,False,2013-05-06,True,False,0.06329113924050633,
Thailand,2013,20,1,3.0,66.0,,,False,False,True,False,2013-05-13,True,False,0.045454545454545456,
Thailand,2013,21,1,5.0,69.0,,,False,False,True,False,2013-05-20,True,False,0.07246376811594203,
Thailand,2013,22,1,4.0,82.0,,,False,False,True,False,2013-05-27,True,False,0.04878048780487805,
Thailand,2013,23,1,5.0,96.0,,,False,False,True,False,2013-06-03,True,False,0.052083333333333336,
Thailand,2013,24,1,2.0,85.0,,,False,False,True,False,2013-06-10,True,False,0.023529411764705882,
Thailand,2013,25,1,9.0,98.0,,,False,False,True,False,2013-06-17,True,False,0.09183673469387756,
Thailand,2013,26,1,7.0,96.0,,,False,False,True,False,2013-06-24,True,False,0.07291666666666667,
Thailand,2013,27,1,9.0,93.0,,,False,False,True,False,2013-07-01,True,False,0.0967741935483871,
Thailand,2013,28,1,9.0,85.0,,,False,False,True,False,2013-07-08,True,False,0.10588235294117647,
Thailand,2013,29,1,14.0,116.0,,,False,False,True,False,2013-07-15,True,False,0.1206896551724138,
Thailand,2013,30,1,0.0,8.0,,,False,False,True,False,2013-07-22,True,False,0.0,
Thailand,2013,31,1,10.0,116.0,,,False,False,True,False,2013-07-29,True,False,0.08620689655172414,
Thailand,2013,32,1,10.0,86.0,,,False,False,True,False,2013-08-05,True,False,0.11627906976744186,
Thailand,2013,33,1,10.0,86.0,,,False,False,True,False,2013-08-12,True,False,0.11627906976744186,
Thailand,2013,34,1,16.0,95.0,,,False,False,True,False,2013-08-19,True,False,0.16842105263157894,
Thailand,2013,35,1,21.0,106.0,,,False,False,True,False,2013-08-26,True,False,0.19811320754716982,
Thailand,2013,36,1,14.0,96.0,,,False,False,True,False,2013-09-02,True,False,0.14583333333333334,
Thailand,2013,37,1,15.0,118.0,,,False,False,True,False,2013-09-09,True,False,0.1271186440677966,
Thailand,2013,38,1,13.0,105.0,,,False,False,True,False,2013-09-16,True,False,0.12380952380952381,
Thailand,2013,39,1,12.0,87.0,,,False,False,True,False,2013-09-23,True,False,0.13793103448275862,
Thailand,2013,40,1,20.0,116.0,,,False,False,True,False,2013-09-30,True,False,0.1724137931034483,
Thailand,2013,41,1,10.0,100.0,,,False,False,True,False,2013-10-07,True,False,0.1,
Thailand,2013,42,1,18.0,91.0,,,False,False,True,False,2013-10-14,True,False,0.1978021978021978,
Thailand,2013,43,1,13.0,85.0,,,False,False,True,False,2013-10-21,True,False,0.15294117647058825,
Thailand,2013,44,1,10.0,79.0,,,False,False,True,False,2013-10-28,True,False,0.12658227848101267,
Thailand,2013,45,1,17.0,88.0,,,False,False,True,False,2013-11-04,True,False,0.19318181818181818,
Thailand,2013,46,1,25.0,84.0,,,False,False,True,False,2013-11-11,True,False,0.2976190476190476,
Thailand,2013,47,1,17.0,78.0,,,False,False,True,False,2013-11-18,True,False,0.21794871794871795,
Thailand,2013,48,1,16.0,77.0,,,False,False,True,False,2013-11-25,True,False,0.2077922077922078,
Thailand,2013,49,1,16.0,86.0,,,False,False,True,False,2013-12-02,True,False,0.18604651162790697,
Thailand,2013,50,1,4.0,48.0,,,False,False,True,False,2013-12-09,True,False,0.08333333333333333,
Thailand,2013,51,1,15.0,92.0,,,False,False,True,False,2013-12-16,True,False,0.16304347826086957,
Thailand,2013,52,1,16.0,73.0,,,False,False,True,False,2013-12-23,True,False,0.2191780821917808,
Thailand,2014,1,1,0.0,0.0,,,False,False,True,False,2013-12-30,False,False,,
Thailand,2014,2,1,18.0,112.0,,,False,False,True,False,2014-01-06,True,False,0.16071428571428573,
Thailand,2014,3,1,18.0,82.0,,,False,False,True,False,2014-01-13,True,False,0.21951219512195122,
Thailand,2014,4,1,25.0,89.0,,,False,False,True,False,2014-01-20,True,False,0.2808988764044944,
Thailand,2014,5,1,24.0,102.0,,,False,False,True,False,2014-01-27,True,False,0.23529411764705882,
Thailand,2014,6,1,22.0,101.0,,,False,False,True,False,2014-02-03,True,False,0.21782178217821782,
Thailand,2014,7,1,50.0,134.0,,,False,False,True,False,2014-02-10,True,False,0.373134328358209,
Thailand,2014,8,1,60.0,128.0,,,False,False,True,False,2014-02-17,True,False,0.46875,
Thailand,2014,9,1,39.0,123.0,,,False,False,True,False,2014-02-24,True,False,0.3170731707317073,
Thailand,2014,10,1,45.0,139.0,,,False,False,True,False,2014-03-03,True,False,0.3237410071942446,
Thailand,2014,11,1,54.0,135.0,,,False,False,True,False,2014-03-10,True,False,0.4,
Thailand,2014,12,1,43.0,119.0,,,False,False,True,False,2014-03-17,True,False,0.36134453781512604,
Thailand,2014,13,1,41.0,125.0,,,False,False,True,False,2014-03-24,True,False,0.328,
Thailand,2014,14,1,33.0,136.0,,,False,False,True,False,2014-03-31,True,False,0.2426470588235294,
Thailand,2014,15,1,11.0,82.0,,,False,False,True,False,2014-04-07,True,False,0.13414634146341464,
Thailand,2014,16,1,2.0,11.0,,,False,False,True,False,2014-04-14,True,False,0.18181818181818182,
Thailand,2014,17,1,30.0,149.0,,,False,False,True,False,2014-04-21,True,False,0.20134228187919462,
Thailand,2014,18,1,17.0,78.0,,,False,False,True,False,2014-04-28,True,False,0.21794871794871795,
Thailand,2014,19,1,25.0,33.0,,,False,False,True,False,2014-05-05,True,False,0.7575757575757576,
Thailand,2014,20,1,24.0,114.0,,,False,False,True,False,2014-05-12,True,False,0.21052631578947367,
Thailand,2014,21,1,17.0,70.0,,,False,False,True,False,2014-05-19,True,False,0.24285714285714285,
Thailand,2014,22,1,16.0,55.0,,,False,False,True,False,2014-05-26,True,False,0.2909090909090909,
Thailand,2014,23,1,11.0,81.0,,,False,False,True,False,2014-06-02,True,False,0.13580246913580246,
Thailand,2014,24,1,9.0,86.0,,,False,False,True,False,2014-06-09,True,False,0.10465116279069768,
Thailand,2014,25,1,22.0,76.0,,,False,False,True,False,2014-06-16,True,False,0.2894736842105263,
Thailand,2014,26,1,12.0,74.0,,,False,False,True,False,2014-06-23,True,False,0.16216216216216217,
Thailand,2014,27,1,20.0,76.0,,,False,False,True,False,2014-06-30,True,False,0.2631578947368421,
Thailand,2014,28,1,27.0,76.0,,,False,False,True,False,2014-07-07,True,False,0.35526315789473684,
Thailand,2014,29,1,28.0,86.0,,,False,False,True,False,2014-07-14,True,False,0.32558139534883723,
Thailand,2014,30,1,24.0,77.0,,,False,False,True,False,2014-07-21,True,False,0.3116883116883117,
Thailand,2014,31,1,12.0,81.0,,,False,False,True,False,2014-07-28,True,False,0.14814814814814814,
Thailand,2014,32,1,15.0,91.0,,,False,False,True,False,2014-08-04,True,False,0.16483516483516483,
Thailand,2014,33,1,1.0,8.0,,,False,False,True,False,2014-08-11,True,False,0.125,
Thailand,2014,34,1,33.0,148.0,,,False,False,True,False,2014-08-18,True,False,0.22297297297297297,
Thailand,2014,35,1,11.0,86.0,,,False,False,True,False,2014-08-25,True,False,0.12790697674418605,
Thailand,2014,36,1,13.0,80.0,,,False,False,True,False,2014-09-01,True,False,0.1625,
Thailand,2014,37,1,15.0,89.0,,,False,False,True,False,2014-09-08,True,False,0.16853932584269662,
Thailand,2014,38,1,2.0,43.0,,,False,False,True,False,2014-09-15,True,False,0.046511627906976744,
Thailand,2014,39,1,5.0,33.0,,,False,False,True,False,2014-09-22,True,False,0.15151515151515152,
Thailand,2014,40,1,5.0,19.0,,,False,False,True,False,2014-09-29,True,False,0.2631578947368421,
Thailand,2014,41,1,7.0,37.0,,,False,False,True,False,2014-10-06,True,False,0.1891891891891892,
Thailand,2014,42,1,3.0,36.0,,,False,False,True,False,2014-10-13,True,False,0.08333333333333333,
Thailand,2014,43,1,3.0,21.0,,,False,False,True,False,2014-10-20,True,False,0.14285714285714285,
Thailand,2014,44,1,1.0,27.0,,,False,False,True,False,2014-10-27,True,False,0.037037037037037035,
Thailand,2014,45,1,5.0,29.0,,,False,False,True,False,2014-11-03,True,False,0.1724137931034483,
Thailand,2014,46,1,4.0,,,,False,False,True,False,2014-11-10,False,False,,
Thailand,2014,47,1,5.0,30.0,,,False,False,True,False,2014-11-17,True,False,0.16666666666666666,
Thailand,2014,48,1,5.0,25.0,,,False,False,True,False,2014-11-24,True,False,0.2,
Thailand,2014,49,1,6.0,18.0,,,False,False,True,False,2014-12-01,True,False,0.3333333333333333,
Thailand,2014,50,1,6.0,35.0,,,False,False,True,False,2014-12-08,True,False,0.17142857142857143,
Thailand,2014,51,1,6.0,27.0,,,False,False,True,False,2014-12-15,True,False,0.2222222222222222,
Thailand,2014,52,1,2.0,21.0,,,False,False,True,False,2014-12-22,True,False,0.09523809523809523,
Thailand,2015,1,1,1.0,2.0,,,False,False,True,False,2014-12-29,True,False,0.5,
Thailand,2015,2,1,4.0,27.0,,,False,False,True,False,2015-01-05,True,False,0.14814814814814814,
Thailand,2015,3,1,1.0,24.0,,,False,False,True,False,2015-01-12,True,False,0.041666666666666664,
Thailand,2015,4,1,6.0,25.0,,,False,False,True,False,2015-01-19,True,False,0.24,
Thailand,2015,5,1,2.0,13.0,,,False,False,True,False,2015-01-26,True,False,0.15384615384615385,
Thailand,2015,6,1,7.0,31.0,,,False,False,True,False,2015-02-02,True,False,0.22580645161290322,
Thailand,2015,7,1,10.0,26.0,,,False,False,True,False,2015-02-09,True,False,0.38461538461538464,
Thailand,2015,8,1,2.0,24.0,,,False,False,True,False,2015-02-16,True,False,0.08333333333333333,
Thailand,2015,9,1,9.0,24.0,,,False,False,True,False,2015-02-23,True,False,0.375,
Thailand,2015,10,1,7.0,22.0,,,False,False,True,False,2015-03-02,True,False,0.3181818181818182,
Thailand,2015,11,1,9.0,29.0,,,False,False,True,False,2015-03-09,True,False,0.3103448275862069,
Thailand,2015,12,1,5.0,30.0,,,False,False,True,False,2015-03-16,True,False,0.16666666666666666,
Thailand,2015,13,1,4.0,17.0,,,False,False,True,False,2015-03-23,True,False,0.23529411764705882,
Thailand,2015,14,1,9.0,32.0,,,False,False,True,False,2015-03-30,True,False,0.28125,
Thailand,2015,15,1,5.0,25.0,,,False,False,True,False,2015-04-06,True,False,0.2,
Thailand,2015,16,1,0.0,2.0,,,False,False,True,False,2015-04-13,True,False,0.0,
Thailand,2015,17,1,8.0,34.0,,,False,False,True,False,2015-04-20,True,False,0.23529411764705882,
Thailand,2015,18,1,5.0,20.0,,,False,False,True,False,2015-04-27,True,False,0.25,
Thailand,2015,19,1,0.0,3.0,,,False,False,True,False,2015-05-04,True,False,0.0,
Thailand,2015,20,1,7.0,29.0,,,False,False,True,False,2015-05-11,True,False,0.2413793103448276,
Thailand,2015,21,1,8.0,39.0,,,False,False,True,False,2015-05-18,True,False,0.20512820512820512,
Thailand,2015,22,1,2.0,23.0,,,False,False,True,False,2015-05-25,True,False,0.08695652173913043,
Thailand,2015,23,1,3.0,37.0,,,False,False,True,False,2015-06-01,True,False,0.08108108108108109,
Thailand,2015,24,1,7.0,34.0,,,False,False,True,False,2015-06-08,True,False,0.20588235294117646,
Thailand,2015,25,1,3.0,25.0,,,False,False,True,False,2015-06-15,True,False,0.12,
Thailand,2015,26,1,16.0,45.0,,,False,False,True,False,2015-06-22,True,False,0.35555555555555557,
Thailand,2015,27,1,3.0,34.0,,,False,False,True,False,2015-06-29,True,False,0.08823529411764706,
Thailand,2015,28,1,4.0,36.0,,,False,False,True,False,2015-07-06,True,False,0.1111111111111111,
Thailand,2015,29,1,2.0,21.0,,,False,False,True,False,2015-07-13,True,False,0.09523809523809523,
Thailand,2015,30,1,7.0,31.0,,,False,False,True,False,2015-07-20,True,False,0.22580645161290322,
Thailand,2015,31,1,5.0,11.0,,,False,False,True,False,2015-07-27,True,False,0.45454545454545453,
Thailand,2015,32,1,2.0,37.0,,,False,False,True,False,2015-08-03,True,False,0.05405405405405406,
Thailand,2015,33,1,6.0,20.0,,,False,False,True,False,2015-08-10,True,False,0.3,
Thailand,2015,34,1,9.0,45.0,,,False,False,True,False,2015-08-17,True,False,0.2,
Thailand,2015,35,1,6.0,36.0,,,False,False,True,False,2015-08-24,True,False,0.16666666666666666,
Thailand,2015,36,1,5.0,39.0,,,False,False,True,False,2015-08-31,True,False,0.1282051282051282,
Thailand,2015,37,1,7.0,38.0,,,False,False,True,False,2015-09-07,True,False,0.18421052631578946,
Thailand,2015,38,1,8.0,27.0,,,False,False,True,False,2015-09-14,True,False,0.2962962962962963,
Thailand,2015,39,1,13.0,65.0,,,False,False,True,False,2015-09-21,True,False,0.2,
Thailand,2015,40,1,9.0,42.0,,,False,False,True,False,2015-09-28,True,False,0.21428571428571427,
Thailand,2015,41,1,9.0,40.0,,,False,False,True,False,2015-10-05,True,False,0.225,
Thailand,2015,42,1,11.0,38.0,,,False,False,True,False,2015-10-12,True,False,0.2894736842105263,
Thailand,2015,43,1,3.0,21.0,,,False,False,True,False,2015-10-19,True,False,0.14285714285714285,
Thailand,2015,44,1,3.0,29.0,,,False,False,True,False,2015-10-26,True,False,0.10344827586206896,
Thailand,2015,45,1,5.0,27.0,,,False,False,True,False,2015-11-02,True,False,0.18518518518518517,
Thailand,2015,46,1,21.0,37.0,,,False,False,True,False,2015-11-09,True,False,0.5675675675675675,
Thailand,2015,47,1,9.0,31.0,,,False,False,True,False,2015-11-16,True,False,0.2903225806451613,
Thailand,2015,48,1,9.0,39.0,,,False,False,True,False,2015-11-23,True,False,0.23076923076923078,
Thailand,2015,49,1,4.0,23.0,,,False,False,True,False,2015-11-30,True,False,0.17391304347826086,
Thailand,2015,50,1,4.0,8.0,,,False,False,True,False,2015-12-07,True,False,0.5,
Thailand,2015,51,1,0.0,21.0,,,False,False,True,False,2015-12-14,True,False,0.0,
Thailand,2015,52,1,3.0,13.0,,,False,False,True,False,2015-12-21,True,False,0.23076923076923078,
Thailand,2015,53,1,0.0,5.0,,,False,False,True,False,2015-12-28,True,False,0.0,
Thailand,2016,1,1,1.0,31.0,,,False,False,True,False,2016-01-04,True,False,0.03225806451612903,
Thailand,2016,2,1,1.0,10.0,,,False,False,True,False,2016-01-11,True,False,0.1,
Thailand,2016,3,1,8.0,21.0,,,False,False,True,False,2016-01-18,True,False,0.38095238095238093,
Thailand,2016,4,1,10.0,82.0,,,False,False,True,False,2016-01-25,True,False,0.12195121951219512,
Thailand,2016,5,1,20.0,82.0,,,False,False,True,False,2016-02-01,True,False,0.24390243902439024,
Thailand,2016,6,1,23.0,75.0,,,False,False,True,False,2016-02-08,True,False,0.30666666666666664,
Thailand,2016,7,1,48.0,75.0,,,False,False,True,False,2016-02-15,True,False,0.64,
Thailand,2016,8,1,24.0,45.0,,,False,False,True,False,2016-02-22,True,False,0.5333333333333333,
Thailand,2016,9,1,60.0,122.0,,,False,False,True,False,2016-02-29,True,False,0.4918032786885246,
Thailand,2016,10,1,44.0,102.0,,,False,False,True,False,2016-03-07,True,False,0.43137254901960786,
Thailand,2016,11,1,33.0,77.0,,,False,False,True,False,2016-03-14,True,False,0.42857142857142855,
Thailand,2016,12,1,28.0,65.0,,,False,False,True,False,2016-03-21,True,False,0.4307692307692308,
Thailand,2016,13,1,23.0,66.0,,,False,False,True,False,2016-03-28,True,False,0.3484848484848485,
Thailand,2016,14,1,10.0,53.0,,,False,False,True,False,2016-04-04,True,False,0.18867924528301888,
Thailand,2016,15,1,3.0,12.0,,,False,False,True,False,2016-04-11,True,False,0.25,
Thailand,2016,16,1,13.0,44.0,,,False,False,True,False,2016-04-18,True,False,0.29545454545454547,
Thailand,2016,17,1,13.0,54.0,,,False,False,True,False,2016-04-25,True,False,0.24074074074074073,
Thailand,2016,18,1,1.0,14.0,,,False,False,True,False,2016-05-02,True,False,0.07142857142857142,
Thailand,2016,19,1,10.0,48.0,,,False,False,True,False,2016-05-09,True,False,0.20833333333333334,
Thailand,2016,20,1,5.0,18.0,,,False,False,True,False,2016-05-16,True,False,0.2777777777777778,
Thailand,2016,21,1,9.0,39.0,,,False,False,True,False,2016-05-23,True,False,0.23076923076923078,
Thailand,2016,22,1,5.0,52.0,,,False,False,True,False,2016-05-30,True,False,0.09615384615384616,
Thailand,2016,23,1,8.0,51.0,,,False,False,True,False,2016-06-06,True,False,0.1568627450980392,
Thailand,2016,24,1,16.0,88.0,,,False,False,True,False,2016-06-13,True,False,0.18181818181818182,
Thailand,2016,25,1,12.0,106.0,,,False,False,True,False,2016-06-20,True,False,0.11320754716981132,
Thailand,2016,26,1,18.0,51.0,,,False,False,True,False,2016-06-27,True,False,0.35294117647058826,
Thailand,2016,27,1,14.0,49.0,,,False,False,True,False,2016-07-04,True,False,0.2857142857142857,
Thailand,2016,28,1,32.0,92.0,,,False,False,True,False,2016-07-11,True,False,0.34782608695652173,
Thailand,2016,29,1,2.0,22.0,,,False,False,True,False,2016-07-18,True,False,0.09090909090909091,
Thailand,2016,30,1,32.0,91.0,,,False,False,True,False,2016-07-25,True,False,0.3516483516483517,
Thailand,2016,31,1,27.0,91.0,,,False,False,True,False,2016-08-01,True,False,0.2967032967032967,
Thailand,2016,32,1,15.0,48.0,,,False,False,True,False,2016-08-08,True,False,0.3125,
Thailand,2016,33,1,40.0,124.0,,,False,False,True,False,2016-08-15,True,False,0.3225806451612903,
Thailand,2016,34,1,27.0,71.0,,,False,False,True,False,2016-08-22,True,False,0.38028169014084506,
Thailand,2016,35,1,13.0,47.0,,,False,False,True,False,2016-08-29,True,False,0.2765957446808511,
Thailand,2016,36,1,16.0,37.0,,,False,False,True,False,2016-09-05,True,False,0.43243243243243246,
Thailand,2016,37,1,25.0,70.0,,,False,False,True,False,2016-09-12,True,False,0.35714285714285715,
Thailand,2016,38,1,26.0,59.0,,,False,False,True,False,2016-09-19,True,False,0.4406779661016949,
Thailand,2016,39,1,24.0,57.0,,,False,False,True,False,2016-09-26,True,False,0.42105263157894735,
Thailand,2016,40,1,44.0,89.0,,,False,False,True,False,2016-10-03,True,False,0.4943820224719101,
Thailand,2016,41,1,54.0,97.0,,,False,False,True,False,2016-10-10,True,False,0.5567010309278351,
Thailand,2016,42,1,28.0,45.0,,,False,False,True,False,2016-10-17,True,False,0.6222222222222222,
Thailand,2016,43,1,27.0,73.0,,,False,False,True,False,2016-10-24,True,False,0.3698630136986301,
Thailand,2016,44,1,17.0,62.0,,,False,False,True,False,2016-10-31,True,False,0.27419354838709675,
Thailand,2016,45,1,25.0,91.0,,,False,False,True,False,2016-11-07,True,False,0.27472527472527475,
Thailand,2016,46,1,30.0,98.0,,,False,False,True,False,2016-11-14,True,False,0.30612244897959184,
Thailand,2016,47,1,19.0,70.0,,,False,False,True,False,2016-11-21,True,False,0.2714285714285714,
Thailand,2016,48,1,15.0,62.0,,,False,False,True,False,2016-11-28,True,False,0.24193548387096775,
Thailand,2016,49,1,13.0,57.0,,,False,False,True,False,2016-12-05,True,False,0.22807017543859648,
Thailand,2016,50,1,12.0,80.0,,,False,False,True,False,2016-12-12,True,False,0.15,
Thailand,2016,51,1,9.0,45.0,,,False,False,True,False,2016-12-19,True,False,0.2,
Thailand,2016,52,1,10.0,32.0,,,False,False,True,False,2016-12-26,True,False,0.3125,
Thailand,2017,1,1,0.0,7.0,,,False,False,True,False,2017-01-02,True,False,0.0,
Thailand,2017,2,1,4.0,32.0,,,False,False,True,False,2017-01-09,True,False,0.125,
Thailand,2017,3,1,3.0,28.0,,,False,False,True,False,2017-01-16,True,False,0.10714285714285714,
Thailand,2017,4,1,2.0,40.0,,,False,False,True,False,2017-01-23,True,False,0.05,
Thailand,2017,5,1,4.0,42.0,,,False,False,True,False,2017-01-30,True,False,0.09523809523809523,
Thailand,2017,6,1,3.0,61.0,,,False,False,True,False,2017-02-06,True,False,0.04918032786885246,
Thailand,2017,7,1,9.0,44.0,,,False,False,True,False,2017-02-13,True,False,0.20454545454545456,
Thailand,2017,8,1,5.0,54.0,,,False,False,True,False,2017-02-20,True,False,0.09259259259259259,
Thailand,2017,9,1,1.0,31.0,,,False,False,True,False,2017-02-27,True,False,0.03225806451612903,
Thailand,2017,10,1,3.0,57.0,,,False,False,True,False,2017-03-06,True,False,0.05263157894736842,
Thailand,2017,11,1,4.0,44.0,,,False,False,True,False,2017-03-13,True,False,0.09090909090909091,
Thailand,2017,12,1,8.0,42.0,,,False,False,True,False,2017-03-20,True,False,0.19047619047619047,
Thailand,2017,13,1,2.0,28.0,,,False,False,True,False,2017-03-27,True,False,0.07142857142857142,
Thailand,2017,14,1,1.0,17.0,,,False,False,True,False,2017-04-03,True,False,0.058823529411764705,
Thailand,2017,15,1,2.0,20.0,,,False,False,True,False,2017-04-10,True,False,0.1,
Thailand,2017,16,1,10.0,35.0,,,False,False,True,False,2017-04-17,True,False,0.2857142857142857,
Thailand,2017,17,1,6.0,20.0,,,False,False,True,False,2017-04-24,True,False,0.3,
Thailand,2017,18,1,4.0,35.0,,,False,False,True,False,2017-05-01,True,False,0.11428571428571428,
Thailand,2017,19,1,4.0,36.0,,,False,False,True,False,2017-05-08,True,False,0.1111111111111111,
Thailand,2017,20,1,11.0,54.0,,,False,False,True,False,2017-05-15,True,False,0.2037037037037037,
Thailand,2017,21,1,6.0,53.0,,,False,False,True,False,2017-05-22,True,False,0.11320754716981132,
Thailand,2017,22,1,9.0,69.0,,,False,False,True,False,2017-05-29,True,False,0.13043478260869565,
Thailand,2017,23,1,12.0,73.0,,,False,False,True,False,2017-06-05,True,False,0.1643835616438356,
Thailand,2017,24,1,19.0,81.0,,,False,False,True,False,2017-06-12,True,False,0.2345679012345679,
Thailand,2017,25,1,27.0,96.0,,,False,False,True,False,2017-06-19,True,False,0.28125,
Thailand,2017,26,1,15.0,67.0,,,False,False,True,False,2017-06-26,True,False,0.22388059701492538,
Thailand,2017,27,1,27.0,93.0,,,False,False,True,False,2017-07-03,True,False,0.2903225806451613,
Thailand,2017,28,1,21.0,76.0,,,False,False,True,False,2017-07-10,True,False,0.27631578947368424,
Thailand,2017,29,1,28.0,138.0,,,False,False,True,False,2017-07-17,True,False,0.2028985507246377,
Thailand,2017,30,1,21.0,46.0,,,False,False,True,False,2017-07-24,True,False,0.45652173913043476,
Thailand,2017,31,1,92.0,223.0,,,False,False,True,False,2017-07-31,True,False,0.4125560538116592,
Thailand,2017,32,1,98.0,186.0,,,False,False,True,False,2017-08-07,True,False,0.5268817204301075,
Thailand,2017,33,1,84.0,182.0,,,False,False,True,False,2017-08-14,True,False,0.46153846153846156,
Thailand,2017,34,1,96.0,191.0,,,False,False,True,False,2017-08-21,True,False,0.5026178010471204,
Thailand,2017,35,1,87.0,178.0,,,False,False,True,False,2017-08-28,True,False,0.4887640449438202,
Thailand,2017,36,1,93.0,198.0,,,False,False,True,False,2017-09-04,True,False,0.4696969696969697,
Thailand,2017,37,1,91.0,233.0,,,False,False,True,False,2017-09-11,True,False,0.3905579399141631,
Thailand,2017,38,1,52.0,135.0,,,False,False,True,False,2017-09-18,True,False,0.3851851851851852,
Thailand,2017,39,1,50.0,135.0,,,False,False,True,False,2017-09-25,True,False,0.37037037037037035,
Thailand,2017,40,1,46.0,129.0,,,False,False,True,False,2017-10-02,True,False,0.35658914728682173,
Thailand,2017,41,1,30.0,95.0,,,False,False,True,False,2017-10-09,True,False,0.3157894736842105,
Thailand,2017,42,1,52.0,146.0,,,False,False,True,False,2017-10-16,True,False,0.3561643835616438,
Thailand,2017,43,1,11.0,34.0,,,False,False,True,False,2017-10-23,True,False,0.3235294117647059,
Thailand,2017,44,1,28.0,90.0,,,False,False,True,False,2017-10-30,True,False,0.3111111111111111,
Thailand,2017,45,1,14.0,71.0,,,False,False,True,False,2017-11-06,True,False,0.19718309859154928,
Thailand,2017,46,1,13.0,92.0,,,False,False,True,False,2017-11-13,True,False,0.14130434782608695,
Thailand,2017,47,1,13.0,58.0,,,False,False,True,False,2017-11-20,True,False,0.22413793103448276,
Thailand,2017,48,1,18.0,56.0,,,False,False,True,False,2017-11-27,True,False,0.32142857142857145,
Thailand,2017,49,1,17.0,55.0,,,False,False,True,False,2017-12-04,True,False,0.3090909090909091,
Thailand,2017,50,1,14.0,52.0,,,False,False,True,False,2017-12-11,True,False,0.2692307692307692,
Thailand,2017,51,1,9.0,38.0,,,False,False,True,False,2017-12-18,True,False,0.23684210526315788,
Thailand,2017,52,1,9.0,31.0,,,False,False,True,False,2017-12-25,True,False,0.2903225806451613,
Thailand,2018,1,1,14.0,33.0,,,False,False,True,False,2018-01-01,True,False,0.42424242424242425,
Thailand,2018,2,1,4.0,33.0,,,False,False,True,False,2018-01-08,True,False,0.12121212121212122,
Thailand,2018,3,1,17.0,62.0,,,False,False,True,False,2018-01-15,True,False,0.27419354838709675,
Thailand,2018,4,1,16.0,58.0,,,False,False,True,False,2018-01-22,True,False,0.27586206896551724,
Thailand,2018,5,1,35.0,88.0,,,False,False,True,False,2018-01-29,True,False,0.3977272727272727,
Thailand,2018,6,1,29.0,65.0,,,False,False,True,False,2018-02-05,True,False,0.4461538461538462,
Thailand,2018,7,1,12.0,59.0,,,False,False,True,False,2018-02-12,True,False,0.2033898305084746,
Thailand,2018,8,1,17.0,56.0,,,False,False,True,False,2018-02-19,True,False,0.30357142857142855,
Thailand,2018,9,1,8.0,52.0,,,False,False,True,False,2018-02-26,True,False,0.15384615384615385,
Thailand,2018,10,1,21.0,62.0,,,False,False,True,False,2018-03-05,True,False,0.3387096774193548,
Thailand,2018,11,1,15.0,55.0,,,False,False,True,False,2018-03-12,True,False,0.2727272727272727,
Thailand,2018,12,1,3.0,29.0,,,False,False,True,False,2018-03-19,True,False,0.10344827586206896,
Thailand,2018,13,1,12.0,56.0,,,False,False,True,False,2018-03-26,True,False,0.21428571428571427,
Thailand,2018,14,1,3.0,37.0,,,False,False,True,False,2018-04-02,True,False,0.08108108108108109,
Thailand,2018,15,1,11.0,27.0,,,False,False,True,False,2018-04-09,True,False,0.4074074074074074,
Thailand,2018,16,1,7.0,38.0,,,False,False,True,False,2018-04-16,True,False,0.18421052631578946,
Thailand,2018,17,1,1.0,14.0,,,False,False,True,False,2018-04-23,True,False,0.07142857142857142,
Thailand,2018,18,1,2.0,46.0,,,False,False,True,False,2018-04-30,True,False,0.043478260869565216,
Thailand,2018,19,1,3.0,29.0,,,False,False,True,False,2018-05-07,True,False,0.10344827586206896,
Thailand,2018,20,1,14.0,49.0,,,False,False,True,False,2018-05-14,True,False,0.2857142857142857,
Thailand,2018,21,1,3.0,33.0,,,False,False,True,False,2018-05-21,True,False,0.09090909090909091,
Thailand,2018,22,1,12.0,47.0,,,False,False,True,False,2018-05-28,True,False,0.2553191489361702,
Thailand,2018,23,1,7.0,63.0,,,False,False,True,False,2018-06-04,True,False,0.1111111111111111,
Thailand,2018,24,1,10.0,58.0,,,False,False,True,False,2018-06-11,True,False,0.1724137931034483,
Thailand,2018,25,1,15.0,39.0,,,False,False,True,False,2018-06-18,True,False,0.38461538461538464,
Thailand,2018,26,1,9.0,44.0,,,False,False,True,False,2018-06-25,True,False,0.20454545454545456,
Thailand,2018,27,1,7.0,45.0,,,False,False,True,False,2018-07-02,True,False,0.15555555555555556,
Thailand,2018,28,1,13.0,44.0,,,False,False,True,False,2018-07-09,True,False,0.29545454545454547,
Thailand,2018,29,1,20.0,91.0,,,False,False,True,False,2018-07-16,True,False,0.21978021978021978,
Thailand,2018,30,1,10.0,21.0,,,False,False,True,False,2018-07-23,True,False,0.47619047619047616,
Thailand,2018,31,1,42.0,121.0,,,False,False,True,False,2018-07-30,True,False,0.34710743801652894,
Thailand,2018,32,1,17.0,75.0,,,False,False,True,False,2018-08-06,True,False,0.22666666666666666,
Thailand,2018,33,1,23.0,110.0,,,False,False,True,False,2018-08-13,True,False,0.20909090909090908,
Thailand,2018,34,1,20.0,81.0,,,False,False,True,False,2018-08-20,True,False,0.24691358024691357,
Thailand,2018,35,1,31.0,128.0,,,False,False,True,False,2018-08-27,True,False,0.2421875,
Thailand,2018,36,1,38.0,115.0,,,False,False,True,False,2018-09-03,True,False,0.33043478260869563,
Thailand,2018,37,1,29.0,103.0,,,False,False,True,False,2018-09-10,True,False,0.2815533980582524,
Thailand,2018,38,1,16.0,89.0,,,False,False,True,False,2018-09-17,True,False,0.1797752808988764,
Thailand,2018,39,1,28.0,93.0,,,False,False,True,False,2018-09-24,True,False,0.3010752688172043,
Thailand,2018,40,1,37.0,98.0,,,False,False,True,False,2018-10-01,True,False,0.37755102040816324,
Thailand,2018,41,1,14.0,54.0,,,False,False,True,False,2018-10-08,True,False,0.25925925925925924,
Thailand,2018,42,1,25.0,85.0,,,False,False,True,False,2018-10-15,True,False,0.29411764705882354,
Thailand,2018,43,1,10.0,28.0,,,False,False,True,False,2018-10-22,True,False,0.35714285714285715,
Thailand,2018,44,1,16.0,59.0,,,False,False,True,False,2018-10-29,True,False,0.2711864406779661,
Thailand,2018,45,1,10.0,53.0,,,False,False,True,False,2018-11-05,True,False,0.18867924528301888,
Thailand,2018,46,1,12.0,68.0,,,False,False,True,False,2018-11-12,True,False,0.17647058823529413,
Thailand,2018,47,1,16.0,65.0,,,False,False,True,False,2018-11-19,True,False,0.24615384615384617,
Thailand,2018,48,1,16.0,47.0,,,False,False,True,False,2018-11-26,True,False,0.3404255319148936,
Thailand,2018,49,1,10.0,31.0,,,False,False,True,False,2018-12-03,True,False,0.3225806451612903,
Thailand,2018,50,1,4.0,40.0,,,False,False,True,False,2018-12-10,True,False,0.1,
Thailand,2018,51,1,9.0,50.0,,,False,False,True,False,2018-12-17,True,False,0.18,
Thailand,2018,52,1,11.0,53.0,,,False,False,True,False,2018-12-24,True,False,0.20754716981132076,
Thailand,2019,1,1,4.0,20.0,,,False,False,True,False,2018-12-31,True,False,0.2,
Thailand,2019,2,1,16.0,49.0,,,False,False,True,False,2019-01-07,True,False,0.32653061224489793,
Thailand,2019,3,1,13.0,51.0,,,False,False,True,False,2019-01-14,True,False,0.2549019607843137,
Thailand,2019,4,1,18.0,85.0,,,False,False,True,False,2019-01-21,True,False,0.21176470588235294,
Thailand,2019,5,1,30.0,66.0,,,False,False,True,False,2019-01-28,True,False,0.45454545454545453,
Thailand,2019,6,1,13.0,35.0,,,False,False,True,False,2019-02-04,True,False,0.37142857142857144,
Thailand,2019,7,1,52.0,127.0,,,False,False,True,False,2019-02-11,True,False,0.4094488188976378,
Thailand,2019,8,1,39.0,104.0,,,False,False,True,False,2019-02-18,True,False,0.375,
Thailand,2019,9,1,95.0,176.0,,,False,False,True,False,2019-02-25,True,False,0.5397727272727273,
Thailand,2019,10,1,73.0,140.0,,,False,False,True,False,2019-03-04,True,False,0.5214285714285715,
Thailand,2019,11,1,40.0,166.0,,,False,False,True,False,2019-03-11,True,False,0.24096385542168675,
Thailand,2019,12,1,61.0,126.0,,,False,False,True,False,2019-03-18,True,False,0.48412698412698413,
Thailand,2019,13,1,58.0,140.0,,,False,False,True,False,2019-03-25,True,False,0.4142857142857143,
Thailand,2019,14,1,18.0,71.0,,,False,False,True,False,2019-04-01,True,False,0.2535211267605634,
Thailand,2019,15,1,17.0,63.0,,,False,False,True,False,2019-04-08,True,False,0.2698412698412698,
Thailand,2019,16,1,15.0,53.0,,,False,False,True,False,2019-04-15,True,False,0.2830188679245283,
Thailand,2019,17,1,34.0,92.0,,,False,False,True,False,2019-04-22,True,False,0.3695652173913043,
Thailand,2019,18,1,24.0,48.0,,,False,False,True,False,2019-04-29,True,False,0.5,
Thailand,2019,19,1,8.0,22.0,,,False,False,True,False,2019-05-06,True,False,0.36363636363636365,
Thailand,2019,20,1,28.0,100.0,,,False,False,True,False,2019-05-13,True,False,0.28,
Thailand,2019,21,1,18.0,43.0,,,False,False,True,False,2019-05-20,True,False,0.4186046511627907,
Thailand,2019,22,1,21.0,107.0,,,False,False,True,False,2019-05-27,True,False,0.19626168224299065,
Thailand,2019,23,1,12.0,47.0,,,False,False,True,False,2019-06-03,True,False,0.2553191489361702,
Thailand,2019,24,1,25.0,95.0,,,False,False,True,False,2019-06-10,True,False,0.2631578947368421,
Thailand,2019,25,1,52.0,158.0,,,False,False,True,False,2019-06-17,True,False,0.3291139240506329,
Thailand,2019,26,1,59.0,144.0,,,False,False,True,False,2019-06-24,True,False,0.4097222222222222,
Thailand,2019,27,1,42.0,157.0,,,False,False,True,False,2019-07-01,True,False,0.267515923566879,
Thailand,2019,28,1,61.0,168.0,,,False,False,True,False,2019-07-08,True,False,0.3630952380952381,
Thailand,2019,29,1,76.0,144.0,,,False,False,True,False,2019-07-15,True,False,0.5277777777777778,
Thailand,2019,30,1,36.0,82.0,,,False,False,True,False,2019-07-22,True,False,0.43902439024390244,
Thailand,2019,31,1,25.0,100.0,,,False,False,True,False,2019-07-29,True,False,0.25,
Thailand,2019,32,1,45.0,153.0,,,False,False,True,False,2019-08-05,True,False,0.29411764705882354,
Thailand,2019,33,1,27.0,75.0,,,False,False,True,False,2019-08-12,True,False,0.36,
Thailand,2019,34,1,17.0,88.0,,,False,False,True,False,2019-08-19,True,False,0.19318181818181818,
Thailand,2019,35,1,41.0,92.0,,,False,False,True,False,2019-08-26,True,False,0.44565217391304346,
Thailand,2019,36,1,32.0,116.0,,,False,False,True,False,2019-09-02,True,False,0.27586206896551724,
Thailand,2019,37,1,42.0,99.0,,,False,False,True,False,2019-09-09,True,False,0.42424242424242425,
Thailand,2019,38,1,16.0,75.0,,,False,False,True,False,2019-09-16,True,False,0.21333333333333335,
Thailand,2019,39,1,24.0,87.0,,,False,False,True,False,2019-09-23,True,False,0.27586206896551724,
Thailand,2019,40,1,25.0,86.0,,,False,False,True,False,2019-09-30,True,False,0.29069767441860467,
Thailand,2019,41,1,28.0,80.0,,,False,False,True,False,2019-10-07,True,False,0.35,
Thailand,2019,42,1,22.0,62.0,,,False,False,True,False,2019-10-14,True,False,0.3548387096774194,
Thailand,2019,43,1,15.0,53.0,,,False,False,True,False,2019-10-21,True,False,0.2830188679245283,
Thailand,2019,44,1,32.0,60.0,,,False,False,True,False,2019-10-28,True,False,0.5333333333333333,
Thailand,2019,45,1,10.0,47.0,,,False,False,True,False,2019-11-04,True,False,0.2127659574468085,
Thailand,2019,46,1,12.0,59.0,,,False,False,True,False,2019-11-11,True,False,0.2033898305084746,
Thailand,2019,47,1,18.0,79.0,,,False,False,True,False,2019-11-18,True,False,0.22784810126582278,
Thailand,2019,48,1,9.0,47.0,,,False,False,True,False,2019-11-25,True,False,0.19148936170212766,
Thailand,2019,49,1,34.0,152.0,,,False,False,True,False,2019-12-02,True,False,0.2236842105263158,
Thailand,2019,50,1,16.0,70.0,,,False,False,True,False,2019-12-09,True,False,0.22857142857142856,
Thailand,2019,51,1,14.0,35.0,,,False,False,True,False,2019-12-16,True,False,0.4,
Thailand,2019,52,1,6.0,65.0,,,False,False,True,False,2019-12-23,True,False,0.09230769230769231,
Thailand,2020,1,1,1.0,16.0,,,False,False,True,False,2019-12-30,True,False,0.0625,
Thailand,2020,2,1,16.0,90.0,,,False,False,True,False,2020-01-06,True,False,0.17777777777777778,
Thailand,2020,3,1,17.0,65.0,,,False,False,True,False,2020-01-13,True,False,0.26153846153846155,
Thailand,2020,4,1,32.0,93.0,,,False,False,True,False,2020-01-20,True,False,0.34408602150537637,
Thailand,2020,5,1,29.0,79.0,,,False,False,True,False,2020-01-27,True,False,0.3670886075949367,
Thailand,2020,6,1,39.0,108.0,,,False,False,True,False,2020-02-03,True,False,0.3611111111111111,
Thailand,2020,7,1,24.0,105.0,,,False,False,True,False,2020-02-10,True,False,0.22857142857142856,
Thailand,2020,8,1,22.0,77.0,,,False,False,True,False,2020-02-17,True,False,0.2857142857142857,
Thailand,2020,9,1,29.0,101.0,,,False,False,True,False,2020-02-24,True,False,0.2871287128712871,
Thailand,2020,10,1,27.0,95.0,,,False,False,True,False,2020-03-02,True,False,0.28421052631578947,
Thailand,2020,11,1,15.0,69.0,,,False,False,True,False,2020-03-09,True,False,0.21739130434782608,
Thailand,2020,12,1,18.0,105.0,,,False,False,True,False,2020-03-16,True,False,0.17142857142857143,
Thailand,2020,13,1,3.0,60.0,,,False,False,True,False,2020-03-23,True,False,0.05,
Thailand,2020,14,1,2.0,16.0,,,False,False,True,False,2020-03-30,True,False,0.125,
Thailand,2020,15,1,1.0,44.0,,,False,False,True,False,2020-04-06,True,False,0.022727272727272728,
Thailand,2020,16,1,5.0,45.0,,,False,False,True,False,2020-04-13,True,False,0.1111111111111111,
Thailand,2020,17,1,0.0,26.0,,,False,False,True,False,2020-04-20,True,False,0.0,
Thailand,2020,18,1,0.0,16.0,,,False,False,True,False,2020-04-27,True,False,0.0,
Thailand,2020,19,1,0.0,18.0,,,False,False,True,False,2020-05-04,True,False,0.0,
Thailand,2020,20,1,0.0,10.0,,,False,False,True,False,2020-05-11,True,False,0.0,
Thailand,2020,21,1,0.0,18.0,,,False,False,True,False,2020-05-18,True,False,0.0,
Thailand,2020,22,1,0.0,37.0,,,False,False,True,False,2020-05-25,True,False,0.0,
Thailand,2020,23,1,0.0,10.0,,,False,False,True,False,2020-06-01,True,False,0.0,
Thailand,2020,24,1,0.0,10.0,,,False,False,True,False,2020-06-08,True,False,0.0,
Thailand,2020,25,1,0.0,14.0,,,False,False,True,False,2020-06-15,True,False,0.0,
Thailand,2020,26,1,0.0,7.0,,,False,False,True,False,2020-06-22,True,False,0.0,
Thailand,2020,27,1,0.0,24.0,,,False,False,True,False,2020-06-29,True,False,0.0,
Thailand,2020,28,1,0.0,6.0,,,False,False,True,False,2020-07-06,True,False,0.0,
Thailand,2020,29,1,0.0,40.0,,,False,False,True,False,2020-07-13,True,False,0.0,
Thailand,2020,30,1,0.0,43.0,,,False,False,True,False,2020-07-20,True,False,0.0,
Thailand,2020,31,1,0.0,15.0,,,False,False,True,False,2020-07-27,True,False,0.0,
Thailand,2020,32,1,0.0,12.0,,,False,False,True,False,2020-08-03,True,False,0.0,
Thailand,2020,33,1,0.0,9.0,,,False,False,True,False,2020-08-10,True,False,0.0,
Thailand,2020,34,1,0.0,21.0,,,False,False,True,False,2020-08-17,True,False,0.0,
Thailand,2020,35,1,0.0,21.0,,,False,False,True,False,2020-08-24,True,False,0.0,
Thailand,2020,36,1,0.0,21.0,,,False,False,True,False,2020-08-31,True,False,0.0,
Thailand,2020,37,1,2.0,22.0,,,False,False,True,False,2020-09-07,True,False,0.09090909090909091,
Thailand,2020,38,1,1.0,30.0,,,False,False,True,False,2020-09-14,True,False,0.03333333333333333,
Thailand,2020,39,1,0.0,28.0,,,False,False,True,False,2020-09-21,True,False,0.0,
Thailand,2020,40,1,0.0,21.0,,,False,False,True,False,2020-09-28,True,False,0.0,
Thailand,2020,41,1,0.0,16.0,,,False,False,True,False,2020-10-05,True,False,0.0,
Thailand,2020,42,1,0.0,97.0,,,False,False,True,False,2020-10-12,True,False,0.0,
Thailand,2020,43,1,0.0,65.0,,,False,False,True,False,2020-10-19,True,False,0.0,
Thailand,2020,44,1,1.0,126.0,,,False,False,True,False,2020-10-26,True,False,0.007936507936507936,
Thailand,2020,45,1,3.0,144.0,,,False,False,True,False,2020-11-02,True,False,0.020833333333333332,
Thailand,2020,46,1,3.0,152.0,,,False,False,True,False,2020-11-09,True,False,0.019736842105263157,
Thailand,2020,47,1,1.0,83.0,,,False,False,True,False,2020-11-16,True,False,0.012048192771084338,
Thailand,2020,48,1,1.0,229.0,,,False,False,True,False,2020-11-23,True,False,0.004366812227074236,
Thailand,2020,49,1,0.0,82.0,,,False,False,True,False,2020-11-30,True,False,0.0,
Thailand,2020,50,1,0.0,98.0,,,False,False,True,False,2020-12-07,True,False,0.0,
Thailand,2020,51,1,4.0,125.0,,,False,False,True,False,2020-12-14,True,False,0.032,
Thailand,2020,52,1,1.0,69.0,,,False,False,True,False,2020-12-21,True,False,0.014492753623188406,
Thailand,2020,53,1,0.0,48.0,,,False,False,True,False,2020-12-28,True,False,0.0,
Thailand,2021,1,1,1.0,129.0,,,False,False,True,False,2021-01-04,True,False,0.007751937984496124,
Thailand,2021,2,1,0.0,45.0,,,False,False,True,False,2021-01-11,True,False,0.0,
Thailand,2021,3,1,0.0,76.0,,,False,False,True,False,2021-01-18,True,False,0.0,
Thailand,2021,4,1,0.0,45.0,,,False,False,True,False,2021-01-25,True,False,0.0,
Thailand,2021,5,1,1.0,110.0,,,False,False,True,False,2021-02-01,True,False,0.00909090909090909,
Thailand,2021,6,1,0.0,55.0,,,False,False,True,False,2021-02-08,True,False,0.0,
Thailand,2021,7,1,0.0,86.0,,,False,False,True,False,2021-02-15,True,False,0.0,
Thailand,2021,8,1,0.0,49.0,,,False,False,True,False,2021-02-22,True,False,0.0,
Thailand,2021,9,1,0.0,75.0,,,False,False,True,False,2021-03-01,True,False,0.0,
Thailand,2021,10,1,0.0,74.0,,,False,False,True,False,2021-03-08,True,False,0.0,
Thailand,2021,11,1,0.0,75.0,,,False,False,True,False,2021-03-15,True,False,0.0,
Thailand,2021,12,1,0.0,81.0,,,False,False,True,False,2021-03-22,True,False,0.0,
Thailand,2021,13,1,0.0,50.0,,,False,False,True,False,2021-03-29,True,False,0.0,
Thailand,2021,14,1,0.0,79.0,,,False,False,True,False,2021-04-05,True,False,0.0,
Thailand,2021,15,1,0.0,1.0,,,False,False,True,False,2021-04-12,True,False,0.0,
Thailand,2021,16,1,0.0,51.0,,,False,False,True,False,2021-04-19,True,False,0.0,
Thailand,2021,17,1,0.0,27.0,,,False,False,True,False,2021-04-26,True,False,0.0,
Thailand,2021,18,1,0.0,29.0,,,False,False,True,False,2021-05-03,True,False,0.0,
Thailand,2021,19,1,0.0,27.0,,,False,False,True,False,2021-05-10,True,False,0.0,
Thailand,2021,20,1,0.0,35.0,,,False,False,True,False,2021-05-17,True,False,0.0,
Thailand,2021,21,1,0.0,40.0,,,False,False,True,False,2021-05-24,True,False,0.0,
Thailand,2021,22,1,0.0,46.0,,,False,False,True,False,2021-05-31,True,False,0.0,
Thailand,2021,23,1,0.0,44.0,,,False,False,True,False,2021-06-07,True,False,0.0,
Thailand,2021,24,1,0.0,46.0,,,False,False,True,False,2021-06-14,True,False,0.0,
Thailand,2021,25,1,0.0,61.0,,,False,False,True,False,2021-06-21,True,False,0.0,
Thailand,2021,26,1,0.0,54.0,,,False,False,True,False,2021-06-28,True,False,0.0,
Thailand,2021,27,1,21.0,85.0,,,False,False,True,False,2021-07-05,True,False,0.24705882352941178,
Thailand,2021,28,1,0.0,84.0,,,False,False,True,False,2021-07-12,True,False,0.0,
Thailand,2021,29,1,0.0,84.0,,,False,False,True,False,2021-07-19,True,False,0.0,
Thailand,2021,30,1,0.0,81.0,,,False,False,True,False,2021-07-26,True,False,0.0,
Thailand,2021,31,1,0.0,31.0,,,False,False,True,False,2021-08-02,True,False,0.0,
Thailand,2021,32,1,0.0,26.0,,,False,False,True,False,2021-08-09,True,False,0.0,
Thailand,2021,33,1,0.0,82.0,,,False,False,True,False,2021-08-16,True,False,0.0,
Thailand,2021,34,1,0.0,84.0,,,False,False,True,False,2021-08-23,True,False,0.0,
Thailand,2021,35,1,0.0,70.0,,,False,False,True,False,2021-08-30,True,False,0.0,
Thailand,2021,36,1,0.0,32.0,,,False,False,True,False,2021-09-06,True,False,0.0,
Thailand,2021,37,1,0.0,56.0,,,False,False,True,False,2021-09-13,True,False,0.0,
Thailand,2021,38,1,0.0,57.0,,,False,False,True,False,2021-09-20,True,False,0.0,
Thailand,2021,39,1,0.0,39.0,,,False,False,True,False,2021-09-27,True,False,0.0,
Thailand,2021,40,1,0.0,67.0,,,False,False,True,False,2021-10-04,True,False,0.0,
Thailand,2021,41,1,0.0,78.0,,,False,False,True,False,2021-10-11,True,False,0.0,
Thailand,2021,42,1,0.0,87.0,,,False,False,True,False,2021-10-18,True,False,0.0,
Thailand,2021,43,1,0.0,74.0,,,False,False,True,False,2021-10-25,True,False,0.0,
Thailand,2021,44,1,0.0,106.0,,,False,False,True,False,2021-11-01,True,False,0.0,
Thailand,2021,45,1,0.0,77.0,,,False,False,True,False,2021-11-08,True,False,0.0,
Thailand,2021,46,1,0.0,63.0,,,False,False,True,False,2021-11-15,True,False,0.0,
Thailand,2021,47,1,0.0,60.0,,,False,False,True,False,2021-11-22,True,False,0.0,
Thailand,2021,48,1,0.0,77.0,,,False,False,True,False,2021-11-29,True,False,0.0,
Thailand,2021,49,1,0.0,2.0,,,False,False,True,False,2021-12-06,True,False,0.0,
Thailand,2021,50,1,0.0,96.0,,,False,False,True,False,2021-12-13,True,False,0.0,
Thailand,2021,51,1,0.0,23.0,,,False,False,True,False,2021-12-20,True,False,0.0,
Thailand,2021,52,1,0.0,34.0,,,False,False,True,False,2021-12-27,True,False,0.0,
Thailand,2022,1,1,1.0,102.0,,,False,False,True,False,2022-01-03,True,False,0.00980392156862745,
Thailand,2022,2,1,3.0,300.0,,,False,False,True,False,2022-01-10,True,False,0.01,
Thailand,2022,3,1,0.0,107.0,,,False,False,True,False,2022-01-17,True,False,0.0,
Thailand,2022,4,1,1.0,194.0,,,False,False,True,False,2022-01-24,True,False,0.005154639175257732,
Thailand,2022,5,1,1.0,159.0,,,False,False,True,False,2022-01-31,True,False,0.006289308176100629,
Thailand,2022,6,1,0.0,181.0,,,False,False,True,False,2022-02-07,True,False,0.0,
Thailand,2022,7,1,0.0,111.0,,,False,False,True,False,2022-02-14,True,False,0.0,
Thailand,2022,8,1,0.0,141.0,,,False,False,True,False,2022-02-21,True,False,0.0,
Thailand,2022,9,1,0.0,227.0,,,False,False,True,False,2022-02-28,True,False,0.0,
Thailand,2022,10,1,0.0,143.0,,,False,False,True,False,2022-03-07,True,False,0.0,
Thailand,2022,11,1,0.0,151.0,,,False,False,True,False,2022-03-14,True,False,0.0,
Thailand,2022,12,1,0.0,220.0,,,False,False,True,False,2022-03-21,True,False,0.0,
Thailand,2022,13,1,0.0,158.0,,,False,False,True,False,2022-03-28,True,False,0.0,
Thailand,2022,14,1,0.0,155.0,,,False,False,True,False,2022-04-04,True,False,0.0,
Thailand,2022,15,1,0.0,13.0,,,False,False,True,False,2022-04-11,True,False,0.0,
Thailand,2022,16,1,1.0,114.0,,,False,False,True,False,2022-04-18,True,False,0.008771929824561403,
Thailand,2022,17,1,0.0,264.0,,,False,False,True,False,2022-04-25,True,False,0.0,
Thailand,2022,18,1,0.0,143.0,,,False,False,True,False,2022-05-02,True,False,0.0,
Thailand,2022,19,1,1.0,149.0,,,False,False,True,False,2022-05-09,True,False,0.006711409395973154,
Thailand,2022,20,1,2.0,131.0,,,False,False,True,False,2022-05-16,True,False,0.015267175572519083,
Thailand,2022,21,1,1.0,150.0,,,False,False,True,False,2022-05-23,True,False,0.006666666666666667,
Thailand,2022,22,1,1.0,106.0,,,False,False,True,False,2022-05-30,True,False,0.009433962264150943,
Thailand,2022,23,1,5.0,261.0,,,False,False,True,False,2022-06-06,True,False,0.019157088122605363,
Thailand,2022,24,1,3.0,152.0,,,False,False,True,False,2022-06-13,True,False,0.019736842105263157,
Thailand,2022,25,1,4.0,166.0,,,False,False,True,False,2022-06-20,True,False,0.024096385542168676,
Thailand,2022,26,1,6.0,236.0,,,False,False,True,False,2022-06-27,True,False,0.025423728813559324,
Thailand,2022,27,1,7.0,192.0,,,False,False,True,False,2022-07-04,True,False,0.036458333333333336,
Thailand,2022,28,1,8.0,77.0,,,False,False,True,False,2022-07-11,True,False,0.1038961038961039,
Thailand,2022,29,1,19.0,205.0,,,False,False,True,False,2022-07-18,True,False,0.09268292682926829,
Thailand,2022,30,1,7.0,141.0,,,False,False,True,False,2022-07-25,True,False,0.04964539007092199,
Thailand,2022,31,1,12.0,210.0,,,False,False,True,False,2022-08-01,True,False,0.05714285714285714,
Thailand,2022,32,1,4.0,83.0,,,False,False,True,False,2022-08-08,True,False,0.04819277108433735,
Thailand,2022,33,1,37.0,210.0,,,False,False,True,False,2022-08-15,True,False,0.1761904761904762,
Thailand,2022,34,1,22.0,156.0,,,False,False,True,False,2022-08-22,True,False,0.14102564102564102,
Thailand,2022,35,1,58.0,208.0,,,False,False,True,False,2022-08-29,True,False,0.27884615384615385,
Thailand,2022,36,1,54.0,202.0,,,False,False,True,False,2022-09-05,True,False,0.26732673267326734,
Thailand,2022,37,1,36.0,163.0,,,False,False,True,False,2022-09-12,True,False,0.22085889570552147,
Thailand,2022,38,1,28.0,191.0,,,False,False,True,False,2022-09-19,True,False,0.14659685863874344,
Thailand,2022,39,1,28.0,129.0,,,False,False,True,False,2022-09-26,True,False,0.21705426356589147,
Thailand,2022,40,1,42.0,169.0,,,False,False,True,False,2022-10-03,True,False,0.2485207100591716,
Thailand,2022,41,1,11.0,84.0,,,False,False,True,False,2022-10-10,True,False,0.13095238095238096,
Thailand,2022,42,1,29.0,161.0,,,False,False,True,False,2022-10-17,True,False,0.18012422360248448,
Thailand,2022,43,1,10.0,106.0,,,False,False,True,False,2022-10-24,True,False,0.09433962264150944,
Thailand,2022,44,1,17.0,122.0,,,False,False,True,False,2022-10-31,True,False,0.13934426229508196,
Thailand,2022,45,1,17.0,147.0,,,False,False,True,False,2022-11-07,True,False,0.11564625850340136,
Thailand,2022,46,1,23.0,132.0,,,False,False,True,False,2022-11-14,True,False,0.17424242424242425,
Thailand,2022,47,1,15.0,98.0,,,False,False,True,False,2022-11-21,True,False,0.15306122448979592,
Thailand,2022,48,1,19.0,196.0,,,False,False,True,False,2022-11-28,True,False,0.09693877551020408,
Thailand,2022,49,1,12.0,103.0,,,False,False,True,False,2022-12-05,True,False,0.11650485436893204,
Thailand,2022,50,1,5.0,119.0,,,False,False,True,False,2022-12-12,True,False,0.04201680672268908,
Thailand,2022,51,1,17.0,137.0,,,False,False,True,False,2022-12-19,True,False,0.12408759124087591,
Thailand,2022,52,1,8.0,116.0,,,False,False,True,False,2022-12-26,True,False,0.06896551724137931,
Thailand,2023,1,1,5.0,118.0,2.0,,False,False,True,True,2023-01-02,True,False,0.0423728813559322,
Thailand,2023,2,1,10.0,137.0,2.0,,False,False,True,True,2023-01-09,True,False,0.072992700729927,
Thailand,2023,3,1,18.0,153.0,2.0,,False,False,True,True,2023-01-16,True,False,0.11764705882352941,
Thailand,2023,4,1,17.0,140.0,4.0,,False,False,True,True,2023-01-23,True,False,0.12142857142857143,
Thailand,2023,5,1,17.0,148.0,2.0,,False,False,True,True,2023-01-30,True,False,0.11486486486486487,
Thailand,2023,6,1,27.0,189.0,1.0,,False,False,True,True,2023-02-06,True,False,0.14285714285714285,
Thailand,2023,7,1,33.0,175.0,0.0,,False,False,True,True,2023-02-13,True,False,0.18857142857142858,
Thailand,2023,8,1,24.0,149.0,3.0,,False,False,True,True,2023-02-20,True,False,0.1610738255033557,
Thailand,2023,9,1,31.0,188.0,1.0,,False,False,True,True,2023-02-27,True,False,0.16489361702127658,
Thailand,2023,10,1,11.0,135.0,4.0,,False,False,True,True,2023-03-06,True,False,0.08148148148148149,
Thailand,2023,11,1,27.0,183.0,0.0,,False,False,True,True,2023-03-13,True,False,0.14754098360655737,
Thailand,2023,12,1,32.0,198.0,0.0,,False,False,True,True,2023-03-20,True,False,0.16161616161616163,
Thailand,2023,13,1,14.0,171.0,1.0,,False,False,True,True,2023-03-27,True,False,0.08187134502923976,
Thailand,2023,14,1,16.0,115.0,0.0,,False,False,True,True,2023-04-03,True,False,0.1391304347826087,
Thailand,2023,15,1,12.0,86.0,1.0,,False,False,True,True,2023-04-10,True,False,0.13953488372093023,
Thailand,2023,16,1,13.0,141.0,0.0,,False,False,True,True,2023-04-17,True,False,0.09219858156028368,
Thailand,2023,17,1,13.0,163.0,2.0,,False,False,True,True,2023-04-24,True,False,0.07975460122699386,
Thailand,2023,18,1,13.0,98.0,0.0,,False,False,True,True,2023-05-01,True,False,0.1326530612244898,
Thailand,2023,19,1,13.0,173.0,1.0,,False,False,True,True,2023-05-08,True,False,0.07514450867052024,
Thailand,2023,20,1,7.0,123.0,2.0,,False,False,True,True,2023-05-15,True,False,0.056910569105691054,
Thailand,2023,21,1,8.0,147.0,2.0,,False,False,True,True,2023-05-22,True,False,0.05442176870748299,
Thailand,2023,22,1,3.0,42.0,0.0,,False,False,True,True,2023-05-29,True,False,0.07142857142857142,
Thailand,2023,23,1,16.0,241.0,5.0,,False,False,True,True,2023-06-05,True,False,0.06639004149377593,
Thailand,2023,24,1,5.0,204.0,14.0,,False,False,True,True,2023-06-12,True,False,0.024509803921568627,
Thailand,2023,25,1,12.0,161.0,9.0,,False,False,True,True,2023-06-19,True,False,0.07453416149068323,
Thailand,2023,26,1,13.0,205.0,20.0,,False,False,True,True,2023-06-26,True,False,0.06341463414634146,
Thailand,2023,27,1,18.0,172.0,18.0,,False,False,True,True,2023-07-03,True,False,0.10465116279069768,
Thailand,2023,28,1,25.0,187.0,24.0,,False,False,True,True,2023-07-10,True,False,0.13368983957219252,
Thailand,2023,29,1,26.0,182.0,33.0,,False,False,True,True,2023-07-17,True,False,0.14285714285714285,
Thailand,2023,30,1,26.0,135.0,28.0,,False,False,True,True,2023-07-24,True,False,0.1925925925925926,
Thailand,2023,31,1,13.0,104.0,27.0,,False,False,True,True,2023-07-31,True,False,0.125,
Thailand,2023,32,1,41.0,201.0,38.0,,False,False,True,True,2023-08-07,True,False,0.20398009950248755,
Thailand,2023,33,1,51.0,174.0,40.0,,False,False,True,True,2023-08-14,True,False,0.29310344827586204,
Thailand,2023,34,1,42.0,196.0,47.0,,False,False,True,True,2023-08-21,True,False,0.21428571428571427,
Thailand,2023,35,1,63.0,194.0,42.0,,False,False,True,True,2023-08-28,True,False,0.3247422680412371,
Thailand,2023,36,1,56.0,230.0,74.0,,False,False,True,True,2023-09-04,True,False,0.24347826086956523,
Thailand,2023,37,1,53.0,194.0,58.0,,False,False,True,True,2023-09-11,True,False,0.27319587628865977,
Thailand,2023,38,1,79.0,229.0,61.0,,False,False,True,True,2023-09-18,True,False,0.34497816593886466,
Thailand,2023,39,1,79.0,208.0,55.0,,False,False,True,True,2023-09-25,True,False,0.3798076923076923,
Thailand,2023,40,1,71.0,214.0,46.0,,False,False,True,True,2023-10-02,True,False,0.3317757009345794,
Thailand,2023,41,1,61.0,170.0,35.0,,False,False,True,True,2023-10-09,True,False,0.3588235294117647,
Thailand,2023,42,1,94.0,264.0,46.0,,False,False,True,True,2023-10-16,True,False,0.3560606060606061,
Thailand,2023,43,1,41.0,175.0,24.0,,False,False,True,True,2023-10-23,True,False,0.2342857142857143,
Thailand,2023,44,1,38.0,154.0,26.0,,False,False,True,True,2023-10-30,True,False,0.24675324675324675,
Thailand,2023,45,1,60.0,199.0,22.0,,False,False,True,True,2023-11-06,True,False,0.3015075376884422,
Thailand,2023,46,1,61.0,222.0,21.0,,False,False,True,True,2023-11-13,True,False,0.2747747747747748,
Thailand,2023,47,1,69.0,201.0,15.0,,False,False,True,True,2023-11-20,True,False,0.34328358208955223,
Thailand,2023,48,1,60.0,193.0,11.0,,False,False,True,True,2023-11-27,True,False,0.31088082901554404,
Thailand,2023,49,1,35.0,148.0,11.0,,False,False,True,True,2023-12-04,True,False,0.23648648648648649,
Thailand,2023,50,1,59.0,167.0,3.0,,False,False,True,True,2023-12-11,True,False,0.3532934131736527,
Thailand,2023,51,1,36.0,176.0,6.0,,False,False,True,True,2023-12-18,True,False,0.20454545454545456,
Thailand,2023,52,1,50.0,148.0,9.0,,False,False,True,True,2023-12-25,True,False,0.33783783783783783,
Thailand,2024,1,1,35.0,144.0,5.0,,False,False,True,True,2024-01-01,True,False,0.24305555555555555,
Thailand,2024,2,1,52.0,233.0,3.0,,False,False,True,True,2024-01-08,True,False,0.22317596566523606,
Thailand,2024,3,1,37.0,206.0,4.0,,False,False,True,True,2024-01-15,True,False,0.1796116504854369,
Thailand,2024,4,1,55.0,233.0,2.0,,False,False,True,True,2024-01-22,True,False,0.23605150214592274,
Thailand,2024,5,1,42.0,225.0,2.0,,False,False,True,True,2024-01-29,True,False,0.18666666666666668,
Thailand,2024,6,1,27.0,212.0,1.0,,False,False,True,True,2024-02-05,True,False,0.12735849056603774,
Thailand,2024,7,1,42.0,282.0,1.0,,False,False,True,True,2024-02-12,True,False,0.14893617021276595,
Thailand,2024,8,1,54.0,243.0,1.0,,False,False,True,True,2024-02-19,True,False,0.2222222222222222,
Thailand,2024,9,1,32.0,196.0,1.0,,False,False,True,True,2024-02-26,True,False,0.16326530612244897,
Thailand,2024,10,1,35.0,251.0,5.0,,False,False,True,True,2024-03-04,True,False,0.1394422310756972,
Thailand,2024,11,1,34.0,211.0,1.0,,False,False,True,True,2024-03-11,True,False,0.16113744075829384,
Thailand,2024,12,1,22.0,221.0,4.0,,False,False,True,True,2024-03-18,True,False,0.09954751131221719,
Thailand,2024,13,1,42.0,230.0,1.0,,False,False,True,True,2024-03-25,True,False,0.1826086956521739,
Thailand,2024,14,1,30.0,223.0,3.0,,False,False,True,True,2024-04-01,True,False,0.13452914798206278,
Thailand,2024,15,1,26.0,123.0,4.0,,False,False,True,True,2024-04-08,True,False,0.21138211382113822,
Thailand,2024,16,1,16.0,155.0,6.0,,False,False,True,True,2024-04-15,True,False,0.1032258064516129,
Thailand,2024,17,1,41.0,243.0,2.0,,False,False,True,True,2024-04-22,True,False,0.16872427983539096,
Thailand,2024,18,1,22.0,102.0,3.0,,False,False,True,True,2024-04-29,True,False,0.21568627450980393,
Thailand,2024,19,1,17.0,196.0,1.0,,False,False,True,True,2024-05-06,True,False,0.08673469387755102,
Thailand,2024,20,1,14.0,192.0,1.0,,False,False,True,True,2024-05-13,True,False,0.07291666666666667,
Thailand,2024,21,1,11.0,150.0,0.0,,False,False,True,True,2024-05-20,True,False,0.07333333333333333,
Thailand,2024,22,1,25.0,190.0,1.0,,False,False,True,True,2024-05-27,True,False,0.13157894736842105,
Thailand,2024,23,1,17.0,173.0,1.0,,False,False,True,True,2024-06-03,True,False,0.09826589595375723,
Thailand,2024,24,1,23.0,171.0,4.0,,False,False,True,True,2024-06-10,True,False,0.13450292397660818,
Thailand,2024,25,1,36.0,188.0,3.0,,False,False,True,True,2024-06-17,True,False,0.19148936170212766,
Thailand,2024,26,1,41.0,218.0,5.0,,False,False,True,True,2024-06-24,True,False,0.18807339449541285,
Thailand,2024,27,1,49.0,201.0,6.0,,False,False,True,True,2024-07-01,True,False,0.24378109452736318,
Thailand,2024,28,1,50.0,197.0,21.0,,False,False,True,True,2024-07-08,True,False,0.25380710659898476,
Thailand,2024,29,1,63.0,276.0,15.0,,False,False,True,True,2024-07-15,True,False,0.22826086956521738,
Thailand,2024,30,1,63.0,254.0,8.0,,False,False,True,True,2024-07-22,True,False,0.24803149606299213,
Thailand,2024,31,1,23.0,151.0,2.0,,False,False,True,True,2024-07-29,True,False,0.152317880794702,
Thailand,2024,32,1,66.0,275.0,16.0,,False,False,True,True,2024-08-05,True,False,0.24,
Thailand,2024,33,1,37.0,133.0,7.0,,False,False,True,True,2024-08-12,True,False,0.2781954887218045,
Thailand,2024,34,1,36.0,186.0,10.0,,False,False,True,True,2024-08-19,True,False,0.1935483870967742,
Thailand,2024,35,1,47.0,235.0,10.0,,False,False,True,True,2024-08-26,True,False,0.2,
Thailand,2024,36,1,41.0,222.0,14.0,,False,False,True,True,2024-09-02,True,False,0.18468468468468469,
Thailand,2024,37,1,48.0,213.0,11.0,,False,False,True,True,2024-09-09,True,False,0.22535211267605634,
Thailand,2024,38,1,26.0,197.0,14.0,,False,False,True,True,2024-09-16,True,False,0.1319796954314721,
Thailand,2024,39,1,21.0,179.0,5.0,,False,False,True,True,2024-09-23,True,False,0.11731843575418995,
Thailand,2024,40,1,30.0,157.0,2.0,,False,False,True,True,2024-09-30,True,False,0.1910828025477707,
Thailand,2024,41,1,42.0,246.0,24.0,,False,False,True,True,2024-10-07,True,False,0.17073170731707318,
Thailand,2024,42,1,16.0,128.0,4.0,,False,False,True,True,2024-10-14,True,False,0.125,
Thailand,2024,43,1,8.0,121.0,15.0,,False,False,True,True,2024-10-21,True,False,0.06611570247933884,
Thailand,2024,44,1,20.0,235.0,28.0,,False,False,True,True,2024-10-28,True,False,0.0851063829787234,
Thailand,2024,45,1,15.0,159.0,16.0,,False,False,True,True,2024-11-04,True,False,0.09433962264150944,
Thailand,2024,46,1,20.0,185.0,19.0,,False,False,True,True,2024-11-11,True,False,0.10810810810810811,
Thailand,2024,47,1,14.0,146.0,11.0,,False,False,True,True,2024-11-18,True,False,0.0958904109589041,
Thailand,2024,48,1,13.0,215.0,10.0,,False,False,True,True,2024-11-25,True,False,0.06046511627906977,
Thailand,2024,49,1,6.0,77.0,3.0,,False,False,True,True,2024-12-02,True,False,0.07792207792207792,
Thailand,2024,50,1,10.0,158.0,5.0,,False,False,True,True,2024-12-09,True,False,0.06329113924050633,
Thailand,2024,51,1,19.0,224.0,15.0,,False,False,True,True,2024-12-16,True,False,0.08482142857142858,
Thailand,2024,52,1,14.0,122.0,2.0,,False,False,True,True,2024-12-23,True,False,0.11475409836065574,
Thailand,2025,1,1,7.0,48.0,2.0,,False,False,True,True,2024-12-30,True,False,0.14583333333333334,
Thailand,2025,2,1,31.0,293.0,4.0,,False,False,True,True,2025-01-06,True,False,0.10580204778156997,
Thailand,2025,3,1,27.0,186.0,1.0,,False,False,True,True,2025-01-13,True,False,0.14516129032258066,
Thailand,2025,4,1,45.0,252.0,1.0,,False,False,True,True,2025-01-20,True,False,0.17857142857142858,
Thailand,2025,5,1,48.0,240.0,1.0,,False,False,True,True,2025-01-27,True,False,0.2,
Thailand,2025,6,1,28.0,116.0,1.0,,False,False,True,True,2025-02-03,True,False,0.2413793103448276,
Thailand,2025,7,1,35.0,134.0,0.0,,False,False,True,True,2025-02-10,True,False,0.26119402985074625,
Thailand,2025,8,1,45.0,172.0,0.0,,False,False,True,True,2025-02-17,True,False,0.2616279069767442,
Thailand,2025,9,1,41.0,159.0,1.0,,False,False,True,True,2025-02-24,True,False,0.2578616352201258,
Thailand,2025,10,1,52.0,172.0,0.0,,False,False,True,True,2025-03-03,True,False,0.3023255813953488,
Thailand,2025,11,1,42.0,135.0,0.0,,False,False,True,True,2025-03-10,True,False,0.3111111111111111,
Thailand,2025,12,1,32.0,172.0,0.0,,False,False,True,True,2025-03-17,True,False,0.18604651162790697,
Thailand,2025,13,1,37.0,140.0,0.0,,False,False,True,True,2025-03-24,True,False,0.2642857142857143,
Thailand,2025,14,1,19.0,139.0,0.0,,False,False,True,True,2025-03-31,True,False,0.1366906474820144,
Thailand,2025,15,1,18.0,138.0,1.0,,False,False,True,True,2025-04-07,True,False,0.13043478260869565,
Thailand,2025,16,1,5.0,28.0,0.0,,False,False,True,True,2025-04-14,True,False,0.17857142857142858,
Thailand,2025,17,1,29.0,187.0,1.0,,False,False,True,True,2025-04-21,True,False,0.15508021390374332,
Thailand,2025,18,1,19.0,140.0,1.0,,False,False,True,True,2025-04-28,True,False,0.1357142857142857,
Thailand,2025,19,1,22.0,163.0,0.0,,False,False,True,True,2025-05-05,True,False,0.13496932515337423,
Thailand,2025,20,1,9.0,106.0,0.0,,False,False,True,True,2025-05-12,True,False,0.08490566037735849,
Thailand,2025,21,1,15.0,167.0,1.0,,False,False,True,True,2025-05-19,True,False,0.08982035928143713,
Thailand,2025,22,1,19.0,241.0,5.0,,False,False,True,True,2025-05-26,True,False,0.07883817427385892,
Thailand,2025,23,1,7.0,176.0,0.0,,False,False,True,True,2025-06-02,True,False,0.03977272727272727,
Thailand,2025,24,1,6.0,172.0,0.0,,False,False,True,True,2025-06-09,True,False,0.03488372093023256,
Thailand,2025,25,1,10.0,174.0,6.0,,False,False,True,True,2025-06-16,True,False,0.05747126436781609,
Thailand,2025,26,1,10.0,198.0,4.0,,False,False,True,True,2025-06-23,True,False,0.050505050505050504,
Thailand,2025,27,1,20.0,211.0,6.0,,False,False,True,True,2025-06-30,True,False,0.0947867298578199,
Thailand,2025,28,1,20.0,174.0,1.0,,False,False,True,True,2025-07-07,True,False,0.11494252873563218,
Thailand,2025,29,1,25.0,153.0,7.0,,False,False,True,True,2025-07-14,True,False,0.16339869281045752,
Thailand,2025,30,1,32.0,203.0,4.0,,False,False,True,True,2025-07-21,True,False,0.15763546798029557,
Thailand,2025,31,1,18.0,189.0,25.0,,False,False,True,True,2025-07-28,True,False,0.09523809523809523,
Thailand,2025,32,1,31.0,199.0,26.0,,False,False,True,True,2025-08-04,True,False,0.15577889447236182,
Thailand,2025,33,1,51.0,225.0,42.0,,False,False,True,True,2025-08-11,True,False,0.22666666666666666,
Thailand,2025,34,1,32.0,286.0,36.0,,False,False,True,True,2025-08-18,True,False,0.11188811188811189,
Thailand,2025,35,1,43.0,212.0,40.0,,False,False,True,True,2025-08-25,True,False,0.2028301886792453,
Thailand,2025,36,1,32.0,235.0,49.0,,False,False,True,True,2025-09-01,True,False,0.13617021276595745,
Thailand,2025,37,1,34.0,179.0,41.0,,False,False,True,True,2025-09-08,True,False,0.18994413407821228,
Thailand,2025,38,1,76.0,296.0,71.0,,False,False,True,True,2025-09-15,True,False,0.25675675675675674,
Thailand,2025,39,1,70.0,223.0,76.0,,False,False,True,True,2025-09-22,True,False,0.31390134529147984,
Thailand,2025,40,1,83.0,292.0,94.0,,False,False,True,True,2025-09-29,True,False,0.2842465753424658,
Thailand,2025,41,1,110.0,284.0,60.0,,False,False,True,True,2025-10-06,True,False,0.3873239436619718,
Thailand,2025,42,1,71.0,219.0,37.0,,False,False,True,True,2025-10-13,True,False,0.3242009132420091,
Thailand,2025,43,1,57.0,176.0,28.0,,False,False,True,True,2025-10-20,True,False,0.32386363636363635,
Thailand,2025,44,1,64.0,187.0,29.0,,False,False,True,True,2025-10-27,True,False,0.3422459893048128,
Thailand,2025,45,1,65.0,194.0,31.0,,False,False,True,True,2025-11-03,True,False,0.33505154639175255,
Thailand,2025,46,1,85.0,223.0,27.0,,False,False,True,True,2025-11-10,True,False,0.3811659192825112,
Thailand,2025,47,1,130.0,320.0,22.0,,False,False,True,True,2025-11-17,True,False,0.40625,
Thailand,2025,48,1,84.0,251.0,27.0,,False,False,True,True,2025-11-24,True,False,0.3346613545816733,
Thailand,2025,49,1,89.0,310.0,17.0,,False,False,True,True,2025-12-01,True,False,0.2870967741935484,
Thailand,2025,50,1,72.0,246.0,12.0,,False,False,True,True,2025-12-08,True,False,0.2926829268292683,
Thailand,2025,51,1,31.0,162.0,8.0,,False,False,True,True,2025-12-15,True,False,0.19135802469135801,
Thailand,2025,52,1,70.0,297.0,8.0,,False,False,True,True,2025-12-22,True,False,0.2356902356902357,
Viet Nam,2006,1,1,0.0,14.0,,,False,False,True,False,2006-01-02,True,False,0.0,
Viet Nam,2006,2,1,7.0,39.0,,,False,False,True,False,2006-01-09,True,False,0.1794871794871795,
Viet Nam,2006,3,1,10.0,58.0,,,False,False,True,False,2006-01-16,True,False,0.1724137931034483,
Viet Nam,2006,4,1,13.0,54.0,,,False,False,True,False,2006-01-23,True,False,0.24074074074074073,
Viet Nam,2006,5,1,0.0,2.0,,,False,False,True,False,2006-01-30,True,False,0.0,
Viet Nam,2006,6,1,2.0,15.0,,,False,False,True,False,2006-02-06,True,False,0.13333333333333333,
Viet Nam,2006,7,1,19.0,66.0,,,False,False,True,False,2006-02-13,True,False,0.2878787878787879,
Viet Nam,2006,8,1,27.0,81.0,,,False,False,True,False,2006-02-20,True,False,0.3333333333333333,
Viet Nam,2006,9,1,25.0,69.0,,,False,False,True,False,2006-02-27,True,False,0.36231884057971014,
Viet Nam,2006,10,1,18.0,66.0,,,False,False,True,False,2006-03-06,True,False,0.2727272727272727,
Viet Nam,2006,11,1,20.0,71.0,,,False,False,True,False,2006-03-13,True,False,0.28169014084507044,
Viet Nam,2006,12,1,24.0,65.0,,,False,False,True,False,2006-03-20,True,False,0.36923076923076925,
Viet Nam,2006,13,1,22.0,73.0,,,False,False,True,False,2006-03-27,True,False,0.3013698630136986,
Viet Nam,2006,14,1,17.0,73.0,,,False,False,True,False,2006-04-03,True,False,0.2328767123287671,
Viet Nam,2006,15,1,17.0,81.0,,,False,False,True,False,2006-04-10,True,False,0.20987654320987653,
Viet Nam,2006,16,1,26.0,74.0,,,False,False,True,False,2006-04-17,True,False,0.35135135135135137,
Viet Nam,2006,17,1,9.0,78.0,,,False,False,True,False,2006-04-24,True,False,0.11538461538461539,
Viet Nam,2006,18,1,5.0,58.0,,,False,False,True,False,2006-05-01,True,False,0.08620689655172414,
Viet Nam,2006,19,1,18.0,79.0,,,False,False,True,False,2006-05-08,True,False,0.22784810126582278,
Viet Nam,2006,20,1,19.0,68.0,,,False,False,True,False,2006-05-15,True,False,0.27941176470588236,
Viet Nam,2006,21,1,29.0,77.0,,,False,False,True,False,2006-05-22,True,False,0.37662337662337664,
Viet Nam,2006,22,1,32.0,80.0,,,False,False,True,False,2006-05-29,True,False,0.4,
Viet Nam,2006,23,1,29.0,73.0,,,False,False,True,False,2006-06-05,True,False,0.3972602739726027,
Viet Nam,2006,24,1,26.0,65.0,,,False,False,True,False,2006-06-12,True,False,0.4,
Viet Nam,2006,25,1,28.0,73.0,,,False,False,True,False,2006-06-19,True,False,0.3835616438356164,
Viet Nam,2006,26,1,26.0,62.0,,,False,False,True,False,2006-06-26,True,False,0.41935483870967744,
Viet Nam,2006,27,1,18.0,46.0,,,False,False,True,False,2006-07-03,True,False,0.391304347826087,
Viet Nam,2006,28,1,20.0,72.0,,,False,False,True,False,2006-07-10,True,False,0.2777777777777778,
Viet Nam,2006,29,1,29.0,73.0,,,False,False,True,False,2006-07-17,True,False,0.3972602739726027,
Viet Nam,2006,30,1,16.0,55.0,,,False,False,True,False,2006-07-24,True,False,0.2909090909090909,
Viet Nam,2006,31,1,31.0,125.0,,,False,False,True,False,2006-07-31,True,False,0.248,
Viet Nam,2006,32,1,33.0,115.0,,,False,False,True,False,2006-08-07,True,False,0.28695652173913044,
Viet Nam,2006,33,1,18.0,110.0,,,False,False,True,False,2006-08-14,True,False,0.16363636363636364,
Viet Nam,2006,34,1,17.0,114.0,,,False,False,True,False,2006-08-21,True,False,0.14912280701754385,
Viet Nam,2006,35,1,12.0,118.0,,,False,False,True,False,2006-08-28,True,False,0.1016949152542373,
Viet Nam,2006,36,1,8.0,98.0,,,False,False,True,False,2006-09-04,True,False,0.08163265306122448,
Viet Nam,2006,37,1,14.0,119.0,,,False,False,True,False,2006-09-11,True,False,0.11764705882352941,
Viet Nam,2006,38,1,8.0,107.0,,,False,False,True,False,2006-09-18,True,False,0.07476635514018691,
Viet Nam,2006,39,1,12.0,99.0,,,False,False,True,False,2006-09-25,True,False,0.12121212121212122,
Viet Nam,2006,40,1,12.0,107.0,,,False,False,True,False,2006-10-02,True,False,0.11214953271028037,
Viet Nam,2006,41,1,13.0,98.0,,,False,False,True,False,2006-10-09,True,False,0.1326530612244898,
Viet Nam,2006,42,1,5.0,106.0,,,False,False,True,False,2006-10-16,True,False,0.04716981132075472,
Viet Nam,2006,43,1,10.0,83.0,,,False,False,True,False,2006-10-23,True,False,0.12048192771084337,
Viet Nam,2006,44,1,8.0,116.0,,,False,False,True,False,2006-10-30,True,False,0.06896551724137931,
Viet Nam,2006,45,1,11.0,92.0,,,False,False,True,False,2006-11-06,True,False,0.11956521739130435,
Viet Nam,2006,46,1,15.0,96.0,,,False,False,True,False,2006-11-13,True,False,0.15625,
Viet Nam,2006,47,1,8.0,85.0,,,False,False,True,False,2006-11-20,True,False,0.09411764705882353,
Viet Nam,2006,48,1,5.0,86.0,,,False,False,True,False,2006-11-27,True,False,0.05813953488372093,
Viet Nam,2006,49,1,8.0,98.0,,,False,False,True,False,2006-12-04,True,False,0.08163265306122448,
Viet Nam,2006,50,1,3.0,106.0,,,False,False,True,False,2006-12-11,True,False,0.02830188679245283,
Viet Nam,2006,51,1,5.0,96.0,,,False,False,True,False,2006-12-18,True,False,0.052083333333333336,
Viet Nam,2006,52,1,5.0,112.0,,,False,False,True,False,2006-12-25,True,False,0.044642857142857144,
Viet Nam,2007,1,1,16.0,110.0,,,False,False,True,False,2007-01-01,True,False,0.14545454545454545,
Viet Nam,2007,2,1,21.0,104.0,,,False,False,True,False,2007-01-08,True,False,0.20192307692307693,
Viet Nam,2007,3,1,32.0,125.0,,,False,False,True,False,2007-01-15,True,False,0.256,
Viet Nam,2007,4,1,38.0,137.0,,,False,False,True,False,2007-01-22,True,False,0.2773722627737226,
Viet Nam,2007,5,1,36.0,134.0,,,False,False,True,False,2007-01-29,True,False,0.26865671641791045,
Viet Nam,2007,6,1,41.0,143.0,,,False,False,True,False,2007-02-05,True,False,0.2867132867132867,
Viet Nam,2007,7,1,0.0,2.0,,,False,False,True,False,2007-02-12,True,False,0.0,
Viet Nam,2007,8,1,0.0,0.0,,,False,False,True,False,2007-02-19,False,False,,
Viet Nam,2007,9,1,14.0,109.0,,,False,False,True,False,2007-02-26,True,False,0.12844036697247707,
Viet Nam,2007,10,1,21.0,101.0,,,False,False,True,False,2007-03-05,True,False,0.2079207920792079,
Viet Nam,2007,11,1,33.0,121.0,,,False,False,True,False,2007-03-12,True,False,0.2727272727272727,
Viet Nam,2007,12,1,22.0,110.0,,,False,False,True,False,2007-03-19,True,False,0.2,
Viet Nam,2007,13,1,27.0,126.0,,,False,False,True,False,2007-03-26,True,False,0.21428571428571427,
Viet Nam,2007,14,1,18.0,112.0,,,False,False,True,False,2007-04-02,True,False,0.16071428571428573,
Viet Nam,2007,15,1,18.0,110.0,,,False,False,True,False,2007-04-09,True,False,0.16363636363636364,
Viet Nam,2007,16,1,25.0,131.0,,,False,False,True,False,2007-04-16,True,False,0.19083969465648856,
Viet Nam,2007,17,1,13.0,104.0,,,False,False,True,False,2007-04-23,True,False,0.125,
Viet Nam,2007,18,1,7.0,89.0,,,False,False,True,False,2007-04-30,True,False,0.07865168539325842,
Viet Nam,2007,19,1,6.0,119.0,,,False,False,True,False,2007-05-07,True,False,0.05042016806722689,
Viet Nam,2007,20,1,5.0,105.0,,,False,False,True,False,2007-05-14,True,False,0.047619047619047616,
Viet Nam,2007,21,1,9.0,119.0,,,False,False,True,False,2007-05-21,True,False,0.07563025210084033,
Viet Nam,2007,22,1,3.0,126.0,,,False,False,True,False,2007-05-28,True,False,0.023809523809523808,
Viet Nam,2007,23,1,13.0,101.0,,,False,False,True,False,2007-06-04,True,False,0.12871287128712872,
Viet Nam,2007,24,1,10.0,116.0,,,False,False,True,False,2007-06-11,True,False,0.08620689655172414,
Viet Nam,2007,25,1,20.0,116.0,,,False,False,True,False,2007-06-18,True,False,0.1724137931034483,
Viet Nam,2007,26,1,20.0,114.0,,,False,False,True,False,2007-06-25,True,False,0.17543859649122806,
Viet Nam,2007,27,1,45.0,149.0,,,False,False,True,False,2007-07-02,True,False,0.30201342281879195,
Viet Nam,2007,28,1,52.0,136.0,,,False,False,True,False,2007-07-09,True,False,0.38235294117647056,
Viet Nam,2007,29,1,40.0,155.0,,,False,False,True,False,2007-07-16,True,False,0.25806451612903225,
Viet Nam,2007,30,1,40.0,157.0,,,False,False,True,False,2007-07-23,True,False,0.25477707006369427,
Viet Nam,2007,31,1,33.0,119.0,,,False,False,True,False,2007-07-30,True,False,0.2773109243697479,
Viet Nam,2007,32,1,34.0,141.0,,,False,False,True,False,2007-08-06,True,False,0.24113475177304963,
Viet Nam,2007,33,1,21.0,146.0,,,False,False,True,False,2007-08-13,True,False,0.14383561643835616,
Viet Nam,2007,34,1,20.0,136.0,,,False,False,True,False,2007-08-20,True,False,0.14705882352941177,
Viet Nam,2007,35,1,21.0,123.0,,,False,False,True,False,2007-08-27,True,False,0.17073170731707318,
Viet Nam,2007,36,1,8.0,72.0,,,False,False,True,False,2007-09-03,True,False,0.1111111111111111,
Viet Nam,2007,37,1,18.0,100.0,,,False,False,True,False,2007-09-10,True,False,0.18,
Viet Nam,2007,38,1,11.0,82.0,,,False,False,True,False,2007-09-17,True,False,0.13414634146341464,
Viet Nam,2007,39,1,13.0,155.0,,,False,False,True,False,2007-09-24,True,False,0.08387096774193549,
Viet Nam,2007,40,1,16.0,133.0,,,False,False,True,False,2007-10-01,True,False,0.12030075187969924,
Viet Nam,2007,41,1,15.0,134.0,,,False,False,True,False,2007-10-08,True,False,0.11194029850746269,
Viet Nam,2007,42,1,15.0,153.0,,,False,False,True,False,2007-10-15,True,False,0.09803921568627451,
Viet Nam,2007,43,1,20.0,138.0,,,False,False,True,False,2007-10-22,True,False,0.14492753623188406,
Viet Nam,2007,44,1,26.0,142.0,,,False,False,True,False,2007-10-29,True,False,0.18309859154929578,
Viet Nam,2007,45,1,20.0,144.0,,,False,False,True,False,2007-11-05,True,False,0.1388888888888889,
Viet Nam,2007,46,1,17.0,144.0,,,False,False,True,False,2007-11-12,True,False,0.11805555555555555,
Viet Nam,2007,47,1,29.0,131.0,,,False,False,True,False,2007-11-19,True,False,0.22137404580152673,
Viet Nam,2007,48,1,16.0,125.0,,,False,False,True,False,2007-11-26,True,False,0.128,
Viet Nam,2007,49,1,21.0,142.0,,,False,False,True,False,2007-12-03,True,False,0.14788732394366197,
Viet Nam,2007,50,1,16.0,121.0,,,False,False,True,False,2007-12-10,True,False,0.1322314049586777,
Viet Nam,2007,51,1,14.0,112.0,,,False,False,True,False,2007-12-17,True,False,0.125,
Viet Nam,2007,52,1,24.0,141.0,,,False,False,True,False,2007-12-24,True,False,0.1702127659574468,
Viet Nam,2008,1,1,24.0,124.0,,,False,False,True,False,2007-12-31,True,False,0.1935483870967742,
Viet Nam,2008,2,1,23.0,125.0,,,False,False,True,False,2008-01-07,True,False,0.184,
Viet Nam,2008,3,1,32.0,116.0,,,False,False,True,False,2008-01-14,True,False,0.27586206896551724,
Viet Nam,2008,4,1,28.0,126.0,,,False,False,True,False,2008-01-21,True,False,0.2222222222222222,
Viet Nam,2008,6,1,1.0,9.0,,,False,False,True,False,2008-02-04,True,False,0.1111111111111111,
Viet Nam,2008,7,1,28.0,131.0,,,False,False,True,False,2008-02-11,True,False,0.21374045801526717,
Viet Nam,2008,8,1,27.0,138.0,,,False,False,True,False,2008-02-18,True,False,0.1956521739130435,
Viet Nam,2008,9,1,14.0,139.0,,,False,False,True,False,2008-02-25,True,False,0.10071942446043165,
Viet Nam,2008,10,1,22.0,153.0,,,False,False,True,False,2008-03-03,True,False,0.1437908496732026,
Viet Nam,2008,11,1,17.0,152.0,,,False,False,True,False,2008-03-10,True,False,0.1118421052631579,
Viet Nam,2008,12,1,22.0,144.0,,,False,False,True,False,2008-03-17,True,False,0.1527777777777778,
Viet Nam,2008,13,1,17.0,147.0,,,False,False,True,False,2008-03-24,True,False,0.11564625850340136,
Viet Nam,2008,14,1,15.0,141.0,,,False,False,True,False,2008-03-31,True,False,0.10638297872340426,
Viet Nam,2008,15,1,20.0,139.0,,,False,False,True,False,2008-04-07,True,False,0.14388489208633093,
Viet Nam,2008,16,1,20.0,151.0,,,False,False,True,False,2008-04-14,True,False,0.13245033112582782,
Viet Nam,2008,17,1,10.0,111.0,,,False,False,True,False,2008-04-21,True,False,0.09009009009009009,
Viet Nam,2008,18,1,17.0,132.0,,,False,False,True,False,2008-04-28,True,False,0.12878787878787878,
Viet Nam,2008,19,1,22.0,160.0,,,False,False,True,False,2008-05-05,True,False,0.1375,
Viet Nam,2008,20,1,25.0,152.0,,,False,False,True,False,2008-05-12,True,False,0.16447368421052633,
Viet Nam,2008,21,1,39.0,151.0,,,False,False,True,False,2008-05-19,True,False,0.2582781456953642,
Viet Nam,2008,22,1,36.0,145.0,,,False,False,True,False,2008-05-26,True,False,0.2482758620689655,
Viet Nam,2008,23,1,32.0,135.0,,,False,False,True,False,2008-06-02,True,False,0.23703703703703705,
Viet Nam,2008,24,1,34.0,144.0,,,False,False,True,False,2008-06-09,True,False,0.2361111111111111,
Viet Nam,2008,25,1,35.0,139.0,,,False,False,True,False,2008-06-16,True,False,0.2517985611510791,
Viet Nam,2008,26,1,46.0,150.0,,,False,False,True,False,2008-06-23,True,False,0.30666666666666664,
Viet Nam,2008,27,1,51.0,157.0,,,False,False,True,False,2008-06-30,True,False,0.3248407643312102,
Viet Nam,2008,28,1,47.0,130.0,,,False,False,True,False,2008-07-07,True,False,0.36153846153846153,
Viet Nam,2008,29,1,53.0,144.0,,,False,False,True,False,2008-07-14,True,False,0.3680555555555556,
Viet Nam,2008,30,1,40.0,137.0,,,False,False,True,False,2008-07-21,True,False,0.291970802919708,
Viet Nam,2008,31,1,54.0,144.0,,,False,False,True,False,2008-07-28,True,False,0.375,
Viet Nam,2008,32,1,40.0,147.0,,,False,False,True,False,2008-08-04,True,False,0.272108843537415,
Viet Nam,2008,33,1,45.0,143.0,,,False,False,True,False,2008-08-11,True,False,0.3146853146853147,
Viet Nam,2008,34,1,47.0,161.0,,,False,False,True,False,2008-08-18,True,False,0.2919254658385093,
Viet Nam,2008,35,1,34.0,125.0,,,False,False,True,False,2008-08-25,True,False,0.272,
Viet Nam,2008,36,1,33.0,139.0,,,False,False,True,False,2008-09-01,True,False,0.23741007194244604,
Viet Nam,2008,37,1,32.0,148.0,,,False,False,True,False,2008-09-08,True,False,0.21621621621621623,
Viet Nam,2008,38,1,24.0,129.0,,,False,False,True,False,2008-09-15,True,False,0.18604651162790697,
Viet Nam,2008,39,1,28.0,149.0,,,False,False,True,False,2008-09-22,True,False,0.18791946308724833,
Viet Nam,2008,40,1,23.0,136.0,,,False,False,True,False,2008-09-29,True,False,0.16911764705882354,
Viet Nam,2008,41,1,29.0,156.0,,,False,False,True,False,2008-10-06,True,False,0.1858974358974359,
Viet Nam,2008,42,1,27.0,136.0,,,False,False,True,False,2008-10-13,True,False,0.19852941176470587,
Viet Nam,2008,43,1,17.0,140.0,,,False,False,True,False,2008-10-20,True,False,0.12142857142857143,
Viet Nam,2008,44,1,36.0,135.0,,,False,False,True,False,2008-10-27,True,False,0.26666666666666666,
Viet Nam,2008,45,1,38.0,146.0,,,False,False,True,False,2008-11-03,True,False,0.2602739726027397,
Viet Nam,2008,46,1,33.0,129.0,,,False,False,True,False,2008-11-10,True,False,0.2558139534883721,
Viet Nam,2008,47,1,37.0,130.0,,,False,False,True,False,2008-11-17,True,False,0.2846153846153846,
Viet Nam,2008,48,1,37.0,140.0,,,False,False,True,False,2008-11-24,True,False,0.2642857142857143,
Viet Nam,2008,49,1,23.0,129.0,,,False,False,True,False,2008-12-01,True,False,0.17829457364341086,
Viet Nam,2008,50,1,20.0,125.0,,,False,False,True,False,2008-12-08,True,False,0.16,
Viet Nam,2008,51,1,11.0,99.0,,,False,False,True,False,2008-12-15,True,False,0.1111111111111111,
Viet Nam,2008,52,1,12.0,96.0,,,False,False,True,False,2008-12-22,True,False,0.125,
Viet Nam,2009,1,1,12.0,140.0,,,False,False,True,False,2008-12-29,True,False,0.08571428571428572,
Viet Nam,2009,2,1,17.0,149.0,,,False,False,True,False,2009-01-05,True,False,0.11409395973154363,
Viet Nam,2009,3,1,,12.0,,,False,False,True,False,2009-01-12,False,False,,
Viet Nam,2009,4,1,,2.0,,,False,False,True,False,2009-01-19,False,False,,
Viet Nam,2009,5,1,11.0,128.0,,,False,False,True,False,2009-01-26,True,False,0.0859375,
Viet Nam,2009,6,1,9.0,148.0,,,False,False,True,False,2009-02-02,True,False,0.060810810810810814,
Viet Nam,2009,7,1,4.0,129.0,,,False,False,True,False,2009-02-09,True,False,0.031007751937984496,
Viet Nam,2009,8,1,6.0,126.0,,,False,False,True,False,2009-02-16,True,False,0.047619047619047616,
Viet Nam,2009,9,1,12.0,134.0,,,False,False,True,False,2009-02-23,True,False,0.08955223880597014,
Viet Nam,2009,10,1,19.0,149.0,,,False,False,True,False,2009-03-02,True,False,0.12751677852348994,
Viet Nam,2009,11,1,26.0,142.0,,,False,False,True,False,2009-03-09,True,False,0.18309859154929578,
Viet Nam,2009,12,1,31.0,154.0,,,False,False,True,False,2009-03-16,True,False,0.2012987012987013,
Viet Nam,2009,13,1,40.0,141.0,,,False,False,True,False,2009-03-23,True,False,0.28368794326241137,
Viet Nam,2009,14,1,36.0,140.0,,,False,False,True,False,2009-03-30,True,False,0.2571428571428571,
Viet Nam,2009,15,1,36.0,150.0,,,False,False,True,False,2009-04-06,True,False,0.24,
Viet Nam,2009,16,1,39.0,146.0,,,False,False,True,False,2009-04-13,True,False,0.2671232876712329,
Viet Nam,2009,17,1,34.0,109.0,,,False,False,True,False,2009-04-20,True,False,0.3119266055045872,
Viet Nam,2009,18,1,78.0,202.0,,,False,False,True,False,2009-04-27,True,False,0.38613861386138615,
Viet Nam,2009,19,1,83.0,205.0,,,False,False,True,False,2009-05-04,True,False,0.40487804878048783,
Viet Nam,2009,20,1,87.0,193.0,,,False,False,True,False,2009-05-11,True,False,0.45077720207253885,
Viet Nam,2009,21,1,87.0,199.0,,,False,False,True,False,2009-05-18,True,False,0.4371859296482412,
Viet Nam,2009,22,1,73.0,177.0,,,False,False,True,False,2009-05-25,True,False,0.4124293785310734,
Viet Nam,2009,23,1,64.0,161.0,,,False,False,True,False,2009-06-01,True,False,0.39751552795031053,
Viet Nam,2009,24,1,51.0,167.0,,,False,False,True,False,2009-06-08,True,False,0.30538922155688625,
Viet Nam,2009,25,1,43.0,175.0,,,False,False,True,False,2009-06-15,True,False,0.24571428571428572,
Viet Nam,2009,26,1,39.0,163.0,,,False,False,True,False,2009-06-22,True,False,0.2392638036809816,
Viet Nam,2009,27,1,51.0,172.0,,,False,False,True,False,2009-06-29,True,False,0.29651162790697677,
Viet Nam,2009,28,1,21.0,151.0,,,False,False,True,False,2009-07-06,True,False,0.1390728476821192,
Viet Nam,2009,29,1,27.0,185.0,,,False,False,True,False,2009-07-13,True,False,0.14594594594594595,
Viet Nam,2009,30,1,19.0,167.0,,,False,False,True,False,2009-07-20,True,False,0.11377245508982035,
Viet Nam,2009,31,1,20.0,176.0,,,False,False,True,False,2009-07-27,True,False,0.11363636363636363,
Viet Nam,2009,32,1,32.0,173.0,,,False,False,True,False,2009-08-03,True,False,0.18497109826589594,
Viet Nam,2009,33,1,49.0,186.0,,,False,False,True,False,2009-08-10,True,False,0.26344086021505375,
Viet Nam,2009,34,1,34.0,167.0,,,False,False,True,False,2009-08-17,True,False,0.20359281437125748,
Viet Nam,2009,35,1,17.0,112.0,,,False,False,True,False,2009-08-24,True,False,0.15178571428571427,
Viet Nam,2009,36,1,43.0,137.0,,,False,False,True,False,2009-08-31,True,False,0.31386861313868614,
Viet Nam,2009,37,1,79.0,145.0,,,False,False,True,False,2009-09-07,True,False,0.5448275862068965,
Viet Nam,2009,38,1,85.0,138.0,,,False,False,True,False,2009-09-14,True,False,0.6159420289855072,
Viet Nam,2009,39,1,56.0,124.0,,,False,False,True,False,2009-09-21,True,False,0.45161290322580644,
Viet Nam,2009,40,1,72.0,120.0,,,False,False,True,False,2009-09-28,True,False,0.6,
Viet Nam,2009,41,1,39.0,104.0,,,False,False,True,False,2009-10-05,True,False,0.375,
Viet Nam,2009,42,1,48.0,118.0,,,False,False,True,False,2009-10-12,True,False,0.4067796610169492,
Viet Nam,2009,43,1,46.0,127.0,,,False,False,True,False,2009-10-19,True,False,0.36220472440944884,
Viet Nam,2009,44,1,42.0,119.0,,,False,False,True,False,2009-10-26,True,False,0.35294117647058826,
Viet Nam,2009,45,1,29.0,128.0,,,False,False,True,False,2009-11-02,True,False,0.2265625,
Viet Nam,2009,46,1,30.0,117.0,,,False,False,True,False,2009-11-09,True,False,0.2564102564102564,
Viet Nam,2009,47,1,28.0,109.0,,,False,False,True,False,2009-11-16,True,False,0.25688073394495414,
Viet Nam,2009,48,1,19.0,110.0,,,False,False,True,False,2009-11-23,True,False,0.17272727272727273,
Viet Nam,2009,49,1,16.0,119.0,,,False,False,True,False,2009-11-30,True,False,0.13445378151260504,
Viet Nam,2009,50,1,23.0,111.0,,,False,False,True,False,2009-12-07,True,False,0.2072072072072072,
Viet Nam,2009,51,1,12.0,107.0,,,False,False,True,False,2009-12-14,True,False,0.11214953271028037,
Viet Nam,2009,52,1,20.0,114.0,,,False,False,True,False,2009-12-21,True,False,0.17543859649122806,
Viet Nam,2010,1,1,13.0,110.0,,,False,False,True,False,2010-01-04,True,False,0.11818181818181818,
Viet Nam,2010,2,1,9.0,121.0,,,False,False,True,False,2010-01-11,True,False,0.0743801652892562,
Viet Nam,2010,3,1,11.0,115.0,,,False,False,True,False,2010-01-18,True,False,0.09565217391304348,
Viet Nam,2010,4,1,10.0,122.0,,,False,False,True,False,2010-01-25,True,False,0.08196721311475409,
Viet Nam,2010,5,1,11.0,121.0,,,False,False,True,False,2010-02-01,True,False,0.09090909090909091,
Viet Nam,2010,6,1,2.0,24.0,,,False,False,True,False,2010-02-08,True,False,0.08333333333333333,
Viet Nam,2010,8,1,11.0,101.0,,,False,False,True,False,2010-02-22,True,False,0.10891089108910891,
Viet Nam,2010,9,1,9.0,108.0,,,False,False,True,False,2010-03-01,True,False,0.08333333333333333,
Viet Nam,2010,10,1,9.0,101.0,,,False,False,True,False,2010-03-08,True,False,0.0891089108910891,
Viet Nam,2010,11,1,15.0,111.0,,,False,False,True,False,2010-03-15,True,False,0.13513513513513514,
Viet Nam,2010,12,1,18.0,133.0,,,False,False,True,False,2010-03-22,True,False,0.13533834586466165,
Viet Nam,2010,13,1,3.0,66.0,,,False,False,True,False,2010-03-29,True,False,0.045454545454545456,
Viet Nam,2010,14,1,3.0,36.0,,,False,False,True,False,2010-04-05,True,False,0.08333333333333333,
Viet Nam,2010,15,1,5.0,29.0,,,False,False,True,False,2010-04-12,True,False,0.1724137931034483,
Viet Nam,2010,16,1,2.0,26.0,,,False,False,True,False,2010-04-19,True,False,0.07692307692307693,
Viet Nam,2010,17,1,1.0,32.0,,,False,False,True,False,2010-04-26,True,False,0.03125,
Viet Nam,2010,18,1,2.0,31.0,,,False,False,True,False,2010-05-03,True,False,0.06451612903225806,
Viet Nam,2010,19,1,4.0,28.0,,,False,False,True,False,2010-05-10,True,False,0.14285714285714285,
Viet Nam,2010,20,1,4.0,29.0,,,False,False,True,False,2010-05-17,True,False,0.13793103448275862,
Viet Nam,2010,21,1,4.0,29.0,,,False,False,True,False,2010-05-24,True,False,0.13793103448275862,
Viet Nam,2010,22,1,6.0,29.0,,,False,False,True,False,2010-05-31,True,False,0.20689655172413793,
Viet Nam,2010,23,1,4.0,34.0,,,False,False,True,False,2010-06-07,True,False,0.11764705882352941,
Viet Nam,2010,24,1,16.0,79.0,,,False,False,True,False,2010-06-14,True,False,0.20253164556962025,
Viet Nam,2010,25,1,20.0,91.0,,,False,False,True,False,2010-06-21,True,False,0.21978021978021978,
Viet Nam,2010,26,1,15.0,107.0,,,False,False,True,False,2010-06-28,True,False,0.14018691588785046,
Viet Nam,2010,27,1,21.0,109.0,,,False,False,True,False,2010-07-05,True,False,0.1926605504587156,
Viet Nam,2010,28,1,22.0,112.0,,,False,False,True,False,2010-07-12,True,False,0.19642857142857142,
Viet Nam,2010,29,1,27.0,93.0,,,False,False,True,False,2010-07-19,True,False,0.2903225806451613,
Viet Nam,2010,30,1,37.0,107.0,,,False,False,True,False,2010-07-26,True,False,0.34579439252336447,
Viet Nam,2010,31,1,40.0,104.0,,,False,False,True,False,2010-08-02,True,False,0.38461538461538464,
Viet Nam,2010,32,1,58.0,116.0,,,False,False,True,False,2010-08-09,True,False,0.5,
Viet Nam,2010,33,1,56.0,122.0,,,False,False,True,False,2010-08-16,True,False,0.45901639344262296,
Viet Nam,2010,34,1,56.0,110.0,,,False,False,True,False,2010-08-23,True,False,0.509090909090909,
Viet Nam,2010,35,1,36.0,84.0,,,False,False,True,False,2010-08-30,True,False,0.42857142857142855,
Viet Nam,2010,36,1,36.0,117.0,,,False,False,True,False,2010-09-06,True,False,0.3076923076923077,
Viet Nam,2010,37,1,33.0,117.0,,,False,False,True,False,2010-09-13,True,False,0.28205128205128205,
Viet Nam,2010,38,1,26.0,114.0,,,False,False,True,False,2010-09-20,True,False,0.22807017543859648,
Viet Nam,2010,39,1,30.0,105.0,,,False,False,True,False,2010-09-27,True,False,0.2857142857142857,
Viet Nam,2010,40,1,22.0,95.0,,,False,False,True,False,2010-10-04,True,False,0.23157894736842105,
Viet Nam,2010,41,1,16.0,100.0,,,False,False,True,False,2010-10-11,True,False,0.16,
Viet Nam,2010,42,1,21.0,78.0,,,False,False,True,False,2010-10-18,True,False,0.2692307692307692,
Viet Nam,2010,43,1,21.0,81.0,,,False,False,True,False,2010-10-25,True,False,0.25925925925925924,
Viet Nam,2010,44,1,18.0,91.0,,,False,False,True,False,2010-11-01,True,False,0.1978021978021978,
Viet Nam,2010,45,1,20.0,89.0,,,False,False,True,False,2010-11-08,True,False,0.2247191011235955,
Viet Nam,2010,46,1,28.0,102.0,,,False,False,True,False,2010-11-15,True,False,0.27450980392156865,
Viet Nam,2010,47,1,38.0,93.0,,,False,False,True,False,2010-11-22,True,False,0.40860215053763443,
Viet Nam,2010,48,1,20.0,88.0,,,False,False,True,False,2010-11-29,True,False,0.22727272727272727,
Viet Nam,2010,49,1,25.0,82.0,,,False,False,True,False,2010-12-06,True,False,0.3048780487804878,
Viet Nam,2010,50,1,12.0,56.0,,,False,False,True,False,2010-12-13,True,False,0.21428571428571427,
Viet Nam,2010,51,1,16.0,69.0,,,False,False,True,False,2010-12-20,True,False,0.2318840579710145,
Viet Nam,2010,52,1,16.0,53.0,,,False,False,True,False,2010-12-27,True,False,0.3018867924528302,
Viet Nam,2011,1,1,15.0,82.0,,,False,False,True,False,2011-01-03,True,False,0.18292682926829268,
Viet Nam,2011,2,1,34.0,112.0,,,False,False,True,False,2011-01-10,True,False,0.30357142857142855,
Viet Nam,2011,3,1,35.0,122.0,,,False,False,True,False,2011-01-17,True,False,0.28688524590163933,
Viet Nam,2011,4,1,34.0,110.0,,,False,False,True,False,2011-01-24,True,False,0.3090909090909091,
Viet Nam,2011,5,1,0.0,7.0,,,False,False,True,False,2011-01-31,True,False,0.0,
Viet Nam,2011,6,1,6.0,37.0,,,False,False,True,False,2011-02-07,True,False,0.16216216216216217,
Viet Nam,2011,7,1,31.0,83.0,,,False,False,True,False,2011-02-14,True,False,0.37349397590361444,
Viet Nam,2011,8,1,44.0,102.0,,,False,False,True,False,2011-02-21,True,False,0.43137254901960786,
Viet Nam,2011,9,1,45.0,143.0,,,False,False,True,False,2011-02-28,True,False,0.3146853146853147,
Viet Nam,2011,10,1,67.0,168.0,,,False,False,True,False,2011-03-07,True,False,0.39880952380952384,
Viet Nam,2011,11,1,57.0,149.0,,,False,False,True,False,2011-03-14,True,False,0.3825503355704698,
Viet Nam,2011,12,1,31.0,133.0,,,False,False,True,False,2011-03-21,True,False,0.23308270676691728,
Viet Nam,2011,13,1,40.0,157.0,,,False,False,True,False,2011-03-28,True,False,0.25477707006369427,
Viet Nam,2011,14,1,15.0,141.0,,,False,False,True,False,2011-04-04,True,False,0.10638297872340426,
Viet Nam,2011,15,1,16.0,97.0,,,False,False,True,False,2011-04-11,True,False,0.16494845360824742,
Viet Nam,2011,16,1,9.0,135.0,,,False,False,True,False,2011-04-18,True,False,0.06666666666666667,
Viet Nam,2011,17,1,25.0,148.0,,,False,False,True,False,2011-04-25,True,False,0.16891891891891891,
Viet Nam,2011,18,1,14.0,110.0,,,False,False,True,False,2011-05-02,True,False,0.12727272727272726,
Viet Nam,2011,19,1,7.0,125.0,,,False,False,True,False,2011-05-09,True,False,0.056,
Viet Nam,2011,20,1,18.0,146.0,,,False,False,True,False,2011-05-16,True,False,0.1232876712328767,
Viet Nam,2011,21,1,20.0,171.0,,,False,False,True,False,2011-05-23,True,False,0.11695906432748537,
Viet Nam,2011,22,1,14.0,149.0,,,False,False,True,False,2011-05-30,True,False,0.09395973154362416,
Viet Nam,2011,23,1,18.0,176.0,,,False,False,True,False,2011-06-06,True,False,0.10227272727272728,
Viet Nam,2011,24,1,10.0,142.0,,,False,False,True,False,2011-06-13,True,False,0.07042253521126761,
Viet Nam,2011,25,1,5.0,158.0,,,False,False,True,False,2011-06-20,True,False,0.03164556962025317,
Viet Nam,2011,26,1,12.0,147.0,,,False,False,True,False,2011-06-27,True,False,0.08163265306122448,
Viet Nam,2011,27,1,14.0,164.0,,,False,False,True,False,2011-07-04,True,False,0.08536585365853659,
Viet Nam,2011,28,1,16.0,185.0,,,False,False,True,False,2011-07-11,True,False,0.08648648648648649,
Viet Nam,2011,29,1,27.0,226.0,,,False,False,True,False,2011-07-18,True,False,0.11946902654867257,
Viet Nam,2011,30,1,21.0,194.0,,,False,False,True,False,2011-07-25,True,False,0.10824742268041238,
Viet Nam,2011,31,1,20.0,167.0,,,False,False,True,False,2011-08-01,True,False,0.11976047904191617,
Viet Nam,2011,32,1,29.0,181.0,,,False,False,True,False,2011-08-08,True,False,0.16022099447513813,
Viet Nam,2011,33,1,30.0,206.0,,,False,False,True,False,2011-08-15,True,False,0.14563106796116504,
Viet Nam,2011,34,1,23.0,200.0,,,False,False,True,False,2011-08-22,True,False,0.115,
Viet Nam,2011,35,1,33.0,195.0,,,False,False,True,False,2011-08-29,True,False,0.16923076923076924,
Viet Nam,2011,36,1,22.0,183.0,,,False,False,True,False,2011-09-05,True,False,0.12021857923497267,
Viet Nam,2011,37,1,21.0,192.0,,,False,False,True,False,2011-09-12,True,False,0.109375,
Viet Nam,2011,38,1,26.0,194.0,,,False,False,True,False,2011-09-19,True,False,0.13402061855670103,
Viet Nam,2011,39,1,37.0,185.0,,,False,False,True,False,2011-09-26,True,False,0.2,
Viet Nam,2011,40,1,32.0,156.0,,,False,False,True,False,2011-10-03,True,False,0.20512820512820512,
Viet Nam,2011,41,1,25.0,151.0,,,False,False,True,False,2011-10-10,True,False,0.16556291390728478,
Viet Nam,2011,42,1,22.0,124.0,,,False,False,True,False,2011-10-17,True,False,0.1774193548387097,
Viet Nam,2011,43,1,29.0,100.0,,,False,False,True,False,2011-10-24,True,False,0.29,
Viet Nam,2011,44,1,16.0,83.0,,,False,False,True,False,2011-10-31,True,False,0.1927710843373494,
Viet Nam,2011,45,1,22.0,74.0,,,False,False,True,False,2011-11-07,True,False,0.2972972972972973,
Viet Nam,2011,46,1,8.0,92.0,,,False,False,True,False,2011-11-14,True,False,0.08695652173913043,
Viet Nam,2011,47,1,11.0,79.0,,,False,False,True,False,2011-11-21,True,False,0.13924050632911392,
Viet Nam,2011,48,1,12.0,81.0,,,False,False,True,False,2011-11-28,True,False,0.14814814814814814,
Viet Nam,2011,49,1,4.0,69.0,,,False,False,True,False,2011-12-05,True,False,0.057971014492753624,
Viet Nam,2011,50,1,6.0,59.0,,,False,False,True,False,2011-12-12,True,False,0.1016949152542373,
Viet Nam,2011,51,1,7.0,65.0,,,False,False,True,False,2011-12-19,True,False,0.1076923076923077,
Viet Nam,2011,52,1,4.0,66.0,,,False,False,True,False,2011-12-26,True,False,0.06060606060606061,
Viet Nam,2012,1,1,4.0,52.0,,,False,False,True,False,2012-01-02,True,False,0.07692307692307693,
Viet Nam,2012,2,1,5.0,67.0,,,False,False,True,False,2012-01-09,True,False,0.07462686567164178,
Viet Nam,2012,3,1,4.0,47.0,,,False,False,True,False,2012-01-16,True,False,0.0851063829787234,
Viet Nam,2012,4,1,0.0,1.0,,,False,False,True,False,2012-01-23,True,False,0.0,
Viet Nam,2012,5,1,9.0,55.0,,,False,False,True,False,2012-01-30,True,False,0.16363636363636364,
Viet Nam,2012,6,1,20.0,73.0,,,False,False,True,False,2012-02-06,True,False,0.273972602739726,
Viet Nam,2012,7,1,22.0,84.0,,,False,False,True,False,2012-02-13,True,False,0.2619047619047619,
Viet Nam,2012,8,1,21.0,88.0,,,False,False,True,False,2012-02-20,True,False,0.23863636363636365,
Viet Nam,2012,9,1,19.0,116.0,,,False,False,True,False,2012-02-27,True,False,0.16379310344827586,
Viet Nam,2012,10,1,23.0,101.0,,,False,False,True,False,2012-03-05,True,False,0.22772277227722773,
Viet Nam,2012,11,1,20.0,77.0,,,False,False,True,False,2012-03-12,True,False,0.2597402597402597,
Viet Nam,2012,12,1,13.0,93.0,,,False,False,True,False,2012-03-19,True,False,0.13978494623655913,
Viet Nam,2012,13,1,12.0,74.0,,,False,False,True,False,2012-03-26,True,False,0.16216216216216217,
Viet Nam,2012,14,1,11.0,77.0,,,False,False,True,False,2012-04-02,True,False,0.14285714285714285,
Viet Nam,2012,15,1,12.0,74.0,,,False,False,True,False,2012-04-09,True,False,0.16216216216216217,
Viet Nam,2012,16,1,20.0,102.0,,,False,False,True,False,2012-04-16,True,False,0.19607843137254902,
Viet Nam,2012,17,1,18.0,78.0,,,False,False,True,False,2012-04-23,True,False,0.23076923076923078,
Viet Nam,2012,18,1,10.0,39.0,,,False,False,True,False,2012-04-30,True,False,0.2564102564102564,
Viet Nam,2012,19,1,17.0,74.0,,,False,False,True,False,2012-05-07,True,False,0.22972972972972974,
Viet Nam,2012,20,1,18.0,74.0,,,False,False,True,False,2012-05-14,True,False,0.24324324324324326,
Viet Nam,2012,21,1,15.0,72.0,,,False,False,True,False,2012-05-21,True,False,0.20833333333333334,
Viet Nam,2012,22,1,23.0,69.0,,,False,False,True,False,2012-05-28,True,False,0.3333333333333333,
Viet Nam,2012,23,1,33.0,75.0,,,False,False,True,False,2012-06-04,True,False,0.44,
Viet Nam,2012,24,1,28.0,84.0,,,False,False,True,False,2012-06-11,True,False,0.3333333333333333,
Viet Nam,2012,25,1,27.0,75.0,,,False,False,True,False,2012-06-18,True,False,0.36,
Viet Nam,2012,26,1,37.0,106.0,,,False,False,True,False,2012-06-25,True,False,0.3490566037735849,
Viet Nam,2012,27,1,20.0,60.0,,,False,False,True,False,2012-07-02,True,False,0.3333333333333333,
Viet Nam,2012,28,1,21.0,67.0,,,False,False,True,False,2012-07-09,True,False,0.31343283582089554,
Viet Nam,2012,29,1,13.0,50.0,,,False,False,True,False,2012-07-16,True,False,0.26,
Viet Nam,2012,30,1,16.0,72.0,,,False,False,True,False,2012-07-23,True,False,0.2222222222222222,
Viet Nam,2012,31,1,7.0,58.0,,,False,False,True,False,2012-07-30,True,False,0.1206896551724138,
Viet Nam,2012,32,1,2.0,50.0,,,False,False,True,False,2012-08-06,True,False,0.04,
Viet Nam,2012,33,1,12.0,87.0,,,False,False,True,False,2012-08-13,True,False,0.13793103448275862,
Viet Nam,2012,34,1,9.0,77.0,,,False,False,True,False,2012-08-20,True,False,0.11688311688311688,
Viet Nam,2012,35,1,0.0,42.0,,,False,False,True,False,2012-08-27,True,False,0.0,
Viet Nam,2012,36,1,3.0,57.0,,,False,False,True,False,2012-09-03,True,False,0.05263157894736842,
Viet Nam,2012,37,1,12.0,96.0,,,False,False,True,False,2012-09-10,True,False,0.125,
Viet Nam,2012,38,1,10.0,84.0,,,False,False,True,False,2012-09-17,True,False,0.11904761904761904,
Viet Nam,2012,39,1,10.0,104.0,,,False,False,True,False,2012-09-24,True,False,0.09615384615384616,
Viet Nam,2012,40,1,10.0,87.0,,,False,False,True,False,2012-10-01,True,False,0.11494252873563218,
Viet Nam,2012,41,1,22.0,99.0,,,False,False,True,False,2012-10-08,True,False,0.2222222222222222,
Viet Nam,2012,42,1,6.0,89.0,,,False,False,True,False,2012-10-15,True,False,0.06741573033707865,
Viet Nam,2012,43,1,16.0,70.0,,,False,False,True,False,2012-10-22,True,False,0.22857142857142856,
Viet Nam,2012,44,1,11.0,90.0,,,False,False,True,False,2012-10-29,True,False,0.12222222222222222,
Viet Nam,2012,45,1,23.0,94.0,,,False,False,True,False,2012-11-05,True,False,0.24468085106382978,
Viet Nam,2012,46,1,19.0,95.0,,,False,False,True,False,2012-11-12,True,False,0.2,
Viet Nam,2012,47,1,15.0,89.0,,,False,False,True,False,2012-11-19,True,False,0.16853932584269662,
Viet Nam,2012,48,1,24.0,110.0,,,False,False,True,False,2012-11-26,True,False,0.21818181818181817,
Viet Nam,2012,49,1,24.0,110.0,,,False,False,True,False,2012-12-03,True,False,0.21818181818181817,
Viet Nam,2012,50,1,20.0,130.0,,,False,False,True,False,2012-12-10,True,False,0.15384615384615385,
Viet Nam,2012,51,1,12.0,127.0,,,False,False,True,False,2012-12-17,True,False,0.09448818897637795,
Viet Nam,2012,52,1,11.0,102.0,,,False,False,True,False,2012-12-24,True,False,0.10784313725490197,
Viet Nam,2013,1,1,7.0,65.0,,,False,False,True,False,2012-12-31,True,False,0.1076923076923077,
Viet Nam,2013,2,1,7.0,70.0,,,False,False,True,False,2013-01-07,True,False,0.1,
Viet Nam,2013,3,1,5.0,78.0,,,False,False,True,False,2013-01-14,True,False,0.0641025641025641,
Viet Nam,2013,4,1,5.0,87.0,,,False,False,True,False,2013-01-21,True,False,0.05747126436781609,
Viet Nam,2013,5,1,5.0,89.0,,,False,False,True,False,2013-01-28,True,False,0.056179775280898875,
Viet Nam,2013,6,1,6.0,88.0,,,False,False,True,False,2013-02-04,True,False,0.06818181818181818,
Viet Nam,2013,7,1,0.0,0.0,,,False,False,True,False,2013-02-11,False,False,,
Viet Nam,2013,8,1,5.0,54.0,,,False,False,True,False,2013-02-18,True,False,0.09259259259259259,
Viet Nam,2013,9,1,9.0,93.0,,,False,False,True,False,2013-02-25,True,False,0.0967741935483871,
Viet Nam,2013,10,1,8.0,68.0,,,False,False,True,False,2013-03-04,True,False,0.11764705882352941,
Viet Nam,2013,11,1,13.0,77.0,,,False,False,True,False,2013-03-11,True,False,0.16883116883116883,
Viet Nam,2013,12,1,13.0,89.0,,,False,False,True,False,2013-03-18,True,False,0.14606741573033707,
Viet Nam,2013,13,1,9.0,77.0,,,False,False,True,False,2013-03-25,True,False,0.11688311688311688,
Viet Nam,2013,14,1,13.0,90.0,,,False,False,True,False,2013-04-01,True,False,0.14444444444444443,
Viet Nam,2013,15,1,16.0,103.0,,,False,False,True,False,2013-04-08,True,False,0.1553398058252427,
Viet Nam,2013,16,1,25.0,94.0,,,False,False,True,False,2013-04-15,True,False,0.26595744680851063,
Viet Nam,2013,17,1,24.0,125.0,,,False,False,True,False,2013-04-22,True,False,0.192,
Viet Nam,2013,18,1,23.0,73.0,,,False,False,True,False,2013-04-29,True,False,0.3150684931506849,
Viet Nam,2013,19,1,29.0,98.0,,,False,False,True,False,2013-05-06,True,False,0.29591836734693877,
Viet Nam,2013,20,1,33.0,116.0,,,False,False,True,False,2013-05-13,True,False,0.28448275862068967,
Viet Nam,2013,21,1,35.0,111.0,,,False,False,True,False,2013-05-20,True,False,0.3153153153153153,
Viet Nam,2013,22,1,39.0,130.0,,,False,False,True,False,2013-05-27,True,False,0.3,
Viet Nam,2013,23,1,41.0,115.0,,,False,False,True,False,2013-06-03,True,False,0.3565217391304348,
Viet Nam,2013,24,1,46.0,121.0,,,False,False,True,False,2013-06-10,True,False,0.38016528925619836,
Viet Nam,2013,25,1,43.0,132.0,,,False,False,True,False,2013-06-17,True,False,0.32575757575757575,
Viet Nam,2013,26,1,44.0,119.0,,,False,False,True,False,2013-06-24,True,False,0.3697478991596639,
Viet Nam,2013,27,1,42.0,119.0,,,False,False,True,False,2013-07-01,True,False,0.35294117647058826,
Viet Nam,2013,28,1,27.0,95.0,,,False,False,True,False,2013-07-08,True,False,0.28421052631578947,
Viet Nam,2013,29,1,19.0,98.0,,,False,False,True,False,2013-07-15,True,False,0.19387755102040816,
Viet Nam,2013,30,1,17.0,86.0,,,False,False,True,False,2013-07-22,True,False,0.19767441860465115,
Viet Nam,2013,31,1,21.0,93.0,,,False,False,True,False,2013-07-29,True,False,0.22580645161290322,
Viet Nam,2013,32,1,14.0,71.0,,,False,False,True,False,2013-08-05,True,False,0.19718309859154928,
Viet Nam,2013,33,1,19.0,87.0,,,False,False,True,False,2013-08-12,True,False,0.21839080459770116,
Viet Nam,2013,34,1,11.0,77.0,,,False,False,True,False,2013-08-19,True,False,0.14285714285714285,
Viet Nam,2013,35,1,10.0,81.0,,,False,False,True,False,2013-08-26,True,False,0.12345679012345678,
Viet Nam,2013,36,1,1.0,58.0,,,False,False,True,False,2013-09-02,True,False,0.017241379310344827,
Viet Nam,2013,37,1,13.0,83.0,,,False,False,True,False,2013-09-09,True,False,0.1566265060240964,
Viet Nam,2013,38,1,11.0,81.0,,,False,False,True,False,2013-09-16,True,False,0.13580246913580246,
Viet Nam,2013,39,1,15.0,71.0,,,False,False,True,False,2013-09-23,True,False,0.2112676056338028,
Viet Nam,2013,40,1,20.0,63.0,,,False,False,True,False,2013-09-30,True,False,0.31746031746031744,
Viet Nam,2013,41,1,14.0,73.0,,,False,False,True,False,2013-10-07,True,False,0.1917808219178082,
Viet Nam,2013,42,1,19.0,64.0,,,False,False,True,False,2013-10-14,True,False,0.296875,
Viet Nam,2013,43,1,16.0,58.0,,,False,False,True,False,2013-10-21,True,False,0.27586206896551724,
Viet Nam,2013,44,1,12.0,68.0,,,False,False,True,False,2013-10-28,True,False,0.17647058823529413,
Viet Nam,2013,45,1,9.0,59.0,,,False,False,True,False,2013-11-04,True,False,0.15254237288135594,
Viet Nam,2013,46,1,22.0,65.0,,,False,False,True,False,2013-11-11,True,False,0.3384615384615385,
Viet Nam,2013,47,1,18.0,75.0,,,False,False,True,False,2013-11-18,True,False,0.24,
Viet Nam,2013,48,1,20.0,66.0,,,False,False,True,False,2013-11-25,True,False,0.30303030303030304,
Viet Nam,2013,49,1,21.0,77.0,,,False,False,True,False,2013-12-02,True,False,0.2727272727272727,
Viet Nam,2013,50,1,16.0,82.0,,,False,False,True,False,2013-12-09,True,False,0.1951219512195122,
Viet Nam,2013,51,1,15.0,58.0,,,False,False,True,False,2013-12-16,True,False,0.25862068965517243,
Viet Nam,2013,52,1,10.0,72.0,,,False,False,True,False,2013-12-23,True,False,0.1388888888888889,
Viet Nam,2014,1,1,17.0,65.0,,,False,False,True,False,2013-12-30,True,False,0.26153846153846155,
Viet Nam,2014,2,1,16.0,44.0,,,False,False,True,False,2014-01-06,True,False,0.36363636363636365,
Viet Nam,2014,3,1,16.0,54.0,,,False,False,True,False,2014-01-13,True,False,0.2962962962962963,
Viet Nam,2014,4,1,7.0,67.0,,,False,False,True,False,2014-01-20,True,False,0.1044776119402985,
Viet Nam,2014,5,1,1.0,21.0,,,False,False,True,False,2014-01-27,True,False,0.047619047619047616,
Viet Nam,2014,6,1,1.0,6.0,,,False,False,True,False,2014-02-03,True,False,0.16666666666666666,
Viet Nam,2014,7,1,8.0,42.0,,,False,False,True,False,2014-02-10,True,False,0.19047619047619047,
Viet Nam,2014,8,1,12.0,59.0,,,False,False,True,False,2014-02-17,True,False,0.2033898305084746,
Viet Nam,2014,9,1,25.0,91.0,,,False,False,True,False,2014-02-24,True,False,0.27472527472527475,
Viet Nam,2014,10,1,20.0,58.0,,,False,False,True,False,2014-03-03,True,False,0.3448275862068966,
Viet Nam,2014,11,1,21.0,67.0,,,False,False,True,False,2014-03-10,True,False,0.31343283582089554,
Viet Nam,2014,12,1,14.0,44.0,,,False,False,True,False,2014-03-17,True,False,0.3181818181818182,
Viet Nam,2014,13,1,16.0,65.0,,,False,False,True,False,2014-03-24,True,False,0.24615384615384617,
Viet Nam,2014,14,1,29.0,64.0,,,False,False,True,False,2014-03-31,True,False,0.453125,
Viet Nam,2014,15,1,16.0,43.0,,,False,False,True,False,2014-04-07,True,False,0.37209302325581395,
Viet Nam,2014,16,1,8.0,44.0,,,False,False,True,False,2014-04-14,True,False,0.18181818181818182,
Viet Nam,2014,17,1,13.0,44.0,,,False,False,True,False,2014-04-21,True,False,0.29545454545454547,
Viet Nam,2014,18,1,17.0,47.0,,,False,False,True,False,2014-04-28,True,False,0.3617021276595745,
Viet Nam,2014,19,1,22.0,51.0,,,False,False,True,False,2014-05-05,True,False,0.43137254901960786,
Viet Nam,2014,20,1,23.0,49.0,,,False,False,True,False,2014-05-12,True,False,0.46938775510204084,
Viet Nam,2014,21,1,25.0,53.0,,,False,False,True,False,2014-05-19,True,False,0.4716981132075472,
Viet Nam,2014,22,1,27.0,79.0,,,False,False,True,False,2014-05-26,True,False,0.34177215189873417,
Viet Nam,2014,23,1,30.0,79.0,,,False,False,True,False,2014-06-02,True,False,0.379746835443038,
Viet Nam,2014,24,1,23.0,73.0,,,False,False,True,False,2014-06-09,True,False,0.3150684931506849,
Viet Nam,2014,25,1,22.0,69.0,,,False,False,True,False,2014-06-16,True,False,0.3188405797101449,
Viet Nam,2014,26,1,12.0,57.0,,,False,False,True,False,2014-06-23,True,False,0.21052631578947367,
Viet Nam,2014,27,1,7.0,50.0,,,False,False,True,False,2014-06-30,True,False,0.14,
Viet Nam,2014,28,1,7.0,34.0,,,False,False,True,False,2014-07-07,True,False,0.20588235294117646,
Viet Nam,2014,29,1,3.0,38.0,,,False,False,True,False,2014-07-14,True,False,0.07894736842105263,
Viet Nam,2014,30,1,6.0,48.0,,,False,False,True,False,2014-07-21,True,False,0.125,
Viet Nam,2014,31,1,4.0,45.0,,,False,False,True,False,2014-07-28,True,False,0.08888888888888889,
Viet Nam,2014,32,1,2.0,43.0,,,False,False,True,False,2014-08-04,True,False,0.046511627906976744,
Viet Nam,2014,33,1,8.0,65.0,,,False,False,True,False,2014-08-11,True,False,0.12307692307692308,
Viet Nam,2014,34,1,4.0,70.0,,,False,False,True,False,2014-08-18,True,False,0.05714285714285714,
Viet Nam,2014,35,1,5.0,46.0,,,False,False,True,False,2014-08-25,True,False,0.10869565217391304,
Viet Nam,2014,36,1,2.0,51.0,,,False,False,True,False,2014-09-01,True,False,0.0392156862745098,
Viet Nam,2014,37,1,5.0,71.0,,,False,False,True,False,2014-09-08,True,False,0.07042253521126761,
Viet Nam,2014,38,1,17.0,88.0,,,False,False,True,False,2014-09-15,True,False,0.19318181818181818,
Viet Nam,2014,39,1,16.0,91.0,,,False,False,True,False,2014-09-22,True,False,0.17582417582417584,
Viet Nam,2014,40,1,22.0,101.0,,,False,False,True,False,2014-09-29,True,False,0.21782178217821782,
Viet Nam,2014,41,1,13.0,97.0,,,False,False,True,False,2014-10-06,True,False,0.13402061855670103,
Viet Nam,2014,42,1,11.0,113.0,,,False,False,True,False,2014-10-13,True,False,0.09734513274336283,
Viet Nam,2014,43,1,14.0,101.0,,,False,False,True,False,2014-10-20,True,False,0.13861386138613863,
Viet Nam,2014,44,1,16.0,119.0,,,False,False,True,False,2014-10-27,True,False,0.13445378151260504,
Viet Nam,2014,45,1,20.0,135.0,,,False,False,True,False,2014-11-03,True,False,0.14814814814814814,
Viet Nam,2014,46,1,2.0,97.0,,,False,False,True,False,2014-11-10,True,False,0.020618556701030927,
Viet Nam,2014,47,1,14.0,116.0,,,False,False,True,False,2014-11-17,True,False,0.1206896551724138,
Viet Nam,2014,48,1,12.0,100.0,,,False,False,True,False,2014-11-24,True,False,0.12,
Viet Nam,2014,49,1,17.0,128.0,,,False,False,True,False,2014-12-01,True,False,0.1328125,
Viet Nam,2014,50,1,17.0,114.0,,,False,False,True,False,2014-12-08,True,False,0.14912280701754385,
Viet Nam,2014,51,1,23.0,113.0,,,False,False,True,False,2014-12-15,True,False,0.20353982300884957,
Viet Nam,2014,52,1,7.0,75.0,,,False,False,True,False,2014-12-22,True,False,0.09333333333333334,
Viet Nam,2015,1,1,3.0,25.0,,,False,False,True,False,2014-12-29,True,False,0.12,
Viet Nam,2015,2,1,2.0,22.0,,,False,False,True,False,2015-01-05,True,False,0.09090909090909091,
Viet Nam,2015,3,1,2.0,24.0,,,False,False,True,False,2015-01-12,True,False,0.08333333333333333,
Viet Nam,2015,4,1,7.0,28.0,,,False,False,True,False,2015-01-19,True,False,0.25,
Viet Nam,2015,5,1,3.0,29.0,,,False,False,True,False,2015-01-26,True,False,0.10344827586206896,
Viet Nam,2015,6,1,4.0,34.0,,,False,False,True,False,2015-02-02,True,False,0.11764705882352941,
Viet Nam,2015,7,1,4.0,24.0,,,False,False,True,False,2015-02-09,True,False,0.16666666666666666,
Viet Nam,2015,8,1,1.0,3.0,,,False,False,True,False,2015-02-16,True,False,0.3333333333333333,
Viet Nam,2015,9,1,0.0,0.0,,,False,False,True,False,2015-02-23,False,False,,
Viet Nam,2015,10,1,3.0,13.0,,,False,False,True,False,2015-03-02,True,False,0.23076923076923078,
Viet Nam,2015,11,1,4.0,14.0,,,False,False,True,False,2015-03-09,True,False,0.2857142857142857,
Viet Nam,2015,12,1,24.0,49.0,,,False,False,True,False,2015-03-16,True,False,0.4897959183673469,
Viet Nam,2015,13,1,27.0,53.0,,,False,False,True,False,2015-03-23,True,False,0.5094339622641509,
Viet Nam,2015,14,1,12.0,21.0,,,False,False,True,False,2015-03-30,True,False,0.5714285714285714,
Viet Nam,2015,15,1,10.0,28.0,,,False,False,True,False,2015-04-06,True,False,0.35714285714285715,
Viet Nam,2015,16,1,17.0,43.0,,,False,False,True,False,2015-04-13,True,False,0.3953488372093023,
Viet Nam,2015,17,1,12.0,47.0,,,False,False,True,False,2015-04-20,True,False,0.2553191489361702,
Viet Nam,2015,18,1,14.0,36.0,,,False,False,True,False,2015-04-27,True,False,0.3888888888888889,
Viet Nam,2015,19,1,3.0,7.0,,,False,False,True,False,2015-05-04,True,False,0.42857142857142855,
Viet Nam,2015,20,1,19.0,63.0,,,False,False,True,False,2015-05-11,True,False,0.30158730158730157,
Viet Nam,2015,21,1,15.0,49.0,,,False,False,True,False,2015-05-18,True,False,0.30612244897959184,
Viet Nam,2015,22,1,8.0,53.0,,,False,False,True,False,2015-05-25,True,False,0.1509433962264151,
Viet Nam,2015,23,1,10.0,40.0,,,False,False,True,False,2015-06-01,True,False,0.25,
Viet Nam,2015,24,1,14.0,58.0,,,False,False,True,False,2015-06-08,True,False,0.2413793103448276,
Viet Nam,2015,25,1,13.0,63.0,,,False,False,True,False,2015-06-15,True,False,0.20634920634920634,
Viet Nam,2015,26,1,22.0,69.0,,,False,False,True,False,2015-06-22,True,False,0.3188405797101449,
Viet Nam,2015,27,1,12.0,56.0,,,False,False,True,False,2015-06-29,True,False,0.21428571428571427,
Viet Nam,2015,28,1,17.0,71.0,,,False,False,True,False,2015-07-06,True,False,0.23943661971830985,
Viet Nam,2015,29,1,26.0,91.0,,,False,False,True,False,2015-07-13,True,False,0.2857142857142857,
Viet Nam,2015,30,1,14.0,59.0,,,False,False,True,False,2015-07-20,True,False,0.23728813559322035,
Viet Nam,2015,31,1,18.0,78.0,,,False,False,True,False,2015-07-27,True,False,0.23076923076923078,
Viet Nam,2015,32,1,18.0,91.0,,,False,False,True,False,2015-08-03,True,False,0.1978021978021978,
Viet Nam,2015,33,1,22.0,95.0,,,False,False,True,False,2015-08-10,True,False,0.23157894736842105,
Viet Nam,2015,34,1,19.0,110.0,,,False,False,True,False,2015-08-17,True,False,0.17272727272727273,
Viet Nam,2015,35,1,26.0,99.0,,,False,False,True,False,2015-08-24,True,False,0.26262626262626265,
Viet Nam,2015,36,1,11.0,97.0,,,False,False,True,False,2015-08-31,True,False,0.1134020618556701,
Viet Nam,2015,37,1,14.0,109.0,,,False,False,True,False,2015-09-07,True,False,0.12844036697247707,
Viet Nam,2015,38,1,14.0,107.0,,,False,False,True,False,2015-09-14,True,False,0.1308411214953271,
Viet Nam,2015,39,1,13.0,95.0,,,False,False,True,False,2015-09-21,True,False,0.1368421052631579,
Viet Nam,2015,40,1,11.0,90.0,,,False,False,True,False,2015-09-28,True,False,0.12222222222222222,
Viet Nam,2015,41,1,10.0,91.0,,,False,False,True,False,2015-10-05,True,False,0.10989010989010989,
Viet Nam,2015,42,1,18.0,98.0,,,False,False,True,False,2015-10-12,True,False,0.1836734693877551,
Viet Nam,2015,43,1,18.0,72.0,,,False,False,True,False,2015-10-19,True,False,0.25,
Viet Nam,2015,44,1,12.0,96.0,,,False,False,True,False,2015-10-26,True,False,0.125,
Viet Nam,2015,45,1,17.0,93.0,,,False,False,True,False,2015-11-02,True,False,0.1827956989247312,
Viet Nam,2015,46,1,8.0,112.0,,,False,False,True,False,2015-11-09,True,False,0.07142857142857142,
Viet Nam,2015,47,1,10.0,99.0,,,False,False,True,False,2015-11-16,True,False,0.10101010101010101,
Viet Nam,2015,48,1,10.0,136.0,,,False,False,True,False,2015-11-23,True,False,0.07352941176470588,
Viet Nam,2015,49,1,16.0,98.0,,,False,False,True,False,2015-11-30,True,False,0.16326530612244897,
Viet Nam,2015,50,1,6.0,74.0,,,False,False,True,False,2015-12-07,True,False,0.08108108108108109,
Viet Nam,2015,51,1,4.0,78.0,,,False,False,True,False,2015-12-14,True,False,0.05128205128205128,
Viet Nam,2015,52,1,0.0,40.0,,,False,False,True,False,2015-12-21,True,False,0.0,
Viet Nam,2015,53,1,4.0,54.0,,,False,False,True,False,2015-12-28,True,False,0.07407407407407407,
Viet Nam,2016,1,1,1.0,11.0,0.0,,False,False,True,True,2016-01-04,True,False,0.09090909090909091,
Viet Nam,2016,2,1,0.0,0.0,0.0,,False,False,True,True,2016-01-11,False,False,,
Viet Nam,2016,3,1,0.0,0.0,0.0,,False,False,True,True,2016-01-18,False,False,,
Viet Nam,2016,4,1,0.0,0.0,0.0,,False,False,True,True,2016-01-25,False,False,,
Viet Nam,2016,5,1,1.0,13.0,0.0,,False,False,True,True,2016-02-01,True,False,0.07692307692307693,
Viet Nam,2016,6,1,0.0,0.0,0.0,,False,False,True,True,2016-02-08,False,False,,
Viet Nam,2016,7,1,0.0,8.0,1.0,,False,False,True,True,2016-02-15,True,False,0.0,
Viet Nam,2016,8,1,1.0,3.0,0.0,,False,False,True,True,2016-02-22,True,False,0.3333333333333333,
Viet Nam,2016,9,1,6.0,23.0,0.0,,False,False,True,True,2016-02-29,True,False,0.2608695652173913,
Viet Nam,2016,10,1,8.0,19.0,1.0,,False,False,True,True,2016-03-07,True,False,0.42105263157894735,
Viet Nam,2016,11,1,11.0,37.0,1.0,,False,False,True,True,2016-03-14,True,False,0.2972972972972973,
Viet Nam,2016,12,1,2.0,13.0,1.0,,False,False,True,True,2016-03-21,True,False,0.15384615384615385,
Viet Nam,2016,13,1,6.0,18.0,0.0,,False,False,True,True,2016-03-28,True,False,0.3333333333333333,
Viet Nam,2016,14,1,3.0,19.0,0.0,,False,False,True,True,2016-04-04,True,False,0.15789473684210525,
Viet Nam,2016,15,1,13.0,27.0,0.0,,False,False,True,True,2016-04-11,True,False,0.48148148148148145,
Viet Nam,2016,16,1,4.0,27.0,1.0,,False,False,True,True,2016-04-18,True,False,0.14814814814814814,
Viet Nam,2016,17,1,7.0,40.0,0.0,,False,False,True,True,2016-04-25,True,False,0.175,
Viet Nam,2016,18,1,6.0,35.0,0.0,,False,False,True,True,2016-05-02,True,False,0.17142857142857143,
Viet Nam,2016,19,1,14.0,57.0,0.0,,False,False,True,True,2016-05-09,True,False,0.24561403508771928,
Viet Nam,2016,20,1,22.0,64.0,0.0,,False,False,True,True,2016-05-16,True,False,0.34375,
Viet Nam,2016,21,1,24.0,58.0,1.0,,False,False,True,True,2016-05-23,True,False,0.41379310344827586,
Viet Nam,2016,22,1,22.0,61.0,1.0,,False,False,True,True,2016-05-30,True,False,0.36065573770491804,
Viet Nam,2016,23,1,14.0,35.0,0.0,,False,False,True,True,2016-06-06,True,False,0.4,
Viet Nam,2016,24,1,21.0,58.0,4.0,,False,False,True,True,2016-06-13,True,False,0.3620689655172414,
Viet Nam,2016,25,1,22.0,73.0,2.0,,False,False,True,True,2016-06-20,True,False,0.3013698630136986,
Viet Nam,2016,26,1,9.0,48.0,1.0,,False,False,True,True,2016-06-27,True,False,0.1875,
Viet Nam,2016,27,1,14.0,47.0,2.0,,False,False,True,True,2016-07-04,True,False,0.2978723404255319,
Viet Nam,2016,28,1,16.0,69.0,10.0,,False,False,True,True,2016-07-11,True,False,0.2318840579710145,
Viet Nam,2016,29,1,9.0,41.0,4.0,,False,False,True,True,2016-07-18,True,False,0.21951219512195122,
Viet Nam,2016,30,1,14.0,61.0,3.0,,False,False,True,True,2016-07-25,True,False,0.22950819672131148,
Viet Nam,2016,31,1,14.0,58.0,5.0,,False,False,True,True,2016-08-01,True,False,0.2413793103448276,
Viet Nam,2016,32,1,15.0,59.0,5.0,,False,False,True,True,2016-08-08,True,False,0.2542372881355932,
Viet Nam,2016,33,1,7.0,60.0,6.0,,False,False,True,True,2016-08-15,True,False,0.11666666666666667,
Viet Nam,2016,34,1,7.0,64.0,6.0,,False,False,True,True,2016-08-22,True,False,0.109375,
Viet Nam,2016,35,1,3.0,38.0,3.0,,False,False,True,True,2016-08-29,True,False,0.07894736842105263,
Viet Nam,2016,36,1,2.0,64.0,2.0,,False,False,True,True,2016-09-05,True,False,0.03125,
Viet Nam,2016,37,1,3.0,39.0,2.0,,False,False,True,True,2016-09-12,True,False,0.07692307692307693,
Viet Nam,2016,38,1,14.0,63.0,10.0,,False,False,True,True,2016-09-19,True,False,0.2222222222222222,
Viet Nam,2016,39,1,5.0,62.0,7.0,,False,False,True,True,2016-09-26,True,False,0.08064516129032258,
Viet Nam,2016,40,1,4.0,53.0,6.0,,False,False,True,True,2016-10-03,True,False,0.07547169811320754,
Viet Nam,2016,41,1,5.0,72.0,9.0,,False,False,True,True,2016-10-10,True,False,0.06944444444444445,
Viet Nam,2016,42,1,7.0,79.0,12.0,,False,False,True,True,2016-10-17,True,False,0.08860759493670886,
Viet Nam,2016,43,1,3.0,83.0,4.0,,False,False,True,True,2016-10-24,True,False,0.03614457831325301,
Viet Nam,2016,44,1,7.0,73.0,1.0,,False,False,True,True,2016-10-31,True,False,0.0958904109589041,
Viet Nam,2016,45,1,7.0,80.0,4.0,,False,False,True,True,2016-11-07,True,False,0.0875,
Viet Nam,2016,46,1,5.0,49.0,3.0,,False,False,True,True,2016-11-14,True,False,0.10204081632653061,
Viet Nam,2016,47,1,16.0,93.0,2.0,,False,False,True,True,2016-11-21,True,False,0.17204301075268819,
Viet Nam,2016,48,1,8.0,59.0,1.0,,False,False,True,True,2016-11-28,True,False,0.13559322033898305,
Viet Nam,2016,49,1,4.0,47.0,0.0,,False,False,True,True,2016-12-05,True,False,0.0851063829787234,
Viet Nam,2016,50,1,8.0,50.0,1.0,,False,False,True,True,2016-12-12,True,False,0.16,
Viet Nam,2016,51,1,11.0,43.0,1.0,,False,False,True,True,2016-12-19,True,False,0.2558139534883721,
Viet Nam,2016,52,1,9.0,41.0,2.0,,False,False,True,True,2016-12-26,True,False,0.21951219512195122,
Viet Nam,2017,1,1,8.0,52.0,0.0,,False,False,True,True,2017-01-02,True,False,0.15384615384615385,
Viet Nam,2017,2,1,6.0,40.0,0.0,,False,False,True,True,2017-01-09,True,False,0.15,
Viet Nam,2017,3,1,5.0,50.0,1.0,,False,False,True,True,2017-01-16,True,False,0.1,
Viet Nam,2017,4,1,2.0,18.0,0.0,,False,False,True,True,2017-01-23,True,False,0.1111111111111111,
Viet Nam,2017,5,1,0.0,2.0,,,False,False,True,True,2017-01-30,True,False,0.0,
Viet Nam,2017,6,1,1.0,29.0,0.0,,False,False,True,True,2017-02-06,True,False,0.034482758620689655,
Viet Nam,2017,7,1,3.0,29.0,0.0,,False,False,True,True,2017-02-13,True,False,0.10344827586206896,
Viet Nam,2017,8,1,6.0,45.0,0.0,,False,False,True,True,2017-02-20,True,False,0.13333333333333333,
Viet Nam,2017,9,1,3.0,35.0,0.0,,False,False,True,True,2017-02-27,True,False,0.08571428571428572,
Viet Nam,2017,10,1,3.0,26.0,0.0,,False,False,True,True,2017-03-06,True,False,0.11538461538461539,
Viet Nam,2017,11,1,3.0,48.0,0.0,,False,False,True,True,2017-03-13,True,False,0.0625,
Viet Nam,2017,12,1,5.0,48.0,0.0,,False,False,True,True,2017-03-20,True,False,0.10416666666666667,
Viet Nam,2017,13,1,12.0,49.0,0.0,,False,False,True,True,2017-03-27,True,False,0.24489795918367346,
Viet Nam,2017,14,1,6.0,25.0,0.0,,False,False,True,True,2017-04-03,True,False,0.24,
Viet Nam,2017,15,1,14.0,81.0,0.0,,False,False,True,True,2017-04-10,True,False,0.1728395061728395,
Viet Nam,2017,16,1,17.0,70.0,0.0,,False,False,True,True,2017-04-17,True,False,0.24285714285714285,
Viet Nam,2017,17,1,12.0,59.0,0.0,,False,False,True,True,2017-04-24,True,False,0.2033898305084746,
Viet Nam,2017,18,1,17.0,53.0,0.0,,False,False,True,True,2017-05-01,True,False,0.32075471698113206,
Viet Nam,2017,19,1,24.0,88.0,0.0,,False,False,True,True,2017-05-08,True,False,0.2727272727272727,
Viet Nam,2017,20,1,18.0,87.0,0.0,,False,False,True,True,2017-05-15,True,False,0.20689655172413793,
Viet Nam,2017,21,1,16.0,74.0,0.0,,False,False,True,True,2017-05-22,True,False,0.21621621621621623,
Viet Nam,2017,22,1,13.0,45.0,0.0,,False,False,True,True,2017-05-29,True,False,0.28888888888888886,
Viet Nam,2017,23,1,30.0,92.0,0.0,,False,False,True,True,2017-06-05,True,False,0.32608695652173914,
Viet Nam,2017,24,1,20.0,71.0,0.0,,False,False,True,True,2017-06-12,True,False,0.28169014084507044,
Viet Nam,2017,25,1,14.0,53.0,1.0,,False,False,True,True,2017-06-19,True,False,0.2641509433962264,
Viet Nam,2017,26,1,27.0,97.0,1.0,,False,False,True,True,2017-06-26,True,False,0.27835051546391754,
Viet Nam,2017,27,1,34.0,83.0,2.0,,False,False,True,True,2017-07-03,True,False,0.40963855421686746,
Viet Nam,2017,28,1,23.0,83.0,3.0,,False,False,True,True,2017-07-10,True,False,0.27710843373493976,
Viet Nam,2017,29,1,22.0,68.0,0.0,,False,False,True,True,2017-07-17,True,False,0.3235294117647059,
Viet Nam,2017,30,1,36.0,75.0,5.0,,False,False,True,True,2017-07-24,True,False,0.48,
Viet Nam,2017,31,1,38.0,84.0,2.0,,False,False,True,True,2017-07-31,True,False,0.4523809523809524,
Viet Nam,2017,32,1,26.0,76.0,7.0,,False,False,True,True,2017-08-07,True,False,0.34210526315789475,
Viet Nam,2017,33,1,19.0,66.0,7.0,,False,False,True,True,2017-08-14,True,False,0.2878787878787879,
Viet Nam,2017,34,1,29.0,78.0,8.0,,False,False,True,True,2017-08-21,True,False,0.3717948717948718,
Viet Nam,2017,35,1,26.0,75.0,5.0,,False,False,True,True,2017-08-28,True,False,0.3466666666666667,
Viet Nam,2017,36,1,24.0,84.0,15.0,,False,False,True,True,2017-09-04,True,False,0.2857142857142857,
Viet Nam,2017,37,1,16.0,62.0,5.0,,False,False,True,True,2017-09-11,True,False,0.25806451612903225,
Viet Nam,2017,38,1,31.0,85.0,3.0,,False,False,True,True,2017-09-18,True,False,0.36470588235294116,
Viet Nam,2017,39,1,18.0,81.0,4.0,,False,False,True,True,2017-09-25,True,False,0.2222222222222222,
Viet Nam,2017,40,1,26.0,72.0,12.0,,False,False,True,True,2017-10-02,True,False,0.3611111111111111,
Viet Nam,2017,41,1,21.0,75.0,13.0,,False,False,True,True,2017-10-09,True,False,0.28,
Viet Nam,2017,42,1,8.0,79.0,14.0,,False,False,True,True,2017-10-16,True,False,0.10126582278481013,
Viet Nam,2017,43,1,20.0,71.0,1.0,,False,False,True,True,2017-10-23,True,False,0.28169014084507044,
Viet Nam,2017,44,1,21.0,78.0,2.0,,False,False,True,True,2017-10-30,True,False,0.2692307692307692,
Viet Nam,2017,45,1,10.0,68.0,3.0,,False,False,True,True,2017-11-06,True,False,0.14705882352941177,
Viet Nam,2017,46,1,22.0,75.0,3.0,,False,False,True,True,2017-11-13,True,False,0.29333333333333333,
Viet Nam,2017,47,1,5.0,62.0,9.0,,False,False,True,True,2017-11-20,True,False,0.08064516129032258,
Viet Nam,2017,48,1,11.0,68.0,2.0,,False,False,True,True,2017-11-27,True,False,0.16176470588235295,
Viet Nam,2017,49,1,6.0,88.0,4.0,,False,False,True,True,2017-12-04,True,False,0.06818181818181818,
Viet Nam,2017,50,1,8.0,60.0,3.0,,False,False,True,True,2017-12-11,True,False,0.13333333333333333,
Viet Nam,2017,51,1,2.0,29.0,1.0,,False,False,True,True,2017-12-18,True,False,0.06896551724137931,
Viet Nam,2017,52,1,6.0,64.0,0.0,,False,False,True,True,2017-12-25,True,False,0.09375,
Viet Nam,2018,1,1,2.0,18.0,,,False,False,True,False,2018-01-01,True,False,0.1111111111111111,
Viet Nam,2018,2,1,5.0,27.0,,,False,False,True,False,2018-01-08,True,False,0.18518518518518517,
Viet Nam,2018,3,1,2.0,23.0,,,False,False,True,False,2018-01-15,True,False,0.08695652173913043,
Viet Nam,2018,4,1,1.0,18.0,,,False,False,True,False,2018-01-22,True,False,0.05555555555555555,
Viet Nam,2018,5,1,3.0,29.0,,,False,False,True,False,2018-01-29,True,False,0.10344827586206896,
Viet Nam,2018,6,1,4.0,34.0,,,False,False,True,False,2018-02-05,True,False,0.11764705882352941,
Viet Nam,2018,7,1,0.0,1.0,,,False,False,True,False,2018-02-12,True,False,0.0,
Viet Nam,2018,8,1,2.0,18.0,,,False,False,True,False,2018-02-19,True,False,0.1111111111111111,
Viet Nam,2018,9,1,2.0,23.0,,,False,False,True,False,2018-02-26,True,False,0.08695652173913043,
Viet Nam,2018,10,1,6.0,14.0,,,False,False,True,False,2018-03-05,True,False,0.42857142857142855,
Viet Nam,2018,11,1,8.0,69.0,,,False,False,True,False,2018-03-12,True,False,0.11594202898550725,
Viet Nam,2018,12,1,4.0,53.0,,,False,False,True,False,2018-03-19,True,False,0.07547169811320754,
Viet Nam,2018,13,1,0.0,33.0,,,False,False,True,False,2018-03-26,True,False,0.0,
Viet Nam,2018,14,1,2.0,4.0,,,False,False,True,False,2018-04-02,True,False,0.5,
Viet Nam,2018,15,1,2.0,11.0,,,False,False,True,False,2018-04-09,True,False,0.18181818181818182,
Viet Nam,2018,16,1,7.0,23.0,,,False,False,True,False,2018-04-16,True,False,0.30434782608695654,
Viet Nam,2018,17,1,6.0,20.0,,,False,False,True,False,2018-04-23,True,False,0.3,
Viet Nam,2018,18,1,1.0,20.0,,,False,False,True,False,2018-04-30,True,False,0.05,
Viet Nam,2018,19,1,4.0,28.0,,,False,False,True,False,2018-05-07,True,False,0.14285714285714285,
Viet Nam,2018,20,1,0.0,35.0,,,False,False,True,False,2018-05-14,True,False,0.0,
Viet Nam,2018,21,1,1.0,24.0,,,False,False,True,False,2018-05-21,True,False,0.041666666666666664,
Viet Nam,2018,22,1,18.0,54.0,,,False,False,True,False,2018-05-28,True,False,0.3333333333333333,
Viet Nam,2018,23,1,6.0,25.0,,,False,False,True,False,2018-06-04,True,False,0.24,
Viet Nam,2018,24,1,9.0,43.0,,,False,False,True,False,2018-06-11,True,False,0.20930232558139536,
Viet Nam,2018,25,1,6.0,40.0,,,False,False,True,False,2018-06-18,True,False,0.15,
Viet Nam,2018,26,1,5.0,38.0,,,False,False,True,False,2018-06-25,True,False,0.13157894736842105,
Viet Nam,2018,27,1,8.0,40.0,,,False,False,True,False,2018-07-02,True,False,0.2,
Viet Nam,2018,28,1,2.0,26.0,,,False,False,True,False,2018-07-09,True,False,0.07692307692307693,
Viet Nam,2018,29,1,7.0,48.0,,,False,False,True,False,2018-07-16,True,False,0.14583333333333334,
Viet Nam,2018,30,1,3.0,35.0,,,False,False,True,False,2018-07-23,True,False,0.08571428571428572,
Viet Nam,2018,31,1,5.0,44.0,,,False,False,True,False,2018-07-30,True,False,0.11363636363636363,
Viet Nam,2018,32,1,12.0,42.0,,,False,False,True,False,2018-08-06,True,False,0.2857142857142857,
Viet Nam,2018,33,1,1.0,28.0,,,False,False,True,False,2018-08-13,True,False,0.03571428571428571,
Viet Nam,2018,34,1,4.0,38.0,,,False,False,True,False,2018-08-20,True,False,0.10526315789473684,
Viet Nam,2018,35,1,3.0,28.0,,,False,False,True,False,2018-08-27,True,False,0.10714285714285714,
Viet Nam,2018,36,1,2.0,19.0,,,False,False,True,False,2018-09-03,True,False,0.10526315789473684,
Viet Nam,2018,37,1,6.0,37.0,,,False,False,True,False,2018-09-10,True,False,0.16216216216216217,
Viet Nam,2018,38,1,8.0,26.0,,,False,False,True,False,2018-09-17,True,False,0.3076923076923077,
Viet Nam,2018,39,1,10.0,47.0,,,False,False,True,False,2018-09-24,True,False,0.2127659574468085,
Viet Nam,2018,40,1,15.0,46.0,,,False,False,True,False,2018-10-01,True,False,0.32608695652173914,
Viet Nam,2018,41,1,10.0,40.0,,,False,False,True,False,2018-10-08,True,False,0.25,
Viet Nam,2018,42,1,12.0,51.0,,,False,False,True,False,2018-10-15,True,False,0.23529411764705882,
Viet Nam,2018,43,1,13.0,34.0,,,False,False,True,False,2018-10-22,True,False,0.38235294117647056,
Viet Nam,2018,44,1,17.0,47.0,,,False,False,True,False,2018-10-29,True,False,0.3617021276595745,
Viet Nam,2018,45,1,20.0,47.0,,,False,False,True,False,2018-11-05,True,False,0.425531914893617,
Viet Nam,2018,46,1,14.0,42.0,,,False,False,True,False,2018-11-12,True,False,0.3333333333333333,
Viet Nam,2018,47,1,16.0,49.0,,,False,False,True,False,2018-11-19,True,False,0.32653061224489793,
Viet Nam,2018,48,1,15.0,49.0,,,False,False,True,False,2018-11-26,True,False,0.30612244897959184,
Viet Nam,2018,49,1,17.0,44.0,,,False,False,True,False,2018-12-03,True,False,0.38636363636363635,
Viet Nam,2018,50,1,7.0,35.0,,,False,False,True,False,2018-12-10,True,False,0.2,
Viet Nam,2018,51,1,3.0,25.0,,,False,False,True,False,2018-12-17,True,False,0.12,
Viet Nam,2018,52,1,9.0,41.0,,,False,False,True,False,2018-12-24,True,False,0.21951219512195122,
Viet Nam,2019,1,1,0.0,2.0,,,False,False,True,False,2018-12-31,True,False,0.0,
Viet Nam,2019,2,1,1.0,7.0,,,False,False,True,False,2019-01-07,True,False,0.14285714285714285,
Viet Nam,2019,3,1,4.0,34.0,,,False,False,True,False,2019-01-14,True,False,0.11764705882352941,
Viet Nam,2019,4,1,2.0,25.0,,,False,False,True,False,2019-01-21,True,False,0.08,
Viet Nam,2019,5,1,0.0,17.0,,,False,False,True,False,2019-01-28,True,False,0.0,
Viet Nam,2019,6,1,0.0,2.0,,,False,False,True,False,2019-02-04,True,False,0.0,
Viet Nam,2019,7,1,1.0,12.0,,,False,False,True,False,2019-02-11,True,False,0.08333333333333333,
Viet Nam,2019,8,1,2.0,24.0,,,False,False,True,False,2019-02-18,True,False,0.08333333333333333,
Viet Nam,2019,9,1,4.0,23.0,,,False,False,True,False,2019-02-25,True,False,0.17391304347826086,
Viet Nam,2019,10,1,2.0,23.0,,,False,False,True,False,2019-03-04,True,False,0.08695652173913043,
Viet Nam,2019,11,1,2.0,15.0,,,False,False,True,False,2019-03-11,True,False,0.13333333333333333,
Viet Nam,2019,12,1,3.0,38.0,,,False,False,True,False,2019-03-18,True,False,0.07894736842105263,
Viet Nam,2019,13,1,15.0,38.0,,,False,False,True,False,2019-03-25,True,False,0.39473684210526316,
Viet Nam,2019,14,1,8.0,23.0,,,False,False,True,False,2019-04-01,True,False,0.34782608695652173,
Viet Nam,2019,15,1,8.0,31.0,,,False,False,True,False,2019-04-08,True,False,0.25806451612903225,
Viet Nam,2019,16,1,6.0,28.0,,,False,False,True,False,2019-04-15,True,False,0.21428571428571427,
Viet Nam,2019,17,1,6.0,28.0,,,False,False,True,False,2019-04-22,True,False,0.21428571428571427,
Viet Nam,2019,18,1,6.0,17.0,,,False,False,True,False,2019-04-29,True,False,0.35294117647058826,
Viet Nam,2019,19,1,5.0,37.0,,,False,False,True,False,2019-05-06,True,False,0.13513513513513514,
Viet Nam,2019,20,1,7.0,44.0,,,False,False,True,False,2019-05-13,True,False,0.1590909090909091,
Viet Nam,2019,21,1,7.0,39.0,,,False,False,True,False,2019-05-20,True,False,0.1794871794871795,
Viet Nam,2019,22,1,4.0,35.0,,,False,False,True,False,2019-05-27,True,False,0.11428571428571428,
Viet Nam,2019,23,1,3.0,34.0,,,False,False,True,False,2019-06-03,True,False,0.08823529411764706,
Viet Nam,2019,24,1,7.0,26.0,,,False,False,True,False,2019-06-10,True,False,0.2692307692307692,
Viet Nam,2019,25,1,15.0,46.0,,,False,False,True,False,2019-06-17,True,False,0.32608695652173914,
Viet Nam,2019,26,1,10.0,47.0,,,False,False,True,False,2019-06-24,True,False,0.2127659574468085,
Viet Nam,2019,27,1,4.0,49.0,,,False,False,True,False,2019-07-01,True,False,0.08163265306122448,
Viet Nam,2019,28,1,8.0,37.0,,,False,False,True,False,2019-07-08,True,False,0.21621621621621623,
Viet Nam,2019,29,1,6.0,42.0,,,False,False,True,False,2019-07-15,True,False,0.14285714285714285,
Viet Nam,2019,30,1,8.0,49.0,,,False,False,True,False,2019-07-22,True,False,0.16326530612244897,
Viet Nam,2019,31,1,10.0,51.0,,,False,False,True,False,2019-07-29,True,False,0.19607843137254902,
Viet Nam,2019,32,1,10.0,40.0,,,False,False,True,False,2019-08-05,True,False,0.25,
Viet Nam,2019,33,1,11.0,44.0,,,False,False,True,False,2019-08-12,True,False,0.25,
Viet Nam,2019,34,1,8.0,39.0,,,False,False,True,False,2019-08-19,True,False,0.20512820512820512,
Viet Nam,2019,35,1,10.0,32.0,,,False,False,True,False,2019-08-26,True,False,0.3125,
Viet Nam,2019,36,1,14.0,31.0,,,False,False,True,False,2019-09-02,True,False,0.45161290322580644,
Viet Nam,2019,37,1,9.0,41.0,,,False,False,True,False,2019-09-09,True,False,0.21951219512195122,
Viet Nam,2019,38,1,11.0,52.0,,,False,False,True,False,2019-09-16,True,False,0.21153846153846154,
Viet Nam,2019,39,1,14.0,50.0,,,False,False,True,False,2019-09-23,True,False,0.28,
Viet Nam,2019,40,1,11.0,42.0,,,False,False,True,False,2019-09-30,True,False,0.2619047619047619,
Viet Nam,2019,41,1,16.0,43.0,,,False,False,True,False,2019-10-07,True,False,0.37209302325581395,
Viet Nam,2019,42,1,6.0,37.0,,,False,False,True,False,2019-10-14,True,False,0.16216216216216217,
Viet Nam,2019,43,1,13.0,44.0,,,False,False,True,False,2019-10-21,True,False,0.29545454545454547,
Viet Nam,2019,44,1,17.0,36.0,,,False,False,True,False,2019-10-28,True,False,0.4722222222222222,
Viet Nam,2019,45,1,10.0,41.0,,,False,False,True,False,2019-11-04,True,False,0.24390243902439024,
Viet Nam,2019,46,1,7.0,37.0,,,False,False,True,False,2019-11-11,True,False,0.1891891891891892,
Viet Nam,2019,47,1,1.0,18.0,,,False,False,True,False,2019-11-18,True,False,0.05555555555555555,
Viet Nam,2019,48,1,3.0,17.0,,,False,False,True,False,2019-11-25,True,False,0.17647058823529413,
Viet Nam,2019,49,1,6.0,19.0,,,False,False,True,False,2019-12-02,True,False,0.3157894736842105,
Viet Nam,2019,50,1,7.0,15.0,,,False,False,True,False,2019-12-09,True,False,0.4666666666666667,
Viet Nam,2019,51,1,7.0,18.0,,,False,False,True,False,2019-12-16,True,False,0.3888888888888889,
Viet Nam,2020,1,1,1.0,2.0,,,False,False,True,False,2019-12-30,True,False,0.5,
Viet Nam,2020,2,1,2.0,17.0,,,False,False,True,False,2020-01-06,True,False,0.11764705882352941,
Viet Nam,2020,3,1,5.0,33.0,,,False,False,True,False,2020-01-13,True,False,0.15151515151515152,
Viet Nam,2020,4,1,3.0,29.0,,,False,False,True,False,2020-01-20,True,False,0.10344827586206896,
Viet Nam,2020,5,1,4.0,16.0,,,False,False,True,False,2020-01-27,True,False,0.25,
Viet Nam,2020,6,1,3.0,27.0,,,False,False,True,False,2020-02-03,True,False,0.1111111111111111,
Viet Nam,2020,7,1,3.0,34.0,,,False,False,True,False,2020-02-10,True,False,0.08823529411764706,
Viet Nam,2020,8,1,2.0,41.0,,,False,False,True,False,2020-02-17,True,False,0.04878048780487805,
Viet Nam,2020,9,1,0.0,42.0,,,False,False,True,False,2020-02-24,True,False,0.0,
Viet Nam,2020,10,1,0.0,52.0,,,False,False,True,False,2020-03-02,True,False,0.0,
Viet Nam,2020,11,1,0.0,25.0,,,False,False,True,False,2020-03-09,True,False,0.0,
Viet Nam,2020,12,1,0.0,30.0,,,False,False,True,False,2020-03-16,True,False,0.0,
Viet Nam,2020,13,1,0.0,24.0,,,False,False,True,False,2020-03-23,True,False,0.0,
Viet Nam,2020,14,1,0.0,52.0,,,False,False,True,False,2020-03-30,True,False,0.0,
Viet Nam,2020,15,1,0.0,27.0,,,False,False,True,False,2020-04-06,True,False,0.0,
Viet Nam,2020,16,1,0.0,13.0,,,False,False,True,False,2020-04-13,True,False,0.0,
Viet Nam,2020,17,1,0.0,23.0,,,False,False,True,False,2020-04-20,True,False,0.0,
Viet Nam,2020,18,1,0.0,24.0,,,False,False,True,False,2020-04-27,True,False,0.0,
Viet Nam,2020,19,1,0.0,19.0,,,False,False,True,False,2020-05-04,True,False,0.0,
Viet Nam,2020,20,1,0.0,21.0,,,False,False,True,False,2020-05-11,True,False,0.0,
Viet Nam,2020,21,1,0.0,30.0,,,False,False,True,False,2020-05-18,True,False,0.0,
Viet Nam,2020,22,1,0.0,36.0,,,False,False,True,False,2020-05-25,True,False,0.0,
Viet Nam,2020,23,1,0.0,28.0,,,False,False,True,False,2020-06-01,True,False,0.0,
Viet Nam,2020,24,1,0.0,32.0,,,False,False,True,False,2020-06-08,True,False,0.0,
Viet Nam,2020,25,1,0.0,28.0,,,False,False,True,False,2020-06-15,True,False,0.0,
Viet Nam,2020,26,1,0.0,35.0,,,False,False,True,False,2020-06-22,True,False,0.0,
Viet Nam,2020,27,1,0.0,35.0,,,False,False,True,False,2020-06-29,True,False,0.0,
Viet Nam,2020,28,1,0.0,23.0,,,False,False,True,False,2020-07-06,True,False,0.0,
Viet Nam,2020,29,1,0.0,24.0,,,False,False,True,False,2020-07-13,True,False,0.0,
Viet Nam,2020,30,1,0.0,29.0,,,False,False,True,False,2020-07-20,True,False,0.0,
Viet Nam,2020,31,1,0.0,35.0,,,False,False,True,False,2020-07-27,True,False,0.0,
Viet Nam,2020,32,1,0.0,40.0,,,False,False,True,False,2020-08-03,True,False,0.0,
Viet Nam,2020,33,1,0.0,29.0,,,False,False,True,False,2020-08-10,True,False,0.0,
Viet Nam,2020,34,1,0.0,30.0,,,False,False,True,False,2020-08-17,True,False,0.0,
Viet Nam,2020,35,1,0.0,33.0,,,False,False,True,False,2020-08-24,True,False,0.0,
Viet Nam,2020,36,1,0.0,27.0,,,False,False,True,False,2020-08-31,True,False,0.0,
Viet Nam,2020,37,1,0.0,48.0,,,False,False,True,False,2020-09-07,True,False,0.0,
Viet Nam,2020,38,1,0.0,71.0,,,False,False,True,False,2020-09-14,True,False,0.0,
Viet Nam,2020,39,1,0.0,54.0,,,False,False,True,False,2020-09-21,True,False,0.0,
Viet Nam,2020,40,1,3.0,54.0,,,False,False,True,False,2020-09-28,True,False,0.05555555555555555,
Viet Nam,2020,41,1,7.0,72.0,,,False,False,True,False,2020-10-05,True,False,0.09722222222222222,
Viet Nam,2020,42,1,13.0,79.0,,,False,False,True,False,2020-10-12,True,False,0.16455696202531644,
Viet Nam,2020,43,1,16.0,61.0,,,False,False,True,False,2020-10-19,True,False,0.26229508196721313,
Viet Nam,2020,44,1,12.0,68.0,,,False,False,True,False,2020-10-26,True,False,0.17647058823529413,
Viet Nam,2020,45,1,16.0,64.0,,,False,False,True,False,2020-11-02,True,False,0.25,
Viet Nam,2020,46,1,12.0,57.0,,,False,False,True,False,2020-11-09,True,False,0.21052631578947367,
Viet Nam,2020,47,1,11.0,61.0,,,False,False,True,False,2020-11-16,True,False,0.18032786885245902,
Viet Nam,2020,48,1,10.0,66.0,,,False,False,True,False,2020-11-23,True,False,0.15151515151515152,
Viet Nam,2020,49,1,7.0,59.0,,,False,False,True,False,2020-11-30,True,False,0.11864406779661017,
Viet Nam,2020,50,1,4.0,41.0,,,False,False,True,False,2020-12-07,True,False,0.0975609756097561,
Viet Nam,2020,51,1,5.0,45.0,,,False,False,True,False,2020-12-14,True,False,0.1111111111111111,
Viet Nam,2020,52,1,3.0,40.0,,,False,False,True,False,2020-12-21,True,False,0.075,
Viet Nam,2020,53,1,4.0,44.0,,,False,False,True,False,2020-12-28,True,False,0.09090909090909091,
Viet Nam,2021,1,1,14.0,52.0,,,False,False,True,False,2021-01-04,True,False,0.2692307692307692,
Viet Nam,2021,2,1,9.0,40.0,,,False,False,True,False,2021-01-11,True,False,0.225,
Viet Nam,2021,3,1,11.0,40.0,,,False,False,True,False,2021-01-18,True,False,0.275,
Viet Nam,2021,4,1,3.0,26.0,,,False,False,True,False,2021-01-25,True,False,0.11538461538461539,
Viet Nam,2021,5,1,0.0,2.0,,,False,False,True,False,2021-02-01,True,False,0.0,
Viet Nam,2021,6,1,0.0,4.0,,,False,False,True,False,2021-02-08,True,False,0.0,
Viet Nam,2021,7,1,0.0,4.0,,,False,False,True,False,2021-02-15,True,False,0.0,
Viet Nam,2021,8,1,0.0,4.0,,,False,False,True,False,2021-02-22,True,False,0.0,
Viet Nam,2021,9,1,0.0,3.0,,,False,False,True,False,2021-03-01,True,False,0.0,
Viet Nam,2021,10,1,1.0,11.0,,,False,False,True,False,2021-03-08,True,False,0.09090909090909091,
Viet Nam,2021,11,1,1.0,24.0,,,False,False,True,False,2021-03-15,True,False,0.041666666666666664,
Viet Nam,2021,12,1,0.0,18.0,,,False,False,True,False,2021-03-22,True,False,0.0,
Viet Nam,2021,13,1,0.0,22.0,,,False,False,True,False,2021-03-29,True,False,0.0,
Viet Nam,2021,14,1,0.0,28.0,,,False,False,True,False,2021-04-05,True,False,0.0,
Viet Nam,2021,15,1,0.0,30.0,,,False,False,True,False,2021-04-12,True,False,0.0,
Viet Nam,2021,16,1,0.0,218.0,,,False,False,True,False,2021-04-19,True,False,0.0,
Viet Nam,2021,17,1,0.0,20.0,,,False,False,True,False,2021-04-26,True,False,0.0,
Viet Nam,2021,18,1,0.0,38.0,,,False,False,True,False,2021-05-03,True,False,0.0,
Viet Nam,2021,19,1,0.0,6.0,,,False,False,True,False,2021-05-10,True,False,0.0,
Viet Nam,2021,20,1,0.0,19.0,,,False,False,True,False,2021-05-17,True,False,0.0,
Viet Nam,2021,21,1,0.0,26.0,,,False,False,True,False,2021-05-24,True,False,0.0,
Viet Nam,2021,22,1,0.0,13.0,,,False,False,True,False,2021-05-31,True,False,0.0,
Viet Nam,2021,23,1,0.0,13.0,,,False,False,True,False,2021-06-07,True,False,0.0,
Viet Nam,2021,24,1,0.0,12.0,,,False,False,True,False,2021-06-14,True,False,0.0,
Viet Nam,2021,25,1,0.0,6.0,,,False,False,True,False,2021-06-21,True,False,0.0,
Viet Nam,2021,26,1,0.0,3.0,,,False,False,True,False,2021-06-28,True,False,0.0,
Viet Nam,2021,27,1,0.0,8.0,,,False,False,True,False,2021-07-05,True,False,0.0,
Viet Nam,2021,28,1,0.0,14.0,,,False,False,True,False,2021-07-12,True,False,0.0,
Viet Nam,2021,29,1,0.0,10.0,,,False,False,True,False,2021-07-19,True,False,0.0,
Viet Nam,2021,30,1,0.0,0.0,,,False,False,True,False,2021-07-26,False,False,,
Viet Nam,2021,31,1,0.0,0.0,,,False,False,True,False,2021-08-02,False,False,,
Viet Nam,2021,32,1,0.0,0.0,,,False,False,True,False,2021-08-09,False,False,,
Viet Nam,2021,33,1,0.0,0.0,,,False,False,True,False,2021-08-16,False,False,,
Viet Nam,2021,34,1,0.0,0.0,,,False,False,True,False,2021-08-23,False,False,,
Viet Nam,2021,35,1,0.0,0.0,,,False,False,True,False,2021-08-30,False,False,,
Viet Nam,2021,36,1,0.0,0.0,,,False,False,True,False,2021-09-06,False,False,,
Viet Nam,2021,37,1,0.0,0.0,,,False,False,True,False,2021-09-13,False,False,,
Viet Nam,2021,38,1,0.0,0.0,,,False,False,True,False,2021-09-20,False,False,,
Viet Nam,2021,39,1,0.0,0.0,,,False,False,True,False,2021-09-27,False,False,,
Viet Nam,2021,40,1,0.0,0.0,,,False,False,True,False,2021-10-04,False,False,,
Viet Nam,2021,41,1,0.0,0.0,,,False,False,True,False,2021-10-11,False,False,,
Viet Nam,2021,42,1,0.0,0.0,,,False,False,True,False,2021-10-18,False,False,,
Viet Nam,2021,43,1,0.0,1.0,,,False,False,True,False,2021-10-25,True,False,0.0,
Viet Nam,2021,44,1,0.0,1.0,,,False,False,True,False,2021-11-01,True,False,0.0,
Viet Nam,2021,45,1,0.0,0.0,,,False,False,True,False,2021-11-08,False,False,,
Viet Nam,2021,46,1,0.0,0.0,,,False,False,True,False,2021-11-15,False,False,,
Viet Nam,2021,47,1,0.0,1.0,,,False,False,True,False,2021-11-22,True,False,0.0,
Viet Nam,2021,48,1,0.0,0.0,,,False,False,True,False,2021-11-29,False,False,,
Viet Nam,2021,49,1,0.0,3.0,,,False,False,True,False,2021-12-06,True,False,0.0,
Viet Nam,2021,50,1,0.0,0.0,,,False,False,True,False,2021-12-13,False,False,,
Viet Nam,2021,51,1,0.0,1.0,,,False,False,True,False,2021-12-20,True,False,0.0,
Viet Nam,2021,52,1,0.0,73.0,,,False,False,True,False,2021-12-27,True,False,0.0,
Viet Nam,2022,1,1,0.0,0.0,,,False,False,True,False,2022-01-03,False,False,,
Viet Nam,2022,2,1,0.0,2.0,,,False,False,True,False,2022-01-10,True,False,0.0,
Viet Nam,2022,3,1,0.0,0.0,,,False,False,True,False,2022-01-17,False,False,,
Viet Nam,2022,4,1,0.0,1.0,,,False,False,True,False,2022-01-24,True,False,0.0,
Viet Nam,2022,5,1,0.0,0.0,,,False,False,True,False,2022-01-31,False,False,,
Viet Nam,2022,6,1,0.0,0.0,,,False,False,True,False,2022-02-07,False,False,,
Viet Nam,2022,7,1,0.0,1.0,,,False,False,True,False,2022-02-14,True,False,0.0,
Viet Nam,2022,8,1,0.0,1.0,,,False,False,True,False,2022-02-21,True,False,0.0,
Viet Nam,2022,9,1,0.0,0.0,,,False,False,True,False,2022-02-28,False,False,,
Viet Nam,2022,10,1,0.0,0.0,,,False,False,True,False,2022-03-07,False,False,,
Viet Nam,2022,11,1,0.0,1.0,,,False,False,True,False,2022-03-14,True,False,0.0,
Viet Nam,2022,12,1,0.0,0.0,,,False,False,True,False,2022-03-21,False,False,,
Viet Nam,2022,13,1,0.0,0.0,,,False,False,True,False,2022-03-28,False,False,,
Viet Nam,2022,14,1,0.0,0.0,,,False,False,True,False,2022-04-04,False,False,,
Viet Nam,2022,15,1,0.0,2.0,,,False,False,True,False,2022-04-11,True,False,0.0,
Viet Nam,2022,16,1,0.0,1.0,,,False,False,True,False,2022-04-18,True,False,0.0,
Viet Nam,2022,17,1,0.0,0.0,,,False,False,True,False,2022-04-25,False,False,,
Viet Nam,2022,18,1,0.0,0.0,,,False,False,True,False,2022-05-02,False,False,,
Viet Nam,2022,19,1,0.0,0.0,,,False,False,True,False,2022-05-09,False,False,,
Viet Nam,2022,20,1,0.0,2.0,,,False,False,True,False,2022-05-16,True,False,0.0,
Viet Nam,2022,21,1,0.0,0.0,,,False,False,True,False,2022-05-23,False,False,,
Viet Nam,2022,22,1,0.0,2.0,,,False,False,True,False,2022-05-30,True,False,0.0,
Viet Nam,2022,23,1,0.0,1.0,,,False,False,True,False,2022-06-06,True,False,0.0,
Viet Nam,2022,24,1,0.0,0.0,,,False,False,True,False,2022-06-13,False,False,,
Viet Nam,2022,25,1,0.0,0.0,,,False,False,True,False,2022-06-20,False,False,,
Viet Nam,2022,26,2,1.0,3.0,,,False,False,True,False,2022-06-27,True,False,0.3333333333333333,
Viet Nam,2022,27,2,8.0,21.0,,,False,False,True,False,2022-07-04,True,False,0.38095238095238093,
Viet Nam,2022,28,2,13.0,35.0,,,False,False,True,False,2022-07-11,True,False,0.37142857142857144,
Viet Nam,2022,29,2,18.0,39.0,,,False,False,True,False,2022-07-18,True,False,0.46153846153846156,
Viet Nam,2022,30,2,11.0,23.0,,,False,False,True,False,2022-07-25,True,False,0.4782608695652174,
Viet Nam,2022,31,2,1.0,12.0,,,False,False,True,False,2022-08-01,True,False,0.08333333333333333,
Viet Nam,2022,32,2,2.0,12.0,,,False,False,True,False,2022-08-08,True,False,0.16666666666666666,
Viet Nam,2022,33,2,3.0,13.0,,,False,False,True,False,2022-08-15,True,False,0.23076923076923078,
Viet Nam,2022,34,2,4.0,13.0,,,False,False,True,False,2022-08-22,True,False,0.3076923076923077,
Viet Nam,2022,35,2,2.0,7.0,,,False,False,True,False,2022-08-29,True,False,0.2857142857142857,
Viet Nam,2022,36,2,7.0,30.0,,,False,False,True,False,2022-09-05,True,False,0.23333333333333334,
Viet Nam,2022,37,2,6.0,31.0,,,False,False,True,False,2022-09-12,True,False,0.1935483870967742,
Viet Nam,2022,38,2,17.0,44.0,,,False,False,True,False,2022-09-19,True,False,0.38636363636363635,
Viet Nam,2022,39,2,22.0,47.0,,,False,False,True,False,2022-09-26,True,False,0.46808510638297873,
Viet Nam,2022,40,2,17.0,48.0,,,False,False,True,False,2022-10-03,True,False,0.3541666666666667,
Viet Nam,2022,41,2,43.0,102.0,,,False,False,True,False,2022-10-10,True,False,0.4215686274509804,
Viet Nam,2022,42,2,40.0,85.0,,,False,False,True,False,2022-10-17,True,False,0.47058823529411764,
Viet Nam,2022,43,2,29.0,71.0,,,False,False,True,False,2022-10-24,True,False,0.4084507042253521,
Viet Nam,2022,44,2,34.0,74.0,,,False,False,True,False,2022-10-31,True,False,0.4594594594594595,
Viet Nam,2022,45,2,27.0,72.0,,,False,False,True,False,2022-11-07,True,False,0.375,
Viet Nam,2022,46,2,20.0,65.0,,,False,False,True,False,2022-11-14,True,False,0.3076923076923077,
Viet Nam,2022,47,2,15.0,49.0,,,False,False,True,False,2022-11-21,True,False,0.30612244897959184,
Viet Nam,2022,48,2,16.0,60.0,,,False,False,True,False,2022-11-28,True,False,0.26666666666666666,
Viet Nam,2022,49,2,13.0,70.0,,,False,False,True,False,2022-12-05,True,False,0.18571428571428572,
Viet Nam,2022,50,2,11.0,71.0,,,False,False,True,False,2022-12-12,True,False,0.15492957746478872,
Viet Nam,2022,51,2,10.0,75.0,,,False,False,True,False,2022-12-19,True,False,0.13333333333333333,
Viet Nam,2022,52,2,9.0,82.0,,,False,False,True,False,2022-12-26,True,False,0.10975609756097561,
Viet Nam,2023,1,2,17.0,42.0,,,False,False,True,False,2023-01-02,True,False,0.40476190476190477,
Viet Nam,2023,2,2,10.0,34.0,,,False,False,True,False,2023-01-09,True,False,0.29411764705882354,
Viet Nam,2023,3,2,6.0,13.0,,,False,False,True,False,2023-01-16,True,False,0.46153846153846156,
Viet Nam,2023,4,2,1.0,5.0,,,False,False,True,False,2023-01-23,True,False,0.2,
Viet Nam,2023,5,2,9.0,29.0,,,False,False,True,False,2023-01-30,True,False,0.3103448275862069,
Viet Nam,2023,6,2,12.0,33.0,,,False,False,True,False,2023-02-06,True,False,0.36363636363636365,
Viet Nam,2023,7,2,16.0,35.0,,,False,False,True,False,2023-02-13,True,False,0.45714285714285713,
Viet Nam,2023,8,2,26.0,43.0,,,False,False,True,False,2023-02-20,True,False,0.6046511627906976,
Viet Nam,2023,9,2,16.0,41.0,,,False,False,True,False,2023-02-27,True,False,0.3902439024390244,
Viet Nam,2023,10,2,15.0,37.0,,,False,False,True,False,2023-03-06,True,False,0.40540540540540543,
Viet Nam,2023,11,2,16.0,41.0,,,False,False,True,False,2023-03-13,True,False,0.3902439024390244,
Viet Nam,2023,12,2,11.0,32.0,,,False,False,True,False,2023-03-20,True,False,0.34375,
Viet Nam,2023,13,2,12.0,26.0,,,False,False,True,False,2023-03-27,True,False,0.46153846153846156,
Viet Nam,2023,14,2,20.0,35.0,,,False,False,True,False,2023-04-03,True,False,0.5714285714285714,
Viet Nam,2023,15,2,14.0,37.0,,,False,False,True,False,2023-04-10,True,False,0.3783783783783784,
Viet Nam,2023,16,2,7.0,31.0,,,False,False,True,False,2023-04-17,True,False,0.22580645161290322,
Viet Nam,2023,17,2,9.0,27.0,,,False,False,True,False,2023-04-24,True,False,0.3333333333333333,
Viet Nam,2023,18,2,2.0,7.0,,,False,False,True,False,2023-05-01,True,False,0.2857142857142857,
Viet Nam,2023,19,3,1.0,40.0,,,False,False,True,False,2023-05-08,True,False,0.025,
Viet Nam,2023,20,3,4.0,38.0,,,False,False,True,False,2023-05-15,True,False,0.10526315789473684,
Viet Nam,2023,21,3,2.0,35.0,,,False,False,True,False,2023-05-22,True,False,0.05714285714285714,
Viet Nam,2023,22,3,1.0,52.0,,,False,False,True,False,2023-05-29,True,False,0.019230769230769232,
Viet Nam,2023,23,3,1.0,55.0,,,False,False,True,False,2023-06-05,True,False,0.01818181818181818,
Viet Nam,2023,24,3,0.0,42.0,,,False,False,True,False,2023-06-12,True,False,0.0,
Viet Nam,2023,25,3,0.0,65.0,,,False,False,True,False,2023-06-19,True,False,0.0,
Viet Nam,2023,26,3,1.0,44.0,,,False,False,True,False,2023-06-26,True,False,0.022727272727272728,
Viet Nam,2023,27,3,2.0,56.0,,,False,False,True,False,2023-07-03,True,False,0.03571428571428571,
Viet Nam,2023,28,3,5.0,51.0,,,False,False,True,False,2023-07-10,True,False,0.09803921568627451,
Viet Nam,2023,29,3,2.0,64.0,,,False,False,True,False,2023-07-17,True,False,0.03125,
Viet Nam,2023,30,3,3.0,59.0,,,False,False,True,False,2023-07-24,True,False,0.05084745762711865,
Viet Nam,2023,31,3,0.0,61.0,,,False,False,True,False,2023-07-31,True,False,0.0,
Viet Nam,2023,32,3,5.0,68.0,,,False,False,True,False,2023-08-07,True,False,0.07352941176470588,
Viet Nam,2023,33,3,4.0,71.0,,,False,False,True,False,2023-08-14,True,False,0.056338028169014086,
Viet Nam,2023,34,3,3.0,67.0,,,False,False,True,False,2023-08-21,True,False,0.04477611940298507,
Viet Nam,2023,35,3,6.0,79.0,,,False,False,True,False,2023-08-28,True,False,0.0759493670886076,
Viet Nam,2023,36,3,5.0,48.0,,,False,False,True,False,2023-09-04,True,False,0.10416666666666667,
Viet Nam,2023,37,3,6.0,59.0,,,False,False,True,False,2023-09-11,True,False,0.1016949152542373,
Viet Nam,2023,38,3,9.0,64.0,,,False,False,True,False,2023-09-18,True,False,0.140625,
Viet Nam,2023,39,3,10.0,61.0,,,False,False,True,False,2023-09-25,True,False,0.16393442622950818,
Viet Nam,2023,40,3,5.0,43.0,,,False,False,True,False,2023-10-02,True,False,0.11627906976744186,
Viet Nam,2023,41,3,5.0,55.0,,,False,False,True,False,2023-10-09,True,False,0.09090909090909091,
Viet Nam,2023,42,3,10.0,50.0,,,False,False,True,False,2023-10-16,True,False,0.2,
Viet Nam,2023,43,3,25.0,56.0,,,False,False,True,False,2023-10-23,True,False,0.44642857142857145,
Viet Nam,2023,44,3,8.0,46.0,,,False,False,True,False,2023-10-30,True,False,0.17391304347826086,
Viet Nam,2023,45,3,21.0,67.0,,,False,False,True,False,2023-11-06,True,False,0.31343283582089554,
Viet Nam,2023,46,3,22.0,55.0,,,False,False,True,False,2023-11-13,True,False,0.4,
Viet Nam,2023,47,3,25.0,76.0,,,False,False,True,False,2023-11-20,True,False,0.32894736842105265,
Viet Nam,2023,48,3,32.0,70.0,,,False,False,True,False,2023-11-27,True,False,0.45714285714285713,
Viet Nam,2023,49,3,30.0,68.0,,,False,False,True,False,2023-12-04,True,False,0.4411764705882353,
Viet Nam,2023,50,3,33.0,66.0,,,False,False,True,False,2023-12-11,True,False,0.5,
Viet Nam,2023,51,3,30.0,61.0,,,False,False,True,False,2023-12-18,True,False,0.4918032786885246,
Viet Nam,2023,52,3,41.0,81.0,,,False,False,True,False,2023-12-25,True,False,0.5061728395061729,
Viet Nam,2024,1,2,45.0,94.0,,,False,False,True,False,2024-01-01,True,False,0.4787234042553192,
Viet Nam,2024,2,2,28.0,51.0,,,False,False,True,False,2024-01-08,True,False,0.5490196078431373,
Viet Nam,2024,3,2,22.0,54.0,,,False,False,True,False,2024-01-15,True,False,0.4074074074074074,
Viet Nam,2024,4,2,23.0,74.0,,,False,False,True,False,2024-01-22,True,False,0.3108108108108108,
Viet Nam,2024,5,2,14.0,48.0,,,False,False,True,False,2024-01-29,True,False,0.2916666666666667,
Viet Nam,2024,6,2,6.0,16.0,,,False,False,True,False,2024-02-05,True,False,0.375,
Viet Nam,2024,7,2,9.0,20.0,,,False,False,True,False,2024-02-12,True,False,0.45,
Viet Nam,2024,8,2,5.0,29.0,,,False,False,True,False,2024-02-19,True,False,0.1724137931034483,
Viet Nam,2024,9,2,15.0,64.0,,,False,False,True,False,2024-02-26,True,False,0.234375,
Viet Nam,2024,10,3,16.0,75.0,,,False,False,True,False,2024-03-04,True,False,0.21333333333333335,
Viet Nam,2024,11,3,13.0,77.0,,,False,False,True,False,2024-03-11,True,False,0.16883116883116883,
Viet Nam,2024,12,3,23.0,111.0,,,False,False,True,False,2024-03-18,True,False,0.2072072072072072,
Viet Nam,2024,13,3,34.0,93.0,,,False,False,True,False,2024-03-25,True,False,0.3655913978494624,
Viet Nam,2024,14,3,26.0,98.0,,,False,False,True,False,2024-04-01,True,False,0.2653061224489796,
Viet Nam,2024,15,3,21.0,98.0,,,False,False,True,False,2024-04-08,True,False,0.21428571428571427,
Viet Nam,2024,16,3,19.0,75.0,,,False,False,True,False,2024-04-15,True,False,0.25333333333333335,
Viet Nam,2024,17,3,23.0,112.0,,,False,False,True,False,2024-04-22,True,False,0.20535714285714285,
Viet Nam,2024,18,3,22.0,91.0,,,False,False,True,False,2024-04-29,True,False,0.24175824175824176,
Viet Nam,2024,19,3,24.0,123.0,,,False,False,True,False,2024-05-06,True,False,0.1951219512195122,
Viet Nam,2024,20,3,33.0,132.0,,,False,False,True,False,2024-05-13,True,False,0.25,
Viet Nam,2024,21,3,25.0,129.0,,,False,False,True,False,2024-05-20,True,False,0.1937984496124031,
Viet Nam,2024,22,3,22.0,117.0,,,False,False,True,False,2024-05-27,True,False,0.18803418803418803,
Viet Nam,2024,23,3,29.0,122.0,,,False,False,True,False,2024-06-03,True,False,0.23770491803278687,
Viet Nam,2024,24,3,18.0,107.0,,,False,False,True,False,2024-06-10,True,False,0.16822429906542055,
Viet Nam,2024,25,3,22.0,103.0,,,False,False,True,False,2024-06-17,True,False,0.21359223300970873,
Viet Nam,2024,26,3,22.0,94.0,,,False,False,True,False,2024-06-24,True,False,0.23404255319148937,
Viet Nam,2024,27,3,18.0,109.0,,,False,False,True,False,2024-07-01,True,False,0.1651376146788991,
Viet Nam,2024,28,3,37.0,151.0,,,False,False,True,False,2024-07-08,True,False,0.24503311258278146,
Viet Nam,2024,29,3,30.0,130.0,,,False,False,True,False,2024-07-15,True,False,0.23076923076923078,
Viet Nam,2024,30,3,36.0,107.0,,,False,False,True,False,2024-07-22,True,False,0.3364485981308411,
Viet Nam,2024,31,3,33.0,119.0,,,False,False,True,False,2024-07-29,True,False,0.2773109243697479,
Viet Nam,2024,32,3,47.0,136.0,,,False,False,True,False,2024-08-05,True,False,0.34558823529411764,
Viet Nam,2024,33,3,32.0,107.0,,,False,False,True,False,2024-08-12,True,False,0.29906542056074764,
Viet Nam,2024,34,3,30.0,116.0,,,False,False,True,False,2024-08-19,True,False,0.25862068965517243,
Viet Nam,2024,35,3,24.0,99.0,,,False,False,True,False,2024-08-26,True,False,0.24242424242424243,
Viet Nam,2024,36,3,13.0,72.0,,,False,False,True,False,2024-09-02,True,False,0.18055555555555555,
Viet Nam,2024,37,3,25.0,107.0,,,False,False,True,False,2024-09-09,True,False,0.2336448598130841,
Viet Nam,2024,38,3,28.0,106.0,,,False,False,True,False,2024-09-16,True,False,0.2641509433962264,
Viet Nam,2024,39,3,16.0,88.0,,,False,False,True,False,2024-09-23,True,False,0.18181818181818182,
Viet Nam,2024,40,3,21.0,68.0,,,False,False,True,False,2024-09-30,True,False,0.3088235294117647,
Viet Nam,2024,41,3,12.0,62.0,,,False,False,True,False,2024-10-07,True,False,0.1935483870967742,
Viet Nam,2024,42,3,16.0,82.0,,,False,False,True,False,2024-10-14,True,False,0.1951219512195122,
Viet Nam,2024,43,3,12.0,87.0,,,False,False,True,False,2024-10-21,True,False,0.13793103448275862,
Viet Nam,2024,44,3,18.0,79.0,,,False,False,True,False,2024-10-28,True,False,0.22784810126582278,
Viet Nam,2024,45,3,16.0,70.0,,,False,False,True,False,2024-11-04,True,False,0.22857142857142856,
Viet Nam,2024,46,3,18.0,82.0,,,False,False,True,False,2024-11-11,True,False,0.21951219512195122,
Viet Nam,2024,47,3,9.0,75.0,,,False,False,True,False,2024-11-18,True,False,0.12,
Viet Nam,2024,48,3,10.0,82.0,,,False,False,True,False,2024-11-25,True,False,0.12195121951219512,
Viet Nam,2024,49,3,13.0,55.0,,,False,False,True,False,2024-12-02,True,False,0.23636363636363636,
Viet Nam,2024,50,3,12.0,36.0,,,False,False,True,False,2024-12-09,True,False,0.3333333333333333,
Viet Nam,2024,51,2,18.0,41.0,,,False,False,True,False,2024-12-16,True,False,0.43902439024390244,
Viet Nam,2024,52,2,25.0,65.0,,,False,False,True,False,2024-12-23,True,False,0.38461538461538464,
Viet Nam,2025,1,3,40.0,72.0,0.0,,False,False,True,True,2024-12-30,True,False,0.5555555555555556,
Viet Nam,2025,2,3,58.0,112.0,0.0,,False,False,True,True,2025-01-06,True,False,0.5178571428571429,
Viet Nam,2025,3,3,45.0,104.0,0.0,,False,False,True,True,2025-01-13,True,False,0.4326923076923077,
Viet Nam,2025,4,3,47.0,93.0,0.0,,False,False,True,True,2025-01-20,True,False,0.5053763440860215,
Viet Nam,2025,5,3,0.0,3.0,0.0,,False,False,True,True,2025-01-27,True,False,0.0,
Viet Nam,2025,6,3,18.0,75.0,0.0,,False,False,True,True,2025-02-03,True,False,0.24,
Viet Nam,2025,7,3,19.0,75.0,0.0,,False,False,True,True,2025-02-10,True,False,0.25333333333333335,
Viet Nam,2025,8,3,36.0,106.0,0.0,,False,False,True,True,2025-02-17,True,False,0.33962264150943394,
Viet Nam,2025,9,3,30.0,99.0,0.0,,False,False,True,True,2025-02-24,True,False,0.30303030303030304,
Viet Nam,2025,10,3,31.0,100.0,0.0,,False,False,True,True,2025-03-03,True,False,0.31,
Viet Nam,2025,11,3,37.0,96.0,0.0,,False,False,True,True,2025-03-10,True,False,0.3854166666666667,
Viet Nam,2025,12,3,24.0,91.0,0.0,,False,False,True,True,2025-03-17,True,False,0.26373626373626374,
Viet Nam,2025,13,3,12.0,110.0,0.0,,False,False,True,True,2025-03-24,True,False,0.10909090909090909,
Viet Nam,2025,14,3,14.0,94.0,0.0,,False,False,True,True,2025-03-31,True,False,0.14893617021276595,
Viet Nam,2025,15,3,16.0,92.0,0.0,,False,False,True,True,2025-04-07,True,False,0.17391304347826086,
Viet Nam,2025,16,3,13.0,103.0,0.0,,False,False,True,True,2025-04-14,True,False,0.1262135922330097,
Viet Nam,2025,17,3,10.0,107.0,0.0,,False,False,True,True,2025-04-21,True,False,0.09345794392523364,
Viet Nam,2025,18,3,0.0,57.0,0.0,,False,False,True,True,2025-04-28,True,False,0.0,
Viet Nam,2025,19,3,8.0,117.0,0.0,,False,False,True,True,2025-05-05,True,False,0.06837606837606838,
Viet Nam,2025,20,3,2.0,102.0,0.0,,False,False,True,True,2025-05-12,True,False,0.0196078431372549,
Viet Nam,2025,21,3,1.0,123.0,0.0,,False,False,True,True,2025-05-19,True,False,0.008130081300813009,
Viet Nam,2025,22,3,3.0,133.0,0.0,,False,False,True,True,2025-05-26,True,False,0.022556390977443608,
Viet Nam,2025,23,3,2.0,101.0,0.0,,False,False,True,True,2025-06-02,True,False,0.019801980198019802,
Viet Nam,2025,24,3,1.0,101.0,0.0,,False,False,True,True,2025-06-09,True,False,0.009900990099009901,
Viet Nam,2025,25,3,5.0,111.0,0.0,,False,False,True,True,2025-06-16,True,False,0.04504504504504504,
Viet Nam,2025,26,3,6.0,115.0,0.0,,False,False,True,True,2025-06-23,True,False,0.05217391304347826,
Viet Nam,2025,27,3,6.0,107.0,0.0,,False,False,True,True,2025-06-30,True,False,0.056074766355140186,
Viet Nam,2025,28,3,6.0,96.0,0.0,,False,False,True,True,2025-07-07,True,False,0.0625,
Viet Nam,2025,29,3,3.0,79.0,0.0,,False,False,True,True,2025-07-14,True,False,0.0379746835443038,
Viet Nam,2025,30,3,5.0,91.0,0.0,,False,False,True,True,2025-07-21,True,False,0.054945054945054944,
Viet Nam,2025,31,3,5.0,88.0,0.0,,False,False,True,True,2025-07-28,True,False,0.056818181818181816,
Viet Nam,2025,32,3,5.0,93.0,0.0,,False,False,True,True,2025-08-04,True,False,0.053763440860215055,
Viet Nam,2025,33,3,13.0,113.0,0.0,,False,False,True,True,2025-08-11,True,False,0.11504424778761062,
Viet Nam,2025,34,3,6.0,98.0,0.0,,False,False,True,True,2025-08-18,True,False,0.061224489795918366,
Viet Nam,2025,35,3,8.0,88.0,0.0,,False,False,True,True,2025-08-25,True,False,0.09090909090909091,
Viet Nam,2025,36,3,11.0,83.0,0.0,,False,False,True,True,2025-09-01,True,False,0.13253012048192772,
Viet Nam,2025,37,3,20.0,111.0,0.0,,False,False,True,True,2025-09-08,True,False,0.18018018018018017,
Viet Nam,2025,38,3,28.0,124.0,0.0,,False,False,True,True,2025-09-15,True,False,0.22580645161290322,
Viet Nam,2025,39,3,23.0,98.0,0.0,,False,False,True,True,2025-09-22,True,False,0.23469387755102042,
Viet Nam,2025,40,3,20.0,70.0,0.0,,False,False,True,True,2025-09-29,True,False,0.2857142857142857,
Viet Nam,2025,41,3,36.0,69.0,0.0,,False,False,True,True,2025-10-06,True,False,0.5217391304347826,
Viet Nam,2025,42,3,39.0,80.0,0.0,,False,False,True,True,2025-10-13,True,False,0.4875,
Viet Nam,2025,43,3,47.0,93.0,0.0,,False,False,True,True,2025-10-20,True,False,0.5053763440860215,
Viet Nam,2025,44,3,38.0,70.0,0.0,,False,False,True,True,2025-10-27,True,False,0.5428571428571428,
Viet Nam,2025,45,3,31.0,57.0,0.0,,False,False,True,True,2025-11-03,True,False,0.543859649122807,
Viet Nam,2025,46,3,37.0,63.0,0.0,,False,False,True,True,2025-11-10,True,False,0.5873015873015873,
Viet Nam,2025,47,3,44.0,71.0,0.0,,False,False,True,True,2025-11-17,True,False,0.6197183098591549,
Viet Nam,2025,48,3,37.0,56.0,0.0,,False,False,True,True,2025-11-24,True,False,0.6607142857142857,
Viet Nam,2025,49,3,39.0,83.0,0.0,,False,False,True,True,2025-12-01,True,False,0.46987951807228917,
Viet Nam,2025,50,3,28.0,71.0,0.0,,False,False,True,True,2025-12-08,True,False,0.39436619718309857,
Viet Nam,2025,51,3,25.0,57.0,0.0,,False,False,True,True,2025-12-15,True,False,0.43859649122807015,
Viet Nam,2025,52,3,23.0,71.0,0.0,,False,False,True,True,2025-12-22,True,False,0.323943661971831,
