country,ISO_YEAR,ISO_WEEK,raw_rows,sarscov2_cases,week_start,negative_revision,sarscov2_cases_original,case_value_present,zero_case_week
Brunei Darussalam,2020,1,1,0.0,2019-12-30,False,0.0,True,True
Brunei Darussalam,2020,2,1,0.0,2020-01-06,False,0.0,True,True
Brunei Darussalam,2020,3,1,0.0,2020-01-13,False,0.0,True,True
Brunei Darussalam,2020,4,1,0.0,2020-01-20,False,0.0,True,True
Brunei Darussalam,2020,5,1,0.0,2020-01-27,False,0.0,True,True
Brunei Darussalam,2020,6,1,0.0,2020-02-03,False,0.0,True,True
Brunei Darussalam,2020,7,1,0.0,2020-02-10,False,0.0,True,True
Brunei Darussalam,2020,8,1,0.0,2020-02-17,False,0.0,True,True
Brunei Darussalam,2020,9,1,0.0,2020-02-24,False,0.0,True,True
Brunei Darussalam,2020,10,1,0.0,2020-03-02,False,0.0,True,True
Brunei Darussalam,2020,11,1,40.0,2020-03-09,False,40.0,True,False
Brunei Darussalam,2020,12,1,43.0,2020-03-16,False,43.0,True,False
Brunei Darussalam,2020,13,1,37.0,2020-03-23,False,37.0,True,False
Brunei Darussalam,2020,14,1,15.0,2020-03-30,False,15.0,True,False
Brunei Darussalam,2020,15,1,1.0,2020-04-06,False,1.0,True,False
Brunei Darussalam,2020,16,1,1.0,2020-04-13,False,1.0,True,False
Brunei Darussalam,2020,17,1,1.0,2020-04-20,False,1.0,True,False
Brunei Darussalam,2020,18,1,0.0,2020-04-27,False,0.0,True,True
Brunei Darussalam,2020,19,1,3.0,2020-05-04,False,3.0,True,False
Brunei Darussalam,2020,20,1,0.0,2020-05-11,False,0.0,True,True
Brunei Darussalam,2020,21,1,0.0,2020-05-18,False,0.0,True,True
Brunei Darussalam,2020,22,1,0.0,2020-05-25,False,0.0,True,True
Brunei Darussalam,2020,23,1,0.0,2020-06-01,False,0.0,True,True
Brunei Darussalam,2020,24,1,0.0,2020-06-08,False,0.0,True,True
Brunei Darussalam,2020,25,1,0.0,2020-06-15,False,0.0,True,True
Brunei Darussalam,2020,26,1,0.0,2020-06-22,False,0.0,True,True
Brunei Darussalam,2020,27,1,0.0,2020-06-29,False,0.0,True,True
Brunei Darussalam,2020,28,1,0.0,2020-07-06,False,0.0,True,True
Brunei Darussalam,2020,29,1,0.0,2020-07-13,False,0.0,True,True
Brunei Darussalam,2020,30,1,0.0,2020-07-20,False,0.0,True,True
Brunei Darussalam,2020,31,1,0.0,2020-07-27,False,0.0,True,True
Brunei Darussalam,2020,32,1,1.0,2020-08-03,False,1.0,True,False
Brunei Darussalam,2020,33,1,0.0,2020-08-10,False,0.0,True,True
Brunei Darussalam,2020,34,1,1.0,2020-08-17,False,1.0,True,False
Brunei Darussalam,2020,35,1,1.0,2020-08-24,False,1.0,True,False
Brunei Darussalam,2020,36,1,1.0,2020-08-31,False,1.0,True,False
Brunei Darussalam,2020,37,1,0.0,2020-09-07,False,0.0,True,True
Brunei Darussalam,2020,38,1,0.0,2020-09-14,False,0.0,True,True
Brunei Darussalam,2020,39,1,1.0,2020-09-21,False,1.0,True,False
Brunei Darussalam,2020,40,1,0.0,2020-09-28,False,0.0,True,True
Brunei Darussalam,2020,41,1,0.0,2020-10-05,False,0.0,True,True
Brunei Darussalam,2020,42,1,1.0,2020-10-12,False,1.0,True,False
Brunei Darussalam,2020,43,1,1.0,2020-10-19,False,1.0,True,False
Brunei Darussalam,2020,44,1,0.0,2020-10-26,False,0.0,True,True
Brunei Darussalam,2020,45,1,0.0,2020-11-02,False,0.0,True,True
Brunei Darussalam,2020,46,1,0.0,2020-11-09,False,0.0,True,True
Brunei Darussalam,2020,47,1,0.0,2020-11-16,False,0.0,True,True
Brunei Darussalam,2020,48,1,2.0,2020-11-23,False,2.0,True,False
Brunei Darussalam,2020,49,1,1.0,2020-11-30,False,1.0,True,False
Brunei Darussalam,2020,50,1,1.0,2020-12-07,False,1.0,True,False
Brunei Darussalam,2020,51,1,0.0,2020-12-14,False,0.0,True,True
Brunei Darussalam,2020,52,1,0.0,2020-12-21,False,0.0,True,True
Brunei Darussalam,2020,53,1,20.0,2020-12-28,False,20.0,True,False
Brunei Darussalam,2021,1,1,1.0,2021-01-04,False,1.0,True,False
Brunei Darussalam,2021,2,1,1.0,2021-01-11,False,1.0,True,False
Brunei Darussalam,2021,3,1,1.0,2021-01-18,False,1.0,True,False
Brunei Darussalam,2021,4,1,5.0,2021-01-25,False,5.0,True,False
Brunei Darussalam,2021,5,1,1.0,2021-02-01,False,1.0,True,False
Brunei Darussalam,2021,6,1,3.0,2021-02-08,False,3.0,True,False
Brunei Darussalam,2021,7,1,1.0,2021-02-15,False,1.0,True,False
Brunei Darussalam,2021,8,1,1.0,2021-02-22,False,1.0,True,False
Brunei Darussalam,2021,9,1,4.0,2021-03-01,False,4.0,True,False
Brunei Darussalam,2021,10,1,9.0,2021-03-08,False,9.0,True,False
Brunei Darussalam,2021,11,1,7.0,2021-03-15,False,7.0,True,False
Brunei Darussalam,2021,12,1,1.0,2021-03-22,False,1.0,True,False
Brunei Darussalam,2021,13,1,7.0,2021-03-29,False,7.0,True,False
Brunei Darussalam,2021,14,1,5.0,2021-04-05,False,5.0,True,False
Brunei Darussalam,2021,15,1,2.0,2021-04-12,False,2.0,True,False
Brunei Darussalam,2021,16,1,2.0,2021-04-19,False,2.0,True,False
Brunei Darussalam,2021,17,1,4.0,2021-04-26,False,4.0,True,False
Brunei Darussalam,2021,18,1,3.0,2021-05-03,False,3.0,True,False
Brunei Darussalam,2021,19,1,2.0,2021-05-10,False,2.0,True,False
Brunei Darussalam,2021,20,1,4.0,2021-05-17,False,4.0,True,False
Brunei Darussalam,2021,21,1,6.0,2021-05-24,False,6.0,True,False
Brunei Darussalam,2021,22,1,2.0,2021-05-31,False,2.0,True,False
Brunei Darussalam,2021,23,1,6.0,2021-06-07,False,6.0,True,False
Brunei Darussalam,2021,24,1,5.0,2021-06-14,False,5.0,True,False
Brunei Darussalam,2021,25,1,4.0,2021-06-21,False,4.0,True,False
Brunei Darussalam,2021,26,1,3.0,2021-06-28,False,3.0,True,False
Brunei Darussalam,2021,27,1,13.0,2021-07-05,False,13.0,True,False
Brunei Darussalam,2021,28,1,16.0,2021-07-12,False,16.0,True,False
Brunei Darussalam,2021,29,1,30.0,2021-07-19,False,30.0,True,False
Brunei Darussalam,2021,30,1,17.0,2021-07-26,False,17.0,True,False
Brunei Darussalam,2021,31,1,26.0,2021-08-02,False,26.0,True,False
Brunei Darussalam,2021,32,1,359.0,2021-08-09,False,359.0,True,False
Brunei Darussalam,2021,33,1,1046.0,2021-08-16,False,1046.0,True,False
Brunei Darussalam,2021,34,1,796.0,2021-08-23,False,796.0,True,False
Brunei Darussalam,2021,35,1,764.0,2021-08-30,False,764.0,True,False
Brunei Darussalam,2021,36,1,834.0,2021-09-06,False,834.0,True,False
Brunei Darussalam,2021,37,1,884.0,2021-09-13,False,884.0,True,False
Brunei Darussalam,2021,38,1,1493.0,2021-09-20,False,1493.0,True,False
Brunei Darussalam,2021,39,1,1176.0,2021-09-27,False,1176.0,True,False
Brunei Darussalam,2021,40,1,1264.0,2021-10-04,False,1264.0,True,False
Brunei Darussalam,2021,41,1,1880.0,2021-10-11,False,1880.0,True,False
Brunei Darussalam,2021,42,1,1253.0,2021-10-18,False,1253.0,True,False
Brunei Darussalam,2021,43,1,1017.0,2021-10-25,False,1017.0,True,False
Brunei Darussalam,2021,44,1,652.0,2021-11-01,False,652.0,True,False
Brunei Darussalam,2021,45,1,433.0,2021-11-08,False,433.0,True,False
Brunei Darussalam,2021,46,1,376.0,2021-11-15,False,376.0,True,False
Brunei Darussalam,2021,47,1,445.0,2021-11-22,False,445.0,True,False
Brunei Darussalam,2021,48,1,150.0,2021-11-29,False,150.0,True,False
Brunei Darussalam,2021,49,1,162.0,2021-12-06,False,162.0,True,False
Brunei Darussalam,2021,50,1,54.0,2021-12-13,False,54.0,True,False
Brunei Darussalam,2021,51,1,45.0,2021-12-20,False,45.0,True,False
Brunei Darussalam,2021,52,1,52.0,2021-12-27,False,52.0,True,False
Brunei Darussalam,2022,1,1,135.0,2022-01-03,False,135.0,True,False
Brunei Darussalam,2022,2,1,247.0,2022-01-10,False,247.0,True,False
Brunei Darussalam,2022,3,1,251.0,2022-01-17,False,251.0,True,False
Brunei Darussalam,2022,4,1,281.0,2022-01-24,False,281.0,True,False
Brunei Darussalam,2022,5,1,1371.0,2022-01-31,False,1371.0,True,False
Brunei Darussalam,2022,6,1,4731.0,2022-02-07,False,4731.0,True,False
Brunei Darussalam,2022,7,1,12464.0,2022-02-14,False,12464.0,True,False
Brunei Darussalam,2022,8,1,24468.0,2022-02-21,False,24468.0,True,False
Brunei Darussalam,2022,9,1,29402.0,2022-02-28,False,29402.0,True,False
Brunei Darussalam,2022,10,1,23244.0,2022-03-07,False,23244.0,True,False
Brunei Darussalam,2022,11,1,12623.0,2022-03-14,False,12623.0,True,False
Brunei Darussalam,2022,12,1,6687.0,2022-03-21,False,6687.0,True,False
Brunei Darussalam,2022,13,1,4571.0,2022-03-28,False,4571.0,True,False
Brunei Darussalam,2022,14,1,2556.0,2022-04-04,False,2556.0,True,False
Brunei Darussalam,2022,15,1,1493.0,2022-04-11,False,1493.0,True,False
Brunei Darussalam,2022,16,1,1096.0,2022-04-18,False,1096.0,True,False
Brunei Darussalam,2022,17,1,792.0,2022-04-25,False,792.0,True,False
Brunei Darussalam,2022,18,1,947.0,2022-05-02,False,947.0,True,False
Brunei Darussalam,2022,19,1,1801.0,2022-05-09,False,1801.0,True,False
Brunei Darussalam,2022,20,1,1827.0,2022-05-16,False,1827.0,True,False
Brunei Darussalam,2022,21,1,1603.0,2022-05-23,False,1603.0,True,False
Brunei Darussalam,2022,22,1,2313.0,2022-05-30,False,2313.0,True,False
Brunei Darussalam,2022,23,1,2691.0,2022-06-06,False,2691.0,True,False
Brunei Darussalam,2022,24,1,3930.0,2022-06-13,False,3930.0,True,False
Brunei Darussalam,2022,25,1,0.0,2022-06-20,False,0.0,True,True
Brunei Darussalam,2022,26,1,6504.0,2022-06-27,False,6504.0,True,False
Brunei Darussalam,2022,27,1,9610.0,2022-07-04,False,9610.0,True,False
Brunei Darussalam,2022,28,1,11858.0,2022-07-11,False,11858.0,True,False
Brunei Darussalam,2022,29,1,12420.0,2022-07-18,False,12420.0,True,False
Brunei Darussalam,2022,30,1,8745.0,2022-07-25,False,8745.0,True,False
Brunei Darussalam,2022,31,1,9123.0,2022-08-01,False,9123.0,True,False
Brunei Darussalam,2022,32,1,2976.0,2022-08-08,False,2976.0,True,False
Brunei Darussalam,2022,33,1,1986.0,2022-08-15,False,1986.0,True,False
Brunei Darussalam,2022,34,1,1454.0,2022-08-22,False,1454.0,True,False
Brunei Darussalam,2022,35,1,1360.0,2022-08-29,False,1360.0,True,False
Brunei Darussalam,2022,36,1,1551.0,2022-09-05,False,1551.0,True,False
Brunei Darussalam,2022,37,1,1627.0,2022-09-12,False,1627.0,True,False
Brunei Darussalam,2022,38,1,1519.0,2022-09-19,False,1519.0,True,False
Brunei Darussalam,2022,39,1,1909.0,2022-09-26,False,1909.0,True,False
Brunei Darussalam,2022,40,1,2168.0,2022-10-03,False,2168.0,True,False
Brunei Darussalam,2022,41,1,2749.0,2022-10-10,False,2749.0,True,False
Brunei Darussalam,2022,42,1,3074.0,2022-10-17,False,3074.0,True,False
Brunei Darussalam,2022,43,1,3388.0,2022-10-24,False,3388.0,True,False
Brunei Darussalam,2022,44,1,3555.0,2022-10-31,False,3555.0,True,False
Brunei Darussalam,2022,45,1,4262.0,2022-11-07,False,4262.0,True,False
Brunei Darussalam,2022,46,1,4545.0,2022-11-14,False,4545.0,True,False
Brunei Darussalam,2022,47,1,4515.0,2022-11-21,False,4515.0,True,False
Brunei Darussalam,2022,48,1,3519.0,2022-11-28,False,3519.0,True,False
Brunei Darussalam,2022,49,1,3050.0,2022-12-05,False,3050.0,True,False
Brunei Darussalam,2022,50,1,2329.0,2022-12-12,False,2329.0,True,False
Brunei Darussalam,2022,51,1,1796.0,2022-12-19,False,1796.0,True,False
Brunei Darussalam,2022,52,1,1584.0,2022-12-26,False,1584.0,True,False
Brunei Darussalam,2023,1,1,2447.0,2023-01-02,False,2447.0,True,False
Brunei Darussalam,2023,2,1,0.0,2023-01-09,False,0.0,True,True
Brunei Darussalam,2023,3,1,1571.0,2023-01-16,False,1571.0,True,False
Brunei Darussalam,2023,4,1,1003.0,2023-01-23,False,1003.0,True,False
Brunei Darussalam,2023,5,1,847.0,2023-01-30,False,847.0,True,False
Brunei Darussalam,2023,6,1,758.0,2023-02-06,False,758.0,True,False
Brunei Darussalam,2023,7,1,616.0,2023-02-13,False,616.0,True,False
Brunei Darussalam,2023,8,1,551.0,2023-02-20,False,551.0,True,False
Brunei Darussalam,2023,9,1,706.0,2023-02-27,False,706.0,True,False
Brunei Darussalam,2023,10,1,963.0,2023-03-06,False,963.0,True,False
Brunei Darussalam,2023,11,1,1129.0,2023-03-13,False,1129.0,True,False
Brunei Darussalam,2023,12,1,1166.0,2023-03-20,False,1166.0,True,False
Brunei Darussalam,2023,13,1,1389.0,2023-03-27,False,1389.0,True,False
Brunei Darussalam,2023,14,1,1287.0,2023-04-03,False,1287.0,True,False
Brunei Darussalam,2023,15,1,1108.0,2023-04-10,False,1108.0,True,False
Brunei Darussalam,2023,16,1,1070.0,2023-04-17,False,1070.0,True,False
Brunei Darussalam,2023,17,1,1241.0,2023-04-24,False,1241.0,True,False
Brunei Darussalam,2023,18,1,4593.0,2023-05-01,False,4593.0,True,False
Brunei Darussalam,2023,19,1,6861.0,2023-05-08,False,6861.0,True,False
Brunei Darussalam,2023,20,1,4214.0,2023-05-15,False,4214.0,True,False
Brunei Darussalam,2023,21,1,2614.0,2023-05-22,False,2614.0,True,False
Brunei Darussalam,2023,22,1,1353.0,2023-05-29,False,1353.0,True,False
Brunei Darussalam,2023,23,1,1091.0,2023-06-05,False,1091.0,True,False
Brunei Darussalam,2023,24,1,338.0,2023-06-12,False,338.0,True,False
Brunei Darussalam,2023,25,1,275.0,2023-06-19,False,275.0,True,False
Brunei Darussalam,2023,26,1,171.0,2023-06-26,False,171.0,True,False
Brunei Darussalam,2023,27,1,252.0,2023-07-03,False,252.0,True,False
Brunei Darussalam,2023,28,1,117.0,2023-07-10,False,117.0,True,False
Brunei Darussalam,2023,29,1,89.0,2023-07-17,False,89.0,True,False
Brunei Darussalam,2023,30,1,87.0,2023-07-24,False,87.0,True,False
Brunei Darussalam,2023,31,1,119.0,2023-07-31,False,119.0,True,False
Brunei Darussalam,2023,32,1,154.0,2023-08-07,False,154.0,True,False
Brunei Darussalam,2023,33,1,0.0,2023-08-14,False,0.0,True,True
Brunei Darussalam,2023,34,1,173.0,2023-08-21,False,173.0,True,False
Brunei Darussalam,2023,35,1,78.0,2023-08-28,False,78.0,True,False
Brunei Darussalam,2023,36,1,146.0,2023-09-04,False,146.0,True,False
Brunei Darussalam,2023,37,1,244.0,2023-09-11,False,244.0,True,False
Brunei Darussalam,2023,38,1,216.0,2023-09-18,False,216.0,True,False
Brunei Darussalam,2023,39,1,213.0,2023-09-25,False,213.0,True,False
Brunei Darussalam,2023,40,1,165.0,2023-10-02,False,165.0,True,False
Brunei Darussalam,2023,41,1,291.0,2023-10-09,False,291.0,True,False
Brunei Darussalam,2023,42,1,289.0,2023-10-16,False,289.0,True,False
Brunei Darussalam,2023,43,1,330.0,2023-10-23,False,330.0,True,False
Brunei Darussalam,2023,44,1,368.0,2023-10-30,False,368.0,True,False
Brunei Darussalam,2023,45,1,488.0,2023-11-06,False,488.0,True,False
Brunei Darussalam,2023,46,1,539.0,2023-11-13,False,539.0,True,False
Brunei Darussalam,2023,47,1,691.0,2023-11-20,False,691.0,True,False
Brunei Darussalam,2023,48,1,1123.0,2023-11-27,False,1123.0,True,False
Brunei Darussalam,2023,49,1,1854.0,2023-12-04,False,1854.0,True,False
Brunei Darussalam,2023,50,1,3648.0,2023-12-11,False,3648.0,True,False
Brunei Darussalam,2023,51,1,5040.0,2023-12-18,False,5040.0,True,False
Brunei Darussalam,2023,52,1,4501.0,2023-12-25,False,4501.0,True,False
Brunei Darussalam,2024,1,1,3459.0,2024-01-01,False,3459.0,True,False
Brunei Darussalam,2024,2,1,4334.0,2024-01-08,False,4334.0,True,False
Brunei Darussalam,2024,3,1,2373.0,2024-01-15,False,2373.0,True,False
Brunei Darussalam,2024,4,1,1318.0,2024-01-22,False,1318.0,True,False
Brunei Darussalam,2024,5,1,542.0,2024-01-29,False,542.0,True,False
Brunei Darussalam,2024,6,1,273.0,2024-02-05,False,273.0,True,False
Brunei Darussalam,2024,7,1,124.0,2024-02-12,False,124.0,True,False
Brunei Darussalam,2024,8,1,168.0,2024-02-19,False,168.0,True,False
Brunei Darussalam,2024,9,1,102.0,2024-02-26,False,102.0,True,False
Brunei Darussalam,2024,10,1,108.0,2024-03-04,False,108.0,True,False
Brunei Darussalam,2024,11,1,76.0,2024-03-11,False,76.0,True,False
Brunei Darussalam,2024,12,1,66.0,2024-03-18,False,66.0,True,False
Brunei Darussalam,2024,13,1,51.0,2024-03-25,False,51.0,True,False
Brunei Darussalam,2024,14,1,20.0,2024-04-01,False,20.0,True,False
Brunei Darussalam,2024,15,1,36.0,2024-04-08,False,36.0,True,False
Brunei Darussalam,2024,16,1,25.0,2024-04-15,False,25.0,True,False
Brunei Darussalam,2024,17,1,85.0,2024-04-22,False,85.0,True,False
Brunei Darussalam,2024,18,1,84.0,2024-04-29,False,84.0,True,False
Brunei Darussalam,2024,19,1,125.0,2024-05-06,False,125.0,True,False
Brunei Darussalam,2024,20,1,175.0,2024-05-13,False,175.0,True,False
Brunei Darussalam,2024,21,1,166.0,2024-05-20,False,166.0,True,False
Brunei Darussalam,2024,22,1,157.0,2024-05-27,False,157.0,True,False
Brunei Darussalam,2024,23,1,154.0,2024-06-03,False,154.0,True,False
Brunei Darussalam,2024,24,1,299.0,2024-06-10,False,299.0,True,False
Brunei Darussalam,2024,25,1,308.0,2024-06-17,False,308.0,True,False
Brunei Darussalam,2024,26,1,419.0,2024-06-24,False,419.0,True,False
Brunei Darussalam,2024,27,1,423.0,2024-07-01,False,423.0,True,False
Brunei Darussalam,2024,28,1,424.0,2024-07-08,False,424.0,True,False
Brunei Darussalam,2024,29,1,399.0,2024-07-15,False,399.0,True,False
Brunei Darussalam,2024,30,1,366.0,2024-07-22,False,366.0,True,False
Brunei Darussalam,2024,31,1,288.0,2024-07-29,False,288.0,True,False
Brunei Darussalam,2024,32,1,235.0,2024-08-05,False,235.0,True,False
Brunei Darussalam,2024,33,1,156.0,2024-08-12,False,156.0,True,False
Brunei Darussalam,2024,34,1,99.0,2024-08-19,False,99.0,True,False
Brunei Darussalam,2024,35,1,132.0,2024-08-26,False,132.0,True,False
Brunei Darussalam,2024,36,1,142.0,2024-09-02,False,142.0,True,False
Brunei Darussalam,2024,37,1,120.0,2024-09-09,False,120.0,True,False
Brunei Darussalam,2024,38,1,130.0,2024-09-16,False,130.0,True,False
Brunei Darussalam,2024,39,1,109.0,2024-09-23,False,109.0,True,False
Brunei Darussalam,2024,40,1,111.0,2024-09-30,False,111.0,True,False
Brunei Darussalam,2024,41,1,117.0,2024-10-07,False,117.0,True,False
Brunei Darussalam,2024,42,1,96.0,2024-10-14,False,96.0,True,False
Brunei Darussalam,2024,43,1,109.0,2024-10-21,False,109.0,True,False
Brunei Darussalam,2024,44,1,69.0,2024-10-28,False,69.0,True,False
Brunei Darussalam,2024,45,1,95.0,2024-11-04,False,95.0,True,False
Brunei Darussalam,2024,46,1,74.0,2024-11-11,False,74.0,True,False
Brunei Darussalam,2024,47,1,93.0,2024-11-18,False,93.0,True,False
Brunei Darussalam,2024,48,1,96.0,2024-11-25,False,96.0,True,False
Brunei Darussalam,2024,49,1,124.0,2024-12-02,False,124.0,True,False
Brunei Darussalam,2024,50,1,142.0,2024-12-09,False,142.0,True,False
Brunei Darussalam,2024,51,1,153.0,2024-12-16,False,153.0,True,False
Brunei Darussalam,2024,52,1,167.0,2024-12-23,False,167.0,True,False
Indonesia,2020,1,1,0.0,2019-12-30,False,0.0,True,True
Indonesia,2020,2,1,0.0,2020-01-06,False,0.0,True,True
Indonesia,2020,3,1,0.0,2020-01-13,False,0.0,True,True
Indonesia,2020,4,1,0.0,2020-01-20,False,0.0,True,True
Indonesia,2020,5,1,0.0,2020-01-27,False,0.0,True,True
Indonesia,2020,6,1,0.0,2020-02-03,False,0.0,True,True
Indonesia,2020,7,1,0.0,2020-02-10,False,0.0,True,True
Indonesia,2020,8,1,0.0,2020-02-17,False,0.0,True,True
Indonesia,2020,9,1,0.0,2020-02-24,False,0.0,True,True
Indonesia,2020,10,1,2.0,2020-03-02,False,2.0,True,False
Indonesia,2020,11,1,115.0,2020-03-09,False,115.0,True,False
Indonesia,2020,12,1,397.0,2020-03-16,False,397.0,True,False
Indonesia,2020,13,1,771.0,2020-03-23,False,771.0,True,False
Indonesia,2020,14,1,988.0,2020-03-30,False,988.0,True,False
Indonesia,2020,15,1,1968.0,2020-04-06,False,1968.0,True,False
Indonesia,2020,16,1,2334.0,2020-04-13,False,2334.0,True,False
Indonesia,2020,17,1,2307.0,2020-04-20,False,2307.0,True,False
Indonesia,2020,18,1,2310.0,2020-04-27,False,2310.0,True,False
Indonesia,2020,19,1,2840.0,2020-05-04,False,2840.0,True,False
Indonesia,2020,20,1,3482.0,2020-05-11,False,3482.0,True,False
Indonesia,2020,21,1,4757.0,2020-05-18,False,4757.0,True,False
Indonesia,2020,22,1,4202.0,2020-05-25,False,4202.0,True,False
Indonesia,2020,23,1,4713.0,2020-06-01,False,4713.0,True,False
Indonesia,2020,24,1,7091.0,2020-06-08,False,7091.0,True,False
Indonesia,2020,25,1,7614.0,2020-06-15,False,7614.0,True,False
Indonesia,2020,26,1,8119.0,2020-06-22,False,8119.0,True,False
Indonesia,2020,27,1,9739.0,2020-06-29,False,9739.0,True,False
Indonesia,2020,28,1,11950.0,2020-07-06,False,11950.0,True,False
Indonesia,2020,29,1,10822.0,2020-07-13,False,10822.0,True,False
Indonesia,2020,30,1,12257.0,2020-07-20,False,12257.0,True,False
Indonesia,2020,31,1,12677.0,2020-07-27,False,12677.0,True,False
Indonesia,2020,32,1,13941.0,2020-08-03,False,13941.0,True,False
Indonesia,2020,33,1,14153.0,2020-08-10,False,14153.0,True,False
Indonesia,2020,34,1,13986.0,2020-08-17,False,13986.0,True,False
Indonesia,2020,35,1,18518.0,2020-08-24,False,18518.0,True,False
Indonesia,2020,36,1,22056.0,2020-08-31,False,22056.0,True,False
Indonesia,2020,37,1,24273.0,2020-09-07,False,24273.0,True,False
Indonesia,2020,38,1,26294.0,2020-09-14,False,26294.0,True,False
Indonesia,2020,39,1,30537.0,2020-09-21,False,30537.0,True,False
Indonesia,2020,40,1,28285.0,2020-09-28,False,28285.0,True,False
Indonesia,2020,41,1,29951.0,2020-10-05,False,29951.0,True,False
Indonesia,2020,42,1,28418.0,2020-10-12,False,28418.0,True,False
Indonesia,2020,43,1,27845.0,2020-10-19,False,27845.0,True,False
Indonesia,2020,44,1,23072.0,2020-10-26,False,23072.0,True,False
Indonesia,2020,45,1,24932.0,2020-11-02,False,24932.0,True,False
Indonesia,2020,46,1,29397.0,2020-11-09,False,29397.0,True,False
Indonesia,2020,47,1,30555.0,2020-11-16,False,30555.0,True,False
Indonesia,2020,48,1,36598.0,2020-11-23,False,36598.0,True,False
Indonesia,2020,49,1,41530.0,2020-11-30,False,41530.0,True,False
Indonesia,2020,50,1,42024.0,2020-12-07,False,42024.0,True,False
Indonesia,2020,51,1,47110.0,2020-12-14,False,47110.0,True,False
Indonesia,2020,52,1,48435.0,2020-12-21,False,48435.0,True,False
Indonesia,2020,53,1,51985.0,2020-12-28,False,51985.0,True,False
Indonesia,2021,1,1,62676.0,2021-01-04,False,62676.0,True,False
Indonesia,2021,2,1,79903.0,2021-01-11,False,79903.0,True,False
Indonesia,2021,3,1,81333.0,2021-01-18,False,81333.0,True,False
Indonesia,2021,4,1,89052.0,2021-01-25,False,89052.0,True,False
Indonesia,2021,5,1,79523.0,2021-02-01,False,79523.0,True,False
Indonesia,2021,6,1,59631.0,2021-02-08,False,59631.0,True,False
Indonesia,2021,7,1,61185.0,2021-02-15,False,61185.0,True,False
Indonesia,2021,8,1,55981.0,2021-02-22,False,55981.0,True,False
Indonesia,2021,9,1,45028.0,2021-03-01,False,45028.0,True,False
Indonesia,2021,10,1,39793.0,2021-03-08,False,39793.0,True,False
Indonesia,2021,11,1,40729.0,2021-03-15,False,40729.0,True,False
Indonesia,2021,12,1,35901.0,2021-03-22,False,35901.0,True,False
Indonesia,2021,13,1,38170.0,2021-03-29,False,38170.0,True,False
Indonesia,2021,14,1,32740.0,2021-04-05,False,32740.0,True,False
Indonesia,2021,15,1,37353.0,2021-04-12,False,37353.0,True,False
Indonesia,2021,16,1,36846.0,2021-04-19,False,36846.0,True,False
Indonesia,2021,17,1,36080.0,2021-04-26,False,36080.0,True,False
Indonesia,2021,18,1,36410.0,2021-05-03,False,36410.0,True,False
Indonesia,2021,19,1,26066.0,2021-05-10,False,26066.0,True,False
Indonesia,2021,20,1,35470.0,2021-05-17,False,35470.0,True,False
Indonesia,2021,21,1,40821.0,2021-05-24,False,40821.0,True,False
Indonesia,2021,22,1,39997.0,2021-05-31,False,39997.0,True,False
Indonesia,2021,23,1,55320.0,2021-06-07,False,55320.0,True,False
Indonesia,2021,24,1,78551.0,2021-06-14,False,78551.0,True,False
Indonesia,2021,25,1,125395.0,2021-06-21,False,125395.0,True,False
Indonesia,2021,26,1,168780.0,2021-06-28,False,168780.0,True,False
Indonesia,2021,27,1,243119.0,2021-07-05,False,243119.0,True,False
Indonesia,2021,28,1,350273.0,2021-07-12,False,350273.0,True,False
Indonesia,2021,29,1,289029.0,2021-07-19,False,289029.0,True,False
Indonesia,2021,30,1,273891.0,2021-07-26,False,273891.0,True,False
Indonesia,2021,31,1,225635.0,2021-08-02,False,225635.0,True,False
Indonesia,2021,32,1,188323.0,2021-08-09,False,188323.0,True,False
Indonesia,2021,33,1,125102.0,2021-08-16,False,125102.0,True,False
Indonesia,2021,34,1,94375.0,2021-08-23,False,94375.0,True,False
Indonesia,2021,35,1,55189.0,2021-08-30,False,55189.0,True,False
Indonesia,2021,36,1,38491.0,2021-09-06,False,38491.0,True,False
Indonesia,2021,37,1,23252.0,2021-09-13,False,23252.0,True,False
Indonesia,2021,38,1,17250.0,2021-09-20,False,17250.0,True,False
Indonesia,2021,39,1,11271.0,2021-09-27,False,11271.0,True,False
Indonesia,2021,40,1,8648.0,2021-10-04,False,8648.0,True,False
Indonesia,2021,41,1,6826.0,2021-10-11,False,6826.0,True,False
Indonesia,2021,42,1,5261.0,2021-10-18,False,5261.0,True,False
Indonesia,2021,43,1,4339.0,2021-10-25,False,4339.0,True,False
Indonesia,2021,44,1,3807.0,2021-11-01,False,3807.0,True,False
Indonesia,2021,45,1,2690.0,2021-11-08,False,2690.0,True,False
Indonesia,2021,46,1,2557.0,2021-11-15,False,2557.0,True,False
Indonesia,2021,47,1,2524.0,2021-11-22,False,2524.0,True,False
Indonesia,2021,48,1,1749.0,2021-11-29,False,1749.0,True,False
Indonesia,2021,49,1,1458.0,2021-12-06,False,1458.0,True,False
Indonesia,2021,50,1,1401.0,2021-12-13,False,1401.0,True,False
Indonesia,2021,51,1,1215.0,2021-12-20,False,1215.0,True,False
Indonesia,2021,52,1,1409.0,2021-12-27,False,1409.0,True,False
Indonesia,2022,1,1,3027.0,2022-01-03,False,3027.0,True,False
Indonesia,2022,2,1,5454.0,2022-01-10,False,5454.0,True,False
Indonesia,2022,3,1,14729.0,2022-01-17,False,14729.0,True,False
Indonesia,2022,4,1,56807.0,2022-01-24,False,56807.0,True,False
Indonesia,2022,5,1,173295.0,2022-01-31,False,173295.0,True,False
Indonesia,2022,6,1,291298.0,2022-02-07,False,291298.0,True,False
Indonesia,2022,7,1,389727.0,2022-02-14,False,389727.0,True,False
Indonesia,2022,8,1,341889.0,2022-02-21,False,341889.0,True,False
Indonesia,2022,9,1,209331.0,2022-02-28,False,209331.0,True,False
Indonesia,2022,10,1,141770.0,2022-03-07,False,141770.0,True,False
Indonesia,2022,11,1,71988.0,2022-03-14,False,71988.0,True,False
Indonesia,2022,12,1,36470.0,2022-03-21,False,36470.0,True,False
Indonesia,2022,13,1,21028.0,2022-03-28,False,21028.0,True,False
Indonesia,2022,14,1,12726.0,2022-04-04,False,12726.0,True,False
Indonesia,2022,15,1,7166.0,2022-04-11,False,7166.0,True,False
Indonesia,2022,16,1,4277.0,2022-04-18,False,4277.0,True,False
Indonesia,2022,17,1,2890.0,2022-04-25,False,2890.0,True,False
Indonesia,2022,18,1,1391.0,2022-05-02,False,1391.0,True,False
Indonesia,2022,19,1,2345.0,2022-05-09,False,2345.0,True,False
Indonesia,2022,20,1,1814.0,2022-05-16,False,1814.0,True,False
Indonesia,2022,21,1,1825.0,2022-05-23,False,1825.0,True,False
Indonesia,2022,22,1,2385.0,2022-05-30,False,2385.0,True,False
Indonesia,2022,23,1,3688.0,2022-06-06,False,3688.0,True,False
Indonesia,2022,24,1,7587.0,2022-06-13,False,7587.0,True,False
Indonesia,2022,25,1,12376.0,2022-06-20,False,12376.0,True,False
Indonesia,2022,26,1,13466.0,2022-06-27,False,13466.0,True,False
Indonesia,2022,27,1,17388.0,2022-07-04,False,17388.0,True,False
Indonesia,2022,28,1,23648.0,2022-07-11,False,23648.0,True,False
Indonesia,2022,29,1,33389.0,2022-07-18,False,33389.0,True,False
Indonesia,2022,30,1,38756.0,2022-07-25,False,38756.0,True,False
Indonesia,2022,31,1,37880.0,2022-08-01,False,37880.0,True,False
Indonesia,2022,32,1,37796.0,2022-08-08,False,37796.0,True,False
Indonesia,2022,33,1,32783.0,2022-08-15,False,32783.0,True,False
Indonesia,2022,34,1,30747.0,2022-08-22,False,30747.0,True,False
Indonesia,2022,35,1,26238.0,2022-08-29,False,26238.0,True,False
Indonesia,2022,36,1,19950.0,2022-09-05,False,19950.0,True,False
Indonesia,2022,37,1,16314.0,2022-09-12,False,16314.0,True,False
Indonesia,2022,38,1,13723.0,2022-09-19,False,13723.0,True,False
Indonesia,2022,39,1,12056.0,2022-09-26,False,12056.0,True,False
Indonesia,2022,40,1,10363.0,2022-10-03,False,10363.0,True,False
Indonesia,2022,41,1,11920.0,2022-10-10,False,11920.0,True,False
Indonesia,2022,42,1,14093.0,2022-10-17,False,14093.0,True,False
Indonesia,2022,43,1,19661.0,2022-10-24,False,19661.0,True,False
Indonesia,2022,44,1,30670.0,2022-10-31,False,30670.0,True,False
Indonesia,2022,45,1,40212.0,2022-11-07,False,40212.0,True,False
Indonesia,2022,46,1,46863.0,2022-11-14,False,46863.0,True,False
Indonesia,2022,47,1,41877.0,2022-11-21,False,41877.0,True,False
Indonesia,2022,48,1,29959.0,2022-11-28,False,29959.0,True,False
Indonesia,2022,49,1,18587.0,2022-12-05,False,18587.0,True,False
Indonesia,2022,50,1,10807.0,2022-12-12,False,10807.0,True,False
Indonesia,2022,51,1,6527.0,2022-12-19,False,6527.0,True,False
Indonesia,2022,52,1,4057.0,2022-12-26,False,4057.0,True,False
Indonesia,2023,1,1,3365.0,2023-01-02,False,3365.0,True,False
Indonesia,2023,2,1,2540.0,2023-01-09,False,2540.0,True,False
Indonesia,2023,3,1,1979.0,2023-01-16,False,1979.0,True,False
Indonesia,2023,4,1,1508.0,2023-01-23,False,1508.0,True,False
Indonesia,2023,5,1,1562.0,2023-01-30,False,1562.0,True,False
Indonesia,2023,6,1,1664.0,2023-02-06,False,1664.0,True,False
Indonesia,2023,7,1,1416.0,2023-02-13,False,1416.0,True,False
Indonesia,2023,8,1,1413.0,2023-02-20,False,1413.0,True,False
Indonesia,2023,9,1,1531.0,2023-02-27,False,1531.0,True,False
Indonesia,2023,10,1,1908.0,2023-03-06,False,1908.0,True,False
Indonesia,2023,11,1,2287.0,2023-03-13,False,2287.0,True,False
Indonesia,2023,12,1,2679.0,2023-03-20,False,2679.0,True,False
Indonesia,2023,13,1,3330.0,2023-03-27,False,3330.0,True,False
Indonesia,2023,14,1,3805.0,2023-04-03,False,3805.0,True,False
Indonesia,2023,15,1,6277.0,2023-04-10,False,6277.0,True,False
Indonesia,2023,16,1,6495.0,2023-04-17,False,6495.0,True,False
Indonesia,2023,17,1,10781.0,2023-04-24,False,10781.0,True,False
Indonesia,2023,18,1,12633.0,2023-05-01,False,12633.0,True,False
Indonesia,2023,19,1,9982.0,2023-05-08,False,9982.0,True,False
Indonesia,2023,20,1,4754.0,2023-05-15,False,4754.0,True,False
Indonesia,2023,21,1,4198.0,2023-05-22,False,4198.0,True,False
Indonesia,2023,22,1,2249.0,2023-05-29,False,2249.0,True,False
Indonesia,2023,23,1,1582.0,2023-06-05,False,1582.0,True,False
Indonesia,2023,24,1,1009.0,2023-06-12,False,1009.0,True,False
Indonesia,2023,25,1,652.0,2023-06-19,False,652.0,True,False
Indonesia,2023,26,1,307.0,2023-06-26,False,307.0,True,False
Indonesia,2023,27,1,302.0,2023-07-03,False,302.0,True,False
Indonesia,2023,28,1,281.0,2023-07-10,False,281.0,True,False
Indonesia,2023,29,1,148.0,2023-07-17,False,148.0,True,False
Indonesia,2023,30,1,148.0,2023-07-24,False,148.0,True,False
Indonesia,2023,31,1,129.0,2023-07-31,False,129.0,True,False
Indonesia,2023,32,1,72.0,2023-08-07,False,72.0,True,False
Indonesia,2023,33,1,66.0,2023-08-14,False,66.0,True,False
Indonesia,2023,34,1,68.0,2023-08-21,False,68.0,True,False
Indonesia,2023,35,1,66.0,2023-08-28,False,66.0,True,False
Indonesia,2023,36,1,11.0,2023-09-04,False,11.0,True,False
Indonesia,2023,37,1,51.0,2023-09-11,False,51.0,True,False
Indonesia,2023,38,1,0.0,2023-09-18,False,0.0,True,True
Indonesia,2023,39,1,0.0,2023-09-25,False,0.0,True,True
Indonesia,2023,40,1,0.0,2023-10-02,False,0.0,True,True
Indonesia,2023,41,1,0.0,2023-10-09,False,0.0,True,True
Indonesia,2023,42,1,0.0,2023-10-16,False,0.0,True,True
Indonesia,2023,43,1,0.0,2023-10-23,False,0.0,True,True
Indonesia,2023,44,1,0.0,2023-10-30,False,0.0,True,True
Indonesia,2023,45,1,0.0,2023-11-06,False,0.0,True,True
Indonesia,2023,46,1,0.0,2023-11-13,False,0.0,True,True
Indonesia,2023,47,1,0.0,2023-11-20,False,0.0,True,True
Indonesia,2023,48,1,0.0,2023-11-27,False,0.0,True,True
Indonesia,2023,49,1,1727.0,2023-12-04,False,1727.0,True,False
Indonesia,2023,50,1,1998.0,2023-12-11,False,1998.0,True,False
Indonesia,2023,51,1,2676.0,2023-12-18,False,2676.0,True,False
Indonesia,2023,52,1,1940.0,2023-12-25,False,1940.0,True,False
Indonesia,2024,1,1,1996.0,2024-01-01,False,1996.0,True,False
Indonesia,2024,2,1,1772.0,2024-01-08,False,1772.0,True,False
Indonesia,2024,3,1,1212.0,2024-01-15,False,1212.0,True,False
Indonesia,2024,4,1,919.0,2024-01-22,False,919.0,True,False
Indonesia,2024,5,1,599.0,2024-01-29,False,599.0,True,False
Indonesia,2024,6,1,58.0,2024-02-05,False,58.0,True,False
Indonesia,2024,7,1,,2024-02-12,False,,False,False
Indonesia,2024,8,1,41.0,2024-02-19,False,41.0,True,False
Indonesia,2024,9,1,441.0,2024-02-26,False,441.0,True,False
Indonesia,2024,10,1,48.0,2024-03-04,False,48.0,True,False
Indonesia,2024,11,1,28.0,2024-03-11,False,28.0,True,False
Indonesia,2024,12,1,35.0,2024-03-18,False,35.0,True,False
Indonesia,2024,13,1,23.0,2024-03-25,False,23.0,True,False
Indonesia,2024,14,1,15.0,2024-04-01,False,15.0,True,False
Indonesia,2024,15,1,6.0,2024-04-08,False,6.0,True,False
Indonesia,2024,16,1,6.0,2024-04-15,False,6.0,True,False
Indonesia,2024,17,1,,2024-04-22,False,,False,False
Indonesia,2024,18,1,24.0,2024-04-29,False,24.0,True,False
Indonesia,2024,19,1,17.0,2024-05-06,False,17.0,True,False
Indonesia,2024,20,1,19.0,2024-05-13,False,19.0,True,False
Indonesia,2024,21,1,,2024-05-20,False,,False,False
Indonesia,2024,22,1,28.0,2024-05-27,False,28.0,True,False
Indonesia,2024,23,1,63.0,2024-06-03,False,63.0,True,False
Indonesia,2024,24,1,,2024-06-10,False,,False,False
Indonesia,2024,25,1,,2024-06-17,False,,False,False
Indonesia,2024,26,1,99.0,2024-06-24,False,99.0,True,False
Indonesia,2024,27,1,41.0,2024-07-01,False,41.0,True,False
Indonesia,2024,28,1,45.0,2024-07-08,False,45.0,True,False
Indonesia,2024,29,1,48.0,2024-07-15,False,48.0,True,False
Indonesia,2024,30,1,,2024-07-22,False,,False,False
Indonesia,2024,31,1,46.0,2024-07-29,False,46.0,True,False
Indonesia,2024,32,1,92.0,2024-08-05,False,92.0,True,False
Indonesia,2024,33,1,24.0,2024-08-12,False,24.0,True,False
Indonesia,2024,34,1,13.0,2024-08-19,False,13.0,True,False
Indonesia,2024,35,1,21.0,2024-08-26,False,21.0,True,False
Indonesia,2024,36,1,,2024-09-02,False,,False,False
Indonesia,2024,37,1,27.0,2024-09-09,False,27.0,True,False
Indonesia,2024,38,1,,2024-09-16,False,,False,False
Indonesia,2024,39,1,34.0,2024-09-23,False,34.0,True,False
Indonesia,2024,40,1,14.0,2024-09-30,False,14.0,True,False
Indonesia,2024,41,1,,2024-10-07,False,,False,False
Indonesia,2024,42,1,44.0,2024-10-14,False,44.0,True,False
Indonesia,2024,43,1,36.0,2024-10-21,False,36.0,True,False
Indonesia,2024,44,1,55.0,2024-10-28,False,55.0,True,False
Indonesia,2024,45,1,30.0,2024-11-04,False,30.0,True,False
Indonesia,2024,46,1,47.0,2024-11-11,False,47.0,True,False
Indonesia,2024,47,1,49.0,2024-11-18,False,49.0,True,False
Indonesia,2024,48,1,35.0,2024-11-25,False,35.0,True,False
Indonesia,2024,49,1,52.0,2024-12-02,False,52.0,True,False
Indonesia,2024,50,1,68.0,2024-12-09,False,68.0,True,False
Indonesia,2024,51,1,44.0,2024-12-16,False,44.0,True,False
Indonesia,2024,52,1,25.0,2024-12-23,False,25.0,True,False
Malaysia,2020,1,1,0.0,2019-12-30,False,0.0,True,True
Malaysia,2020,2,1,0.0,2020-01-06,False,0.0,True,True
Malaysia,2020,3,1,0.0,2020-01-13,False,0.0,True,True
Malaysia,2020,4,1,4.0,2020-01-20,False,4.0,True,False
Malaysia,2020,5,1,4.0,2020-01-27,False,4.0,True,False
Malaysia,2020,6,1,8.0,2020-02-03,False,8.0,True,False
Malaysia,2020,7,1,6.0,2020-02-10,False,6.0,True,False
Malaysia,2020,8,1,0.0,2020-02-17,False,0.0,True,True
Malaysia,2020,9,1,3.0,2020-02-24,False,3.0,True,False
Malaysia,2020,10,1,68.0,2020-03-02,False,68.0,True,False
Malaysia,2020,11,1,145.0,2020-03-09,False,145.0,True,False
Malaysia,2020,12,1,945.0,2020-03-16,False,945.0,True,False
Malaysia,2020,13,1,1137.0,2020-03-23,False,1137.0,True,False
Malaysia,2020,14,1,1163.0,2020-03-30,False,1163.0,True,False
Malaysia,2020,15,1,1047.0,2020-04-06,False,1047.0,True,False
Malaysia,2020,16,1,775.0,2020-04-13,False,775.0,True,False
Malaysia,2020,17,1,437.0,2020-04-20,False,437.0,True,False
Malaysia,2020,18,1,434.0,2020-04-27,False,434.0,True,False
Malaysia,2020,19,1,413.0,2020-05-04,False,413.0,True,False
Malaysia,2020,20,1,283.0,2020-05-11,False,283.0,True,False
Malaysia,2020,21,1,313.0,2020-05-18,False,313.0,True,False
Malaysia,2020,22,1,577.0,2020-05-25,False,577.0,True,False
Malaysia,2020,23,1,541.0,2020-06-01,False,541.0,True,False
Malaysia,2020,24,1,142.0,2020-06-08,False,142.0,True,False
Malaysia,2020,25,1,111.0,2020-06-15,False,111.0,True,False
Malaysia,2020,26,1,60.0,2020-06-22,False,60.0,True,False
Malaysia,2020,27,1,42.0,2020-06-29,False,42.0,True,False
Malaysia,2020,28,1,46.0,2020-07-06,False,46.0,True,False
Malaysia,2020,29,1,60.0,2020-07-13,False,60.0,True,False
Malaysia,2020,30,1,120.0,2020-07-20,False,120.0,True,False
Malaysia,2020,31,1,101.0,2020-07-27,False,101.0,True,False
Malaysia,2020,32,1,85.0,2020-08-03,False,85.0,True,False
Malaysia,2020,33,1,105.0,2020-08-10,False,105.0,True,False
Malaysia,2020,34,1,82.0,2020-08-17,False,82.0,True,False
Malaysia,2020,35,1,60.0,2020-08-24,False,60.0,True,False
Malaysia,2020,36,1,74.0,2020-08-31,False,74.0,True,False
Malaysia,2020,37,1,477.0,2020-09-07,False,477.0,True,False
Malaysia,2020,38,1,299.0,2020-09-14,False,299.0,True,False
Malaysia,2020,39,1,602.0,2020-09-21,False,602.0,True,False
Malaysia,2020,40,1,1319.0,2020-09-28,False,1319.0,True,False
Malaysia,2020,41,1,3008.0,2020-10-05,False,3008.0,True,False
Malaysia,2020,42,1,4531.0,2020-10-12,False,4531.0,True,False
Malaysia,2020,43,1,6115.0,2020-10-19,False,6115.0,True,False
Malaysia,2020,44,1,5806.0,2020-10-26,False,5806.0,True,False
Malaysia,2020,45,1,7809.0,2020-11-02,False,7809.0,True,False
Malaysia,2020,46,1,6852.0,2020-11-09,False,6852.0,True,False
Malaysia,2020,47,1,7470.0,2020-11-16,False,7470.0,True,False
Malaysia,2020,48,1,9497.0,2020-11-23,False,9497.0,True,False
Malaysia,2020,49,1,8183.0,2020-11-30,False,8183.0,True,False
Malaysia,2020,50,1,10887.0,2020-12-07,False,10887.0,True,False
Malaysia,2020,51,1,9723.0,2020-12-14,False,9723.0,True,False
Malaysia,2020,52,1,11931.0,2020-12-21,False,11931.0,True,False
Malaysia,2020,53,1,15177.0,2020-12-28,False,15177.0,True,False
Malaysia,2021,1,1,16915.0,2021-01-04,False,16915.0,True,False
Malaysia,2021,2,1,22442.0,2021-01-11,False,22442.0,True,False
Malaysia,2021,3,1,25367.0,2021-01-18,False,25367.0,True,False
Malaysia,2021,4,1,31158.0,2021-01-25,False,31158.0,True,False
Malaysia,2021,5,1,27493.0,2021-02-01,False,27493.0,True,False
Malaysia,2021,6,1,21817.0,2021-02-08,False,21817.0,True,False
Malaysia,2021,7,1,19300.0,2021-02-15,False,19300.0,True,False
Malaysia,2021,8,1,17183.0,2021-02-22,False,17183.0,True,False
Malaysia,2021,9,1,12708.0,2021-03-01,False,12708.0,True,False
Malaysia,2021,10,1,10303.0,2021-03-08,False,10303.0,True,False
Malaysia,2021,11,1,9277.0,2021-03-15,False,9277.0,True,False
Malaysia,2021,12,1,8904.0,2021-03-22,False,8904.0,True,False
Malaysia,2021,13,1,9015.0,2021-03-29,False,9015.0,True,False
Malaysia,2021,14,1,9897.0,2021-04-05,False,9897.0,True,False
Malaysia,2021,15,1,14198.0,2021-04-12,False,14198.0,True,False
Malaysia,2021,16,1,17888.0,2021-04-19,False,17888.0,True,False
Malaysia,2021,17,1,22070.0,2021-04-26,False,22070.0,True,False
Malaysia,2021,18,1,25665.0,2021-05-03,False,25665.0,True,False
Malaysia,2021,19,1,29433.0,2021-05-10,False,29433.0,True,False
Malaysia,2021,20,1,41981.0,2021-05-17,False,41981.0,True,False
Malaysia,2021,21,1,53442.0,2021-05-24,False,53442.0,True,False
Malaysia,2021,22,1,51282.0,2021-05-31,False,51282.0,True,False
Malaysia,2021,23,1,40693.0,2021-06-07,False,40693.0,True,False
Malaysia,2021,24,1,38900.0,2021-06-14,False,38900.0,True,False
Malaysia,2021,25,1,37640.0,2021-06-21,False,37640.0,True,False
Malaysia,2021,26,1,44604.0,2021-06-28,False,44604.0,True,False
Malaysia,2021,27,1,57644.0,2021-07-05,False,57644.0,True,False
Malaysia,2021,28,1,80265.0,2021-07-12,False,80265.0,True,False
Malaysia,2021,29,1,96877.0,2021-07-19,False,96877.0,True,False
Malaysia,2021,30,1,116984.0,2021-07-26,False,116984.0,True,False
Malaysia,2021,31,1,132118.0,2021-08-02,False,132118.0,True,False
Malaysia,2021,32,1,142359.0,2021-08-09,False,142359.0,True,False
Malaysia,2021,33,1,150194.0,2021-08-16,False,150194.0,True,False
Malaysia,2021,34,1,150996.0,2021-08-23,False,150996.0,True,False
Malaysia,2021,35,1,138746.0,2021-08-30,False,138746.0,True,False
Malaysia,2021,36,1,134863.0,2021-09-06,False,134863.0,True,False
Malaysia,2021,37,1,118132.0,2021-09-13,False,118132.0,True,False
Malaysia,2021,38,1,100405.0,2021-09-20,False,100405.0,True,False
Malaysia,2021,39,1,79330.0,2021-09-27,False,79330.0,True,False
Malaysia,2021,40,1,62029.0,2021-10-04,False,62029.0,True,False
Malaysia,2021,41,1,51093.0,2021-10-11,False,51093.0,True,False
Malaysia,2021,42,1,41029.0,2021-10-18,False,41029.0,True,False
Malaysia,2021,43,1,39926.0,2021-10-25,False,39926.0,True,False
Malaysia,2021,44,1,34667.0,2021-11-01,False,34667.0,True,False
Malaysia,2021,45,1,40000.0,2021-11-08,False,40000.0,True,False
Malaysia,2021,46,1,40292.0,2021-11-15,False,40292.0,True,False
Malaysia,2021,47,1,37215.0,2021-11-22,False,37215.0,True,False
Malaysia,2021,48,1,34956.0,2021-11-29,False,34956.0,True,False
Malaysia,2021,49,1,32867.0,2021-12-06,False,32867.0,True,False
Malaysia,2021,50,1,27316.0,2021-12-13,False,27316.0,True,False
Malaysia,2021,51,1,22224.0,2021-12-20,False,22224.0,True,False
Malaysia,2021,52,1,23175.0,2021-12-27,False,23175.0,True,False
Malaysia,2022,1,1,21865.0,2022-01-03,False,21865.0,True,False
Malaysia,2022,2,1,22128.0,2022-01-10,False,22128.0,True,False
Malaysia,2022,3,1,24598.0,2022-01-17,False,24598.0,True,False
Malaysia,2022,4,1,33039.0,2022-01-24,False,33039.0,True,False
Malaysia,2022,5,1,48236.0,2022-01-31,False,48236.0,True,False
Malaysia,2022,6,1,126015.0,2022-02-07,False,126015.0,True,False
Malaysia,2022,7,1,181445.0,2022-02-14,False,181445.0,True,False
Malaysia,2022,8,1,197956.0,2022-02-21,False,197956.0,True,False
Malaysia,2022,9,1,202971.0,2022-02-28,False,202971.0,True,False
Malaysia,2022,10,1,200964.0,2022-03-07,False,200964.0,True,False
Malaysia,2022,11,1,169553.0,2022-03-14,False,169553.0,True,False
Malaysia,2022,12,1,145743.0,2022-03-21,False,145743.0,True,False
Malaysia,2022,13,1,107600.0,2022-03-28,False,107600.0,True,False
Malaysia,2022,14,1,79351.0,2022-04-04,False,79351.0,True,False
Malaysia,2022,15,1,63207.0,2022-04-11,False,63207.0,True,False
Malaysia,2022,16,1,42048.0,2022-04-18,False,42048.0,True,False
Malaysia,2022,17,1,18434.0,2022-04-25,False,18434.0,True,False
Malaysia,2022,18,1,9382.0,2022-05-02,False,9382.0,True,False
Malaysia,2022,19,1,19223.0,2022-05-09,False,19223.0,True,False
Malaysia,2022,20,1,13208.0,2022-05-16,False,13208.0,True,False
Malaysia,2022,21,1,12414.0,2022-05-23,False,12414.0,True,False
Malaysia,2022,22,1,11255.0,2022-05-30,False,11255.0,True,False
Malaysia,2022,23,1,11309.0,2022-06-06,False,11309.0,True,False
Malaysia,2022,24,1,14314.0,2022-06-13,False,14314.0,True,False
Malaysia,2022,25,1,16052.0,2022-06-20,False,16052.0,True,False
Malaysia,2022,26,1,14691.0,2022-06-27,False,14691.0,True,False
Malaysia,2022,27,1,21355.0,2022-07-04,False,21355.0,True,False
Malaysia,2022,28,1,26315.0,2022-07-11,False,26315.0,True,False
Malaysia,2022,29,1,29906.0,2022-07-18,False,29906.0,True,False
Malaysia,2022,30,1,28339.0,2022-07-25,False,28339.0,True,False
Malaysia,2022,31,1,28554.0,2022-08-01,False,28554.0,True,False
Malaysia,2022,32,1,26678.0,2022-08-08,False,26678.0,True,False
Malaysia,2022,33,1,22786.0,2022-08-15,False,22786.0,True,False
Malaysia,2022,34,1,18715.0,2022-08-22,False,18715.0,True,False
Malaysia,2022,35,1,15549.0,2022-08-29,False,15549.0,True,False
Malaysia,2022,36,1,14072.0,2022-09-05,False,14072.0,True,False
Malaysia,2022,37,1,13627.0,2022-09-12,False,13627.0,True,False
Malaysia,2022,38,1,12963.0,2022-09-19,False,12963.0,True,False
Malaysia,2022,39,1,12291.0,2022-09-26,False,12291.0,True,False
Malaysia,2022,40,1,11018.0,2022-10-03,False,11018.0,True,False
Malaysia,2022,41,1,11957.0,2022-10-10,False,11957.0,True,False
Malaysia,2022,42,1,14525.0,2022-10-17,False,14525.0,True,False
Malaysia,2022,43,1,16750.0,2022-10-24,False,16750.0,True,False
Malaysia,2022,44,1,26783.0,2022-10-31,False,26783.0,True,False
Malaysia,2022,45,1,23045.0,2022-11-07,False,23045.0,True,False
Malaysia,2022,46,1,19083.0,2022-11-14,False,19083.0,True,False
Malaysia,2022,47,1,18606.0,2022-11-21,False,18606.0,True,False
Malaysia,2022,48,1,14558.0,2022-11-28,False,14558.0,True,False
Malaysia,2022,49,1,10937.0,2022-12-05,False,10937.0,True,False
Malaysia,2022,50,1,7249.0,2022-12-12,False,7249.0,True,False
Malaysia,2022,51,1,6290.0,2022-12-19,False,6290.0,True,False
Malaysia,2022,52,1,3371.0,2022-12-26,False,3371.0,True,False
Malaysia,2023,1,1,3231.0,2023-01-02,False,3231.0,True,False
Malaysia,2023,2,1,2525.0,2023-01-09,False,2525.0,True,False
Malaysia,2023,3,1,2088.0,2023-01-16,False,2088.0,True,False
Malaysia,2023,4,1,1350.0,2023-01-23,False,1350.0,True,False
Malaysia,2023,5,1,1913.0,2023-01-30,False,1913.0,True,False
Malaysia,2023,6,1,1542.0,2023-02-06,False,1542.0,True,False
Malaysia,2023,7,1,1495.0,2023-02-13,False,1495.0,True,False
Malaysia,2023,8,1,1367.0,2023-02-20,False,1367.0,True,False
Malaysia,2023,9,1,1438.0,2023-02-27,False,1438.0,True,False
Malaysia,2023,10,1,1566.0,2023-03-06,False,1566.0,True,False
Malaysia,2023,11,1,1848.0,2023-03-13,False,1848.0,True,False
Malaysia,2023,12,1,2228.0,2023-03-20,False,2228.0,True,False
Malaysia,2023,13,1,3069.0,2023-03-27,False,3069.0,True,False
Malaysia,2023,14,1,4574.0,2023-04-03,False,4574.0,True,False
Malaysia,2023,15,1,4268.0,2023-04-10,False,4268.0,True,False
Malaysia,2023,16,1,5698.0,2023-04-17,False,5698.0,True,False
Malaysia,2023,17,1,4817.0,2023-04-24,False,4817.0,True,False
Malaysia,2023,18,1,146.0,2023-05-01,False,146.0,True,False
Malaysia,2023,19,1,7596.0,2023-05-08,False,7596.0,True,False
Malaysia,2023,20,1,12209.0,2023-05-15,False,12209.0,True,False
Malaysia,2023,21,1,6439.0,2023-05-22,False,6439.0,True,False
Malaysia,2023,22,1,5801.0,2023-05-29,False,5801.0,True,False
Malaysia,2023,23,1,4523.0,2023-06-05,False,4523.0,True,False
Malaysia,2023,24,1,760.0,2023-06-12,False,760.0,True,False
Malaysia,2023,25,1,3433.0,2023-06-19,False,3433.0,True,False
Malaysia,2023,26,1,0.0,2023-06-26,False,0.0,True,True
Malaysia,2023,27,1,2698.0,2023-07-03,False,2698.0,True,False
Malaysia,2023,28,1,1548.0,2023-07-10,False,1548.0,True,False
Malaysia,2023,29,1,1222.0,2023-07-17,False,1222.0,True,False
Malaysia,2023,30,1,1202.0,2023-07-24,False,1202.0,True,False
Malaysia,2023,31,1,958.0,2023-07-31,False,958.0,True,False
Malaysia,2023,32,1,934.0,2023-08-07,False,934.0,True,False
Malaysia,2023,33,1,695.0,2023-08-14,False,695.0,True,False
Malaysia,2023,34,1,710.0,2023-08-21,False,710.0,True,False
Malaysia,2023,35,1,1233.0,2023-08-28,False,1233.0,True,False
Malaysia,2023,36,1,680.0,2023-09-04,False,680.0,True,False
Malaysia,2023,37,1,728.0,2023-09-11,False,728.0,True,False
Malaysia,2023,38,1,691.0,2023-09-18,False,691.0,True,False
Malaysia,2023,39,1,783.0,2023-09-25,False,783.0,True,False
Malaysia,2023,40,1,933.0,2023-10-02,False,933.0,True,False
Malaysia,2023,41,1,1052.0,2023-10-09,False,1052.0,True,False
Malaysia,2023,42,1,1132.0,2023-10-16,False,1132.0,True,False
Malaysia,2023,43,1,1339.0,2023-10-23,False,1339.0,True,False
Malaysia,2023,44,1,1692.0,2023-10-30,False,1692.0,True,False
Malaysia,2023,45,1,1801.0,2023-11-06,False,1801.0,True,False
Malaysia,2023,46,1,2305.0,2023-11-13,False,2305.0,True,False
Malaysia,2023,47,1,3626.0,2023-11-20,False,3626.0,True,False
Malaysia,2023,48,1,6796.0,2023-11-27,False,6796.0,True,False
Malaysia,2023,49,1,12757.0,2023-12-04,False,12757.0,True,False
Malaysia,2023,50,1,20696.0,2023-12-11,False,20696.0,True,False
Malaysia,2023,51,1,25912.0,2023-12-18,False,25912.0,True,False
Malaysia,2023,52,1,20598.0,2023-12-25,False,20598.0,True,False
Malaysia,2024,1,1,,2024-01-01,False,,False,False
Malaysia,2024,2,1,29687.0,2024-01-08,False,29687.0,True,False
Malaysia,2024,3,1,8358.0,2024-01-15,False,8358.0,True,False
Malaysia,2024,4,1,4600.0,2024-01-22,False,4600.0,True,False
Malaysia,2024,5,1,2550.0,2024-01-29,False,2550.0,True,False
Malaysia,2024,6,1,1479.0,2024-02-05,False,1479.0,True,False
Malaysia,2024,7,1,790.0,2024-02-12,False,790.0,True,False
Malaysia,2024,8,1,881.0,2024-02-19,False,881.0,True,False
Malaysia,2024,9,1,645.0,2024-02-26,False,645.0,True,False
Malaysia,2024,10,1,568.0,2024-03-04,False,568.0,True,False
Malaysia,2024,11,1,593.0,2024-03-11,False,593.0,True,False
Malaysia,2024,12,1,512.0,2024-03-18,False,512.0,True,False
Malaysia,2024,13,1,421.0,2024-03-25,False,421.0,True,False
Malaysia,2024,14,1,493.0,2024-04-01,False,493.0,True,False
Malaysia,2024,15,1,246.0,2024-04-08,False,246.0,True,False
Malaysia,2024,16,1,710.0,2024-04-15,False,710.0,True,False
Malaysia,2024,17,1,734.0,2024-04-22,False,734.0,True,False
Malaysia,2024,18,1,734.0,2024-04-29,False,734.0,True,False
Malaysia,2024,19,1,1071.0,2024-05-06,False,1071.0,True,False
Malaysia,2024,20,1,1230.0,2024-05-13,False,1230.0,True,False
Malaysia,2024,21,1,1368.0,2024-05-20,False,1368.0,True,False
Malaysia,2024,22,1,1780.0,2024-05-27,False,1780.0,True,False
Malaysia,2024,23,1,2069.0,2024-06-03,False,2069.0,True,False
Malaysia,2024,24,1,2875.0,2024-06-10,False,2875.0,True,False
Malaysia,2024,25,1,2821.0,2024-06-17,False,2821.0,True,False
Malaysia,2024,26,1,3810.0,2024-06-24,False,3810.0,True,False
Malaysia,2024,27,1,3670.0,2024-07-01,False,3670.0,True,False
Malaysia,2024,28,1,2833.0,2024-07-08,False,2833.0,True,False
Malaysia,2024,29,1,1984.0,2024-07-15,False,1984.0,True,False
Malaysia,2024,30,1,1491.0,2024-07-22,False,1491.0,True,False
Malaysia,2024,31,1,1085.0,2024-07-29,False,1085.0,True,False
Malaysia,2024,32,1,930.0,2024-08-05,False,930.0,True,False
Malaysia,2024,33,1,766.0,2024-08-12,False,766.0,True,False
Malaysia,2024,34,1,814.0,2024-08-19,False,814.0,True,False
Malaysia,2024,35,1,699.0,2024-08-26,False,699.0,True,False
Malaysia,2024,36,1,645.0,2024-09-02,False,645.0,True,False
Malaysia,2024,37,1,598.0,2024-09-09,False,598.0,True,False
Malaysia,2024,38,1,437.0,2024-09-16,False,437.0,True,False
Malaysia,2024,39,1,669.0,2024-09-23,False,669.0,True,False
Malaysia,2024,40,1,811.0,2024-09-30,False,811.0,True,False
Malaysia,2024,41,1,851.0,2024-10-07,False,851.0,True,False
Malaysia,2024,42,1,897.0,2024-10-14,False,897.0,True,False
Malaysia,2024,43,1,891.0,2024-10-21,False,891.0,True,False
Malaysia,2024,44,1,791.0,2024-10-28,False,791.0,True,False
Malaysia,2024,45,1,1054.0,2024-11-04,False,1054.0,True,False
Malaysia,2024,46,1,1167.0,2024-11-11,False,1167.0,True,False
Malaysia,2024,47,1,1248.0,2024-11-18,False,1248.0,True,False
Malaysia,2024,48,1,1371.0,2024-11-25,False,1371.0,True,False
Malaysia,2024,49,1,1620.0,2024-12-02,False,1620.0,True,False
Malaysia,2024,50,1,1722.0,2024-12-09,False,1722.0,True,False
Malaysia,2024,51,1,1477.0,2024-12-16,False,1477.0,True,False
Malaysia,2024,52,1,968.0,2024-12-23,False,968.0,True,False
Philippines,2020,1,1,0.0,2019-12-30,False,0.0,True,True
Philippines,2020,2,1,0.0,2020-01-06,False,0.0,True,True
Philippines,2020,3,1,0.0,2020-01-13,False,0.0,True,True
Philippines,2020,4,1,0.0,2020-01-20,False,0.0,True,True
Philippines,2020,5,1,1.0,2020-01-27,False,1.0,True,False
Philippines,2020,6,1,2.0,2020-02-03,False,2.0,True,False
Philippines,2020,7,1,0.0,2020-02-10,False,0.0,True,True
Philippines,2020,8,1,0.0,2020-02-17,False,0.0,True,True
Philippines,2020,9,1,0.0,2020-02-24,False,0.0,True,True
Philippines,2020,10,1,3.0,2020-03-02,False,3.0,True,False
Philippines,2020,11,1,105.0,2020-03-09,False,105.0,True,False
Philippines,2020,12,1,196.0,2020-03-16,False,196.0,True,False
Philippines,2020,13,1,768.0,2020-03-23,False,768.0,True,False
Philippines,2020,14,1,2019.0,2020-03-30,False,2019.0,True,False
Philippines,2020,15,1,1334.0,2020-04-06,False,1334.0,True,False
Philippines,2020,16,1,1659.0,2020-04-13,False,1659.0,True,False
Philippines,2020,17,1,1207.0,2020-04-20,False,1207.0,True,False
Philippines,2020,18,1,1634.0,2020-04-27,False,1634.0,True,False
Philippines,2020,19,1,1682.0,2020-05-04,False,1682.0,True,False
Philippines,2020,20,1,1695.0,2020-05-11,False,1695.0,True,False
Philippines,2020,21,1,1472.0,2020-05-18,False,1472.0,True,False
Philippines,2020,22,1,3447.0,2020-05-25,False,3447.0,True,False
Philippines,2020,23,1,4116.0,2020-06-01,False,4116.0,True,False
Philippines,2020,24,1,4051.0,2020-06-08,False,4051.0,True,False
Philippines,2020,25,1,4008.0,2020-06-15,False,4008.0,True,False
Philippines,2020,26,1,5403.0,2020-06-22,False,5403.0,True,False
Philippines,2020,27,1,7028.0,2020-06-29,False,7028.0,True,False
Philippines,2020,28,1,12305.0,2020-07-06,False,12305.0,True,False
Philippines,2020,29,1,11080.0,2020-07-13,False,11080.0,True,False
Philippines,2020,30,1,13123.0,2020-07-20,False,13123.0,True,False
Philippines,2020,31,1,19815.0,2020-07-27,False,19815.0,True,False
Philippines,2020,32,1,28651.0,2020-08-03,False,28651.0,True,False
Philippines,2020,33,1,31114.0,2020-08-10,False,31114.0,True,False
Philippines,2020,34,1,29305.0,2020-08-17,False,29305.0,True,False
Philippines,2020,35,1,25889.0,2020-08-24,False,25889.0,True,False
Philippines,2020,36,1,21414.0,2020-08-31,False,21414.0,True,False
Philippines,2020,37,1,23337.0,2020-09-07,False,23337.0,True,False
Philippines,2020,38,1,25568.0,2020-09-14,False,25568.0,True,False
Philippines,2020,39,1,17800.0,2020-09-21,False,17800.0,True,False
Philippines,2020,40,1,18076.0,2020-09-28,False,18076.0,True,False
Philippines,2020,41,1,17532.0,2020-10-05,False,17532.0,True,False
Philippines,2020,42,1,17414.0,2020-10-12,False,17414.0,True,False
Philippines,2020,43,1,13552.0,2020-10-19,False,13552.0,True,False
Philippines,2020,44,1,12912.0,2020-10-26,False,12912.0,True,False
Philippines,2020,45,1,13236.0,2020-11-02,False,13236.0,True,False
Philippines,2020,46,1,12355.0,2020-11-09,False,12355.0,True,False
Philippines,2020,47,1,10542.0,2020-11-16,False,10542.0,True,False
Philippines,2020,48,1,10940.0,2020-11-23,False,10940.0,True,False
Philippines,2020,49,1,10276.0,2020-11-30,False,10276.0,True,False
Philippines,2020,50,1,10265.0,2020-12-07,False,10265.0,True,False
Philippines,2020,51,1,9704.0,2020-12-14,False,9704.0,True,False
Philippines,2020,52,1,10968.0,2020-12-21,False,10968.0,True,False
Philippines,2020,53,1,8799.0,2020-12-28,False,8799.0,True,False
Philippines,2021,1,1,9882.0,2021-01-04,False,9882.0,True,False
Philippines,2021,2,1,12889.0,2021-01-11,False,12889.0,True,False
Philippines,2021,3,1,13046.0,2021-01-18,False,13046.0,True,False
Philippines,2021,4,1,11995.0,2021-01-25,False,11995.0,True,False
Philippines,2021,5,1,11691.0,2021-02-01,False,11691.0,True,False
Philippines,2021,6,1,11870.0,2021-02-08,False,11870.0,True,False
Philippines,2021,7,1,11993.0,2021-02-15,False,11993.0,True,False
Philippines,2021,8,1,15176.0,2021-02-22,False,15176.0,True,False
Philippines,2021,9,1,18063.0,2021-03-01,False,18063.0,True,False
Philippines,2021,10,1,27082.0,2021-03-08,False,27082.0,True,False
Philippines,2021,11,1,42284.0,2021-03-15,False,42284.0,True,False
Philippines,2021,12,1,58105.0,2021-03-22,False,58105.0,True,False
Philippines,2021,13,1,73165.0,2021-03-29,False,73165.0,True,False
Philippines,2021,14,1,69804.0,2021-04-05,False,69804.0,True,False
Philippines,2021,15,1,71270.0,2021-04-12,False,71270.0,True,False
Philippines,2021,16,1,61382.0,2021-04-19,False,61382.0,True,False
Philippines,2021,17,1,57471.0,2021-04-26,False,57471.0,True,False
Philippines,2021,18,1,47010.0,2021-05-03,False,47010.0,True,False
Philippines,2021,19,1,41966.0,2021-05-10,False,41966.0,True,False
Philippines,2021,20,1,35845.0,2021-05-17,False,35845.0,True,False
Philippines,2021,21,1,43826.0,2021-05-24,False,43826.0,True,False
Philippines,2021,22,1,45848.0,2021-05-31,False,45848.0,True,False
Philippines,2021,23,1,46162.0,2021-06-07,False,46162.0,True,False
Philippines,2021,24,1,43363.0,2021-06-14,False,43363.0,True,False
Philippines,2021,25,1,38994.0,2021-06-21,False,38994.0,True,False
Philippines,2021,26,1,38370.0,2021-06-28,False,38370.0,True,False
Philippines,2021,27,1,36509.0,2021-07-05,False,36509.0,True,False
Philippines,2021,28,1,34882.0,2021-07-12,False,34882.0,True,False
Philippines,2021,29,1,40987.0,2021-07-19,False,40987.0,True,False
Philippines,2021,30,1,48863.0,2021-07-26,False,48863.0,True,False
Philippines,2021,31,1,61219.0,2021-08-02,False,61219.0,True,False
Philippines,2021,32,1,82422.0,2021-08-09,False,82422.0,True,False
Philippines,2021,33,1,98078.0,2021-08-16,False,98078.0,True,False
Philippines,2021,34,1,114522.0,2021-08-23,False,114522.0,True,False
Philippines,2021,35,1,127080.0,2021-08-30,False,127080.0,True,False
Philippines,2021,36,1,146410.0,2021-09-06,False,146410.0,True,False
Philippines,2021,37,1,139353.0,2021-09-13,False,139353.0,True,False
Philippines,2021,38,1,124120.0,2021-09-20,False,124120.0,True,False
Philippines,2021,39,1,102493.0,2021-09-27,False,102493.0,True,False
Philippines,2021,40,1,73230.0,2021-10-04,False,73230.0,True,False
Philippines,2021,41,1,53821.0,2021-10-11,False,53821.0,True,False
Philippines,2021,42,1,36559.0,2021-10-18,False,36559.0,True,False
Philippines,2021,43,1,30356.0,2021-10-25,False,30356.0,True,False
Philippines,2021,44,1,15949.0,2021-11-01,False,15949.0,True,False
Philippines,2021,45,1,13757.0,2021-11-08,False,13757.0,True,False
Philippines,2021,46,1,8905.0,2021-11-15,False,8905.0,True,False
Philippines,2021,47,1,5841.0,2021-11-22,False,5841.0,True,False
Philippines,2021,48,1,2901.0,2021-11-29,False,2901.0,True,False
Philippines,2021,49,1,1832.0,2021-12-06,False,1832.0,True,False
Philippines,2021,50,1,1019.0,2021-12-13,False,1019.0,True,False
Philippines,2021,51,1,1012.0,2021-12-20,False,1012.0,True,False
Philippines,2021,52,1,13261.0,2021-12-27,False,13261.0,True,False
Philippines,2022,1,1,113626.0,2022-01-03,False,113626.0,True,False
Philippines,2022,2,1,239943.0,2022-01-10,False,239943.0,True,False
Philippines,2022,3,1,211814.0,2022-01-17,False,211814.0,True,False
Philippines,2022,4,1,128538.0,2022-01-24,False,128538.0,True,False
Philippines,2022,5,1,63896.0,2022-01-31,False,63896.0,True,False
Philippines,2022,6,1,27660.0,2022-02-07,False,27660.0,True,False
Philippines,2022,7,1,14887.0,2022-02-14,False,14887.0,True,False
Philippines,2022,8,1,8947.0,2022-02-21,False,8947.0,True,False
Philippines,2022,9,1,6489.0,2022-02-28,False,6489.0,True,False
Philippines,2022,10,1,3204.0,2022-03-07,False,3204.0,True,False
Philippines,2022,11,1,3540.0,2022-03-14,False,3540.0,True,False
Philippines,2022,12,1,2710.0,2022-03-21,False,2710.0,True,False
Philippines,2022,13,1,2186.0,2022-03-28,False,2186.0,True,False
Philippines,2022,14,1,1871.0,2022-04-04,False,1871.0,True,False
Philippines,2022,15,1,1647.0,2022-04-11,False,1647.0,True,False
Philippines,2022,16,1,1437.0,2022-04-18,False,1437.0,True,False
Philippines,2022,17,1,1377.0,2022-04-25,False,1377.0,True,False
Philippines,2022,18,1,1117.0,2022-05-02,False,1117.0,True,False
Philippines,2022,19,1,1105.0,2022-05-09,False,1105.0,True,False
Philippines,2022,20,1,1212.0,2022-05-16,False,1212.0,True,False
Philippines,2022,21,1,1313.0,2022-05-23,False,1313.0,True,False
Philippines,2022,22,1,1291.0,2022-05-30,False,1291.0,True,False
Philippines,2022,23,1,1677.0,2022-06-06,False,1677.0,True,False
Philippines,2022,24,1,3042.0,2022-06-13,False,3042.0,True,False
Philippines,2022,25,1,4612.0,2022-06-20,False,4612.0,True,False
Philippines,2022,26,1,6072.0,2022-06-27,False,6072.0,True,False
Philippines,2022,27,1,9501.0,2022-07-04,False,9501.0,True,False
Philippines,2022,28,1,14092.0,2022-07-11,False,14092.0,True,False
Philippines,2022,29,1,18336.0,2022-07-18,False,18336.0,True,False
Philippines,2022,30,1,23591.0,2022-07-25,False,23591.0,True,False
Philippines,2022,31,1,26866.0,2022-08-01,False,26866.0,True,False
Philippines,2022,32,1,28425.0,2022-08-08,False,28425.0,True,False
Philippines,2022,33,1,24402.0,2022-08-15,False,24402.0,True,False
Philippines,2022,34,1,20162.0,2022-08-22,False,20162.0,True,False
Philippines,2022,35,1,16774.0,2022-08-29,False,16774.0,True,False
Philippines,2022,36,1,17160.0,2022-09-05,False,17160.0,True,False
Philippines,2022,37,1,12069.0,2022-09-12,False,12069.0,True,False
Philippines,2022,38,1,16357.0,2022-09-19,False,16357.0,True,False
Philippines,2022,39,1,17086.0,2022-09-26,False,17086.0,True,False
Philippines,2022,40,1,13995.0,2022-10-03,False,13995.0,True,False
Philippines,2022,41,1,14880.0,2022-10-10,False,14880.0,True,False
Philippines,2022,42,1,12405.0,2022-10-17,False,12405.0,True,False
Philippines,2022,43,1,9040.0,2022-10-24,False,9040.0,True,False
Philippines,2022,44,1,6367.0,2022-10-31,False,6367.0,True,False
Philippines,2022,45,1,7939.0,2022-11-07,False,7939.0,True,False
Philippines,2022,46,1,8459.0,2022-11-14,False,8459.0,True,False
Philippines,2022,47,1,7502.0,2022-11-21,False,7502.0,True,False
Philippines,2022,48,1,7494.0,2022-11-28,False,7494.0,True,False
Philippines,2022,49,1,8058.0,2022-12-05,False,8058.0,True,False
Philippines,2022,50,1,7358.0,2022-12-12,False,7358.0,True,False
Philippines,2022,51,1,4103.0,2022-12-19,False,4103.0,True,False
Philippines,2022,52,1,3290.0,2022-12-26,False,3290.0,True,False
Philippines,2023,1,1,4552.0,2023-01-02,False,4552.0,True,False
Philippines,2023,2,1,2797.0,2023-01-09,False,2797.0,True,False
Philippines,2023,3,1,1556.0,2023-01-16,False,1556.0,True,False
Philippines,2023,4,1,1181.0,2023-01-23,False,1181.0,True,False
Philippines,2023,5,1,1045.0,2023-01-30,False,1045.0,True,False
Philippines,2023,6,1,678.0,2023-02-06,False,678.0,True,False
Philippines,2023,7,1,914.0,2023-02-13,False,914.0,True,False
Philippines,2023,8,1,738.0,2023-02-20,False,738.0,True,False
Philippines,2023,9,1,738.0,2023-02-27,False,738.0,True,False
Philippines,2023,10,1,890.0,2023-03-06,False,890.0,True,False
Philippines,2023,11,1,1061.0,2023-03-13,False,1061.0,True,False
Philippines,2023,12,1,1163.0,2023-03-20,False,1163.0,True,False
Philippines,2023,13,1,1541.0,2023-03-27,False,1541.0,True,False
Philippines,2023,14,1,1988.0,2023-04-03,False,1988.0,True,False
Philippines,2023,15,1,2025.0,2023-04-10,False,2025.0,True,False
Philippines,2023,16,1,2438.0,2023-04-17,False,2438.0,True,False
Philippines,2023,17,1,3890.0,2023-04-24,False,3890.0,True,False
Philippines,2023,18,1,9014.0,2023-05-01,False,9014.0,True,False
Philippines,2023,19,1,12225.0,2023-05-08,False,12225.0,True,False
Philippines,2023,20,1,12623.0,2023-05-15,False,12623.0,True,False
Philippines,2023,21,1,11724.0,2023-05-22,False,11724.0,True,False
Philippines,2023,22,1,9689.0,2023-05-29,False,9689.0,True,False
Philippines,2023,23,1,7061.0,2023-06-05,False,7061.0,True,False
Philippines,2023,24,1,4394.0,2023-06-12,False,4394.0,True,False
Philippines,2023,25,1,3647.0,2023-06-19,False,3647.0,True,False
Philippines,2023,26,1,2845.0,2023-06-26,False,2845.0,True,False
Philippines,2023,27,1,423.0,2023-07-03,False,423.0,True,False
Philippines,2023,28,1,2510.0,2023-07-10,False,2510.0,True,False
Philippines,2023,29,1,1938.0,2023-07-17,False,1938.0,True,False
Philippines,2023,30,1,1671.0,2023-07-24,False,1671.0,True,False
Philippines,2023,31,1,1859.0,2023-07-31,False,1859.0,True,False
Philippines,2023,32,1,154.0,2023-08-07,False,154.0,True,False
Philippines,2023,33,1,,2023-08-14,True,-65079.0,False,False
Philippines,2023,34,1,342.0,2023-08-21,False,342.0,True,False
Philippines,2023,35,1,1311.0,2023-08-28,False,1311.0,True,False
Philippines,2023,36,1,138.0,2023-09-04,False,138.0,True,False
Philippines,2023,37,1,988.0,2023-09-11,False,988.0,True,False
Philippines,2023,38,1,962.0,2023-09-18,False,962.0,True,False
Philippines,2023,39,1,1141.0,2023-09-25,False,1141.0,True,False
Philippines,2023,40,1,1246.0,2023-10-02,False,1246.0,True,False
Philippines,2023,41,1,1034.0,2023-10-09,False,1034.0,True,False
Philippines,2023,42,1,1469.0,2023-10-16,False,1469.0,True,False
Philippines,2023,43,1,1198.0,2023-10-23,False,1198.0,True,False
Philippines,2023,44,1,1097.0,2023-10-30,False,1097.0,True,False
Philippines,2023,45,1,933.0,2023-11-06,False,933.0,True,False
Philippines,2023,46,1,914.0,2023-11-13,False,914.0,True,False
Philippines,2023,47,1,1333.0,2023-11-20,False,1333.0,True,False
Philippines,2023,48,1,1262.0,2023-11-27,False,1262.0,True,False
Philippines,2023,49,1,1163.0,2023-12-04,False,1163.0,True,False
Philippines,2023,50,1,1377.0,2023-12-11,False,1377.0,True,False
Philippines,2023,51,1,2501.0,2023-12-18,False,2501.0,True,False
Philippines,2023,52,1,3239.0,2023-12-25,False,3239.0,True,False
Singapore,2020,1,1,0.0,2019-12-30,False,0.0,True,True
Singapore,2020,2,1,0.0,2020-01-06,False,0.0,True,True
Singapore,2020,3,1,0.0,2020-01-13,False,0.0,True,True
Singapore,2020,4,1,4.0,2020-01-20,False,4.0,True,False
Singapore,2020,5,1,14.0,2020-01-27,False,14.0,True,False
Singapore,2020,6,1,22.0,2020-02-03,False,22.0,True,False
Singapore,2020,7,1,32.0,2020-02-10,False,32.0,True,False
Singapore,2020,8,1,17.0,2020-02-17,False,17.0,True,False
Singapore,2020,9,1,13.0,2020-02-24,False,13.0,True,False
Singapore,2020,10,1,36.0,2020-03-02,False,36.0,True,False
Singapore,2020,11,1,74.0,2020-03-09,False,74.0,True,False
Singapore,2020,12,1,220.0,2020-03-16,False,220.0,True,False
Singapore,2020,13,1,370.0,2020-03-23,False,370.0,True,False
Singapore,2020,14,1,387.0,2020-03-30,False,387.0,True,False
Singapore,2020,15,1,1110.0,2020-04-06,False,1110.0,True,False
Singapore,2020,16,1,3693.0,2020-04-13,False,3693.0,True,False
Singapore,2020,17,1,6701.0,2020-04-20,False,6701.0,True,False
Singapore,2020,18,1,4855.0,2020-04-27,False,4855.0,True,False
Singapore,2020,19,1,4912.0,2020-05-04,False,4912.0,True,False
Singapore,2020,20,1,4896.0,2020-05-11,False,4896.0,True,False
Singapore,2020,21,1,3712.0,2020-05-18,False,3712.0,True,False
Singapore,2020,22,1,3298.0,2020-05-25,False,3298.0,True,False
Singapore,2020,23,1,3161.0,2020-06-01,False,3161.0,True,False
Singapore,2020,24,1,2670.0,2020-06-08,False,2670.0,True,False
Singapore,2020,25,1,1636.0,2020-06-15,False,1636.0,True,False
Singapore,2020,26,1,1413.0,2020-06-22,False,1413.0,True,False
Singapore,2020,27,1,1418.0,2020-06-29,False,1418.0,True,False
Singapore,2020,28,1,1118.0,2020-07-06,False,1118.0,True,False
Singapore,2020,29,1,1873.0,2020-07-13,False,1873.0,True,False
Singapore,2020,30,1,2233.0,2020-07-20,False,2233.0,True,False
Singapore,2020,31,1,2624.0,2020-07-27,False,2624.0,True,False
Singapore,2020,32,1,2417.0,2020-08-03,False,2417.0,True,False
Singapore,2020,33,1,732.0,2020-08-10,False,732.0,True,False
Singapore,2020,34,1,605.0,2020-08-17,False,605.0,True,False
Singapore,2020,35,1,451.0,2020-08-24,False,451.0,True,False
Singapore,2020,36,1,265.0,2020-08-31,False,265.0,True,False
Singapore,2020,37,1,375.0,2020-09-07,False,375.0,True,False
Singapore,2020,38,1,201.0,2020-09-14,False,201.0,True,False
Singapore,2020,39,1,127.0,2020-09-21,False,127.0,True,False
Singapore,2020,40,1,115.0,2020-09-28,False,115.0,True,False
Singapore,2020,41,1,66.0,2020-10-05,False,66.0,True,False
Singapore,2020,42,1,38.0,2020-10-12,False,38.0,True,False
Singapore,2020,43,1,61.0,2020-10-19,False,61.0,True,False
Singapore,2020,44,1,50.0,2020-10-26,False,50.0,True,False
Singapore,2020,45,1,39.0,2020-11-02,False,39.0,True,False
Singapore,2020,46,1,62.0,2020-11-09,False,62.0,True,False
Singapore,2020,47,1,32.0,2020-11-16,False,32.0,True,False
Singapore,2020,48,1,57.0,2020-11-23,False,57.0,True,False
Singapore,2020,49,1,50.0,2020-11-30,False,50.0,True,False
Singapore,2020,50,1,58.0,2020-12-07,False,58.0,True,False
Singapore,2020,51,1,90.0,2020-12-14,False,90.0,True,False
Singapore,2020,52,1,116.0,2020-12-21,False,116.0,True,False
Singapore,2020,53,1,178.0,2020-12-28,False,178.0,True,False
Singapore,2021,1,1,210.0,2021-01-04,False,210.0,True,False
Singapore,2021,2,1,206.0,2021-01-11,False,206.0,True,False
Singapore,2021,3,1,195.0,2021-01-18,False,195.0,True,False
Singapore,2021,4,1,228.0,2021-01-25,False,228.0,True,False
Singapore,2021,5,1,163.0,2021-02-01,False,163.0,True,False
Singapore,2021,6,1,101.0,2021-02-08,False,101.0,True,False
Singapore,2021,7,1,69.0,2021-02-15,False,69.0,True,False
Singapore,2021,8,1,67.0,2021-02-22,False,67.0,True,False
Singapore,2021,9,1,97.0,2021-03-01,False,97.0,True,False
Singapore,2021,10,1,72.0,2021-03-08,False,72.0,True,False
Singapore,2021,11,1,91.0,2021-03-15,False,91.0,True,False
Singapore,2021,12,1,104.0,2021-03-22,False,104.0,True,False
Singapore,2021,13,1,178.0,2021-03-29,False,178.0,True,False
Singapore,2021,14,1,175.0,2021-04-05,False,175.0,True,False
Singapore,2021,15,1,178.0,2021-04-12,False,178.0,True,False
Singapore,2021,16,1,175.0,2021-04-19,False,175.0,True,False
Singapore,2021,17,1,212.0,2021-04-26,False,212.0,True,False
Singapore,2021,18,1,141.0,2021-05-03,False,141.0,True,False
Singapore,2021,19,1,226.0,2021-05-10,False,226.0,True,False
Singapore,2021,20,1,239.0,2021-05-17,False,239.0,True,False
Singapore,2021,21,1,204.0,2021-05-24,False,204.0,True,False
Singapore,2021,22,1,168.0,2021-05-31,False,168.0,True,False
Singapore,2021,23,1,80.0,2021-06-07,False,80.0,True,False
Singapore,2021,24,1,138.0,2021-06-14,False,138.0,True,False
Singapore,2021,25,1,130.0,2021-06-21,False,130.0,True,False
Singapore,2021,26,1,73.0,2021-06-28,False,73.0,True,False
Singapore,2021,27,1,75.0,2021-07-05,False,75.0,True,False
Singapore,2021,28,1,381.0,2021-07-12,False,381.0,True,False
Singapore,2021,29,1,1106.0,2021-07-19,False,1106.0,True,False
Singapore,2021,30,1,923.0,2021-07-26,False,923.0,True,False
Singapore,2021,31,1,662.0,2021-08-02,False,662.0,True,False
Singapore,2021,32,1,408.0,2021-08-09,False,408.0,True,False
Singapore,2021,33,1,306.0,2021-08-16,False,306.0,True,False
Singapore,2021,34,1,826.0,2021-08-23,False,826.0,True,False
Singapore,2021,35,1,1356.0,2021-08-30,False,1356.0,True,False
Singapore,2021,36,1,3027.0,2021-09-06,False,3027.0,True,False
Singapore,2021,37,1,6117.0,2021-09-13,False,6117.0,True,False
Singapore,2021,38,1,10088.0,2021-09-20,False,10088.0,True,False
Singapore,2021,39,1,15951.0,2021-09-27,False,15951.0,True,False
Singapore,2021,40,1,23123.0,2021-10-04,False,23123.0,True,False
Singapore,2021,41,1,21212.0,2021-10-11,False,21212.0,True,False
Singapore,2021,42,1,24466.0,2021-10-18,False,24466.0,True,False
Singapore,2021,43,1,25730.0,2021-10-25,False,25730.0,True,False
Singapore,2021,44,1,19959.0,2021-11-01,False,19959.0,True,False
Singapore,2021,45,1,18870.0,2021-11-08,False,18870.0,True,False
Singapore,2021,46,1,14985.0,2021-11-15,False,14985.0,True,False
Singapore,2021,47,1,10195.0,2021-11-22,False,10195.0,True,False
Singapore,2021,48,1,6828.0,2021-11-29,False,6828.0,True,False
Singapore,2021,49,1,4151.0,2021-12-06,False,4151.0,True,False
Singapore,2021,50,1,2548.0,2021-12-13,False,2548.0,True,False
Singapore,2021,51,1,1854.0,2021-12-20,False,1854.0,True,False
Singapore,2021,52,1,2526.0,2021-12-27,False,2526.0,True,False
Singapore,2022,1,1,5357.0,2022-01-03,False,5357.0,True,False
Singapore,2022,2,1,6202.0,2022-01-10,False,6202.0,True,False
Singapore,2022,3,1,21923.0,2022-01-17,False,21923.0,True,False
Singapore,2022,4,1,34558.0,2022-01-24,False,34558.0,True,False
Singapore,2022,5,1,49493.0,2022-01-31,False,49493.0,True,False
Singapore,2022,6,1,71672.0,2022-02-07,False,71672.0,True,False
Singapore,2022,7,1,113143.0,2022-02-14,False,113143.0,True,False
Singapore,2022,8,1,128242.0,2022-02-21,False,128242.0,True,False
Singapore,2022,9,1,121941.0,2022-02-28,False,121941.0,True,False
Singapore,2022,10,1,106615.0,2022-03-07,False,106615.0,True,False
Singapore,2022,11,1,75581.0,2022-03-14,False,75581.0,True,False
Singapore,2022,12,1,56988.0,2022-03-21,False,56988.0,True,False
Singapore,2022,13,1,37739.0,2022-03-28,False,37739.0,True,False
Singapore,2022,14,1,28257.0,2022-04-04,False,28257.0,True,False
Singapore,2022,15,1,22299.0,2022-04-11,False,22299.0,True,False
Singapore,2022,16,1,21868.0,2022-04-18,False,21868.0,True,False
Singapore,2022,17,1,17472.0,2022-04-25,False,17472.0,True,False
Singapore,2022,18,1,18282.0,2022-05-02,False,18282.0,True,False
Singapore,2022,19,1,24962.0,2022-05-09,False,24962.0,True,False
Singapore,2022,20,1,26751.0,2022-05-16,False,26751.0,True,False
Singapore,2022,21,1,26285.0,2022-05-23,False,26285.0,True,False
Singapore,2022,22,1,23064.0,2022-05-30,False,23064.0,True,False
Singapore,2022,23,1,22272.0,2022-06-06,False,22272.0,True,False
Singapore,2022,24,1,26505.0,2022-06-13,False,26505.0,True,False
Singapore,2022,25,1,40597.0,2022-06-20,False,40597.0,True,False
Singapore,2022,26,1,52749.0,2022-06-27,False,52749.0,True,False
Singapore,2022,27,1,62774.0,2022-07-04,False,62774.0,True,False
Singapore,2022,28,1,65218.0,2022-07-11,False,65218.0,True,False
Singapore,2022,29,1,63882.0,2022-07-18,False,63882.0,True,False
Singapore,2022,30,1,55969.0,2022-07-25,False,55969.0,True,False
Singapore,2022,31,1,45827.0,2022-08-01,False,45827.0,True,False
Singapore,2022,32,1,36269.0,2022-08-08,False,36269.0,True,False
Singapore,2022,33,1,23871.0,2022-08-15,False,23871.0,True,False
Singapore,2022,34,1,16415.0,2022-08-22,False,16415.0,True,False
Singapore,2022,35,1,13453.0,2022-08-29,False,13453.0,True,False
Singapore,2022,36,1,13712.0,2022-09-05,False,13712.0,True,False
Singapore,2022,37,1,14793.0,2022-09-12,False,14793.0,True,False
Singapore,2022,38,1,16254.0,2022-09-19,False,16254.0,True,False
Singapore,2022,39,1,21873.0,2022-09-26,False,21873.0,True,False
Singapore,2022,40,1,36985.0,2022-10-03,False,36985.0,True,False
Singapore,2022,41,1,57482.0,2022-10-10,False,57482.0,True,False
Singapore,2022,42,1,53825.0,2022-10-17,False,53825.0,True,False
Singapore,2022,43,1,36811.0,2022-10-24,False,36811.0,True,False
Singapore,2022,44,1,24915.0,2022-10-31,False,24915.0,True,False
Singapore,2022,45,1,16441.0,2022-11-07,False,16441.0,True,False
Singapore,2022,46,1,10918.0,2022-11-14,False,10918.0,True,False
Singapore,2022,47,1,13800.0,2022-11-21,False,13800.0,True,False
Singapore,2022,48,1,8795.0,2022-11-28,False,8795.0,True,False
Singapore,2022,49,1,8366.0,2022-12-05,False,8366.0,True,False
Singapore,2022,50,1,8654.0,2022-12-12,False,8654.0,True,False
Singapore,2022,51,1,5481.0,2022-12-19,False,5481.0,True,False
Singapore,2022,52,1,8324.0,2022-12-26,False,8324.0,True,False
Singapore,2023,1,1,5456.0,2023-01-02,False,5456.0,True,False
Singapore,2023,2,1,3876.0,2023-01-09,False,3876.0,True,False
Singapore,2023,3,1,2518.0,2023-01-16,False,2518.0,True,False
Singapore,2023,4,1,1825.0,2023-01-23,False,1825.0,True,False
Singapore,2023,5,1,2992.0,2023-01-30,False,2992.0,True,False
Singapore,2023,6,1,2881.0,2023-02-06,False,2881.0,True,False
Singapore,2023,7,1,244.0,2023-02-13,False,244.0,True,False
Singapore,2023,8,1,3849.0,2023-02-20,False,3849.0,True,False
Singapore,2023,9,1,4471.0,2023-02-27,False,4471.0,True,False
Singapore,2023,10,1,4426.0,2023-03-06,False,4426.0,True,False
Singapore,2023,11,1,10352.0,2023-03-13,False,10352.0,True,False
Singapore,2023,12,1,10464.0,2023-03-20,False,10464.0,True,False
Singapore,2023,13,1,14467.0,2023-03-27,False,14467.0,True,False
Singapore,2023,14,1,28410.0,2023-04-03,False,28410.0,True,False
Singapore,2023,15,1,16018.0,2023-04-10,False,16018.0,True,False
Singapore,2023,16,1,26072.0,2023-04-17,False,26072.0,True,False
Singapore,2023,17,1,27818.0,2023-04-24,False,27818.0,True,False
Singapore,2023,18,1,23417.0,2023-05-01,False,23417.0,True,False
Singapore,2023,19,1,22624.0,2023-05-08,False,22624.0,True,False
Singapore,2023,20,1,24296.0,2023-05-15,False,24296.0,True,False
Singapore,2023,21,1,20767.0,2023-05-22,False,20767.0,True,False
Singapore,2023,22,1,14851.0,2023-05-29,False,14851.0,True,False
Singapore,2023,23,1,8531.0,2023-06-05,False,8531.0,True,False
Singapore,2023,24,1,10432.0,2023-06-12,False,10432.0,True,False
Singapore,2023,25,1,6717.0,2023-06-19,False,6717.0,True,False
Singapore,2023,26,1,11736.0,2023-06-26,False,11736.0,True,False
Singapore,2023,27,1,4302.0,2023-07-03,False,4302.0,True,False
Singapore,2023,28,1,8544.0,2023-07-10,False,8544.0,True,False
Singapore,2023,29,1,5632.0,2023-07-17,False,5632.0,True,False
Singapore,2023,30,1,4738.0,2023-07-24,False,4738.0,True,False
Singapore,2023,31,1,4951.0,2023-07-31,False,4951.0,True,False
Singapore,2023,32,1,3485.0,2023-08-07,False,3485.0,True,False
Singapore,2023,33,1,4951.0,2023-08-14,False,4951.0,True,False
Singapore,2023,34,1,7045.0,2023-08-21,False,7045.0,True,False
Singapore,2023,35,1,6650.0,2023-08-28,False,6650.0,True,False
Singapore,2023,36,1,4295.0,2023-09-04,False,4295.0,True,False
Singapore,2023,37,1,7248.0,2023-09-11,False,7248.0,True,False
Singapore,2023,38,1,6401.0,2023-09-18,False,6401.0,True,False
Singapore,2023,39,1,14843.0,2023-09-25,False,14843.0,True,False
Singapore,2023,40,1,15336.0,2023-10-02,False,15336.0,True,False
Singapore,2023,41,1,16250.0,2023-10-09,False,16250.0,True,False
Singapore,2023,42,1,14801.0,2023-10-16,False,14801.0,True,False
Singapore,2023,43,1,17123.0,2023-10-23,False,17123.0,True,False
Singapore,2023,44,1,16062.0,2023-10-30,False,16062.0,True,False
Singapore,2023,45,1,16395.0,2023-11-06,False,16395.0,True,False
Singapore,2023,46,1,15441.0,2023-11-13,False,15441.0,True,False
Singapore,2023,47,1,10726.0,2023-11-20,False,10726.0,True,False
Singapore,2023,48,1,22094.0,2023-11-27,False,22094.0,True,False
Singapore,2023,49,1,32035.0,2023-12-04,False,32035.0,True,False
Singapore,2023,50,1,56043.0,2023-12-11,False,56043.0,True,False
Singapore,2023,51,1,58300.0,2023-12-18,False,58300.0,True,False
Singapore,2023,52,1,39100.0,2023-12-25,False,39100.0,True,False
Thailand,2020,1,1,0.0,2019-12-30,False,0.0,True,True
Thailand,2020,2,1,0.0,2020-01-06,False,0.0,True,True
Thailand,2020,3,1,2.0,2020-01-13,False,2.0,True,False
Thailand,2020,4,1,3.0,2020-01-20,False,3.0,True,False
Thailand,2020,5,1,14.0,2020-01-27,False,14.0,True,False
Thailand,2020,6,1,13.0,2020-02-03,False,13.0,True,False
Thailand,2020,7,1,2.0,2020-02-10,False,2.0,True,False
Thailand,2020,8,1,1.0,2020-02-17,False,1.0,True,False
Thailand,2020,9,1,7.0,2020-02-24,False,7.0,True,False
Thailand,2020,10,1,8.0,2020-03-02,False,8.0,True,False
Thailand,2020,11,1,64.0,2020-03-09,False,64.0,True,False
Thailand,2020,12,1,485.0,2020-03-16,False,485.0,True,False
Thailand,2020,13,1,789.0,2020-03-23,False,789.0,True,False
Thailand,2020,14,1,781.0,2020-03-30,False,781.0,True,False
Thailand,2020,15,1,382.0,2020-04-06,False,382.0,True,False
Thailand,2020,16,1,214.0,2020-04-13,False,214.0,True,False
Thailand,2020,17,1,157.0,2020-04-20,False,157.0,True,False
Thailand,2020,18,1,47.0,2020-04-27,False,47.0,True,False
Thailand,2020,19,1,40.0,2020-05-04,False,40.0,True,False
Thailand,2020,20,1,19.0,2020-05-11,False,19.0,True,False
Thailand,2020,21,1,12.0,2020-05-18,False,12.0,True,False
Thailand,2020,22,1,41.0,2020-05-25,False,41.0,True,False
Thailand,2020,23,1,31.0,2020-06-01,False,31.0,True,False
Thailand,2020,24,1,23.0,2020-06-08,False,23.0,True,False
Thailand,2020,25,1,13.0,2020-06-15,False,13.0,True,False
Thailand,2020,26,1,14.0,2020-06-22,False,14.0,True,False
Thailand,2020,27,1,28.0,2020-06-29,False,28.0,True,False
Thailand,2020,28,1,27.0,2020-07-06,False,27.0,True,False
Thailand,2020,29,1,32.0,2020-07-13,False,32.0,True,False
Thailand,2020,30,1,42.0,2020-07-20,False,42.0,True,False
Thailand,2020,31,1,26.0,2020-07-27,False,26.0,True,False
Thailand,2020,32,1,34.0,2020-08-03,False,34.0,True,False
Thailand,2020,33,1,26.0,2020-08-10,False,26.0,True,False
Thailand,2020,34,1,18.0,2020-08-17,False,18.0,True,False
Thailand,2020,35,1,16.0,2020-08-24,False,16.0,True,False
Thailand,2020,36,1,33.0,2020-08-31,False,33.0,True,False
Thailand,2020,37,1,29.0,2020-09-07,False,29.0,True,False
Thailand,2020,38,1,33.0,2020-09-14,False,33.0,True,False
Thailand,2020,39,1,17.0,2020-09-21,False,17.0,True,False
Thailand,2020,40,1,62.0,2020-09-28,False,62.0,True,False
Thailand,2020,41,1,51.0,2020-10-05,False,51.0,True,False
Thailand,2020,42,1,50.0,2020-10-12,False,50.0,True,False
Thailand,2020,43,1,50.0,2020-10-19,False,50.0,True,False
Thailand,2020,44,1,48.0,2020-10-26,False,48.0,True,False
Thailand,2020,45,1,53.0,2020-11-02,False,53.0,True,False
Thailand,2020,46,1,37.0,2020-11-09,False,37.0,True,False
Thailand,2020,47,1,39.0,2020-11-16,False,39.0,True,False
Thailand,2020,48,1,64.0,2020-11-23,False,64.0,True,False
Thailand,2020,49,1,109.0,2020-11-30,False,109.0,True,False
Thailand,2020,50,1,123.0,2020-12-07,False,123.0,True,False
Thailand,2020,51,1,698.0,2020-12-14,False,698.0,True,False
Thailand,2020,52,1,1234.0,2020-12-21,False,1234.0,True,False
Thailand,2020,53,1,1553.0,2020-12-28,False,1553.0,True,False
Thailand,2021,1,1,2604.0,2021-01-04,False,2604.0,True,False
Thailand,2021,2,1,1756.0,2021-01-11,False,1756.0,True,False
Thailand,2021,3,1,1446.0,2021-01-18,False,1446.0,True,False
Thailand,2021,4,1,5282.0,2021-01-25,False,5282.0,True,False
Thailand,2021,5,1,4589.0,2021-02-01,False,4589.0,True,False
Thailand,2021,6,1,1200.0,2021-02-08,False,1200.0,True,False
Thailand,2021,7,1,844.0,2021-02-15,False,844.0,True,False
Thailand,2021,8,1,536.0,2021-02-22,False,536.0,True,False
Thailand,2021,9,1,419.0,2021-03-01,False,419.0,True,False
Thailand,2021,10,1,557.0,2021-03-08,False,557.0,True,False
Thailand,2021,11,1,876.0,2021-03-15,False,876.0,True,False
Thailand,2021,12,1,931.0,2021-03-22,False,931.0,True,False
Thailand,2021,13,1,393.0,2021-03-29,False,393.0,True,False
Thailand,2021,14,1,3498.0,2021-04-05,False,3498.0,True,False
Thailand,2021,15,1,9727.0,2021-04-12,False,9727.0,True,False
Thailand,2021,16,1,13108.0,2021-04-19,False,13108.0,True,False
Thailand,2021,17,1,13524.0,2021-04-26,False,13524.0,True,False
Thailand,2021,18,1,14391.0,2021-05-03,False,14391.0,True,False
Thailand,2021,19,1,18072.0,2021-05-10,False,18072.0,True,False
Thailand,2021,20,1,28053.0,2021-05-17,False,28053.0,True,False
Thailand,2021,21,1,24807.0,2021-05-24,False,24807.0,True,False
Thailand,2021,22,1,23160.0,2021-05-31,False,23160.0,True,False
Thailand,2021,23,1,18442.0,2021-06-07,False,18442.0,True,False
Thailand,2021,24,1,22222.0,2021-06-14,False,22222.0,True,False
Thailand,2021,25,1,26316.0,2021-06-21,False,26316.0,True,False
Thailand,2021,26,1,38620.0,2021-06-28,False,38620.0,True,False
Thailand,2021,27,1,53304.0,2021-07-05,False,53304.0,True,False
Thailand,2021,28,1,67015.0,2021-07-12,False,67015.0,True,False
Thailand,2021,29,1,93916.0,2021-07-19,False,93916.0,True,False
Thailand,2021,30,1,118012.0,2021-07-26,False,118012.0,True,False
Thailand,2021,31,1,141191.0,2021-08-02,False,141191.0,True,False
Thailand,2021,32,1,150652.0,2021-08-09,False,150652.0,True,False
Thailand,2021,33,1,142138.0,2021-08-16,False,142138.0,True,False
Thailand,2021,34,1,124796.0,2021-08-23,False,124796.0,True,False
Thailand,2021,35,1,106443.0,2021-08-30,False,106443.0,True,False
Thailand,2021,36,1,101639.0,2021-09-06,False,101639.0,True,False
Thailand,2021,37,1,94304.0,2021-09-13,False,94304.0,True,False
Thailand,2021,38,1,85161.0,2021-09-20,False,85161.0,True,False
Thailand,2021,39,1,75794.0,2021-09-27,False,75794.0,True,False
Thailand,2021,40,1,73452.0,2021-10-04,False,73452.0,True,False
Thailand,2021,41,1,72817.0,2021-10-11,False,72817.0,True,False
Thailand,2021,42,1,66781.0,2021-10-18,False,66781.0,True,False
Thailand,2021,43,1,61542.0,2021-10-25,False,61542.0,True,False
Thailand,2021,44,1,55975.0,2021-11-01,False,55975.0,True,False
Thailand,2021,45,1,50411.0,2021-11-08,False,50411.0,True,False
Thailand,2021,46,1,46171.0,2021-11-15,False,46171.0,True,False
Thailand,2021,47,1,42232.0,2021-11-22,False,42232.0,True,False
Thailand,2021,48,1,34428.0,2021-11-29,False,34428.0,True,False
Thailand,2021,49,1,27405.0,2021-12-06,False,27405.0,True,False
Thailand,2021,50,1,22882.0,2021-12-13,False,22882.0,True,False
Thailand,2021,51,1,18442.0,2021-12-20,False,18442.0,True,False
Thailand,2021,52,1,19588.0,2021-12-27,False,19588.0,True,False
Thailand,2022,1,1,39992.0,2022-01-03,False,39992.0,True,False
Thailand,2022,2,1,54935.0,2022-01-10,False,54935.0,True,False
Thailand,2022,3,1,53015.0,2022-01-17,False,53015.0,True,False
Thailand,2022,4,1,55034.0,2022-01-24,False,55034.0,True,False
Thailand,2022,5,1,64467.0,2022-01-31,False,64467.0,True,False
Thailand,2022,6,1,96326.0,2022-02-07,False,96326.0,True,False
Thailand,2022,7,1,118988.0,2022-02-14,False,118988.0,True,False
Thailand,2022,8,1,157301.0,2022-02-21,False,157301.0,True,False
Thailand,2022,9,1,157079.0,2022-02-28,False,157079.0,True,False
Thailand,2022,10,1,158130.0,2022-03-07,False,158130.0,True,False
Thailand,2022,11,1,169144.0,2022-03-14,False,169144.0,True,False
Thailand,2022,12,1,175116.0,2022-03-21,False,175116.0,True,False
Thailand,2022,13,1,182510.0,2022-03-28,False,182510.0,True,False
Thailand,2022,14,1,171890.0,2022-04-04,False,171890.0,True,False
Thailand,2022,15,1,146474.0,2022-04-11,False,146474.0,True,False
Thailand,2022,16,1,135915.0,2022-04-18,False,135915.0,True,False
Thailand,2022,17,1,96610.0,2022-04-25,False,96610.0,True,False
Thailand,2022,18,1,62366.0,2022-05-02,False,62366.0,True,False
Thailand,2022,19,1,48996.0,2022-05-09,False,48996.0,True,False
Thailand,2022,20,1,37648.0,2022-05-16,False,37648.0,True,False
Thailand,2022,21,1,31154.0,2022-05-23,False,31154.0,True,False
Thailand,2022,22,1,24145.0,2022-05-30,False,24145.0,True,False
Thailand,2022,23,1,18070.0,2022-06-06,False,18070.0,True,False
Thailand,2022,24,1,14181.0,2022-06-13,False,14181.0,True,False
Thailand,2022,25,1,15111.0,2022-06-20,False,15111.0,True,False
Thailand,2022,26,1,15950.0,2022-06-27,False,15950.0,True,False
Thailand,2022,27,1,14938.0,2022-07-04,False,14938.0,True,False
Thailand,2022,28,1,13986.0,2022-07-11,False,13986.0,True,False
Thailand,2022,29,1,16824.0,2022-07-18,False,16824.0,True,False
Thailand,2022,30,1,14323.0,2022-07-25,False,14323.0,True,False
Thailand,2022,31,1,15433.0,2022-08-01,False,15433.0,True,False
Thailand,2022,32,1,14816.0,2022-08-08,False,14816.0,True,False
Thailand,2022,33,1,13755.0,2022-08-15,False,13755.0,True,False
Thailand,2022,34,1,12232.0,2022-08-22,False,12232.0,True,False
Thailand,2022,35,1,12130.0,2022-08-29,False,12130.0,True,False
Thailand,2022,36,1,9004.0,2022-09-05,False,9004.0,True,False
Thailand,2022,37,1,5841.0,2022-09-12,False,5841.0,True,False
Thailand,2022,38,1,4965.0,2022-09-19,False,4965.0,True,False
Thailand,2022,39,1,3780.0,2022-09-26,False,3780.0,True,False
Thailand,2022,40,1,2915.0,2022-10-03,False,2915.0,True,False
Thailand,2022,41,1,2234.0,2022-10-10,False,2234.0,True,False
Thailand,2022,42,1,2616.0,2022-10-17,False,2616.0,True,False
Thailand,2022,43,1,2551.0,2022-10-24,False,2551.0,True,False
Thailand,2022,44,1,2759.0,2022-10-31,False,2759.0,True,False
Thailand,2022,45,1,3166.0,2022-11-07,False,3166.0,True,False
Thailand,2022,46,1,3957.0,2022-11-14,False,3957.0,True,False
Thailand,2022,47,1,4914.0,2022-11-21,False,4914.0,True,False
Thailand,2022,48,1,4284.0,2022-11-28,False,4284.0,True,False
Thailand,2022,49,1,3961.0,2022-12-05,False,3961.0,True,False
Thailand,2022,50,1,3419.0,2022-12-12,False,3419.0,True,False
Thailand,2022,51,1,2900.0,2022-12-19,False,2900.0,True,False
Thailand,2022,52,1,2111.0,2022-12-26,False,2111.0,True,False
Thailand,2023,1,1,997.0,2023-01-02,False,997.0,True,False
Thailand,2023,2,1,969.0,2023-01-09,False,969.0,True,False
Thailand,2023,3,1,627.0,2023-01-16,False,627.0,True,False
Thailand,2023,4,1,472.0,2023-01-23,False,472.0,True,False
Thailand,2023,5,1,252.0,2023-01-30,False,252.0,True,False
Thailand,2023,6,1,392.0,2023-02-06,False,392.0,True,False
Thailand,2023,7,1,203.0,2023-02-13,False,203.0,True,False
Thailand,2023,8,1,204.0,2023-02-20,False,204.0,True,False
Thailand,2023,9,1,147.0,2023-02-27,False,147.0,True,False
Thailand,2023,10,1,122.0,2023-03-06,False,122.0,True,False
Thailand,2023,11,1,178.0,2023-03-13,False,178.0,True,False
Thailand,2023,12,1,150.0,2023-03-20,False,150.0,True,False
Thailand,2023,13,1,167.0,2023-03-27,False,167.0,True,False
Thailand,2023,14,1,168.0,2023-04-03,False,168.0,True,False
Thailand,2023,15,1,435.0,2023-04-10,False,435.0,True,False
Thailand,2023,16,1,1088.0,2023-04-17,False,1088.0,True,False
Thailand,2023,17,1,1811.0,2023-04-24,False,1811.0,True,False
Thailand,2023,18,1,1699.0,2023-05-01,False,1699.0,True,False
Thailand,2023,19,1,2356.0,2023-05-08,False,2356.0,True,False
Thailand,2023,20,1,2632.0,2023-05-15,False,2632.0,True,False
Thailand,2023,21,1,2970.0,2023-05-22,False,2970.0,True,False
Thailand,2023,22,1,3085.0,2023-05-29,False,3085.0,True,False
Thailand,2023,23,1,2709.0,2023-06-05,False,2709.0,True,False
Thailand,2023,24,1,2158.0,2023-06-12,False,2158.0,True,False
Thailand,2023,25,1,1653.0,2023-06-19,False,1653.0,True,False
Thailand,2023,26,1,859.0,2023-06-26,False,859.0,True,False
Thailand,2023,27,1,1193.0,2023-07-03,False,1193.0,True,False
Thailand,2023,28,1,613.0,2023-07-10,False,613.0,True,False
Thailand,2023,29,1,556.0,2023-07-17,False,556.0,True,False
Thailand,2023,30,1,391.0,2023-07-24,False,391.0,True,False
Thailand,2023,31,1,268.0,2023-07-31,False,268.0,True,False
Thailand,2023,32,1,318.0,2023-08-07,False,318.0,True,False
Thailand,2023,33,1,389.0,2023-08-14,False,389.0,True,False
Thailand,2023,34,1,256.0,2023-08-21,False,256.0,True,False
Thailand,2023,35,1,187.0,2023-08-28,False,187.0,True,False
Thailand,2023,36,1,244.0,2023-09-04,False,244.0,True,False
Thailand,2023,37,1,212.0,2023-09-11,False,212.0,True,False
Thailand,2023,38,1,234.0,2023-09-18,False,234.0,True,False
Thailand,2023,39,1,190.0,2023-09-25,False,190.0,True,False
Thailand,2023,40,1,131.0,2023-10-02,False,131.0,True,False
Thailand,2023,41,1,124.0,2023-10-09,False,124.0,True,False
Thailand,2023,42,1,191.0,2023-10-16,False,191.0,True,False
Thailand,2023,43,1,206.0,2023-10-23,False,206.0,True,False
Thailand,2023,44,1,304.0,2023-10-30,False,304.0,True,False
Thailand,2023,45,1,287.0,2023-11-06,False,287.0,True,False
Thailand,2023,46,1,390.0,2023-11-13,False,390.0,True,False
Thailand,2023,47,1,480.0,2023-11-20,False,480.0,True,False
Thailand,2023,48,1,536.0,2023-11-27,False,536.0,True,False
Thailand,2023,49,1,590.0,2023-12-04,False,590.0,True,False
Thailand,2023,50,1,514.0,2023-12-11,False,514.0,True,False
Thailand,2023,51,1,555.0,2023-12-18,False,555.0,True,False
Thailand,2023,52,1,594.0,2023-12-25,False,594.0,True,False
Thailand,2024,1,1,664.0,2024-01-01,False,664.0,True,False
Thailand,2024,2,1,625.0,2024-01-08,False,625.0,True,False
Thailand,2024,3,1,718.0,2024-01-15,False,718.0,True,False
Thailand,2024,4,1,621.0,2024-01-22,False,621.0,True,False
Thailand,2024,5,1,715.0,2024-01-29,False,715.0,True,False
Thailand,2024,6,1,537.0,2024-02-05,False,537.0,True,False
Thailand,2024,7,1,496.0,2024-02-12,False,496.0,True,False
Thailand,2024,8,1,487.0,2024-02-19,False,487.0,True,False
Thailand,2024,9,1,462.0,2024-02-26,False,462.0,True,False
Thailand,2024,10,1,446.0,2024-03-04,False,446.0,True,False
Thailand,2024,11,1,501.0,2024-03-11,False,501.0,True,False
Thailand,2024,12,1,630.0,2024-03-18,False,630.0,True,False
Thailand,2024,13,1,728.0,2024-03-25,False,728.0,True,False
Thailand,2024,14,1,774.0,2024-04-01,False,774.0,True,False
Thailand,2024,15,1,849.0,2024-04-08,False,849.0,True,False
Thailand,2024,16,1,1004.0,2024-04-15,False,1004.0,True,False
Thailand,2024,17,1,1672.0,2024-04-22,False,1672.0,True,False
Thailand,2024,18,1,1792.0,2024-04-29,False,1792.0,True,False
Thailand,2024,19,1,1880.0,2024-05-06,False,1880.0,True,False
Thailand,2024,20,1,1882.0,2024-05-13,False,1882.0,True,False
Thailand,2024,21,1,1801.0,2024-05-20,False,1801.0,True,False
Thailand,2024,22,1,1863.0,2024-05-27,False,1863.0,True,False
Thailand,2024,23,1,2762.0,2024-06-03,False,2762.0,True,False
Thailand,2024,24,1,2881.0,2024-06-10,False,2881.0,True,False
Thailand,2024,25,1,1823.0,2024-06-17,False,1823.0,True,False
Thailand,2024,26,1,3256.0,2024-06-24,False,3256.0,True,False
Thailand,2024,27,1,1377.0,2024-07-01,False,1377.0,True,False
Thailand,2024,28,1,1004.0,2024-07-08,False,1004.0,True,False
Thailand,2024,29,1,1067.0,2024-07-15,False,1067.0,True,False
Thailand,2024,30,1,928.0,2024-07-22,False,928.0,True,False
Thailand,2024,31,1,560.0,2024-07-29,False,560.0,True,False
Thailand,2024,32,1,519.0,2024-08-05,False,519.0,True,False
Thailand,2024,33,1,435.0,2024-08-12,False,435.0,True,False
Thailand,2024,34,1,258.0,2024-08-19,False,258.0,True,False
Thailand,2024,35,1,569.0,2024-08-26,False,569.0,True,False
Thailand,2024,36,1,314.0,2024-09-02,False,314.0,True,False
Thailand,2024,37,1,302.0,2024-09-09,False,302.0,True,False
Thailand,2024,38,1,238.0,2024-09-16,False,238.0,True,False
Thailand,2024,39,1,287.0,2024-09-23,False,287.0,True,False
Thailand,2024,40,1,281.0,2024-09-30,False,281.0,True,False
Thailand,2024,41,1,353.0,2024-10-07,False,353.0,True,False
Thailand,2024,42,1,399.0,2024-10-14,False,399.0,True,False
Thailand,2024,43,1,497.0,2024-10-21,False,497.0,True,False
Thailand,2024,44,1,549.0,2024-10-28,False,549.0,True,False
Thailand,2024,45,1,569.0,2024-11-04,False,569.0,True,False
Thailand,2024,46,1,504.0,2024-11-11,False,504.0,True,False
Thailand,2024,47,1,510.0,2024-11-18,False,510.0,True,False
Thailand,2024,48,1,516.0,2024-11-25,False,516.0,True,False
Thailand,2024,49,1,577.0,2024-12-02,False,577.0,True,False
Thailand,2024,50,1,730.0,2024-12-09,False,730.0,True,False
Thailand,2024,51,1,867.0,2024-12-16,False,867.0,True,False
Thailand,2024,52,1,,2024-12-23,False,,False,False
Thailand,2025,1,1,1363.0,2024-12-30,False,1363.0,True,False
Thailand,2025,2,1,1907.0,2025-01-06,False,1907.0,True,False
Thailand,2025,3,1,1472.0,2025-01-13,False,1472.0,True,False
Thailand,2025,4,1,1135.0,2025-01-20,False,1135.0,True,False
Thailand,2025,5,1,851.0,2025-01-27,False,851.0,True,False
Thailand,2025,6,1,760.0,2025-02-03,False,760.0,True,False
Thailand,2025,7,1,584.0,2025-02-10,False,584.0,True,False
Thailand,2025,8,1,628.0,2025-02-17,False,628.0,True,False
Thailand,2025,9,1,604.0,2025-02-24,False,604.0,True,False
Thailand,2025,10,1,631.0,2025-03-03,False,631.0,True,False
Thailand,2025,11,1,680.0,2025-03-10,False,680.0,True,False
Thailand,2025,12,1,902.0,2025-03-17,False,902.0,True,False
Thailand,2025,13,1,942.0,2025-03-24,False,942.0,True,False
Thailand,2025,14,1,1154.0,2025-03-31,False,1154.0,True,False
Thailand,2025,15,1,1447.0,2025-04-07,False,1447.0,True,False
Thailand,2025,16,1,3544.0,2025-04-14,False,3544.0,True,False
Thailand,2025,17,1,9239.0,2025-04-21,False,9239.0,True,False
Thailand,2025,18,1,16178.0,2025-04-28,False,16178.0,True,False
Thailand,2025,19,1,34923.0,2025-05-05,False,34923.0,True,False
Thailand,2025,20,1,61489.0,2025-05-12,False,61489.0,True,False
Thailand,2025,21,1,95693.0,2025-05-19,False,95693.0,True,False
Thailand,2025,22,1,111688.0,2025-05-26,False,111688.0,True,False
Thailand,2025,23,1,86411.0,2025-06-02,False,86411.0,True,False
Thailand,2025,24,1,60072.0,2025-06-09,False,60072.0,True,False
Thailand,2025,25,1,38814.0,2025-06-16,False,38814.0,True,False
Thailand,2025,26,1,22763.0,2025-06-23,False,22763.0,True,False
Thailand,2025,27,1,21074.0,2025-06-30,False,21074.0,True,False
Thailand,2025,28,1,9969.0,2025-07-07,False,9969.0,True,False
Thailand,2025,29,1,6433.0,2025-07-14,False,6433.0,True,False
Thailand,2025,30,1,3976.0,2025-07-21,False,3976.0,True,False
Thailand,2025,31,1,2838.0,2025-07-28,False,2838.0,True,False
Thailand,2025,32,1,2156.0,2025-08-04,False,2156.0,True,False
Thailand,2025,33,1,1720.0,2025-08-11,False,1720.0,True,False
Thailand,2025,34,1,1404.0,2025-08-18,False,1404.0,True,False
Thailand,2025,35,1,1208.0,2025-08-25,False,1208.0,True,False
Thailand,2025,36,1,1080.0,2025-09-01,False,1080.0,True,False
Thailand,2025,37,1,910.0,2025-09-08,False,910.0,True,False
Thailand,2025,38,1,804.0,2025-09-15,False,804.0,True,False
Thailand,2025,39,1,820.0,2025-09-22,False,820.0,True,False
Thailand,2025,40,1,696.0,2025-09-29,False,696.0,True,False
Thailand,2025,41,1,685.0,2025-10-06,False,685.0,True,False
Thailand,2025,42,1,638.0,2025-10-13,False,638.0,True,False
Thailand,2025,43,1,512.0,2025-10-20,False,512.0,True,False
Thailand,2025,44,1,477.0,2025-10-27,False,477.0,True,False
Thailand,2025,45,1,671.0,2025-11-03,False,671.0,True,False
Thailand,2025,46,1,448.0,2025-11-10,False,448.0,True,False
Thailand,2025,47,1,427.0,2025-11-17,False,427.0,True,False
Thailand,2025,48,1,356.0,2025-11-24,False,356.0,True,False
Thailand,2025,49,1,304.0,2025-12-01,False,304.0,True,False
Thailand,2025,50,1,266.0,2025-12-08,False,266.0,True,False
Thailand,2025,51,1,239.0,2025-12-15,False,239.0,True,False
Thailand,2025,52,1,175.0,2025-12-22,False,175.0,True,False
Viet Nam,2020,1,1,0.0,2019-12-30,False,0.0,True,True
Viet Nam,2020,2,1,0.0,2020-01-06,False,0.0,True,True
Viet Nam,2020,3,1,0.0,2020-01-13,False,0.0,True,True
Viet Nam,2020,4,1,2.0,2020-01-20,False,2.0,True,False
Viet Nam,2020,5,1,4.0,2020-01-27,False,4.0,True,False
Viet Nam,2020,6,1,7.0,2020-02-03,False,7.0,True,False
Viet Nam,2020,7,1,3.0,2020-02-10,False,3.0,True,False
Viet Nam,2020,8,1,0.0,2020-02-17,False,0.0,True,True
Viet Nam,2020,9,1,0.0,2020-02-24,False,0.0,True,True
Viet Nam,2020,10,1,4.0,2020-03-02,False,4.0,True,False
Viet Nam,2020,11,1,33.0,2020-03-09,False,33.0,True,False
Viet Nam,2020,12,1,41.0,2020-03-16,False,41.0,True,False
Viet Nam,2020,13,1,80.0,2020-03-23,False,80.0,True,False
Viet Nam,2020,14,1,66.0,2020-03-30,False,66.0,True,False
Viet Nam,2020,15,1,18.0,2020-04-06,False,18.0,True,False
Viet Nam,2020,16,1,10.0,2020-04-13,False,10.0,True,False
Viet Nam,2020,17,1,2.0,2020-04-20,False,2.0,True,False
Viet Nam,2020,18,1,0.0,2020-04-27,False,0.0,True,True
Viet Nam,2020,19,1,18.0,2020-05-04,False,18.0,True,False
Viet Nam,2020,20,1,30.0,2020-05-11,False,30.0,True,False
Viet Nam,2020,21,1,7.0,2020-05-18,False,7.0,True,False
Viet Nam,2020,22,1,3.0,2020-05-25,False,3.0,True,False
Viet Nam,2020,23,1,1.0,2020-06-01,False,1.0,True,False
Viet Nam,2020,24,1,5.0,2020-06-08,False,5.0,True,False
Viet Nam,2020,25,1,15.0,2020-06-15,False,15.0,True,False
Viet Nam,2020,26,1,6.0,2020-06-22,False,6.0,True,False
Viet Nam,2020,27,1,0.0,2020-06-29,False,0.0,True,True
Viet Nam,2020,28,1,15.0,2020-07-06,False,15.0,True,False
Viet Nam,2020,29,1,12.0,2020-07-13,False,12.0,True,False
Viet Nam,2020,30,1,36.0,2020-07-20,False,36.0,True,False
Viet Nam,2020,31,1,172.0,2020-07-27,False,172.0,True,False
Viet Nam,2020,32,1,222.0,2020-08-03,False,222.0,True,False
Viet Nam,2020,33,1,139.0,2020-08-10,False,139.0,True,False
Viet Nam,2020,34,1,63.0,2020-08-17,False,63.0,True,False
Viet Nam,2020,35,1,26.0,2020-08-24,False,26.0,True,False
Viet Nam,2020,36,1,9.0,2020-08-31,False,9.0,True,False
Viet Nam,2020,37,1,11.0,2020-09-07,False,11.0,True,False
Viet Nam,2020,38,1,8.0,2020-09-14,False,8.0,True,False
Viet Nam,2020,39,1,1.0,2020-09-21,False,1.0,True,False
Viet Nam,2020,40,1,27.0,2020-09-28,False,27.0,True,False
Viet Nam,2020,41,1,11.0,2020-10-05,False,11.0,True,False
Viet Nam,2020,42,1,19.0,2020-10-12,False,19.0,True,False
Viet Nam,2020,43,1,34.0,2020-10-19,False,34.0,True,False
Viet Nam,2020,44,1,20.0,2020-10-26,False,20.0,True,False
Viet Nam,2020,45,1,33.0,2020-11-02,False,33.0,True,False
Viet Nam,2020,46,1,52.0,2020-11-09,False,52.0,True,False
Viet Nam,2020,47,1,41.0,2020-11-16,False,41.0,True,False
Viet Nam,2020,48,1,35.0,2020-11-23,False,35.0,True,False
Viet Nam,2020,49,1,24.0,2020-11-30,False,24.0,True,False
Viet Nam,2020,50,1,30.0,2020-12-07,False,30.0,True,False
Viet Nam,2020,51,1,16.0,2020-12-14,False,16.0,True,False
Viet Nam,2020,52,1,29.0,2020-12-21,False,29.0,True,False
Viet Nam,2020,53,1,54.0,2020-12-28,False,54.0,True,False
Viet Nam,2021,1,1,20.0,2021-01-04,False,20.0,True,False
Viet Nam,2021,2,1,23.0,2021-01-11,False,23.0,True,False
Viet Nam,2021,3,1,11.0,2021-01-18,False,11.0,True,False
Viet Nam,2021,4,1,271.0,2021-01-25,False,271.0,True,False
Viet Nam,2021,5,1,186.0,2021-02-01,False,186.0,True,False
Viet Nam,2021,6,1,224.0,2021-02-08,False,224.0,True,False
Viet Nam,2021,7,1,154.0,2021-02-15,False,154.0,True,False
Viet Nam,2021,8,1,65.0,2021-02-22,False,65.0,True,False
Viet Nam,2021,9,1,64.0,2021-03-01,False,64.0,True,False
Viet Nam,2021,10,1,42.0,2021-03-08,False,42.0,True,False
Viet Nam,2021,11,1,18.0,2021-03-15,False,18.0,True,False
Viet Nam,2021,12,1,19.0,2021-03-22,False,19.0,True,False
Viet Nam,2021,13,1,40.0,2021-03-29,False,40.0,True,False
Viet Nam,2021,14,1,65.0,2021-04-05,False,65.0,True,False
Viet Nam,2021,15,1,89.0,2021-04-12,False,89.0,True,False
Viet Nam,2021,16,1,61.0,2021-04-19,False,61.0,True,False
Viet Nam,2021,17,1,116.0,2021-04-26,False,116.0,True,False
Viet Nam,2021,18,1,450.0,2021-05-03,False,450.0,True,False
Viet Nam,2021,19,1,800.0,2021-05-10,False,800.0,True,False
Viet Nam,2021,20,1,1063.0,2021-05-17,False,1063.0,True,False
Viet Nam,2021,21,1,1893.0,2021-05-24,False,1893.0,True,False
Viet Nam,2021,22,1,1623.0,2021-05-31,False,1623.0,True,False
Viet Nam,2021,23,1,1839.0,2021-06-07,False,1839.0,True,False
Viet Nam,2021,24,1,2628.0,2021-06-14,False,2628.0,True,False
Viet Nam,2021,25,1,2482.0,2021-06-21,False,2482.0,True,False
Viet Nam,2021,26,1,4521.0,2021-06-28,False,4521.0,True,False
Viet Nam,2021,27,1,10217.0,2021-07-05,False,10217.0,True,False
Viet Nam,2021,28,1,25367.0,2021-07-12,False,25367.0,True,False
Viet Nam,2021,29,1,45328.0,2021-07-19,False,45328.0,True,False
Viet Nam,2021,30,1,56334.0,2021-07-26,False,56334.0,True,False
Viet Nam,2021,31,1,58053.0,2021-08-02,False,58053.0,True,False
Viet Nam,2021,32,1,59484.0,2021-08-09,False,59484.0,True,False
Viet Nam,2021,33,1,73015.0,2021-08-16,False,73015.0,True,False
Viet Nam,2021,34,1,87206.0,2021-08-23,False,87206.0,True,False
Viet Nam,2021,35,1,89042.0,2021-08-30,False,89042.0,True,False
Viet Nam,2021,36,1,89068.0,2021-09-06,False,89068.0,True,False
Viet Nam,2021,37,1,73688.0,2021-09-13,False,73688.0,True,False
Viet Nam,2021,38,1,69626.0,2021-09-20,False,69626.0,True,False
Viet Nam,2021,39,1,51889.0,2021-09-27,False,51889.0,True,False
Viet Nam,2021,40,1,31084.0,2021-10-04,False,31084.0,True,False
Viet Nam,2021,41,1,24391.0,2021-10-11,False,24391.0,True,False
Viet Nam,2021,42,1,24887.0,2021-10-18,False,24887.0,True,False
Viet Nam,2021,43,1,32182.0,2021-10-25,False,32182.0,True,False
Viet Nam,2021,44,1,47562.0,2021-11-01,False,47562.0,True,False
Viet Nam,2021,45,1,57838.0,2021-11-08,False,57838.0,True,False
Viet Nam,2021,46,1,67992.0,2021-11-15,False,67992.0,True,False
Viet Nam,2021,47,1,115826.0,2021-11-22,False,115826.0,True,False
Viet Nam,2021,48,1,98752.0,2021-11-29,False,98752.0,True,False
Viet Nam,2021,49,1,103959.0,2021-12-06,False,103959.0,True,False
Viet Nam,2021,50,1,127427.0,2021-12-13,False,127427.0,True,False
Viet Nam,2021,51,1,111195.0,2021-12-20,False,111195.0,True,False
Viet Nam,2021,52,1,111367.0,2021-12-27,False,111367.0,True,False
Viet Nam,2022,1,1,136535.0,2022-01-03,False,136535.0,True,False
Viet Nam,2022,2,1,123971.0,2022-01-10,False,123971.0,True,False
Viet Nam,2022,3,1,117876.0,2022-01-17,False,117876.0,True,False
Viet Nam,2022,4,1,121631.0,2022-01-24,False,121631.0,True,False
Viet Nam,2022,5,1,78918.0,2022-01-31,False,78918.0,True,False
Viet Nam,2022,6,1,168889.0,2022-02-07,False,168889.0,True,False
Viet Nam,2022,7,1,276633.0,2022-02-14,False,276633.0,True,False
Viet Nam,2022,8,1,533512.0,2022-02-21,False,533512.0,True,False
Viet Nam,2022,9,1,1113695.0,2022-02-28,False,1113695.0,True,False
Viet Nam,2022,10,1,1677948.0,2022-03-07,False,1677948.0,True,False
Viet Nam,2022,11,1,1845400.0,2022-03-14,False,1845400.0,True,False
Viet Nam,2022,12,1,1053425.0,2022-03-21,False,1053425.0,True,False
Viet Nam,2022,13,1,806855.0,2022-03-28,False,806855.0,True,False
Viet Nam,2022,14,1,379908.0,2022-04-04,False,379908.0,True,False
Viet Nam,2022,15,1,234311.0,2022-04-11,False,234311.0,True,False
Viet Nam,2022,16,1,130955.0,2022-04-18,False,130955.0,True,False
Viet Nam,2022,17,1,90024.0,2022-04-25,False,90024.0,True,False
Viet Nam,2022,18,1,22658.0,2022-05-02,False,22658.0,True,False
Viet Nam,2022,19,1,20446.0,2022-05-09,False,20446.0,True,False
Viet Nam,2022,20,1,12257.0,2022-05-16,False,12257.0,True,False
Viet Nam,2022,21,1,8364.0,2022-05-23,False,8364.0,True,False
Viet Nam,2022,22,1,7988.0,2022-05-30,False,7988.0,True,False
Viet Nam,2022,23,1,6573.0,2022-06-06,False,6573.0,True,False
Viet Nam,2022,24,1,5828.0,2022-06-13,False,5828.0,True,False
Viet Nam,2022,25,1,5808.0,2022-06-20,False,5808.0,True,False
Viet Nam,2022,26,1,4679.0,2022-06-27,False,4679.0,True,False
Viet Nam,2022,27,1,6221.0,2022-07-04,False,6221.0,True,False
Viet Nam,2022,28,1,5502.0,2022-07-11,False,5502.0,True,False
Viet Nam,2022,29,1,7350.0,2022-07-18,False,7350.0,True,False
Viet Nam,2022,30,1,7479.0,2022-07-25,False,7479.0,True,False
Viet Nam,2022,31,1,571458.0,2022-08-01,False,571458.0,True,False
Viet Nam,2022,32,1,18218.0,2022-08-08,False,18218.0,True,False
Viet Nam,2022,33,1,17903.0,2022-08-15,False,17903.0,True,False
Viet Nam,2022,34,1,19339.0,2022-08-22,False,19339.0,True,False
Viet Nam,2022,35,1,15906.0,2022-08-29,False,15906.0,True,False
Viet Nam,2022,36,1,20467.0,2022-09-05,False,20467.0,True,False
Viet Nam,2022,37,1,18588.0,2022-09-12,False,18588.0,True,False
Viet Nam,2022,38,1,14782.0,2022-09-19,False,14782.0,True,False
Viet Nam,2022,39,1,8688.0,2022-09-26,False,8688.0,True,False
Viet Nam,2022,40,1,5333.0,2022-10-03,False,5333.0,True,False
Viet Nam,2022,41,1,6912.0,2022-10-10,False,6912.0,True,False
Viet Nam,2022,42,1,4556.0,2022-10-17,False,4556.0,True,False
Viet Nam,2022,43,1,5340.0,2022-10-24,False,5340.0,True,False
Viet Nam,2022,44,1,3439.0,2022-10-31,False,3439.0,True,False
Viet Nam,2022,45,1,2839.0,2022-11-07,False,2839.0,True,False
Viet Nam,2022,46,1,2731.0,2022-11-14,False,2731.0,True,False
Viet Nam,2022,47,1,2996.0,2022-11-21,False,2996.0,True,False
Viet Nam,2022,48,1,3343.0,2022-11-28,False,3343.0,True,False
Viet Nam,2022,49,1,2928.0,2022-12-05,False,2928.0,True,False
Viet Nam,2022,50,1,2305.0,2022-12-12,False,2305.0,True,False
Viet Nam,2022,51,1,1452.0,2022-12-19,False,1452.0,True,False
Viet Nam,2022,52,1,1029.0,2022-12-26,False,1029.0,True,False
Viet Nam,2023,1,1,480.0,2023-01-02,False,480.0,True,False
Viet Nam,2023,2,1,407.0,2023-01-09,False,407.0,True,False
Viet Nam,2023,3,1,200.0,2023-01-16,False,200.0,True,False
Viet Nam,2023,4,1,77.0,2023-01-23,False,77.0,True,False
Viet Nam,2023,5,1,171.0,2023-01-30,False,171.0,True,False
Viet Nam,2023,6,1,85.0,2023-02-06,False,85.0,True,False
Viet Nam,2023,7,1,155.0,2023-02-13,False,155.0,True,False
Viet Nam,2023,8,1,85.0,2023-02-20,False,85.0,True,False
Viet Nam,2023,9,1,59.0,2023-02-27,False,59.0,True,False
Viet Nam,2023,10,1,83.0,2023-03-06,False,83.0,True,False
Viet Nam,2023,11,1,83.0,2023-03-13,False,83.0,True,False
Viet Nam,2023,12,1,87.0,2023-03-20,False,87.0,True,False
Viet Nam,2023,13,1,113.0,2023-03-27,False,113.0,True,False
Viet Nam,2023,14,1,385.0,2023-04-03,False,385.0,True,False
Viet Nam,2023,15,1,2655.0,2023-04-10,False,2655.0,True,False
Viet Nam,2023,16,1,12704.0,2023-04-17,False,12704.0,True,False
Viet Nam,2023,17,1,16802.0,2023-04-24,False,16802.0,True,False
Viet Nam,2023,18,1,14069.0,2023-05-01,False,14069.0,True,False
Viet Nam,2023,19,1,15636.0,2023-05-08,False,15636.0,True,False
Viet Nam,2023,20,1,12192.0,2023-05-15,False,12192.0,True,False
Viet Nam,2023,21,1,7778.0,2023-05-22,False,7778.0,True,False
Viet Nam,2023,22,1,5046.0,2023-05-29,False,5046.0,True,False
Viet Nam,2023,23,1,2914.0,2023-06-05,False,2914.0,True,False
Viet Nam,2023,24,1,1770.0,2023-06-12,False,1770.0,True,False
Viet Nam,2023,25,1,780.0,2023-06-19,False,780.0,True,False
Viet Nam,2023,26,1,549.0,2023-06-26,False,549.0,True,False
Viet Nam,2023,27,1,437.0,2023-07-03,False,437.0,True,False
Viet Nam,2023,28,1,287.0,2023-07-10,False,287.0,True,False
Viet Nam,2023,29,1,279.0,2023-07-17,False,279.0,True,False
Viet Nam,2023,30,1,199.0,2023-07-24,False,199.0,True,False
Viet Nam,2023,31,1,180.0,2023-07-31,False,180.0,True,False
Viet Nam,2023,32,1,226.0,2023-08-07,False,226.0,True,False
Viet Nam,2023,33,1,200.0,2023-08-14,False,200.0,True,False
Viet Nam,2023,34,1,279.0,2023-08-21,False,279.0,True,False
Viet Nam,2023,35,1,229.0,2023-08-28,False,229.0,True,False
Viet Nam,2023,36,1,270.0,2023-09-04,False,270.0,True,False
Viet Nam,2023,37,1,190.0,2023-09-11,False,190.0,True,False
Viet Nam,2023,38,1,199.0,2023-09-18,False,199.0,True,False
Viet Nam,2023,39,1,127.0,2023-09-25,False,127.0,True,False
Viet Nam,2023,40,1,147.0,2023-10-02,False,147.0,True,False
Viet Nam,2023,41,1,142.0,2023-10-09,False,142.0,True,False
Viet Nam,2023,42,1,13.0,2023-10-16,False,13.0,True,False
Viet Nam,2023,43,1,0.0,2023-10-23,False,0.0,True,True
Viet Nam,2023,44,1,0.0,2023-10-30,False,0.0,True,True
Viet Nam,2023,45,1,0.0,2023-11-06,False,0.0,True,True
Viet Nam,2023,46,1,0.0,2023-11-13,False,0.0,True,True
Viet Nam,2023,47,1,0.0,2023-11-20,False,0.0,True,True
Viet Nam,2023,48,1,0.0,2023-11-27,False,0.0,True,True
Viet Nam,2023,49,1,,2023-12-04,False,,False,False
Viet Nam,2023,50,1,,2023-12-11,False,,False,False
Viet Nam,2023,51,1,,2023-12-18,False,,False,False
Viet Nam,2023,52,1,,2023-12-25,False,,False,False
