country,ISO_YEAR,ISO_WEEK,flunet_source_rows,influenza_positive,influenza_tested,rsv_positive,rsv_tested,influenza_source_qc_problem,rsv_source_qc_problem,influenza_eligible,rsv_eligible,influenza_denominator_valid,rsv_denominator_valid,influenza_positivity,rsv_positivity,covid_raw_rows,sarscov2_cases,negative_revision,sarscov2_cases_original,case_value_present,zero_case_week,week_start,influenza_eligible_study,rsv_eligible_study,covid_eligible,influenza_rsv_eligible,influenza_covid_eligible,three_pathogen_eligible,influenza_observed,rsv_observed,sarscov2_observed,influenza_rsv_observed,three_pathogen_observed
Singapore,2007,1,1.0,6.0,160.0,,,False,False,True,False,True,False,0.0375,,,,,,,,2007-01-01,True,False,False,False,False,False,True,False,False,False,False
Singapore,2007,2,1.0,7.0,184.0,,,False,False,True,False,True,False,0.0380434782608695,,,,,,,,2007-01-08,True,False,False,False,False,False,True,False,False,False,False
Singapore,2007,3,1.0,9.0,237.0,,,False,False,True,False,True,False,0.0379746835443038,,,,,,,,2007-01-15,True,False,False,False,False,False,True,False,False,False,False
Singapore,2007,4,1.0,16.0,277.0,,,False,False,True,False,True,False,0.0577617328519855,,,,,,,,2007-01-22,True,False,False,False,False,False,True,False,False,False,False
Singapore,2007,5,1.0,13.0,305.0,,,False,False,True,False,True,False,0.0426229508196721,,,,,,,,2007-01-29,True,False,False,False,False,False,True,False,False,False,False
Singapore,2007,6,1.0,14.0,285.0,,,False,False,True,False,True,False,0.0491228070175438,,,,,,,,2007-02-05,True,False,False,False,False,False,True,False,False,False,False
Singapore,2007,7,1.0,7.0,248.0,,,False,False,True,False,True,False,0.0282258064516129,,,,,,,,2007-02-12,True,False,False,False,False,False,True,False,False,False,False
Singapore,2007,8,1.0,13.0,273.0,,,False,False,True,False,True,False,0.0476190476190476,,,,,,,,2007-02-19,True,False,False,False,False,False,True,False,False,False,False
Singapore,2007,9,1.0,9.0,300.0,,,False,False,True,False,True,False,0.03,,,,,,,,2007-02-26,True,False,False,False,False,False,True,False,False,False,False
Singapore,2007,10,1.0,8.0,293.0,,,False,False,True,False,True,False,0.0273037542662116,,,,,,,,2007-03-05,True,False,False,False,False,False,True,False,False,False,False
Singapore,2007,11,1.0,6.0,265.0,,,False,False,True,False,True,False,0.0226415094339622,,,,,,,,2007-03-12,True,False,False,False,False,False,True,False,False,False,False
Singapore,2007,12,1.0,6.0,275.0,,,False,False,True,False,True,False,0.0218181818181818,,,,,,,,2007-03-19,True,False,False,False,False,False,True,False,False,False,False
Singapore,2007,13,1.0,9.0,263.0,,,False,False,True,False,True,False,0.0342205323193916,,,,,,,,2007-03-26,True,False,False,False,False,False,True,False,False,False,False
Singapore,2007,14,1.0,7.0,269.0,,,False,False,True,False,True,False,0.0260223048327137,,,,,,,,2007-04-02,True,False,False,False,False,False,True,False,False,False,False
Singapore,2007,15,1.0,8.0,278.0,,,False,False,True,False,True,False,0.0287769784172661,,,,,,,,2007-04-09,True,False,False,False,False,False,True,False,False,False,False
Singapore,2007,16,1.0,17.0,309.0,,,False,False,True,False,True,False,0.0550161812297734,,,,,,,,2007-04-16,True,False,False,False,False,False,True,False,False,False,False
Singapore,2007,17,1.0,9.0,297.0,,,False,False,True,False,True,False,0.0303030303030303,,,,,,,,2007-04-23,True,False,False,False,False,False,True,False,False,False,False
Singapore,2007,18,1.0,13.0,261.0,,,False,False,True,False,True,False,0.0498084291187739,,,,,,,,2007-04-30,True,False,False,False,False,False,True,False,False,False,False
Singapore,2007,19,1.0,14.0,308.0,,,False,False,True,False,True,False,0.0454545454545454,,,,,,,,2007-05-07,True,False,False,False,False,False,True,False,False,False,False
Singapore,2007,20,1.0,11.0,349.0,,,False,False,True,False,True,False,0.0315186246418338,,,,,,,,2007-05-14,True,False,False,False,False,False,True,False,False,False,False
Singapore,2007,21,1.0,12.0,337.0,,,False,False,True,False,True,False,0.0356083086053412,,,,,,,,2007-05-21,True,False,False,False,False,False,True,False,False,False,False
Singapore,2007,22,1.0,4.0,298.0,,,False,False,True,False,True,False,0.0134228187919463,,,,,,,,2007-05-28,True,False,False,False,False,False,True,False,False,False,False
Singapore,2007,23,1.0,8.0,293.0,,,False,False,True,False,True,False,0.0273037542662116,,,,,,,,2007-06-04,True,False,False,False,False,False,True,False,False,False,False
Singapore,2007,24,1.0,4.0,231.0,,,False,False,True,False,True,False,0.0173160173160173,,,,,,,,2007-06-11,True,False,False,False,False,False,True,False,False,False,False
Singapore,2007,25,1.0,7.0,264.0,,,False,False,True,False,True,False,0.0265151515151515,,,,,,,,2007-06-18,True,False,False,False,False,False,True,False,False,False,False
Singapore,2007,26,1.0,9.0,256.0,,,False,False,True,False,True,False,0.03515625,,,,,,,,2007-06-25,True,False,False,False,False,False,True,False,False,False,False
Singapore,2007,27,1.0,6.0,225.0,,,False,False,True,False,True,False,0.0266666666666666,,,,,,,,2007-07-02,True,False,False,False,False,False,True,False,False,False,False
Singapore,2007,28,1.0,7.0,209.0,,,False,False,True,False,True,False,0.0334928229665071,,,,,,,,2007-07-09,True,False,False,False,False,False,True,False,False,False,False
Singapore,2007,29,1.0,4.0,185.0,,,False,False,True,False,True,False,0.0216216216216216,,,,,,,,2007-07-16,True,False,False,False,False,False,True,False,False,False,False
Singapore,2007,30,1.0,6.0,233.0,,,False,False,True,False,True,False,0.0257510729613733,,,,,,,,2007-07-23,True,False,False,False,False,False,True,False,False,False,False
Singapore,2007,31,1.0,3.0,230.0,,,False,False,True,False,True,False,0.0130434782608695,,,,,,,,2007-07-30,True,False,False,False,False,False,True,False,False,False,False
Singapore,2007,32,1.0,3.0,237.0,,,False,False,True,False,True,False,0.0126582278481012,,,,,,,,2007-08-06,True,False,False,False,False,False,True,False,False,False,False
Singapore,2007,33,1.0,4.0,227.0,,,False,False,True,False,True,False,0.0176211453744493,,,,,,,,2007-08-13,True,False,False,False,False,False,True,False,False,False,False
Singapore,2007,34,1.0,2.0,210.0,,,False,False,True,False,True,False,0.0095238095238095,,,,,,,,2007-08-20,True,False,False,False,False,False,True,False,False,False,False
Singapore,2007,35,1.0,2.0,225.0,,,False,False,True,False,True,False,0.0088888888888888,,,,,,,,2007-08-27,True,False,False,False,False,False,True,False,False,False,False
Singapore,2007,36,1.0,1.0,232.0,,,False,False,True,False,True,False,0.0043103448275862,,,,,,,,2007-09-03,True,False,False,False,False,False,True,False,False,False,False
Singapore,2007,37,1.0,7.0,234.0,,,False,False,True,False,True,False,0.0299145299145299,,,,,,,,2007-09-10,True,False,False,False,False,False,True,False,False,False,False
Singapore,2007,38,1.0,3.0,257.0,,,False,False,True,False,True,False,0.0116731517509727,,,,,,,,2007-09-17,True,False,False,False,False,False,True,False,False,False,False
Singapore,2007,39,1.0,2.0,259.0,,,False,False,True,False,True,False,0.0077220077220077,,,,,,,,2007-09-24,True,False,False,False,False,False,True,False,False,False,False
Singapore,2007,40,1.0,1.0,279.0,,,False,False,True,False,True,False,0.003584229390681,,,,,,,,2007-10-01,True,False,False,False,False,False,True,False,False,False,False
Singapore,2007,41,1.0,3.0,250.0,,,False,False,True,False,True,False,0.012,,,,,,,,2007-10-08,True,False,False,False,False,False,True,False,False,False,False
Singapore,2007,42,1.0,1.0,206.0,,,False,False,True,False,True,False,0.0048543689320388,,,,,,,,2007-10-15,True,False,False,False,False,False,True,False,False,False,False
Singapore,2007,43,1.0,0.0,230.0,,,False,False,True,False,True,False,0.0,,,,,,,,2007-10-22,True,False,False,False,False,False,True,False,False,False,False
Singapore,2007,44,1.0,4.0,238.0,,,False,False,True,False,True,False,0.0168067226890756,,,,,,,,2007-10-29,True,False,False,False,False,False,True,False,False,False,False
Singapore,2007,45,1.0,5.0,273.0,,,False,False,True,False,True,False,0.0183150183150183,,,,,,,,2007-11-05,True,False,False,False,False,False,True,False,False,False,False
Singapore,2007,46,1.0,2.0,273.0,,,False,False,True,False,True,False,0.0073260073260073,,,,,,,,2007-11-12,True,False,False,False,False,False,True,False,False,False,False
Singapore,2007,47,1.0,2.0,276.0,,,False,False,True,False,True,False,0.0072463768115942,,,,,,,,2007-11-19,True,False,False,False,False,False,True,False,False,False,False
Singapore,2007,48,1.0,3.0,264.0,,,False,False,True,False,True,False,0.0113636363636363,,,,,,,,2007-11-26,True,False,False,False,False,False,True,False,False,False,False
Singapore,2007,49,1.0,1.0,255.0,,,False,False,True,False,True,False,0.0039215686274509,,,,,,,,2007-12-03,True,False,False,False,False,False,True,False,False,False,False
Singapore,2007,50,1.0,0.0,217.0,,,False,False,True,False,True,False,0.0,,,,,,,,2007-12-10,True,False,False,False,False,False,True,False,False,False,False
Singapore,2007,51,1.0,2.0,230.0,,,False,False,True,False,True,False,0.008695652173913,,,,,,,,2007-12-17,True,False,False,False,False,False,True,False,False,False,False
Singapore,2007,52,1.0,6.0,216.0,,,False,False,True,False,True,False,0.0277777777777777,,,,,,,,2007-12-24,True,False,False,False,False,False,True,False,False,False,False
Singapore,2008,1,1.0,18.0,229.0,,,False,False,True,False,True,False,0.0786026200873362,,,,,,,,2007-12-31,True,False,False,False,False,False,True,False,False,False,False
Singapore,2008,2,1.0,22.0,248.0,,,False,False,True,False,True,False,0.0887096774193548,,,,,,,,2008-01-07,True,False,False,False,False,False,True,False,False,False,False
Singapore,2008,3,1.0,35.0,307.0,,,False,False,True,False,True,False,0.1140065146579804,,,,,,,,2008-01-14,True,False,False,False,False,False,True,False,False,False,False
Singapore,2008,4,1.0,30.0,338.0,,,False,False,True,False,True,False,0.0887573964497041,,,,,,,,2008-01-21,True,False,False,False,False,False,True,False,False,False,False
Singapore,2008,5,1.0,22.0,329.0,,,False,False,True,False,True,False,0.0668693009118541,,,,,,,,2008-01-28,True,False,False,False,False,False,True,False,False,False,False
Singapore,2008,6,1.0,20.0,254.0,,,False,False,True,False,True,False,0.0787401574803149,,,,,,,,2008-02-04,True,False,False,False,False,False,True,False,False,False,False
Singapore,2008,7,1.0,31.0,348.0,,,False,False,True,False,True,False,0.0890804597701149,,,,,,,,2008-02-11,True,False,False,False,False,False,True,False,False,False,False
Singapore,2008,8,1.0,26.0,305.0,,,False,False,True,False,True,False,0.0852459016393442,,,,,,,,2008-02-18,True,False,False,False,False,False,True,False,False,False,False
Singapore,2008,9,1.0,26.0,350.0,,,False,False,True,False,True,False,0.0742857142857142,,,,,,,,2008-02-25,True,False,False,False,False,False,True,False,False,False,False
Singapore,2008,10,1.0,27.0,360.0,,,False,False,True,False,True,False,0.075,,,,,,,,2008-03-03,True,False,False,False,False,False,True,False,False,False,False
Singapore,2008,11,1.0,30.0,363.0,,,False,False,True,False,True,False,0.0826446280991735,,,,,,,,2008-03-10,True,False,False,False,False,False,True,False,False,False,False
Singapore,2008,12,1.0,41.0,388.0,,,False,False,True,False,True,False,0.1056701030927835,,,,,,,,2008-03-17,True,False,False,False,False,False,True,False,False,False,False
Singapore,2008,13,1.0,45.0,391.0,,,False,False,True,False,True,False,0.1150895140664961,,,,,,,,2008-03-24,True,False,False,False,False,False,True,False,False,False,False
Singapore,2008,14,1.0,46.0,448.0,,,False,False,True,False,True,False,0.1026785714285714,,,,,,,,2008-03-31,True,False,False,False,False,False,True,False,False,False,False
Singapore,2008,15,1.0,30.0,415.0,,,False,False,True,False,True,False,0.072289156626506,,,,,,,,2008-04-07,True,False,False,False,False,False,True,False,False,False,False
Singapore,2008,16,1.0,57.0,442.0,,,False,False,True,False,True,False,0.1289592760180995,,,,,,,,2008-04-14,True,False,False,False,False,False,True,False,False,False,False
Singapore,2008,17,1.0,65.0,479.0,,,False,False,True,False,True,False,0.1356993736951983,,,,,,,,2008-04-21,True,False,False,False,False,False,True,False,False,False,False
Singapore,2008,18,1.0,46.0,404.0,,,False,False,True,False,True,False,0.1138613861386138,,,,,,,,2008-04-28,True,False,False,False,False,False,True,False,False,False,False
Singapore,2008,19,1.0,123.0,506.0,,,False,False,True,False,True,False,0.2430830039525691,,,,,,,,2008-05-05,True,False,False,False,False,False,True,False,False,False,False
Singapore,2008,20,1.0,71.0,384.0,,,False,False,True,False,True,False,0.1848958333333333,,,,,,,,2008-05-12,True,False,False,False,False,False,True,False,False,False,False
Singapore,2008,21,1.0,71.0,374.0,,,False,False,True,False,True,False,0.1898395721925133,,,,,,,,2008-05-19,True,False,False,False,False,False,True,False,False,False,False
Singapore,2008,22,1.0,40.0,398.0,,,False,False,True,False,True,False,0.100502512562814,,,,,,,,2008-05-26,True,False,False,False,False,False,True,False,False,False,False
Singapore,2008,23,1.0,26.0,292.0,,,False,False,True,False,True,False,0.0890410958904109,,,,,,,,2008-06-02,True,False,False,False,False,False,True,False,False,False,False
Singapore,2008,24,1.0,43.0,326.0,,,False,False,True,False,True,False,0.1319018404907975,,,,,,,,2008-06-09,True,False,False,False,False,False,True,False,False,False,False
Singapore,2008,25,1.0,24.0,324.0,,,False,False,True,False,True,False,0.074074074074074,,,,,,,,2008-06-16,True,False,False,False,False,False,True,False,False,False,False
Singapore,2008,26,1.0,34.0,346.0,,,False,False,True,False,True,False,0.0982658959537572,,,,,,,,2008-06-23,True,False,False,False,False,False,True,False,False,False,False
Singapore,2008,27,1.0,16.0,280.0,,,False,False,True,False,True,False,0.0571428571428571,,,,,,,,2008-06-30,True,False,False,False,False,False,True,False,False,False,False
Singapore,2008,28,1.0,32.0,375.0,,,False,False,True,False,True,False,0.0853333333333333,,,,,,,,2008-07-07,True,False,False,False,False,False,True,False,False,False,False
Singapore,2008,29,1.0,31.0,307.0,,,False,False,True,False,True,False,0.1009771986970684,,,,,,,,2008-07-14,True,False,False,False,False,False,True,False,False,False,False
Singapore,2008,30,1.0,11.0,292.0,,,False,False,True,False,True,False,0.0376712328767123,,,,,,,,2008-07-21,True,False,False,False,False,False,True,False,False,False,False
Singapore,2008,31,1.0,22.0,345.0,,,False,False,True,False,True,False,0.0637681159420289,,,,,,,,2008-07-28,True,False,False,False,False,False,True,False,False,False,False
Singapore,2008,32,1.0,19.0,231.0,,,False,False,True,False,True,False,0.0822510822510822,,,,,,,,2008-08-04,True,False,False,False,False,False,True,False,False,False,False
Singapore,2008,33,1.0,16.0,301.0,,,False,False,True,False,True,False,0.0531561461794019,,,,,,,,2008-08-11,True,False,False,False,False,False,True,False,False,False,False
Singapore,2008,34,1.0,16.0,321.0,,,False,False,True,False,True,False,0.0498442367601246,,,,,,,,2008-08-18,True,False,False,False,False,False,True,False,False,False,False
Singapore,2008,35,1.0,10.0,292.0,,,False,False,True,False,True,False,0.0342465753424657,,,,,,,,2008-08-25,True,False,False,False,False,False,True,False,False,False,False
Singapore,2008,36,1.0,31.0,308.0,,,False,False,True,False,True,False,0.1006493506493506,,,,,,,,2008-09-01,True,False,False,False,False,False,True,False,False,False,False
Singapore,2008,37,1.0,22.0,288.0,,,False,False,True,False,True,False,0.0763888888888889,,,,,,,,2008-09-08,True,False,False,False,False,False,True,False,False,False,False
Singapore,2008,38,1.0,19.0,354.0,,,False,False,True,False,True,False,0.0536723163841807,,,,,,,,2008-09-15,True,False,False,False,False,False,True,False,False,False,False
Singapore,2008,39,1.0,19.0,328.0,,,False,False,True,False,True,False,0.0579268292682926,,,,,,,,2008-09-22,True,False,False,False,False,False,True,False,False,False,False
Singapore,2008,40,1.0,12.0,276.0,,,False,False,True,False,True,False,0.0434782608695652,,,,,,,,2008-09-29,True,False,False,False,False,False,True,False,False,False,False
Singapore,2008,41,1.0,23.0,292.0,,,False,False,True,False,True,False,0.0787671232876712,,,,,,,,2008-10-06,True,False,False,False,False,False,True,False,False,False,False
Singapore,2008,42,1.0,5.0,295.0,,,False,False,True,False,True,False,0.0169491525423728,,,,,,,,2008-10-13,True,False,False,False,False,False,True,False,False,False,False
Singapore,2008,43,1.0,27.0,329.0,,,False,False,True,False,True,False,0.0820668693009118,,,,,,,,2008-10-20,True,False,False,False,False,False,True,False,False,False,False
Singapore,2008,44,1.0,23.0,331.0,,,False,False,True,False,True,False,0.0694864048338368,,,,,,,,2008-10-27,True,False,False,False,False,False,True,False,False,False,False
Singapore,2008,45,1.0,31.0,303.0,,,False,False,True,False,True,False,0.1023102310231023,,,,,,,,2008-11-03,True,False,False,False,False,False,True,False,False,False,False
Singapore,2008,46,2.0,21.0,42.0,,,False,False,True,False,True,False,0.5,,,,,,,,2008-11-10,True,False,False,False,False,False,True,False,False,False,False
Singapore,2008,47,2.0,8.0,21.0,,,False,False,True,False,True,False,0.3809523809523809,,,,,,,,2008-11-17,True,False,False,False,False,False,True,False,False,False,False
Singapore,2008,48,2.0,11.0,27.0,,,False,False,True,False,True,False,0.4074074074074074,,,,,,,,2008-11-24,True,False,False,False,False,False,True,False,False,False,False
Singapore,2008,49,2.0,14.0,29.0,,,False,False,True,False,True,False,0.4827586206896552,,,,,,,,2008-12-01,True,False,False,False,False,False,True,False,False,False,False
Singapore,2008,50,2.0,7.0,29.0,,,False,False,True,False,True,False,0.2413793103448276,,,,,,,,2008-12-08,True,False,False,False,False,False,True,False,False,False,False
Singapore,2008,51,2.0,28.0,30.0,,,False,False,True,False,True,False,0.9333333333333332,,,,,,,,2008-12-15,True,False,False,False,False,False,True,False,False,False,False
Singapore,2008,52,2.0,2.0,19.0,,,False,False,True,False,True,False,0.1052631578947368,,,,,,,,2008-12-22,True,False,False,False,False,False,True,False,False,False,False
Singapore,2009,1,2.0,11.0,31.0,,,False,False,True,False,True,False,0.3548387096774194,,,,,,,,2008-12-29,True,False,False,False,False,False,True,False,False,False,False
Singapore,2009,2,2.0,9.0,57.0,,,False,False,True,False,True,False,0.1578947368421052,,,,,,,,2009-01-05,True,False,False,False,False,False,True,False,False,False,False
Singapore,2009,3,1.0,2.0,35.0,,,False,False,True,False,True,False,0.0571428571428571,,,,,,,,2009-01-12,True,False,False,False,False,False,True,False,False,False,False
Singapore,2009,4,2.0,7.0,46.0,,,False,False,True,False,True,False,0.1521739130434782,,,,,,,,2009-01-19,True,False,False,False,False,False,True,False,False,False,False
Singapore,2009,5,2.0,1.0,31.0,,,False,False,True,False,True,False,0.032258064516129,,,,,,,,2009-01-26,True,False,False,False,False,False,True,False,False,False,False
Singapore,2009,6,2.0,5.0,58.0,,,False,False,True,False,True,False,0.0862068965517241,,,,,,,,2009-02-02,True,False,False,False,False,False,True,False,False,False,False
Singapore,2009,7,2.0,11.0,52.0,,,False,False,True,False,True,False,0.2115384615384615,,,,,,,,2009-02-09,True,False,False,False,False,False,True,False,False,False,False
Singapore,2009,8,2.0,13.0,62.0,,,False,False,True,False,True,False,0.2096774193548387,,,,,,,,2009-02-16,True,False,False,False,False,False,True,False,False,False,False
Singapore,2009,9,2.0,15.0,65.0,,,False,False,True,False,True,False,0.2307692307692307,,,,,,,,2009-02-23,True,False,False,False,False,False,True,False,False,False,False
Singapore,2009,10,2.0,14.0,69.0,,,False,False,True,False,True,False,0.2028985507246377,,,,,,,,2009-03-02,True,False,False,False,False,False,True,False,False,False,False
Singapore,2009,11,2.0,19.0,81.0,,,False,False,True,False,True,False,0.2345679012345679,,,,,,,,2009-03-09,True,False,False,False,False,False,True,False,False,False,False
Singapore,2009,12,2.0,21.0,69.0,,,False,False,True,False,True,False,0.3043478260869565,,,,,,,,2009-03-16,True,False,False,False,False,False,True,False,False,False,False
Singapore,2009,13,2.0,29.0,82.0,,,False,False,True,False,True,False,0.3536585365853658,,,,,,,,2009-03-23,True,False,False,False,False,False,True,False,False,False,False
Singapore,2009,14,2.0,19.0,67.0,,,False,False,True,False,True,False,0.2835820895522388,,,,,,,,2009-03-30,True,False,False,False,False,False,True,False,False,False,False
Singapore,2009,15,2.0,16.0,63.0,,,False,False,True,False,True,False,0.2539682539682539,,,,,,,,2009-04-06,True,False,False,False,False,False,True,False,False,False,False
Singapore,2009,16,2.0,15.0,81.0,,,False,False,True,False,True,False,0.1851851851851851,,,,,,,,2009-04-13,True,False,False,False,False,False,True,False,False,False,False
Singapore,2009,17,2.0,40.0,92.0,,,False,False,True,False,True,False,0.4347826086956521,,,,,,,,2009-04-20,True,False,False,False,False,False,True,False,False,False,False
Singapore,2009,18,2.0,187.0,422.0,,,False,False,True,False,True,False,0.4431279620853081,,,,,,,,2009-04-27,True,False,False,False,False,False,True,False,False,False,False
Singapore,2009,19,2.0,122.0,268.0,,,False,False,True,False,True,False,0.4552238805970149,,,,,,,,2009-05-04,True,False,False,False,False,False,True,False,False,False,False
Singapore,2009,20,2.0,124.0,254.0,,,False,False,True,False,True,False,0.4881889763779528,,,,,,,,2009-05-11,True,False,False,False,False,False,True,False,False,False,False
Singapore,2009,21,2.0,112.0,265.0,,,False,False,True,False,True,False,0.4226415094339623,,,,,,,,2009-05-18,True,False,False,False,False,False,True,False,False,False,False
Singapore,2009,22,2.0,91.0,264.0,,,False,False,True,False,True,False,0.3446969696969697,,,,,,,,2009-05-25,True,False,False,False,False,False,True,False,False,False,False
Singapore,2009,23,2.0,80.0,295.0,,,False,False,True,False,True,False,0.2711864406779661,,,,,,,,2009-06-01,True,False,False,False,False,False,True,False,False,False,False
Singapore,2009,24,2.0,51.0,345.0,,,False,False,True,False,True,False,0.1478260869565217,,,,,,,,2009-06-08,True,False,False,False,False,False,True,False,False,False,False
Singapore,2009,25,2.0,111.0,457.0,,,False,False,True,False,True,False,0.2428884026258205,,,,,,,,2009-06-15,True,False,False,False,False,False,True,False,False,False,False
Singapore,2009,26,2.0,236.0,1418.0,,,False,False,True,False,True,False,0.1664315937940761,,,,,,,,2009-06-22,True,False,False,False,False,False,True,False,False,False,False
Singapore,2009,27,2.0,323.0,1599.0,,,False,False,True,False,True,False,0.2020012507817385,,,,,,,,2009-06-29,True,False,False,False,False,False,True,False,False,False,False
Singapore,2009,28,2.0,485.0,1245.0,,,False,False,True,False,True,False,0.3895582329317269,,,,,,,,2009-07-06,True,False,False,False,False,False,True,False,False,False,False
Singapore,2009,29,2.0,600.0,1160.0,,,False,False,True,False,True,False,0.5172413793103449,,,,,,,,2009-07-13,True,False,False,False,False,False,True,False,False,False,False
Singapore,2009,30,2.0,642.0,1326.0,,,False,False,True,False,True,False,0.4841628959276018,,,,,,,,2009-07-20,True,False,False,False,False,False,True,False,False,False,False
Singapore,2009,31,2.0,662.0,1285.0,,,False,False,True,False,True,False,0.5151750972762645,,,,,,,,2009-07-27,True,False,False,False,False,False,True,False,False,False,False
Singapore,2009,32,2.0,674.0,1210.0,,,False,False,True,False,True,False,0.5570247933884298,,,,,,,,2009-08-03,True,False,False,False,False,False,True,False,False,False,False
Singapore,2009,33,2.0,427.0,821.0,,,False,False,True,False,True,False,0.5200974421437271,,,,,,,,2009-08-10,True,False,False,False,False,False,True,False,False,False,False
Singapore,2009,34,2.0,381.0,956.0,,,False,False,True,False,True,False,0.3985355648535565,,,,,,,,2009-08-17,True,False,False,False,False,False,True,False,False,False,False
Singapore,2009,35,2.0,296.0,666.0,,,False,False,True,False,True,False,0.4444444444444444,,,,,,,,2009-08-24,True,False,False,False,False,False,True,False,False,False,False
Singapore,2009,36,2.0,265.0,639.0,,,False,False,True,False,True,False,0.4147104851330203,,,,,,,,2009-08-31,True,False,False,False,False,False,True,False,False,False,False
Singapore,2009,37,2.0,198.0,535.0,,,False,False,True,False,True,False,0.3700934579439252,,,,,,,,2009-09-07,True,False,False,False,False,False,True,False,False,False,False
Singapore,2009,38,1.0,0.0,47.0,,,False,False,True,False,True,False,0.0,,,,,,,,2009-09-14,True,False,False,False,False,False,True,False,False,False,False
Singapore,2009,39,1.0,0.0,21.0,,,False,False,True,False,True,False,0.0,,,,,,,,2009-09-21,True,False,False,False,False,False,True,False,False,False,False
Singapore,2009,40,1.0,2.0,37.0,,,False,False,True,False,True,False,0.054054054054054,,,,,,,,2009-09-28,True,False,False,False,False,False,True,False,False,False,False
Singapore,2009,41,1.0,2.0,96.0,,,False,False,True,False,True,False,0.0208333333333333,,,,,,,,2009-10-05,True,False,False,False,False,False,True,False,False,False,False
Singapore,2009,42,1.0,1.0,61.0,,,False,False,True,False,True,False,0.0163934426229508,,,,,,,,2009-10-12,True,False,False,False,False,False,True,False,False,False,False
Singapore,2009,43,1.0,0.0,72.0,,,False,False,True,False,True,False,0.0,,,,,,,,2009-10-19,True,False,False,False,False,False,True,False,False,False,False
Singapore,2009,44,1.0,0.0,59.0,,,False,False,True,False,True,False,0.0,,,,,,,,2009-10-26,True,False,False,False,False,False,True,False,False,False,False
Singapore,2009,45,1.0,0.0,58.0,,,False,False,True,False,True,False,0.0,,,,,,,,2009-11-02,True,False,False,False,False,False,True,False,False,False,False
Singapore,2009,46,1.0,1.0,39.0,,,False,False,True,False,True,False,0.0256410256410256,,,,,,,,2009-11-09,True,False,False,False,False,False,True,False,False,False,False
Singapore,2009,47,1.0,2.0,76.0,,,False,False,True,False,True,False,0.0263157894736842,,,,,,,,2009-11-16,True,False,False,False,False,False,True,False,False,False,False
Singapore,2010,1,1.0,94.0,179.0,,,False,False,True,False,True,False,0.5251396648044693,,,,,,,,2010-01-04,True,False,False,False,False,False,True,False,False,False,False
Singapore,2010,2,1.0,184.0,359.0,,,False,False,True,False,True,False,0.5125348189415042,,,,,,,,2010-01-11,True,False,False,False,False,False,True,False,False,False,False
Singapore,2010,3,1.0,89.0,225.0,,,False,False,True,False,True,False,0.3955555555555555,,,,,,,,2010-01-18,True,False,False,False,False,False,True,False,False,False,False
Singapore,2010,4,1.0,87.0,208.0,,,False,False,True,False,True,False,0.4182692307692308,,,,,,,,2010-01-25,True,False,False,False,False,False,True,False,False,False,False
Singapore,2010,5,1.0,63.0,161.0,,,False,False,True,False,True,False,0.391304347826087,,,,,,,,2010-02-01,True,False,False,False,False,False,True,False,False,False,False
Singapore,2010,6,1.0,45.0,118.0,,,False,False,True,False,True,False,0.3813559322033898,,,,,,,,2010-02-08,True,False,False,False,False,False,True,False,False,False,False
Singapore,2010,7,1.0,9.0,35.0,,,False,False,True,False,True,False,0.2571428571428571,,,,,,,,2010-02-15,True,False,False,False,False,False,True,False,False,False,False
Singapore,2010,8,1.0,18.0,90.0,,,False,False,True,False,True,False,0.2,,,,,,,,2010-02-22,True,False,False,False,False,False,True,False,False,False,False
Singapore,2010,9,1.0,15.0,60.0,,,False,False,True,False,True,False,0.25,,,,,,,,2010-03-01,True,False,False,False,False,False,True,False,False,False,False
Singapore,2010,10,1.0,17.0,71.0,,,False,False,True,False,True,False,0.2394366197183098,,,,,,,,2010-03-08,True,False,False,False,False,False,True,False,False,False,False
Singapore,2010,11,1.0,17.0,82.0,,,False,False,True,False,True,False,0.2073170731707317,,,,,,,,2010-03-15,True,False,False,False,False,False,True,False,False,False,False
Singapore,2010,12,1.0,34.0,84.0,,,False,False,True,False,True,False,0.4047619047619047,,,,,,,,2010-03-22,True,False,False,False,False,False,True,False,False,False,False
Singapore,2010,13,1.0,47.0,98.0,,,False,False,True,False,True,False,0.4795918367346938,,,,,,,,2010-03-29,True,False,False,False,False,False,True,False,False,False,False
Singapore,2010,14,1.0,93.0,170.0,,,False,False,True,False,True,False,0.5470588235294118,,,,,,,,2010-04-05,True,False,False,False,False,False,True,False,False,False,False
Singapore,2010,15,1.0,88.0,178.0,,,False,False,True,False,True,False,0.4943820224719101,,,,,,,,2010-04-12,True,False,False,False,False,False,True,False,False,False,False
Singapore,2010,16,1.0,149.0,259.0,,,False,False,True,False,True,False,0.5752895752895753,,,,,,,,2010-04-19,True,False,False,False,False,False,True,False,False,False,False
Singapore,2010,17,1.0,163.0,262.0,,,False,False,True,False,True,False,0.6221374045801527,,,,,,,,2010-04-26,True,False,False,False,False,False,True,False,False,False,False
Singapore,2010,18,1.0,304.0,502.0,,,False,False,True,False,True,False,0.6055776892430279,,,,,,,,2010-05-03,True,False,False,False,False,False,True,False,False,False,False
Singapore,2010,19,1.0,249.0,390.0,,,False,False,True,False,True,False,0.6384615384615384,,,,,,,,2010-05-10,True,False,False,False,False,False,True,False,False,False,False
Singapore,2010,20,1.0,203.0,325.0,,,False,False,True,False,True,False,0.6246153846153846,,,,,,,,2010-05-17,True,False,False,False,False,False,True,False,False,False,False
Singapore,2010,21,1.0,206.0,306.0,,,False,False,True,False,True,False,0.673202614379085,,,,,,,,2010-05-24,True,False,False,False,False,False,True,False,False,False,False
Singapore,2010,22,1.0,165.0,277.0,,,False,False,True,False,True,False,0.5956678700361011,,,,,,,,2010-05-31,True,False,False,False,False,False,True,False,False,False,False
Singapore,2010,23,1.0,152.0,245.0,,,False,False,True,False,True,False,0.6204081632653061,,,,,,,,2010-06-07,True,False,False,False,False,False,True,False,False,False,False
Singapore,2010,24,1.0,98.0,154.0,,,False,False,True,False,True,False,0.6363636363636364,,,,,,,,2010-06-14,True,False,False,False,False,False,True,False,False,False,False
Singapore,2010,25,1.0,69.0,147.0,,,False,False,True,False,True,False,0.4693877551020408,,,,,,,,2010-06-21,True,False,False,False,False,False,True,False,False,False,False
Singapore,2010,26,1.0,61.0,123.0,,,False,False,True,False,True,False,0.4959349593495935,,,,,,,,2010-06-28,True,False,False,False,False,False,True,False,False,False,False
Singapore,2010,27,1.0,71.0,164.0,,,False,False,True,False,True,False,0.4329268292682927,,,,,,,,2010-07-05,True,False,False,False,False,False,True,False,False,False,False
Singapore,2010,28,1.0,62.0,135.0,,,False,False,True,False,True,False,0.4592592592592592,,,,,,,,2010-07-12,True,False,False,False,False,False,True,False,False,False,False
Singapore,2010,29,1.0,58.0,124.0,,,False,False,True,False,True,False,0.4677419354838709,,,,,,,,2010-07-19,True,False,False,False,False,False,True,False,False,False,False
Singapore,2010,30,1.0,47.0,127.0,,,False,False,True,False,True,False,0.3700787401574803,,,,,,,,2010-07-26,True,False,False,False,False,False,True,False,False,False,False
Singapore,2010,31,1.0,39.0,82.0,,,False,False,True,False,True,False,0.4756097560975609,,,,,,,,2010-08-02,True,False,False,False,False,False,True,False,False,False,False
Singapore,2010,32,1.0,27.0,79.0,,,False,False,True,False,True,False,0.3417721518987341,,,,,,,,2010-08-09,True,False,False,False,False,False,True,False,False,False,False
Singapore,2010,33,1.0,46.0,93.0,,,False,False,True,False,True,False,0.4946236559139785,,,,,,,,2010-08-16,True,False,False,False,False,False,True,False,False,False,False
Singapore,2010,34,1.0,40.0,84.0,,,False,False,True,False,True,False,0.4761904761904761,,,,,,,,2010-08-23,True,False,False,False,False,False,True,False,False,False,False
Singapore,2010,35,1.0,49.0,101.0,,,False,False,True,False,True,False,0.4851485148514851,,,,,,,,2010-08-30,True,False,False,False,False,False,True,False,False,False,False
Singapore,2010,36,1.0,31.0,77.0,,,False,False,True,False,True,False,0.4025974025974026,,,,,,,,2010-09-06,True,False,False,False,False,False,True,False,False,False,False
Singapore,2010,37,1.0,33.0,78.0,,,False,False,True,False,True,False,0.4230769230769231,,,,,,,,2010-09-13,True,False,False,False,False,False,True,False,False,False,False
Singapore,2010,38,1.0,43.0,102.0,,,False,False,True,False,True,False,0.4215686274509804,,,,,,,,2010-09-20,True,False,False,False,False,False,True,False,False,False,False
Singapore,2010,39,1.0,34.0,86.0,,,False,False,True,False,True,False,0.3953488372093023,,,,,,,,2010-09-27,True,False,False,False,False,False,True,False,False,False,False
Singapore,2010,40,1.0,22.0,54.0,,,False,False,True,False,True,False,0.4074074074074074,,,,,,,,2010-10-04,True,False,False,False,False,False,True,False,False,False,False
Singapore,2010,41,1.0,30.0,58.0,,,False,False,True,False,True,False,0.5172413793103449,,,,,,,,2010-10-11,True,False,False,False,False,False,True,False,False,False,False
Singapore,2010,42,1.0,11.0,27.0,,,False,False,True,False,True,False,0.4074074074074074,,,,,,,,2010-10-18,True,False,False,False,False,False,True,False,False,False,False
Singapore,2010,43,1.0,20.0,50.0,,,False,False,True,False,True,False,0.4,,,,,,,,2010-10-25,True,False,False,False,False,False,True,False,False,False,False
Singapore,2010,44,1.0,16.0,33.0,,,False,False,True,False,True,False,0.4848484848484848,,,,,,,,2010-11-01,True,False,False,False,False,False,True,False,False,False,False
Singapore,2010,45,1.0,12.0,40.0,,,False,False,True,False,True,False,0.3,,,,,,,,2010-11-08,True,False,False,False,False,False,True,False,False,False,False
Singapore,2010,46,1.0,5.0,22.0,,,False,False,True,False,True,False,0.2272727272727272,,,,,,,,2010-11-15,True,False,False,False,False,False,True,False,False,False,False
Singapore,2010,47,1.0,10.0,36.0,,,False,False,True,False,True,False,0.2777777777777778,,,,,,,,2010-11-22,True,False,False,False,False,False,True,False,False,False,False
Singapore,2010,48,1.0,16.0,36.0,,,False,False,True,False,True,False,0.4444444444444444,,,,,,,,2010-11-29,True,False,False,False,False,False,True,False,False,False,False
Singapore,2010,49,1.0,12.0,31.0,,,False,False,True,False,True,False,0.3870967741935484,,,,,,,,2010-12-06,True,False,False,False,False,False,True,False,False,False,False
Singapore,2010,50,1.0,13.0,36.0,,,False,False,True,False,True,False,0.3611111111111111,,,,,,,,2010-12-13,True,False,False,False,False,False,True,False,False,False,False
Singapore,2010,51,1.0,11.0,29.0,,,False,False,True,False,True,False,0.3793103448275862,,,,,,,,2010-12-20,True,False,False,False,False,False,True,False,False,False,False
Singapore,2010,52,1.0,22.0,44.0,,,False,False,True,False,True,False,0.5,,,,,,,,2010-12-27,True,False,False,False,False,False,True,False,False,False,False
Singapore,2011,1,1.0,47.0,74.0,,,False,False,True,False,True,False,0.6351351351351351,,,,,,,,2011-01-03,True,False,False,False,False,False,True,False,False,False,False
Singapore,2011,2,1.0,65.0,119.0,,,False,False,True,False,True,False,0.5462184873949579,,,,,,,,2011-01-10,True,False,False,False,False,False,True,False,False,False,False
Singapore,2011,3,1.0,72.0,138.0,,,False,False,True,False,True,False,0.5217391304347826,,,,,,,,2011-01-17,True,False,False,False,False,False,True,False,False,False,False
Singapore,2011,4,1.0,72.0,131.0,,,False,False,True,False,True,False,0.549618320610687,,,,,,,,2011-01-24,True,False,False,False,False,False,True,False,False,False,False
Singapore,2011,5,1.0,36.0,62.0,,,False,False,True,False,True,False,0.5806451612903226,,,,,,,,2011-01-31,True,False,False,False,False,False,True,False,False,False,False
Singapore,2011,6,1.0,61.0,125.0,,,False,False,True,False,True,False,0.488,,,,,,,,2011-02-07,True,False,False,False,False,False,True,False,False,False,False
Singapore,2011,7,1.0,35.0,97.0,,,False,False,True,False,True,False,0.3608247422680412,,,,,,,,2011-02-14,True,False,False,False,False,False,True,False,False,False,False
Singapore,2011,8,1.0,27.0,90.0,,,False,False,True,False,True,False,0.3,,,,,,,,2011-02-21,True,False,False,False,False,False,True,False,False,False,False
Singapore,2011,9,1.0,25.0,80.0,,,False,False,True,False,True,False,0.3125,,,,,,,,2011-02-28,True,False,False,False,False,False,True,False,False,False,False
Singapore,2011,10,1.0,18.0,89.0,,,False,False,True,False,True,False,0.2022471910112359,,,,,,,,2011-03-07,True,False,False,False,False,False,True,False,False,False,False
Singapore,2011,11,1.0,15.0,60.0,,,False,False,True,False,True,False,0.25,,,,,,,,2011-03-14,True,False,False,False,False,False,True,False,False,False,False
Singapore,2011,12,1.0,20.0,77.0,,,False,False,True,False,True,False,0.2597402597402597,,,,,,,,2011-03-21,True,False,False,False,False,False,True,False,False,False,False
Singapore,2011,13,1.0,7.0,52.0,,,False,False,True,False,True,False,0.1346153846153846,,,,,,,,2011-03-28,True,False,False,False,False,False,True,False,False,False,False
Singapore,2011,14,1.0,10.0,66.0,,,False,False,True,False,True,False,0.1515151515151515,,,,,,,,2011-04-04,True,False,False,False,False,False,True,False,False,False,False
Singapore,2011,15,1.0,4.0,55.0,,,False,False,True,False,True,False,0.0727272727272727,,,,,,,,2011-04-11,True,False,False,False,False,False,True,False,False,False,False
Singapore,2011,16,1.0,2.0,30.0,,,False,False,True,False,True,False,0.0666666666666666,,,,,,,,2011-04-18,True,False,False,False,False,False,True,False,False,False,False
Singapore,2011,17,1.0,2.0,32.0,,,False,False,True,False,True,False,0.0625,,,,,,,,2011-04-25,True,False,False,False,False,False,True,False,False,False,False
Singapore,2011,18,1.0,3.0,20.0,,,False,False,True,False,True,False,0.15,,,,,,,,2011-05-02,True,False,False,False,False,False,True,False,False,False,False
Singapore,2011,19,1.0,6.0,28.0,,,False,False,True,False,True,False,0.2142857142857142,,,,,,,,2011-05-09,True,False,False,False,False,False,True,False,False,False,False
Singapore,2011,20,1.0,5.0,38.0,,,False,False,True,False,True,False,0.131578947368421,,,,,,,,2011-05-16,True,False,False,False,False,False,True,False,False,False,False
Singapore,2011,21,1.0,13.0,54.0,,,False,False,True,False,True,False,0.2407407407407407,,,,,,,,2011-05-23,True,False,False,False,False,False,True,False,False,False,False
Singapore,2011,22,1.0,10.0,39.0,,,False,False,True,False,True,False,0.2564102564102564,,,,,,,,2011-05-30,True,False,False,False,False,False,True,False,False,False,False
Singapore,2011,23,1.0,12.0,38.0,,,False,False,True,False,True,False,0.3157894736842105,,,,,,,,2011-06-06,True,False,False,False,False,False,True,False,False,False,False
Singapore,2011,24,1.0,23.0,53.0,,,False,False,True,False,True,False,0.4339622641509434,,,,,,,,2011-06-13,True,False,False,False,False,False,True,False,False,False,False
Singapore,2011,25,1.0,37.0,71.0,,,False,False,True,False,True,False,0.5211267605633803,,,,,,,,2011-06-20,True,False,False,False,False,False,True,False,False,False,False
Singapore,2011,26,1.0,35.0,58.0,,,False,False,True,False,True,False,0.603448275862069,,,,,,,,2011-06-27,True,False,False,False,False,False,True,False,False,False,False
Singapore,2011,27,1.0,35.0,70.0,,,False,False,True,False,True,False,0.5,,,,,,,,2011-07-04,True,False,False,False,False,False,True,False,False,False,False
Singapore,2011,28,1.0,45.0,84.0,,,False,False,True,False,True,False,0.5357142857142857,,,,,,,,2011-07-11,True,False,False,False,False,False,True,False,False,False,False
Singapore,2011,29,1.0,31.0,68.0,,,False,False,True,False,True,False,0.4558823529411764,,,,,,,,2011-07-18,True,False,False,False,False,False,True,False,False,False,False
Singapore,2011,30,1.0,29.0,55.0,,,False,False,True,False,True,False,0.5272727272727272,,,,,,,,2011-07-25,True,False,False,False,False,False,True,False,False,False,False
Singapore,2011,31,1.0,20.0,46.0,,,False,False,True,False,True,False,0.4347826086956521,,,,,,,,2011-08-01,True,False,False,False,False,False,True,False,False,False,False
Singapore,2011,32,1.0,17.0,44.0,,,False,False,True,False,True,False,0.3863636363636363,,,,,,,,2011-08-08,True,False,False,False,False,False,True,False,False,False,False
Singapore,2011,33,1.0,16.0,36.0,,,False,False,True,False,True,False,0.4444444444444444,,,,,,,,2011-08-15,True,False,False,False,False,False,True,False,False,False,False
Singapore,2011,34,1.0,7.0,22.0,,,False,False,True,False,True,False,0.3181818181818182,,,,,,,,2011-08-22,True,False,False,False,False,False,True,False,False,False,False
Singapore,2011,35,1.0,6.0,15.0,,,False,False,True,False,True,False,0.4,,,,,,,,2011-08-29,True,False,False,False,False,False,True,False,False,False,False
Singapore,2011,36,1.0,9.0,21.0,,,False,False,True,False,True,False,0.4285714285714285,,,,,,,,2011-09-05,True,False,False,False,False,False,True,False,False,False,False
Singapore,2011,37,1.0,12.0,31.0,,,False,False,True,False,True,False,0.3870967741935484,,,,,,,,2011-09-12,True,False,False,False,False,False,True,False,False,False,False
Singapore,2011,38,1.0,9.0,25.0,,,False,False,True,False,True,False,0.36,,,,,,,,2011-09-19,True,False,False,False,False,False,True,False,False,False,False
Singapore,2011,39,1.0,16.0,41.0,,,False,False,True,False,True,False,0.3902439024390244,,,,,,,,2011-09-26,True,False,False,False,False,False,True,False,False,False,False
Singapore,2011,40,1.0,26.0,45.0,,,False,False,True,False,True,False,0.5777777777777777,,,,,,,,2011-10-03,True,False,False,False,False,False,True,False,False,False,False
Singapore,2011,41,1.0,14.0,40.0,,,False,False,True,False,True,False,0.35,,,,,,,,2011-10-10,True,False,False,False,False,False,True,False,False,False,False
Singapore,2011,42,1.0,25.0,55.0,,,False,False,True,False,True,False,0.4545454545454545,,,,,,,,2011-10-17,True,False,False,False,False,False,True,False,False,False,False
Singapore,2011,43,1.0,10.0,28.0,,,False,False,True,False,True,False,0.3571428571428571,,,,,,,,2011-10-24,True,False,False,False,False,False,True,False,False,False,False
Singapore,2011,44,1.0,16.0,36.0,,,False,False,True,False,True,False,0.4444444444444444,,,,,,,,2011-10-31,True,False,False,False,False,False,True,False,False,False,False
Singapore,2011,45,1.0,21.0,39.0,,,False,False,True,False,True,False,0.5384615384615384,,,,,,,,2011-11-07,True,False,False,False,False,False,True,False,False,False,False
Singapore,2011,46,1.0,25.0,51.0,,,False,False,True,False,True,False,0.4901960784313725,,,,,,,,2011-11-14,True,False,False,False,False,False,True,False,False,False,False
Singapore,2011,47,1.0,17.0,40.0,,,False,False,True,False,True,False,0.425,,,,,,,,2011-11-21,True,False,False,False,False,False,True,False,False,False,False
Singapore,2011,48,1.0,16.0,41.0,,,False,False,True,False,True,False,0.3902439024390244,,,,,,,,2011-11-28,True,False,False,False,False,False,True,False,False,False,False
Singapore,2011,49,1.0,25.0,46.0,,,False,False,True,False,True,False,0.5434782608695652,,,,,,,,2011-12-05,True,False,False,False,False,False,True,False,False,False,False
Singapore,2011,50,1.0,20.0,43.0,,,False,False,True,False,True,False,0.4651162790697674,,,,,,,,2011-12-12,True,False,False,False,False,False,True,False,False,False,False
Singapore,2012,1,1.0,25.0,48.0,,,False,False,True,False,True,False,0.5208333333333334,,,,,,,,2012-01-02,True,False,False,False,False,False,True,False,False,False,False
Singapore,2012,2,1.0,39.0,61.0,,,False,False,True,False,True,False,0.639344262295082,,,,,,,,2012-01-09,True,False,False,False,False,False,True,False,False,False,False
Singapore,2012,3,1.0,18.0,42.0,,,False,False,True,False,True,False,0.4285714285714285,,,,,,,,2012-01-16,True,False,False,False,False,False,True,False,False,False,False
Singapore,2012,4,1.0,23.0,35.0,,,False,False,True,False,True,False,0.6571428571428571,,,,,,,,2012-01-23,True,False,False,False,False,False,True,False,False,False,False
Singapore,2012,5,1.0,34.0,58.0,,,False,False,True,False,True,False,0.5862068965517241,,,,,,,,2012-01-30,True,False,False,False,False,False,True,False,False,False,False
Singapore,2012,6,1.0,39.0,68.0,,,False,False,True,False,True,False,0.5735294117647058,,,,,,,,2012-02-06,True,False,False,False,False,False,True,False,False,False,False
Singapore,2012,7,1.0,48.0,93.0,,,False,False,True,False,True,False,0.5161290322580645,,,,,,,,2012-02-13,True,False,False,False,False,False,True,False,False,False,False
Singapore,2012,8,1.0,30.0,50.0,,,False,False,True,False,True,False,0.6,,,,,,,,2012-02-20,True,False,False,False,False,False,True,False,False,False,False
Singapore,2012,9,1.0,26.0,58.0,,,False,False,True,False,True,False,0.4482758620689655,,,,,,,,2012-02-27,True,False,False,False,False,False,True,False,False,False,False
Singapore,2012,10,1.0,18.0,46.0,,,False,False,True,False,True,False,0.391304347826087,,,,,,,,2012-03-05,True,False,False,False,False,False,True,False,False,False,False
Singapore,2012,11,1.0,24.0,39.0,,,False,False,True,False,True,False,0.6153846153846154,,,,,,,,2012-03-12,True,False,False,False,False,False,True,False,False,False,False
Singapore,2012,12,1.0,19.0,53.0,,,False,False,True,False,True,False,0.3584905660377358,,,,,,,,2012-03-19,True,False,False,False,False,False,True,False,False,False,False
Singapore,2012,13,1.0,22.0,55.0,,,False,False,True,False,True,False,0.4,,,,,,,,2012-03-26,True,False,False,False,False,False,True,False,False,False,False
Singapore,2012,14,1.0,14.0,29.0,,,False,False,True,False,True,False,0.4827586206896552,,,,,,,,2012-04-02,True,False,False,False,False,False,True,False,False,False,False
Singapore,2012,15,1.0,19.0,45.0,,,False,False,True,False,True,False,0.4222222222222222,,,,,,,,2012-04-09,True,False,False,False,False,False,True,False,False,False,False
Singapore,2012,16,1.0,12.0,33.0,,,False,False,True,False,True,False,0.3636363636363636,,,,,,,,2012-04-16,True,False,False,False,False,False,True,False,False,False,False
Singapore,2012,17,1.0,19.0,45.0,,,False,False,True,False,True,False,0.4222222222222222,,,,,,,,2012-04-23,True,False,False,False,False,False,True,False,False,False,False
Singapore,2012,18,1.0,19.0,,,,False,False,True,False,False,False,,,,,,,,,2012-04-30,True,False,False,False,False,False,True,False,False,False,False
Singapore,2012,19,1.0,24.0,,,,False,False,True,False,False,False,,,,,,,,,2012-05-07,True,False,False,False,False,False,True,False,False,False,False
Singapore,2012,20,1.0,18.0,,,,False,False,True,False,False,False,,,,,,,,,2012-05-14,True,False,False,False,False,False,True,False,False,False,False
Singapore,2012,21,1.0,24.0,,,,False,False,True,False,False,False,,,,,,,,,2012-05-21,True,False,False,False,False,False,True,False,False,False,False
Singapore,2012,22,1.0,30.0,,,,False,False,True,False,False,False,,,,,,,,,2012-05-28,True,False,False,False,False,False,True,False,False,False,False
Singapore,2012,23,1.0,30.0,,,,False,False,True,False,False,False,,,,,,,,,2012-06-04,True,False,False,False,False,False,True,False,False,False,False
Singapore,2012,24,1.0,27.0,,,,False,False,True,False,False,False,,,,,,,,,2012-06-11,True,False,False,False,False,False,True,False,False,False,False
Singapore,2012,25,1.0,23.0,,,,False,False,True,False,False,False,,,,,,,,,2012-06-18,True,False,False,False,False,False,True,False,False,False,False
Singapore,2012,26,1.0,14.0,,,,False,False,True,False,False,False,,,,,,,,,2012-06-25,True,False,False,False,False,False,True,False,False,False,False
Singapore,2012,27,1.0,17.0,,,,False,False,True,False,False,False,,,,,,,,,2012-07-02,True,False,False,False,False,False,True,False,False,False,False
Singapore,2012,28,1.0,13.0,45.0,,,False,False,True,False,True,False,0.2888888888888888,,,,,,,,2012-07-09,True,False,False,False,False,False,True,False,False,False,False
Singapore,2012,29,1.0,7.0,,,,False,False,True,False,False,False,,,,,,,,,2012-07-16,True,False,False,False,False,False,True,False,False,False,False
Singapore,2012,30,1.0,13.0,,,,False,False,True,False,False,False,,,,,,,,,2012-07-23,True,False,False,False,False,False,True,False,False,False,False
Singapore,2012,31,1.0,9.0,,,,False,False,True,False,False,False,,,,,,,,,2012-07-30,True,False,False,False,False,False,True,False,False,False,False
Singapore,2012,32,1.0,17.0,,,,False,False,True,False,False,False,,,,,,,,,2012-08-06,True,False,False,False,False,False,True,False,False,False,False
Singapore,2012,33,1.0,9.0,23.0,,,False,False,True,False,True,False,0.391304347826087,,,,,,,,2012-08-13,True,False,False,False,False,False,True,False,False,False,False
Singapore,2012,34,1.0,8.0,,,,False,False,True,False,False,False,,,,,,,,,2012-08-20,True,False,False,False,False,False,True,False,False,False,False
Singapore,2012,35,1.0,7.0,,,,False,False,True,False,False,False,,,,,,,,,2012-08-27,True,False,False,False,False,False,True,False,False,False,False
Singapore,2012,36,1.0,7.0,17.0,,,False,False,True,False,True,False,0.4117647058823529,,,,,,,,2012-09-03,True,False,False,False,False,False,True,False,False,False,False
Singapore,2012,37,1.0,9.0,20.0,,,False,False,True,False,True,False,0.45,,,,,,,,2012-09-10,True,False,False,False,False,False,True,False,False,False,False
Singapore,2012,38,1.0,10.0,31.0,,,False,False,True,False,True,False,0.3225806451612903,,,,,,,,2012-09-17,True,False,False,False,False,False,True,False,False,False,False
Singapore,2012,39,1.0,8.0,27.0,,,False,False,True,False,True,False,0.2962962962962963,,,,,,,,2012-09-24,True,False,False,False,False,False,True,False,False,False,False
Singapore,2012,40,1.0,7.0,34.0,,,False,False,True,False,True,False,0.2058823529411764,,,,,,,,2012-10-01,True,False,False,False,False,False,True,False,False,False,False
Singapore,2012,41,1.0,7.0,25.0,,,False,False,True,False,True,False,0.28,,,,,,,,2012-10-08,True,False,False,False,False,False,True,False,False,False,False
Singapore,2012,42,1.0,7.0,30.0,,,False,False,True,False,True,False,0.2333333333333333,,,,,,,,2012-10-15,True,False,False,False,False,False,True,False,False,False,False
Singapore,2012,43,1.0,12.0,31.0,,,False,False,True,False,True,False,0.3870967741935484,,,,,,,,2012-10-22,True,False,False,False,False,False,True,False,False,False,False
Singapore,2012,44,1.0,13.0,31.0,,,False,False,True,False,True,False,0.4193548387096774,,,,,,,,2012-10-29,True,False,False,False,False,False,True,False,False,False,False
Singapore,2012,45,1.0,17.0,40.0,,,False,False,True,False,True,False,0.425,,,,,,,,2012-11-05,True,False,False,False,False,False,True,False,False,False,False
Singapore,2012,46,1.0,17.0,37.0,,,False,False,True,False,True,False,0.4594594594594595,,,,,,,,2012-11-12,True,False,False,False,False,False,True,False,False,False,False
Singapore,2012,47,1.0,12.0,34.0,,,False,False,True,False,True,False,0.3529411764705882,,,,,,,,2012-11-19,True,False,False,False,False,False,True,False,False,False,False
Singapore,2012,48,1.0,18.0,50.0,,,False,False,True,False,True,False,0.36,,,,,,,,2012-11-26,True,False,False,False,False,False,True,False,False,False,False
Singapore,2012,49,1.0,25.0,51.0,,,False,False,True,False,True,False,0.4901960784313725,,,,,,,,2012-12-03,True,False,False,False,False,False,True,False,False,False,False
Singapore,2012,50,1.0,26.0,42.0,,,False,False,True,False,True,False,0.6190476190476191,,,,,,,,2012-12-10,True,False,False,False,False,False,True,False,False,False,False
Singapore,2012,51,1.0,24.0,53.0,,,False,False,True,False,True,False,0.4528301886792453,,,,,,,,2012-12-17,True,False,False,False,False,False,True,False,False,False,False
Singapore,2012,52,1.0,25.0,47.0,,,False,False,True,False,True,False,0.5319148936170213,,,,,,,,2012-12-24,True,False,False,False,False,False,True,False,False,False,False
Singapore,2013,1,1.0,23.0,43.0,,,False,False,True,False,True,False,0.5348837209302325,,,,,,,,2012-12-31,True,False,False,False,False,False,True,False,False,False,False
Singapore,2013,2,1.0,28.0,50.0,,,False,False,True,False,True,False,0.56,,,,,,,,2013-01-07,True,False,False,False,False,False,True,False,False,False,False
Singapore,2013,3,1.0,22.0,56.0,,,False,False,True,False,True,False,0.3928571428571428,,,,,,,,2013-01-14,True,False,False,False,False,False,True,False,False,False,False
Singapore,2013,4,1.0,28.0,52.0,,,False,False,True,False,True,False,0.5384615384615384,,,,,,,,2013-01-21,True,False,False,False,False,False,True,False,False,False,False
Singapore,2013,5,1.0,29.0,56.0,,,False,False,True,False,True,False,0.5178571428571429,,,,,,,,2013-01-28,True,False,False,False,False,False,True,False,False,False,False
Singapore,2013,6,1.0,6.0,29.0,,,False,False,True,False,True,False,0.2068965517241379,,,,,,,,2013-02-04,True,False,False,False,False,False,True,False,False,False,False
Singapore,2013,7,1.0,6.0,14.0,,,False,False,True,False,True,False,0.4285714285714285,,,,,,,,2013-02-11,True,False,False,False,False,False,True,False,False,False,False
Singapore,2013,8,1.0,15.0,39.0,,,False,False,True,False,True,False,0.3846153846153846,,,,,,,,2013-02-18,True,False,False,False,False,False,True,False,False,False,False
Singapore,2013,9,1.0,3.0,14.0,,,False,False,True,False,True,False,0.2142857142857142,,,,,,,,2013-02-25,True,False,False,False,False,False,True,False,False,False,False
Singapore,2013,10,1.0,7.0,18.0,,,False,False,True,False,True,False,0.3888888888888889,,,,,,,,2013-03-04,True,False,False,False,False,False,True,False,False,False,False
Singapore,2013,11,1.0,5.0,21.0,,,False,False,True,False,True,False,0.238095238095238,,,,,,,,2013-03-11,True,False,False,False,False,False,True,False,False,False,False
Singapore,2013,12,1.0,9.0,25.0,,,False,False,True,False,True,False,0.36,,,,,,,,2013-03-18,True,False,False,False,False,False,True,False,False,False,False
Singapore,2013,13,1.0,3.0,10.0,,,False,False,True,False,True,False,0.3,,,,,,,,2013-03-25,True,False,False,False,False,False,True,False,False,False,False
Singapore,2013,14,1.0,6.0,22.0,,,False,False,True,False,True,False,0.2727272727272727,,,,,,,,2013-04-01,True,False,False,False,False,False,True,False,False,False,False
Singapore,2013,15,1.0,10.0,38.0,,,False,False,True,False,True,False,0.2631578947368421,,,,,,,,2013-04-08,True,False,False,False,False,False,True,False,False,False,False
Singapore,2013,16,1.0,11.0,56.0,,,False,False,True,False,True,False,0.1964285714285714,,,,,,,,2013-04-15,True,False,False,False,False,False,True,False,False,False,False
Singapore,2013,17,1.0,10.0,49.0,,,False,False,True,False,True,False,0.2040816326530612,,,,,,,,2013-04-22,True,False,False,False,False,False,True,False,False,False,False
Singapore,2013,18,1.0,2.0,25.0,,,False,False,True,False,True,False,0.08,,,,,,,,2013-04-29,True,False,False,False,False,False,True,False,False,False,False
Singapore,2013,19,1.0,8.0,33.0,,,False,False,True,False,True,False,0.2424242424242424,,,,,,,,2013-05-06,True,False,False,False,False,False,True,False,False,False,False
Singapore,2013,20,1.0,22.0,51.0,,,False,False,True,False,True,False,0.4313725490196078,,,,,,,,2013-05-13,True,False,False,False,False,False,True,False,False,False,False
Singapore,2013,21,1.0,15.0,37.0,,,False,False,True,False,True,False,0.4054054054054054,,,,,,,,2013-05-20,True,False,False,False,False,False,True,False,False,False,False
Singapore,2013,22,1.0,19.0,42.0,,,False,False,True,False,True,False,0.4523809523809524,,,,,,,,2013-05-27,True,False,False,False,False,False,True,False,False,False,False
Singapore,2013,23,1.0,23.0,52.0,,,False,False,True,False,True,False,0.4423076923076923,,,,,,,,2013-06-03,True,False,False,False,False,False,True,False,False,False,False
Singapore,2013,24,1.0,21.0,39.0,,,False,False,True,False,True,False,0.5384615384615384,,,,,,,,2013-06-10,True,False,False,False,False,False,True,False,False,False,False
Singapore,2013,25,1.0,12.0,34.0,,,False,False,True,False,True,False,0.3529411764705882,,,,,,,,2013-06-17,True,False,False,False,False,False,True,False,False,False,False
Singapore,2013,26,1.0,5.0,17.0,,,False,False,True,False,True,False,0.2941176470588235,,,,,,,,2013-06-24,True,False,False,False,False,False,True,False,False,False,False
Singapore,2013,27,1.0,5.0,25.0,,,False,False,True,False,True,False,0.2,,,,,,,,2013-07-01,True,False,False,False,False,False,True,False,False,False,False
Singapore,2013,28,1.0,3.0,21.0,,,False,False,True,False,True,False,0.1428571428571428,,,,,,,,2013-07-08,True,False,False,False,False,False,True,False,False,False,False
Singapore,2013,29,1.0,4.0,16.0,,,False,False,True,False,True,False,0.25,,,,,,,,2013-07-15,True,False,False,False,False,False,True,False,False,False,False
Singapore,2013,30,1.0,3.0,14.0,,,False,False,True,False,True,False,0.2142857142857142,,,,,,,,2013-07-22,True,False,False,False,False,False,True,False,False,False,False
Singapore,2013,31,1.0,6.0,18.0,,,False,False,True,False,True,False,0.3333333333333333,,,,,,,,2013-07-29,True,False,False,False,False,False,True,False,False,False,False
Singapore,2013,32,1.0,3.0,11.0,,,False,False,True,False,True,False,0.2727272727272727,,,,,,,,2013-08-05,True,False,False,False,False,False,True,False,False,False,False
Singapore,2013,33,1.0,10.0,19.0,,,False,False,True,False,True,False,0.5263157894736842,,,,,,,,2013-08-12,True,False,False,False,False,False,True,False,False,False,False
Singapore,2013,34,1.0,4.0,8.0,,,False,False,True,False,True,False,0.5,,,,,,,,2013-08-19,True,False,False,False,False,False,True,False,False,False,False
Singapore,2013,35,1.0,2.0,15.0,,,False,False,True,False,True,False,0.1333333333333333,,,,,,,,2013-08-26,True,False,False,False,False,False,True,False,False,False,False
Singapore,2013,36,1.0,5.0,12.0,,,False,False,True,False,True,False,0.4166666666666667,,,,,,,,2013-09-02,True,False,False,False,False,False,True,False,False,False,False
Singapore,2013,37,1.0,5.0,14.0,,,False,False,True,False,True,False,0.3571428571428571,,,,,,,,2013-09-09,True,False,False,False,False,False,True,False,False,False,False
Singapore,2013,38,1.0,19.0,33.0,,,False,False,True,False,True,False,0.5757575757575758,,,,,,,,2013-09-16,True,False,False,False,False,False,True,False,False,False,False
Singapore,2013,39,1.0,16.0,41.0,,,False,False,True,False,True,False,0.3902439024390244,,,,,,,,2013-09-23,True,False,False,False,False,False,True,False,False,False,False
Singapore,2013,40,1.0,11.0,28.0,,,False,False,True,False,True,False,0.3928571428571428,,,,,,,,2013-09-30,True,False,False,False,False,False,True,False,False,False,False
Singapore,2013,41,1.0,28.0,66.0,,,False,False,True,False,True,False,0.4242424242424242,,,,,,,,2013-10-07,True,False,False,False,False,False,True,False,False,False,False
Singapore,2013,42,1.0,20.0,46.0,,,False,False,True,False,True,False,0.4347826086956521,,,,,,,,2013-10-14,True,False,False,False,False,False,True,False,False,False,False
Singapore,2013,43,1.0,11.0,36.0,,,False,False,True,False,True,False,0.3055555555555556,,,,,,,,2013-10-21,True,False,False,False,False,False,True,False,False,False,False
Singapore,2013,44,1.0,31.0,67.0,,,False,False,True,False,True,False,0.4626865671641791,,,,,,,,2013-10-28,True,False,False,False,False,False,True,False,False,False,False
Singapore,2013,45,1.0,23.0,54.0,,,False,False,True,False,True,False,0.4259259259259259,,,,,,,,2013-11-04,True,False,False,False,False,False,True,False,False,False,False
Singapore,2013,46,1.0,36.0,50.0,,,False,False,True,False,True,False,0.72,,,,,,,,2013-11-11,True,False,False,False,False,False,True,False,False,False,False
Singapore,2013,47,1.0,21.0,41.0,,,False,False,True,False,True,False,0.5121951219512195,,,,,,,,2013-11-18,True,False,False,False,False,False,True,False,False,False,False
Singapore,2013,48,1.0,31.0,48.0,,,False,False,True,False,True,False,0.6458333333333334,,,,,,,,2013-11-25,True,False,False,False,False,False,True,False,False,False,False
Singapore,2013,49,1.0,29.0,52.0,,,False,False,True,False,True,False,0.5576923076923077,,,,,,,,2013-12-02,True,False,False,False,False,False,True,False,False,False,False
Singapore,2013,50,1.0,24.0,31.0,,,False,False,True,False,True,False,0.7741935483870968,,,,,,,,2013-12-09,True,False,False,False,False,False,True,False,False,False,False
Singapore,2013,51,1.0,41.0,67.0,,,False,False,True,False,True,False,0.6119402985074627,,,,,,,,2013-12-16,True,False,False,False,False,False,True,False,False,False,False
Singapore,2013,52,1.0,18.0,21.0,,,False,False,True,False,True,False,0.8571428571428571,,,,,,,,2013-12-23,True,False,False,False,False,False,True,False,False,False,False
Singapore,2014,1,1.0,25.0,36.0,,,False,False,True,False,True,False,0.6944444444444444,,,,,,,,2013-12-30,True,False,False,False,False,False,True,False,False,False,False
Singapore,2014,2,1.0,34.0,72.0,,,False,False,True,False,True,False,0.4722222222222222,,,,,,,,2014-01-06,True,False,False,False,False,False,True,False,False,False,False
Singapore,2014,3,1.0,28.0,59.0,,,False,False,True,False,True,False,0.4745762711864407,,,,,,,,2014-01-13,True,False,False,False,False,False,True,False,False,False,False
Singapore,2014,4,1.0,22.0,57.0,,,False,False,True,False,True,False,0.3859649122807017,,,,,,,,2014-01-20,True,False,False,False,False,False,True,False,False,False,False
Singapore,2014,5,1.0,13.0,26.0,,,False,False,True,False,True,False,0.5,,,,,,,,2014-01-27,True,False,False,False,False,False,True,False,False,False,False
Singapore,2014,6,1.0,11.0,29.0,,,False,False,True,False,True,False,0.3793103448275862,,,,,,,,2014-02-03,True,False,False,False,False,False,True,False,False,False,False
Singapore,2014,7,1.0,17.0,41.0,,,False,False,True,False,True,False,0.4146341463414634,,,,,,,,2014-02-10,True,False,False,False,False,False,True,False,False,False,False
Singapore,2014,8,1.0,21.0,49.0,,,False,False,True,False,True,False,0.4285714285714285,,,,,,,,2014-02-17,True,False,False,False,False,False,True,False,False,False,False
Singapore,2014,9,1.0,14.0,30.0,,,False,False,True,False,True,False,0.4666666666666667,,,,,,,,2014-02-24,True,False,False,False,False,False,True,False,False,False,False
Singapore,2014,10,1.0,12.0,46.0,,,False,False,True,False,True,False,0.2608695652173913,,,,,,,,2014-03-03,True,False,False,False,False,False,True,False,False,False,False
Singapore,2014,11,1.0,7.0,21.0,,,False,False,True,False,True,False,0.3333333333333333,,,,,,,,2014-03-10,True,False,False,False,False,False,True,False,False,False,False
Singapore,2014,12,1.0,4.0,20.0,,,False,False,True,False,True,False,0.2,,,,,,,,2014-03-17,True,False,False,False,False,False,True,False,False,False,False
Singapore,2014,13,1.0,10.0,25.0,,,False,False,True,False,True,False,0.4,,,,,,,,2014-03-24,True,False,False,False,False,False,True,False,False,False,False
Singapore,2014,14,1.0,15.0,42.0,,,False,False,True,False,True,False,0.3571428571428571,,,,,,,,2014-03-31,True,False,False,False,False,False,True,False,False,False,False
Singapore,2014,15,1.0,8.0,32.0,,,False,False,True,False,True,False,0.25,,,,,,,,2014-04-07,True,False,False,False,False,False,True,False,False,False,False
Singapore,2014,16,1.0,11.0,23.0,,,False,False,True,False,True,False,0.4782608695652174,,,,,,,,2014-04-14,True,False,False,False,False,False,True,False,False,False,False
Singapore,2014,17,1.0,7.0,30.0,,,False,False,True,False,True,False,0.2333333333333333,,,,,,,,2014-04-21,True,False,False,False,False,False,True,False,False,False,False
Singapore,2014,18,1.0,8.0,28.0,,,False,False,True,False,True,False,0.2857142857142857,,,,,,,,2014-04-28,True,False,False,False,False,False,True,False,False,False,False
Singapore,2014,19,1.0,15.0,30.0,,,False,False,True,False,True,False,0.5,,,,,,,,2014-05-05,True,False,False,False,False,False,True,False,False,False,False
Singapore,2014,20,1.0,9.0,30.0,,,False,False,True,False,True,False,0.3,,,,,,,,2014-05-12,True,False,False,False,False,False,True,False,False,False,False
Singapore,2014,21,1.0,17.0,46.0,,,False,False,True,False,True,False,0.3695652173913043,,,,,,,,2014-05-19,True,False,False,False,False,False,True,False,False,False,False
Singapore,2014,22,1.0,51.0,80.0,,,False,False,True,False,True,False,0.6375,,,,,,,,2014-05-26,True,False,False,False,False,False,True,False,False,False,False
Singapore,2014,23,1.0,45.0,68.0,,,False,False,True,False,True,False,0.6617647058823529,,,,,,,,2014-06-02,True,False,False,False,False,False,True,False,False,False,False
Singapore,2014,24,1.0,58.0,88.0,,,False,False,True,False,True,False,0.6590909090909091,,,,,,,,2014-06-09,True,False,False,False,False,False,True,False,False,False,False
Singapore,2014,25,1.0,41.0,67.0,,,False,False,True,False,True,False,0.6119402985074627,,,,,,,,2014-06-16,True,False,False,False,False,False,True,False,False,False,False
Singapore,2014,26,1.0,50.0,68.0,,,False,False,True,False,True,False,0.7352941176470589,,,,,,,,2014-06-23,True,False,False,False,False,False,True,False,False,False,False
Singapore,2014,27,1.0,60.0,96.0,,,False,False,True,False,True,False,0.625,,,,,,,,2014-06-30,True,False,False,False,False,False,True,False,False,False,False
Singapore,2014,28,1.0,60.0,89.0,,,False,False,True,False,True,False,0.6741573033707865,,,,,,,,2014-07-07,True,False,False,False,False,False,True,False,False,False,False
Singapore,2014,29,1.0,64.0,88.0,,,False,False,True,False,True,False,0.7272727272727273,,,,,,,,2014-07-14,True,False,False,False,False,False,True,False,False,False,False
Singapore,2014,30,1.0,60.0,85.0,,,False,False,True,False,True,False,0.7058823529411765,,,,,,,,2014-07-21,True,False,False,False,False,False,True,False,False,False,False
Singapore,2014,31,1.0,35.0,55.0,,,False,False,True,False,True,False,0.6363636363636364,,,,,,,,2014-07-28,True,False,False,False,False,False,True,False,False,False,False
Singapore,2014,32,1.0,30.0,52.0,,,False,False,True,False,True,False,0.5769230769230769,,,,,,,,2014-08-04,True,False,False,False,False,False,True,False,False,False,False
Singapore,2014,33,1.0,30.0,48.0,,,False,False,True,False,True,False,0.625,,,,,,,,2014-08-11,True,False,False,False,False,False,True,False,False,False,False
Singapore,2014,34,1.0,23.0,53.0,,,False,False,True,False,True,False,0.4339622641509434,,,,,,,,2014-08-18,True,False,False,False,False,False,True,False,False,False,False
Singapore,2014,35,1.0,14.0,43.0,,,False,False,True,False,True,False,0.3255813953488372,,,,,,,,2014-08-25,True,False,False,False,False,False,True,False,False,False,False
Singapore,2014,36,1.0,12.0,34.0,,,False,False,True,False,True,False,0.3529411764705882,,,,,,,,2014-09-01,True,False,False,False,False,False,True,False,False,False,False
Singapore,2014,37,1.0,8.0,28.0,,,False,False,True,False,True,False,0.2857142857142857,,,,,,,,2014-09-08,True,False,False,False,False,False,True,False,False,False,False
Singapore,2014,38,1.0,10.0,30.0,,,False,False,True,False,True,False,0.3333333333333333,,,,,,,,2014-09-15,True,False,False,False,False,False,True,False,False,False,False
Singapore,2014,39,1.0,7.0,19.0,,,False,False,True,False,True,False,0.3684210526315789,,,,,,,,2014-09-22,True,False,False,False,False,False,True,False,False,False,False
Singapore,2014,40,1.0,3.0,20.0,,,False,False,True,False,True,False,0.15,,,,,,,,2014-09-29,True,False,False,False,False,False,True,False,False,False,False
Singapore,2014,41,1.0,4.0,17.0,,,False,False,True,False,True,False,0.2352941176470588,,,,,,,,2014-10-06,True,False,False,False,False,False,True,False,False,False,False
Singapore,2014,42,1.0,2.0,14.0,,,False,False,True,False,True,False,0.1428571428571428,,,,,,,,2014-10-13,True,False,False,False,False,False,True,False,False,False,False
Singapore,2014,43,1.0,3.0,9.0,,,False,False,True,False,True,False,0.3333333333333333,,,,,,,,2014-10-20,True,False,False,False,False,False,True,False,False,False,False
Singapore,2014,44,1.0,1.0,14.0,,,False,False,True,False,True,False,0.0714285714285714,,,,,,,,2014-10-27,True,False,False,False,False,False,True,False,False,False,False
Singapore,2014,45,1.0,2.0,18.0,,,False,False,True,False,True,False,0.1111111111111111,,,,,,,,2014-11-03,True,False,False,False,False,False,True,False,False,False,False
Singapore,2014,46,1.0,2.0,15.0,,,False,False,True,False,True,False,0.1333333333333333,,,,,,,,2014-11-10,True,False,False,False,False,False,True,False,False,False,False
Singapore,2014,47,1.0,2.0,9.0,,,False,False,True,False,True,False,0.2222222222222222,,,,,,,,2014-11-17,True,False,False,False,False,False,True,False,False,False,False
Singapore,2014,48,1.0,2.0,13.0,,,False,False,True,False,True,False,0.1538461538461538,,,,,,,,2014-11-24,True,False,False,False,False,False,True,False,False,False,False
Singapore,2014,49,1.0,3.0,17.0,,,False,False,True,False,True,False,0.1764705882352941,,,,,,,,2014-12-01,True,False,False,False,False,False,True,False,False,False,False
Singapore,2014,50,1.0,3.0,17.0,,,False,False,True,False,True,False,0.1764705882352941,,,,,,,,2014-12-08,True,False,False,False,False,False,True,False,False,False,False
Singapore,2014,51,1.0,4.0,11.0,,,False,False,True,False,True,False,0.3636363636363636,,,,,,,,2014-12-15,True,False,False,False,False,False,True,False,False,False,False
Singapore,2014,52,1.0,1.0,10.0,,,False,False,True,False,True,False,0.1,,,,,,,,2014-12-22,True,False,False,False,False,False,True,False,False,False,False
Singapore,2015,1,1.0,2.0,9.0,,,False,False,True,False,True,False,0.2222222222222222,,,,,,,,2014-12-29,True,False,False,False,False,False,True,False,False,False,False
Singapore,2015,2,1.0,13.0,34.0,,,False,False,True,False,True,False,0.3823529411764705,,,,,,,,2015-01-05,True,False,False,False,False,False,True,False,False,False,False
Singapore,2015,3,1.0,9.0,31.0,,,False,False,True,False,True,False,0.2903225806451613,,,,,,,,2015-01-12,True,False,False,False,False,False,True,False,False,False,False
Singapore,2015,4,1.0,15.0,33.0,,,False,False,True,False,True,False,0.4545454545454545,,,,,,,,2015-01-19,True,False,False,False,False,False,True,False,False,False,False
Singapore,2015,5,1.0,6.0,27.0,,,False,False,True,False,True,False,0.2222222222222222,,,,,,,,2015-01-26,True,False,False,False,False,False,True,False,False,False,False
Singapore,2015,6,1.0,14.0,32.0,,,False,False,True,False,True,False,0.4375,,,,,,,,2015-02-02,True,False,False,False,False,False,True,False,False,False,False
Singapore,2015,7,1.0,13.0,40.0,,,False,False,True,False,True,False,0.325,,,,,,,,2015-02-09,True,False,False,False,False,False,True,False,False,False,False
Singapore,2015,8,1.0,3.0,18.0,,,False,False,True,False,True,False,0.1666666666666666,,,,,,,,2015-02-16,True,False,False,False,False,False,True,False,False,False,False
Singapore,2015,9,1.0,14.0,39.0,,,False,False,True,False,True,False,0.358974358974359,,,,,,,,2015-02-23,True,False,False,False,False,False,True,False,False,False,False
Singapore,2015,10,1.0,10.0,29.0,,,False,False,True,False,True,False,0.3448275862068966,,,,,,,,2015-03-02,True,False,False,False,False,False,True,False,False,False,False
Singapore,2015,11,1.0,5.0,29.0,,,False,False,True,False,True,False,0.1724137931034483,,,,,,,,2015-03-09,True,False,False,False,False,False,True,False,False,False,False
Singapore,2015,12,1.0,7.0,28.0,,,False,False,True,False,True,False,0.25,,,,,,,,2015-03-16,True,False,False,False,False,False,True,False,False,False,False
Singapore,2015,13,1.0,7.0,33.0,,,False,False,True,False,True,False,0.2121212121212121,,,,,,,,2015-03-23,True,False,False,False,False,False,True,False,False,False,False
Singapore,2015,14,1.0,9.0,25.0,,,False,False,True,False,True,False,0.36,,,,,,,,2015-03-30,True,False,False,False,False,False,True,False,False,False,False
Singapore,2015,15,1.0,8.0,25.0,,,False,False,True,False,True,False,0.32,,,,,,,,2015-04-06,True,False,False,False,False,False,True,False,False,False,False
Singapore,2015,16,1.0,15.0,27.0,,,False,False,True,False,True,False,0.5555555555555556,,,,,,,,2015-04-13,True,False,False,False,False,False,True,False,False,False,False
Singapore,2015,17,1.0,20.0,41.0,,,False,False,True,False,True,False,0.4878048780487805,,,,,,,,2015-04-20,True,False,False,False,False,False,True,False,False,False,False
Singapore,2015,18,1.0,13.0,32.0,,,False,False,True,False,True,False,0.40625,,,,,,,,2015-04-27,True,False,False,False,False,False,True,False,False,False,False
Singapore,2015,19,1.0,15.0,34.0,,,False,False,True,False,True,False,0.4411764705882353,,,,,,,,2015-05-04,True,False,False,False,False,False,True,False,False,False,False
Singapore,2015,20,1.0,22.0,38.0,,,False,False,True,False,True,False,0.5789473684210527,,,,,,,,2015-05-11,True,False,False,False,False,False,True,False,False,False,False
Singapore,2015,21,1.0,27.0,58.0,,,False,False,True,False,True,False,0.4655172413793103,,,,,,,,2015-05-18,True,False,False,False,False,False,True,False,False,False,False
Singapore,2015,22,1.0,43.0,77.0,,,False,False,True,False,True,False,0.5584415584415584,,,,,,,,2015-05-25,True,False,False,False,False,False,True,False,False,False,False
Singapore,2015,23,1.0,39.0,63.0,,,False,False,True,False,True,False,0.6190476190476191,,,,,,,,2015-06-01,True,False,False,False,False,False,True,False,False,False,False
Singapore,2015,24,1.0,51.0,91.0,,,False,False,True,False,True,False,0.5604395604395604,,,,,,,,2015-06-08,True,False,False,False,False,False,True,False,False,False,False
Singapore,2015,25,1.0,71.0,112.0,,,False,False,True,False,True,False,0.6339285714285714,,,,,,,,2015-06-15,True,False,False,False,False,False,True,False,False,False,False
Singapore,2015,26,1.0,86.0,136.0,,,False,False,True,False,True,False,0.6323529411764706,,,,,,,,2015-06-22,True,False,False,False,False,False,True,False,False,False,False
Singapore,2015,27,1.0,28.0,90.0,,,False,False,True,False,True,False,0.3111111111111111,,,,,,,,2015-06-29,True,False,False,False,False,False,True,False,False,False,False
Singapore,2015,28,1.0,43.0,91.0,,,False,False,True,False,True,False,0.4725274725274725,,,,,,,,2015-07-06,True,False,False,False,False,False,True,False,False,False,False
Singapore,2015,29,1.0,16.0,37.0,,,False,False,True,False,True,False,0.4324324324324324,,,,,,,,2015-07-13,True,False,False,False,False,False,True,False,False,False,False
Singapore,2015,30,1.0,14.0,49.0,,,False,False,True,False,True,False,0.2857142857142857,,,,,,,,2015-07-20,True,False,False,False,False,False,True,False,False,False,False
Singapore,2015,31,1.0,13.0,32.0,,,False,False,True,False,True,False,0.40625,,,,,,,,2015-07-27,True,False,False,False,False,False,True,False,False,False,False
Singapore,2015,32,1.0,9.0,22.0,,,False,False,True,False,True,False,0.4090909090909091,,,,,,,,2015-08-03,True,False,False,False,False,False,True,False,False,False,False
Singapore,2015,33,1.0,7.0,18.0,,,False,False,True,False,True,False,0.3888888888888889,,,,,,,,2015-08-10,True,False,False,False,False,False,True,False,False,False,False
Singapore,2015,34,1.0,3.0,15.0,,,False,False,True,False,True,False,0.2,,,,,,,,2015-08-17,True,False,False,False,False,False,True,False,False,False,False
Singapore,2015,35,1.0,5.0,20.0,,,False,False,True,False,True,False,0.25,,,,,,,,2015-08-24,True,False,False,False,False,False,True,False,False,False,False
Singapore,2015,36,1.0,4.0,18.0,,,False,False,True,False,True,False,0.2222222222222222,,,,,,,,2015-08-31,True,False,False,False,False,False,True,False,False,False,False
Singapore,2015,37,1.0,1.0,12.0,,,False,False,True,False,True,False,0.0833333333333333,,,,,,,,2015-09-07,True,False,False,False,False,False,True,False,False,False,False
Singapore,2015,38,1.0,6.0,18.0,,,False,False,True,False,True,False,0.3333333333333333,,,,,,,,2015-09-14,True,False,False,False,False,False,True,False,False,False,False
Singapore,2015,39,1.0,10.0,27.0,,,False,False,True,False,True,False,0.3703703703703703,,,,,,,,2015-09-21,True,False,False,False,False,False,True,False,False,False,False
Singapore,2015,40,1.0,4.0,28.0,,,False,False,True,False,True,False,0.1428571428571428,,,,,,,,2015-09-28,True,False,False,False,False,False,True,False,False,False,False
Singapore,2015,41,1.0,6.0,26.0,,,False,False,True,False,True,False,0.2307692307692307,,,,,,,,2015-10-05,True,False,False,False,False,False,True,False,False,False,False
Singapore,2015,42,1.0,3.0,14.0,,,False,False,True,False,True,False,0.2142857142857142,,,,,,,,2015-10-12,True,False,False,False,False,False,True,False,False,False,False
Singapore,2015,43,1.0,4.0,25.0,,,False,False,True,False,True,False,0.16,,,,,,,,2015-10-19,True,False,False,False,False,False,True,False,False,False,False
Singapore,2015,44,1.0,5.0,30.0,,,False,False,True,False,True,False,0.1666666666666666,,,,,,,,2015-10-26,True,False,False,False,False,False,True,False,False,False,False
Singapore,2015,45,1.0,9.0,29.0,,,False,False,True,False,True,False,0.3103448275862069,,,,,,,,2015-11-02,True,False,False,False,False,False,True,False,False,False,False
Singapore,2015,46,1.0,2.0,21.0,,,False,False,True,False,True,False,0.0952380952380952,,,,,,,,2015-11-09,True,False,False,False,False,False,True,False,False,False,False
Singapore,2015,47,1.0,7.0,29.0,,,False,False,True,False,True,False,0.2413793103448276,,,,,,,,2015-11-16,True,False,False,False,False,False,True,False,False,False,False
Singapore,2015,48,1.0,5.0,15.0,,,False,False,True,False,True,False,0.3333333333333333,,,,,,,,2015-11-23,True,False,False,False,False,False,True,False,False,False,False
Singapore,2015,49,1.0,10.0,27.0,,,False,False,True,False,True,False,0.3703703703703703,,,,,,,,2015-11-30,True,False,False,False,False,False,True,False,False,False,False
Singapore,2015,50,1.0,4.0,22.0,,,False,False,True,False,True,False,0.1818181818181818,,,,,,,,2015-12-07,True,False,False,False,False,False,True,False,False,False,False
Singapore,2015,51,1.0,15.0,39.0,,,False,False,True,False,True,False,0.3846153846153846,,,,,,,,2015-12-14,True,False,False,False,False,False,True,False,False,False,False
Singapore,2015,52,1.0,3.0,11.0,,,False,False,True,False,True,False,0.2727272727272727,,,,,,,,2015-12-21,True,False,False,False,False,False,True,False,False,False,False
Singapore,2015,53,1.0,5.0,20.0,,,False,False,True,False,True,False,0.25,,,,,,,,2015-12-28,True,False,False,False,False,False,True,False,False,False,False
Singapore,2016,1,1.0,27.0,47.0,,,False,False,True,False,True,False,0.574468085106383,,,,,,,,2016-01-04,True,False,False,False,False,False,True,False,False,False,False
Singapore,2016,2,1.0,35.0,51.0,,,False,False,True,False,True,False,0.6862745098039216,,,,,,,,2016-01-11,True,False,False,False,False,False,True,False,False,False,False
Singapore,2016,3,1.0,36.0,51.0,,,False,False,True,False,True,False,0.7058823529411765,,,,,,,,2016-01-18,True,False,False,False,False,False,True,False,False,False,False
Singapore,2016,4,1.0,33.0,57.0,,,False,False,True,False,True,False,0.5789473684210527,,,,,,,,2016-01-25,True,False,False,False,False,False,True,False,False,False,False
Singapore,2016,5,1.0,51.0,89.0,,,False,False,True,False,True,False,0.5730337078651685,,,,,,,,2016-02-01,True,False,False,False,False,False,True,False,False,False,False
Singapore,2016,6,1.0,16.0,23.0,,,False,False,True,False,True,False,0.6956521739130435,,,,,,,,2016-02-08,True,False,False,False,False,False,True,False,False,False,False
Singapore,2016,7,1.0,49.0,76.0,,,False,False,True,False,True,False,0.6447368421052632,,,,,,,,2016-02-15,True,False,False,False,False,False,True,False,False,False,False
Singapore,2016,8,1.0,59.0,82.0,,,False,False,True,False,True,False,0.7195121951219512,,,,,,,,2016-02-22,True,False,False,False,False,False,True,False,False,False,False
Singapore,2016,9,1.0,43.0,70.0,,,False,False,True,False,True,False,0.6142857142857143,,,,,,,,2016-02-29,True,False,False,False,False,False,True,False,False,False,False
Singapore,2016,10,1.0,32.0,62.0,,,False,False,True,False,True,False,0.5161290322580645,,,,,,,,2016-03-07,True,False,False,False,False,False,True,False,False,False,False
Singapore,2016,11,1.0,34.0,62.0,,,False,False,True,False,True,False,0.5483870967741935,,,,,,,,2016-03-14,True,False,False,False,False,False,True,False,False,False,False
Singapore,2016,12,1.0,29.0,50.0,,,False,False,True,False,True,False,0.58,,,,,,,,2016-03-21,True,False,False,False,False,False,True,False,False,False,False
Singapore,2016,13,1.0,13.0,26.0,,,False,False,True,False,True,False,0.5,,,,,,,,2016-03-28,True,False,False,False,False,False,True,False,False,False,False
Singapore,2016,14,1.0,8.0,27.0,,,False,False,True,False,True,False,0.2962962962962963,,,,,,,,2016-04-04,True,False,False,False,False,False,True,False,False,False,False
Singapore,2016,15,1.0,8.0,28.0,,,False,False,True,False,True,False,0.2857142857142857,,,,,,,,2016-04-11,True,False,False,False,False,False,True,False,False,False,False
Singapore,2016,16,1.0,7.0,23.0,,,False,False,True,False,True,False,0.3043478260869565,,,,,,,,2016-04-18,True,False,False,False,False,False,True,False,False,False,False
Singapore,2016,17,1.0,15.0,31.0,,,False,False,True,False,True,False,0.4838709677419355,,,,,,,,2016-04-25,True,False,False,False,False,False,True,False,False,False,False
Singapore,2016,18,1.0,7.0,23.0,,,False,False,True,False,True,False,0.3043478260869565,,,,,,,,2016-05-02,True,False,False,False,False,False,True,False,False,False,False
Singapore,2016,19,1.0,10.0,42.0,,,False,False,True,False,True,False,0.238095238095238,,,,,,,,2016-05-09,True,False,False,False,False,False,True,False,False,False,False
Singapore,2016,20,1.0,12.0,36.0,,,False,False,True,False,True,False,0.3333333333333333,,,,,,,,2016-05-16,True,False,False,False,False,False,True,False,False,False,False
Singapore,2016,21,1.0,16.0,31.0,,,False,False,True,False,True,False,0.5161290322580645,,,,,,,,2016-05-23,True,False,False,False,False,False,True,False,False,False,False
Singapore,2016,22,1.0,15.0,24.0,,,False,False,True,False,True,False,0.625,,,,,,,,2016-05-30,True,False,False,False,False,False,True,False,False,False,False
Singapore,2016,23,1.0,23.0,33.0,,,False,False,True,False,True,False,0.696969696969697,,,,,,,,2016-06-06,True,False,False,False,False,False,True,False,False,False,False
Singapore,2016,24,1.0,11.0,23.0,,,False,False,True,False,True,False,0.4782608695652174,,,,,,,,2016-06-13,True,False,False,False,False,False,True,False,False,False,False
Singapore,2016,25,1.0,37.0,52.0,,,False,False,True,False,True,False,0.7115384615384616,,,,,,,,2016-06-20,True,False,False,False,False,False,True,False,False,False,False
Singapore,2016,26,1.0,53.0,74.0,,,False,False,True,False,True,False,0.7162162162162162,,,,,,,,2016-06-27,True,False,False,False,False,False,True,False,False,False,False
Singapore,2016,27,1.0,31.0,59.0,,,False,False,True,False,True,False,0.5254237288135594,,,,,,,,2016-07-04,True,False,False,False,False,False,True,False,False,False,False
Singapore,2016,28,1.0,67.0,91.0,,,False,False,True,False,True,False,0.7362637362637363,,,,,,,,2016-07-11,True,False,False,False,False,False,True,False,False,False,False
Singapore,2016,29,1.0,75.0,119.0,,,False,False,True,False,True,False,0.6302521008403361,,,,,,,,2016-07-18,True,False,False,False,False,False,True,False,False,False,False
Singapore,2016,30,1.0,63.0,128.0,,,False,False,True,False,True,False,0.4921875,,,,,,,,2016-07-25,True,False,False,False,False,False,True,False,False,False,False
Singapore,2016,31,1.0,70.0,142.0,,,False,False,True,False,True,False,0.4929577464788732,,,,,,,,2016-08-01,True,False,False,False,False,False,True,False,False,False,False
Singapore,2016,32,1.0,32.0,71.0,,,False,False,True,False,True,False,0.4507042253521127,,,,,,,,2016-08-08,True,False,False,False,False,False,True,False,False,False,False
Singapore,2016,33,1.0,36.0,85.0,,,False,False,True,False,True,False,0.4235294117647059,,,,,,,,2016-08-15,True,False,False,False,False,False,True,False,False,False,False
Singapore,2016,34,1.0,15.0,49.0,,,False,False,True,False,True,False,0.3061224489795918,,,,,,,,2016-08-22,True,False,False,False,False,False,True,False,False,False,False
Singapore,2016,35,1.0,15.0,42.0,,,False,False,True,False,True,False,0.3571428571428571,,,,,,,,2016-08-29,True,False,False,False,False,False,True,False,False,False,False
Singapore,2016,36,1.0,12.0,40.0,,,False,False,True,False,True,False,0.3,,,,,,,,2016-09-05,True,False,False,False,False,False,True,False,False,False,False
Singapore,2016,37,1.0,9.0,34.0,,,False,False,True,False,True,False,0.2647058823529412,,,,,,,,2016-09-12,True,False,False,False,False,False,True,False,False,False,False
Singapore,2016,38,1.0,7.0,17.0,,,False,False,True,False,True,False,0.4117647058823529,,,,,,,,2016-09-19,True,False,False,False,False,False,True,False,False,False,False
Singapore,2016,39,1.0,6.0,21.0,,,False,False,True,False,True,False,0.2857142857142857,,,,,,,,2016-09-26,True,False,False,False,False,False,True,False,False,False,False
Singapore,2016,40,1.0,3.0,15.0,,,False,False,True,False,True,False,0.2,,,,,,,,2016-10-03,True,False,False,False,False,False,True,False,False,False,False
Singapore,2016,41,1.0,4.0,14.0,,,False,False,True,False,True,False,0.2857142857142857,,,,,,,,2016-10-10,True,False,False,False,False,False,True,False,False,False,False
Singapore,2016,42,1.0,4.0,14.0,,,False,False,True,False,True,False,0.2857142857142857,,,,,,,,2016-10-17,True,False,False,False,False,False,True,False,False,False,False
Singapore,2016,43,1.0,0.0,7.0,,,False,False,True,False,True,False,0.0,,,,,,,,2016-10-24,True,False,False,False,False,False,True,False,False,False,False
Singapore,2016,44,1.0,8.0,16.0,,,False,False,True,False,True,False,0.5,,,,,,,,2016-10-31,True,False,False,False,False,False,True,False,False,False,False
Singapore,2016,45,1.0,6.0,14.0,,,False,False,True,False,True,False,0.4285714285714285,,,,,,,,2016-11-07,True,False,False,False,False,False,True,False,False,False,False
Singapore,2016,46,1.0,6.0,18.0,,,False,False,True,False,True,False,0.3333333333333333,,,,,,,,2016-11-14,True,False,False,False,False,False,True,False,False,False,False
Singapore,2016,47,1.0,8.0,21.0,,,False,False,True,False,True,False,0.3809523809523809,,,,,,,,2016-11-21,True,False,False,False,False,False,True,False,False,False,False
Singapore,2016,48,1.0,2.0,11.0,,,False,False,True,False,True,False,0.1818181818181818,,,,,,,,2016-11-28,True,False,False,False,False,False,True,False,False,False,False
Singapore,2016,49,1.0,6.0,12.0,,,False,False,True,False,True,False,0.5,,,,,,,,2016-12-05,True,False,False,False,False,False,True,False,False,False,False
Singapore,2016,50,1.0,4.0,12.0,,,False,False,True,False,True,False,0.3333333333333333,,,,,,,,2016-12-12,True,False,False,False,False,False,True,False,False,False,False
Singapore,2016,51,1.0,3.0,12.0,,,False,False,True,False,True,False,0.25,,,,,,,,2016-12-19,True,False,False,False,False,False,True,False,False,False,False
Singapore,2016,52,1.0,5.0,13.0,,,False,False,True,False,True,False,0.3846153846153846,,,,,,,,2016-12-26,True,False,False,False,False,False,True,False,False,False,False
Singapore,2017,1,1.0,9.0,18.0,,,False,False,True,False,True,False,0.5,,,,,,,,2017-01-02,True,False,False,False,False,False,True,False,False,False,False
Singapore,2017,2,1.0,21.0,36.0,,,False,False,True,False,True,False,0.5833333333333334,,,,,,,,2017-01-09,True,False,False,False,False,False,True,False,False,False,False
Singapore,2017,3,1.0,16.0,31.0,,,False,False,True,False,True,False,0.5161290322580645,,,,,,,,2017-01-16,True,False,False,False,False,False,True,False,False,False,False
Singapore,2017,4,1.0,5.0,17.0,,,False,False,True,False,True,False,0.2941176470588235,,,,,,,,2017-01-23,True,False,False,False,False,False,True,False,False,False,False
Singapore,2017,5,1.0,12.0,18.0,,,False,False,True,False,True,False,0.6666666666666666,,,,,,,,2017-01-30,True,False,False,False,False,False,True,False,False,False,False
Singapore,2017,6,1.0,22.0,45.0,,,False,False,True,False,True,False,0.4888888888888889,,,,,,,,2017-02-06,True,False,False,False,False,False,True,False,False,False,False
Singapore,2017,7,1.0,21.0,41.0,,,False,False,True,False,True,False,0.5121951219512195,,,,,,,,2017-02-13,True,False,False,False,False,False,True,False,False,False,False
Singapore,2017,8,1.0,13.0,34.0,,,False,False,True,False,True,False,0.3823529411764705,,,,,,,,2017-02-20,True,False,False,False,False,False,True,False,False,False,False
Singapore,2017,9,1.0,16.0,32.0,,,False,False,True,False,True,False,0.5,,,,,,,,2017-02-27,True,False,False,False,False,False,True,False,False,False,False
Singapore,2017,10,1.0,14.0,33.0,,,False,False,True,False,True,False,0.4242424242424242,,,,,,,,2017-03-06,True,False,False,False,False,False,True,False,False,False,False
Singapore,2017,11,1.0,22.0,41.0,,,False,False,True,False,True,False,0.5365853658536586,,,,,,,,2017-03-13,True,False,False,False,False,False,True,False,False,False,False
Singapore,2017,12,1.0,21.0,36.0,,,False,False,True,False,True,False,0.5833333333333334,,,,,,,,2017-03-20,True,False,False,False,False,False,True,False,False,False,False
Singapore,2017,13,1.0,23.0,36.0,,,False,False,True,False,True,False,0.6388888888888888,,,,,,,,2017-03-27,True,False,False,False,False,False,True,False,False,False,False
Singapore,2017,14,1.0,15.0,38.0,,,False,False,True,False,True,False,0.3947368421052631,,,,,,,,2017-04-03,True,False,False,False,False,False,True,False,False,False,False
Singapore,2017,15,1.0,16.0,38.0,,,False,False,True,False,True,False,0.4210526315789473,,,,,,,,2017-04-10,True,False,False,False,False,False,True,False,False,False,False
Singapore,2017,16,1.0,22.0,39.0,,,False,False,True,False,True,False,0.5641025641025641,,,,,,,,2017-04-17,True,False,False,False,False,False,True,False,False,False,False
Singapore,2017,17,1.0,33.0,57.0,,,False,False,True,False,True,False,0.5789473684210527,,,,,,,,2017-04-24,True,False,False,False,False,False,True,False,False,False,False
Singapore,2017,18,1.0,38.0,67.0,,,False,False,True,False,True,False,0.5671641791044776,,,,,,,,2017-05-01,True,False,False,False,False,False,True,False,False,False,False
Singapore,2017,19,1.0,34.0,64.0,,,False,False,True,False,True,False,0.53125,,,,,,,,2017-05-08,True,False,False,False,False,False,True,False,False,False,False
Singapore,2017,20,1.0,68.0,105.0,,,False,False,True,False,True,False,0.6476190476190476,,,,,,,,2017-05-15,True,False,False,False,False,False,True,False,False,False,False
Singapore,2017,21,1.0,71.0,105.0,,,False,False,True,False,True,False,0.6761904761904762,,,,,,,,2017-05-22,True,False,False,False,False,False,True,False,False,False,False
Singapore,2017,22,1.0,42.0,55.0,,,False,False,True,False,True,False,0.7636363636363637,,,,,,,,2017-05-29,True,False,False,False,False,False,True,False,False,False,False
Singapore,2017,23,1.0,52.0,80.0,,,False,False,True,False,True,False,0.65,,,,,,,,2017-06-05,True,False,False,False,False,False,True,False,False,False,False
Singapore,2017,24,1.0,46.0,71.0,,,False,False,True,False,True,False,0.647887323943662,,,,,,,,2017-06-12,True,False,False,False,False,False,True,False,False,False,False
Singapore,2017,25,1.0,32.0,59.0,,,False,False,True,False,True,False,0.5423728813559322,,,,,,,,2017-06-19,True,False,False,False,False,False,True,False,False,False,False
Singapore,2017,26,1.0,24.0,46.0,,,False,False,True,False,True,False,0.5217391304347826,,,,,,,,2017-06-26,True,False,False,False,False,False,True,False,False,False,False
Singapore,2017,27,1.0,27.0,50.0,,,False,False,True,False,True,False,0.54,,,,,,,,2017-07-03,True,False,False,False,False,False,True,False,False,False,False
Singapore,2017,28,1.0,18.0,43.0,,,False,False,True,False,True,False,0.4186046511627907,,,,,,,,2017-07-10,True,False,False,False,False,False,True,False,False,False,False
Singapore,2017,29,1.0,27.0,56.0,,,False,False,True,False,True,False,0.4821428571428571,,,,,,,,2017-07-17,True,False,False,False,False,False,True,False,False,False,False
Singapore,2017,30,1.0,14.0,39.0,,,False,False,True,False,True,False,0.358974358974359,,,,,,,,2017-07-24,True,False,False,False,False,False,True,False,False,False,False
Singapore,2017,31,1.0,9.0,33.0,,,False,False,True,False,True,False,0.2727272727272727,,,,,,,,2017-07-31,True,False,False,False,False,False,True,False,False,False,False
Singapore,2017,32,1.0,4.0,10.0,,,False,False,True,False,True,False,0.4,,,,,,,,2017-08-07,True,False,False,False,False,False,True,False,False,False,False
Singapore,2017,33,1.0,13.0,30.0,,,False,False,True,False,True,False,0.4333333333333333,,,,,,,,2017-08-14,True,False,False,False,False,False,True,False,False,False,False
Singapore,2017,34,1.0,15.0,35.0,,,False,False,True,False,True,False,0.4285714285714285,,,,,,,,2017-08-21,True,False,False,False,False,False,True,False,False,False,False
Singapore,2017,35,1.0,1.0,17.0,,,False,False,True,False,True,False,0.0588235294117647,,,,,,,,2017-08-28,True,False,False,False,False,False,True,False,False,False,False
Singapore,2017,36,1.0,6.0,22.0,,,False,False,True,False,True,False,0.2727272727272727,,,,,,,,2017-09-04,True,False,False,False,False,False,True,False,False,False,False
Singapore,2017,37,1.0,10.0,27.0,,,False,False,True,False,True,False,0.3703703703703703,,,,,,,,2017-09-11,True,False,False,False,False,False,True,False,False,False,False
Singapore,2017,38,1.0,3.0,15.0,,,False,False,True,False,True,False,0.2,,,,,,,,2017-09-18,True,False,False,False,False,False,True,False,False,False,False
Singapore,2017,39,1.0,7.0,24.0,,,False,False,True,False,True,False,0.2916666666666667,,,,,,,,2017-09-25,True,False,False,False,False,False,True,False,False,False,False
Singapore,2017,40,1.0,15.0,29.0,,,False,False,True,False,True,False,0.5172413793103449,,,,,,,,2017-10-02,True,False,False,False,False,False,True,False,False,False,False
Singapore,2017,41,1.0,9.0,27.0,,,False,False,True,False,True,False,0.3333333333333333,,,,,,,,2017-10-09,True,False,False,False,False,False,True,False,False,False,False
Singapore,2017,42,1.0,7.0,18.0,,,False,False,True,False,True,False,0.3888888888888889,,,,,,,,2017-10-16,True,False,False,False,False,False,True,False,False,False,False
Singapore,2017,43,1.0,7.0,17.0,,,False,False,True,False,True,False,0.4117647058823529,,,,,,,,2017-10-23,True,False,False,False,False,False,True,False,False,False,False
Singapore,2017,44,1.0,10.0,22.0,,,False,False,True,False,True,False,0.4545454545454545,,,,,,,,2017-10-30,True,False,False,False,False,False,True,False,False,False,False
Singapore,2017,45,1.0,10.0,28.0,,,False,False,True,False,True,False,0.3571428571428571,,,,,,,,2017-11-06,True,False,False,False,False,False,True,False,False,False,False
Singapore,2017,46,1.0,15.0,36.0,,,False,False,True,False,True,False,0.4166666666666667,,,,,,,,2017-11-13,True,False,False,False,False,False,True,False,False,False,False
Singapore,2017,47,1.0,12.0,33.0,,,False,False,True,False,True,False,0.3636363636363636,,,,,,,,2017-11-20,True,False,False,False,False,False,True,False,False,False,False
Singapore,2017,48,1.0,12.0,43.0,,,False,False,True,False,True,False,0.2790697674418604,,,,,,,,2017-11-27,True,False,False,False,False,False,True,False,False,False,False
Singapore,2017,49,1.0,14.0,32.0,,,False,False,True,False,True,False,0.4375,,,,,,,,2017-12-04,True,False,False,False,False,False,True,False,False,False,False
Singapore,2017,50,1.0,9.0,23.0,,,False,False,True,False,True,False,0.391304347826087,,,,,,,,2017-12-11,True,False,False,False,False,False,True,False,False,False,False
Singapore,2017,51,1.0,8.0,37.0,,,False,False,True,False,True,False,0.2162162162162162,,,,,,,,2017-12-18,True,False,False,False,False,False,True,False,False,False,False
Singapore,2017,52,1.0,8.0,25.0,,,False,False,True,False,True,False,0.32,,,,,,,,2017-12-25,True,False,False,False,False,False,True,False,False,False,False
Singapore,2018,1,1.0,11.0,34.0,,,False,False,True,False,True,False,0.3235294117647059,,,,,,,,2018-01-01,True,False,False,False,False,False,True,False,False,False,False
Singapore,2018,2,1.0,46.0,83.0,,,False,False,True,False,True,False,0.5542168674698795,,,,,,,,2018-01-08,True,False,False,False,False,False,True,False,False,False,False
Singapore,2018,3,1.0,27.0,56.0,,,False,False,True,False,True,False,0.4821428571428571,,,,,,,,2018-01-15,True,False,False,False,False,False,True,False,False,False,False
Singapore,2018,4,1.0,38.0,87.0,,,False,False,True,False,True,False,0.4367816091954023,,,,,,,,2018-01-22,True,False,False,False,False,False,True,False,False,False,False
Singapore,2018,5,1.0,46.0,91.0,,,False,False,True,False,True,False,0.5054945054945055,,,,,,,,2018-01-29,True,False,False,False,False,False,True,False,False,False,False
Singapore,2018,6,1.0,53.0,126.0,,,False,False,True,False,True,False,0.4206349206349206,,,,,,,,2018-02-05,True,False,False,False,False,False,True,False,False,False,False
Singapore,2018,7,1.0,29.0,79.0,,,False,False,True,False,True,False,0.3670886075949367,,,,,,,,2018-02-12,True,False,False,False,False,False,True,False,False,False,False
Singapore,2018,8,1.0,21.0,74.0,,,False,False,True,False,True,False,0.2837837837837837,,,,,,,,2018-02-19,True,False,False,False,False,False,True,False,False,False,False
Singapore,2018,9,1.0,43.0,112.0,,,False,False,True,False,True,False,0.3839285714285714,,,,,,,,2018-02-26,True,False,False,False,False,False,True,False,False,False,False
Singapore,2018,10,1.0,18.0,74.0,,,False,False,True,False,True,False,0.2432432432432432,,,,,,,,2018-03-05,True,False,False,False,False,False,True,False,False,False,False
Singapore,2018,11,1.0,26.0,78.0,,,False,False,True,False,True,False,0.3333333333333333,,,,,,,,2018-03-12,True,False,False,False,False,False,True,False,False,False,False
Singapore,2018,12,1.0,16.0,71.0,,,False,False,True,False,True,False,0.2253521126760563,,,,,,,,2018-03-19,True,False,False,False,False,False,True,False,False,False,False
Singapore,2018,13,1.0,9.0,81.0,,,False,False,True,False,True,False,0.1111111111111111,,,,,,,,2018-03-26,True,False,False,False,False,False,True,False,False,False,False
Singapore,2018,14,1.0,24.0,80.0,,,False,False,True,False,True,False,0.3,,,,,,,,2018-04-02,True,False,False,False,False,False,True,False,False,False,False
Singapore,2018,15,1.0,18.0,64.0,,,False,False,True,False,True,False,0.28125,,,,,,,,2018-04-09,True,False,False,False,False,False,True,False,False,False,False
Singapore,2018,16,1.0,13.0,73.0,,,False,False,True,False,True,False,0.1780821917808219,,,,,,,,2018-04-16,True,False,False,False,False,False,True,False,False,False,False
Singapore,2018,17,1.0,13.0,69.0,,,False,False,True,False,True,False,0.1884057971014492,,,,,,,,2018-04-23,True,False,False,False,False,False,True,False,False,False,False
Singapore,2018,18,1.0,8.0,38.0,,,False,False,True,False,True,False,0.2105263157894736,,,,,,,,2018-04-30,True,False,False,False,False,False,True,False,False,False,False
Singapore,2018,19,1.0,19.0,57.0,,,False,False,True,False,True,False,0.3333333333333333,,,,,,,,2018-05-07,True,False,False,False,False,False,True,False,False,False,False
Singapore,2018,20,1.0,20.0,77.0,,,False,False,True,False,True,False,0.2597402597402597,,,,,,,,2018-05-14,True,False,False,False,False,False,True,False,False,False,False
Singapore,2018,21,1.0,19.0,56.0,,,False,False,True,False,True,False,0.3392857142857143,,,,,,,,2018-05-21,True,False,False,False,False,False,True,False,False,False,False
Singapore,2018,22,1.0,6.0,34.0,,,False,False,True,False,True,False,0.1764705882352941,,,,,,,,2018-05-28,True,False,False,False,False,False,True,False,False,False,False
Singapore,2018,23,1.0,15.0,54.0,,,False,False,True,False,True,False,0.2777777777777778,,,,,,,,2018-06-04,True,False,False,False,False,False,True,False,False,False,False
Singapore,2018,24,1.0,11.0,62.0,,,False,False,True,False,True,False,0.1774193548387097,,,,,,,,2018-06-11,True,False,False,False,False,False,True,False,False,False,False
Singapore,2018,25,1.0,9.0,33.0,,,False,False,True,False,True,False,0.2727272727272727,,,,,,,,2018-06-18,True,False,False,False,False,False,True,False,False,False,False
Singapore,2018,26,1.0,17.0,59.0,,,False,False,True,False,True,False,0.288135593220339,,,,,,,,2018-06-25,True,False,False,False,False,False,True,False,False,False,False
Singapore,2018,27,1.0,18.0,53.0,,,False,False,True,False,True,False,0.3396226415094339,,,,,,,,2018-07-02,True,False,False,False,False,False,True,False,False,False,False
Singapore,2018,28,1.0,16.0,50.0,,,False,False,True,False,True,False,0.32,,,,,,,,2018-07-09,True,False,False,False,False,False,True,False,False,False,False
Singapore,2018,29,1.0,21.0,60.0,,,False,False,True,False,True,False,0.35,,,,,,,,2018-07-16,True,False,False,False,False,False,True,False,False,False,False
Singapore,2018,30,1.0,17.0,54.0,,,False,False,True,False,True,False,0.3148148148148148,,,,,,,,2018-07-23,True,False,False,False,False,False,True,False,False,False,False
Singapore,2018,31,1.0,11.0,53.0,,,False,False,True,False,True,False,0.2075471698113207,,,,,,,,2018-07-30,True,False,False,False,False,False,True,False,False,False,False
Singapore,2018,32,1.0,3.0,30.0,,,False,False,True,False,True,False,0.1,,,,,,,,2018-08-06,True,False,False,False,False,False,True,False,False,False,False
Singapore,2018,33,1.0,9.0,36.0,,,False,False,True,False,True,False,0.25,,,,,,,,2018-08-13,True,False,False,False,False,False,True,False,False,False,False
Singapore,2018,34,1.0,5.0,39.0,,,False,False,True,False,True,False,0.1282051282051282,,,,,,,,2018-08-20,True,False,False,False,False,False,True,False,False,False,False
Singapore,2018,35,1.0,6.0,33.0,,,False,False,True,False,True,False,0.1818181818181818,,,,,,,,2018-08-27,True,False,False,False,False,False,True,False,False,False,False
Singapore,2018,36,1.0,2.0,25.0,,,False,False,True,False,True,False,0.08,,,,,,,,2018-09-03,True,False,False,False,False,False,True,False,False,False,False
Singapore,2018,37,1.0,10.0,50.0,,,False,False,True,False,True,False,0.2,,,,,,,,2018-09-10,True,False,False,False,False,False,True,False,False,False,False
Singapore,2018,38,1.0,8.0,50.0,,,False,False,True,False,True,False,0.16,,,,,,,,2018-09-17,True,False,False,False,False,False,True,False,False,False,False
Singapore,2018,39,1.0,17.0,61.0,,,False,False,True,False,True,False,0.2786885245901639,,,,,,,,2018-09-24,True,False,False,False,False,False,True,False,False,False,False
Singapore,2018,40,1.0,15.0,72.0,,,False,False,True,False,True,False,0.2083333333333333,,,,,,,,2018-10-01,True,False,False,False,False,False,True,False,False,False,False
Singapore,2018,41,1.0,8.0,50.0,,,False,False,True,False,True,False,0.16,,,,,,,,2018-10-08,True,False,False,False,False,False,True,False,False,False,False
Singapore,2018,42,1.0,20.0,53.0,,,False,False,True,False,True,False,0.3773584905660377,,,,,,,,2018-10-15,True,False,False,False,False,False,True,False,False,False,False
Singapore,2018,43,1.0,13.0,61.0,,,False,False,True,False,True,False,0.2131147540983606,,,,,,,,2018-10-22,True,False,False,False,False,False,True,False,False,False,False
Singapore,2018,44,1.0,12.0,59.0,,,False,False,True,False,True,False,0.2033898305084746,,,,,,,,2018-10-29,True,False,False,False,False,False,True,False,False,False,False
Singapore,2018,45,1.0,34.0,69.0,,,False,False,True,False,True,False,0.4927536231884058,,,,,,,,2018-11-05,True,False,False,False,False,False,True,False,False,False,False
Singapore,2018,46,1.0,43.0,82.0,,,False,False,True,False,True,False,0.524390243902439,,,,,,,,2018-11-12,True,False,False,False,False,False,True,False,False,False,False
Singapore,2018,47,1.0,52.0,96.0,,,False,False,True,False,True,False,0.5416666666666666,,,,,,,,2018-11-19,True,False,False,False,False,False,True,False,False,False,False
Singapore,2018,48,1.0,40.0,65.0,,,False,False,True,False,True,False,0.6153846153846154,,,,,,,,2018-11-26,True,False,False,False,False,False,True,False,False,False,False
Singapore,2018,49,1.0,63.0,122.0,,,False,False,True,False,True,False,0.5163934426229508,,,,,,,,2018-12-03,True,False,False,False,False,False,True,False,False,False,False
Singapore,2018,50,1.0,39.0,86.0,,,False,False,True,False,True,False,0.4534883720930232,,,,,,,,2018-12-10,True,False,False,False,False,False,True,False,False,False,False
Singapore,2018,51,1.0,34.0,127.0,,,False,False,True,False,True,False,0.2677165354330709,,,,,,,,2018-12-17,True,False,False,False,False,False,True,False,False,False,False
Singapore,2018,52,1.0,15.0,41.0,,,False,False,True,False,True,False,0.3658536585365853,,,,,,,,2018-12-24,True,False,False,False,False,False,True,False,False,False,False
Singapore,2019,1,1.0,13.0,27.0,,,False,False,True,False,True,False,0.4814814814814814,,,,,,,,2018-12-31,True,False,False,False,False,False,True,False,False,False,False
Singapore,2019,2,1.0,33.0,76.0,,,False,False,True,False,True,False,0.4342105263157895,,,,,,,,2019-01-07,True,False,False,False,False,False,True,False,False,False,False
Singapore,2019,3,1.0,32.0,71.0,,,False,False,True,False,True,False,0.4507042253521127,,,,,,,,2019-01-14,True,False,False,False,False,False,True,False,False,False,False
Singapore,2019,4,1.0,29.0,75.0,,,False,False,True,False,True,False,0.3866666666666666,,,,,,,,2019-01-21,True,False,False,False,False,False,True,False,False,False,False
Singapore,2019,5,1.0,22.0,73.0,,,False,False,True,False,True,False,0.3013698630136986,,,,,,,,2019-01-28,True,False,False,False,False,False,True,False,False,False,False
Singapore,2019,6,1.0,10.0,38.0,,,False,False,True,False,True,False,0.2631578947368421,,,,,,,,2019-02-04,True,False,False,False,False,False,True,False,False,False,False
Singapore,2019,7,1.0,25.0,78.0,,,False,False,True,False,True,False,0.3205128205128205,,,,,,,,2019-02-11,True,False,False,False,False,False,True,False,False,False,False
Singapore,2019,8,1.0,30.0,74.0,,,False,False,True,False,True,False,0.4054054054054054,,,,,,,,2019-02-18,True,False,False,False,False,False,True,False,False,False,False
Singapore,2019,9,1.0,27.0,72.0,,,False,False,True,False,True,False,0.375,,,,,,,,2019-02-25,True,False,False,False,False,False,True,False,False,False,False
Singapore,2019,10,1.0,8.0,62.0,,,False,False,True,False,True,False,0.1290322580645161,,,,,,,,2019-03-04,True,False,False,False,False,False,True,False,False,False,False
Singapore,2019,11,1.0,8.0,46.0,,,False,False,True,False,True,False,0.1739130434782608,,,,,,,,2019-03-11,True,False,False,False,False,False,True,False,False,False,False
Singapore,2019,12,1.0,18.0,46.0,,,False,False,True,False,True,False,0.391304347826087,,,,,,,,2019-03-18,True,False,False,False,False,False,True,False,False,False,False
Singapore,2019,13,1.0,9.0,59.0,,,False,False,True,False,True,False,0.1525423728813559,,,,,,,,2019-03-25,True,False,False,False,False,False,True,False,False,False,False
Singapore,2019,14,1.0,10.0,53.0,,,False,False,True,False,True,False,0.1886792452830188,,,,,,,,2019-04-01,True,False,False,False,False,False,True,False,False,False,False
Singapore,2019,15,1.0,10.0,62.0,,,False,False,True,False,True,False,0.1612903225806451,,,,,,,,2019-04-08,True,False,False,False,False,False,True,False,False,False,False
Singapore,2019,16,1.0,13.0,40.0,,,False,False,True,False,True,False,0.325,,,,,,,,2019-04-15,True,False,False,False,False,False,True,False,False,False,False
Singapore,2019,17,1.0,11.0,51.0,,,False,False,True,False,True,False,0.2156862745098039,,,,,,,,2019-04-22,True,False,False,False,False,False,True,False,False,False,False
Singapore,2019,18,1.0,8.0,47.0,,,False,False,True,False,True,False,0.1702127659574468,,,,,,,,2019-04-29,True,False,False,False,False,False,True,False,False,False,False
Singapore,2019,19,1.0,15.0,61.0,,,False,False,True,False,True,False,0.2459016393442623,,,,,,,,2019-05-06,True,False,False,False,False,False,True,False,False,False,False
Singapore,2019,20,1.0,16.0,55.0,,,False,False,True,False,True,False,0.2909090909090909,,,,,,,,2019-05-13,True,False,False,False,False,False,True,False,False,False,False
Singapore,2019,21,1.0,8.0,42.0,,,False,False,True,False,True,False,0.1904761904761904,,,,,,,,2019-05-20,True,False,False,False,False,False,True,False,False,False,False
Singapore,2019,22,1.0,22.0,51.0,,,False,False,True,False,True,False,0.4313725490196078,,,,,,,,2019-05-27,True,False,False,False,False,False,True,False,False,False,False
Singapore,2019,23,1.0,24.0,72.0,,,False,False,True,False,True,False,0.3333333333333333,,,,,,,,2019-06-03,True,False,False,False,False,False,True,False,False,False,False
Singapore,2019,24,1.0,30.0,91.0,,,False,False,True,False,True,False,0.3296703296703296,,,,,,,,2019-06-10,True,False,False,False,False,False,True,False,False,False,False
Singapore,2019,25,1.0,38.0,112.0,,,False,False,True,False,True,False,0.3392857142857143,,,,,,,,2019-06-17,True,False,False,False,False,False,True,False,False,False,False
Singapore,2019,26,1.0,28.0,83.0,,,False,False,True,False,True,False,0.3373493975903614,,,,,,,,2019-06-24,True,False,False,False,False,False,True,False,False,False,False
Singapore,2019,27,1.0,29.0,77.0,,,False,False,True,False,True,False,0.3766233766233766,,,,,,,,2019-07-01,True,False,False,False,False,False,True,False,False,False,False
Singapore,2019,28,1.0,51.0,114.0,,,False,False,True,False,True,False,0.4473684210526316,,,,,,,,2019-07-08,True,False,False,False,False,False,True,False,False,False,False
Singapore,2019,29,1.0,71.0,126.0,,,False,False,True,False,True,False,0.5634920634920635,,,,,,,,2019-07-15,True,False,False,False,False,False,True,False,False,False,False
Singapore,2019,30,1.0,34.0,116.0,,,False,False,True,False,True,False,0.293103448275862,,,,,,,,2019-07-22,True,False,False,False,False,False,True,False,False,False,False
Singapore,2019,31,1.0,35.0,105.0,,,False,False,True,False,True,False,0.3333333333333333,,,,,,,,2019-07-29,True,False,False,False,False,False,True,False,False,False,False
Singapore,2019,32,1.0,10.0,51.0,,,False,False,True,False,True,False,0.196078431372549,,,,,,,,2019-08-05,True,False,False,False,False,False,True,False,False,False,False
Singapore,2019,33,1.0,12.0,37.0,,,False,False,True,False,True,False,0.3243243243243243,,,,,,,,2019-08-12,True,False,False,False,False,False,True,False,False,False,False
Singapore,2019,34,1.0,11.0,55.0,,,False,False,True,False,True,False,0.2,,,,,,,,2019-08-19,True,False,False,False,False,False,True,False,False,False,False
Singapore,2019,35,1.0,12.0,61.0,,,False,False,True,False,True,False,0.1967213114754098,,,,,,,,2019-08-26,True,False,False,False,False,False,True,False,False,False,False
Singapore,2019,36,1.0,9.0,61.0,,,False,False,True,False,True,False,0.1475409836065573,,,,,,,,2019-09-02,True,False,False,False,False,False,True,False,False,False,False
Singapore,2019,37,1.0,12.0,56.0,,,False,False,True,False,True,False,0.2142857142857142,,,,,,,,2019-09-09,True,False,False,False,False,False,True,False,False,False,False
Singapore,2019,38,1.0,12.0,63.0,,,False,False,True,False,True,False,0.1904761904761904,,,,,,,,2019-09-16,True,False,False,False,False,False,True,False,False,False,False
Singapore,2019,39,1.0,11.0,57.0,,,False,False,True,False,True,False,0.1929824561403508,,,,,,,,2019-09-23,True,False,False,False,False,False,True,False,False,False,False
Singapore,2019,40,1.0,14.0,65.0,,,False,False,True,False,True,False,0.2153846153846154,,,,,,,,2019-09-30,True,False,False,False,False,False,True,False,False,False,False
Singapore,2019,41,1.0,13.0,60.0,,,False,False,True,False,True,False,0.2166666666666666,,,,,,,,2019-10-07,True,False,False,False,False,False,True,False,False,False,False
Singapore,2019,42,1.0,12.0,71.0,,,False,False,True,False,True,False,0.1690140845070422,,,,,,,,2019-10-14,True,False,False,False,False,False,True,False,False,False,False
Singapore,2019,43,1.0,16.0,63.0,,,False,False,True,False,True,False,0.2539682539682539,,,,,,,,2019-10-21,True,False,False,False,False,False,True,False,False,False,False
Singapore,2019,44,1.0,16.0,85.0,,,False,False,True,False,True,False,0.188235294117647,,,,,,,,2019-10-28,True,False,False,False,False,False,True,False,False,False,False
Singapore,2019,45,1.0,18.0,56.0,,,False,False,True,False,True,False,0.3214285714285714,,,,,,,,2019-11-04,True,False,False,False,False,False,True,False,False,False,False
Singapore,2019,46,1.0,21.0,66.0,,,False,False,True,False,True,False,0.3181818181818182,,,,,,,,2019-11-11,True,False,False,False,False,False,True,False,False,False,False
Singapore,2019,47,1.0,25.0,63.0,,,False,False,True,False,True,False,0.3968253968253968,,,,,,,,2019-11-18,True,False,False,False,False,False,True,False,False,False,False
Singapore,2019,48,1.0,38.0,79.0,,,False,False,True,False,True,False,0.4810126582278481,,,,,,,,2019-11-25,True,False,False,False,False,False,True,False,False,False,False
Singapore,2019,49,1.0,39.0,74.0,,,False,False,True,False,True,False,0.527027027027027,,,,,,,,2019-12-02,True,False,False,False,False,False,True,False,False,False,False
Singapore,2019,50,1.0,37.0,97.0,,,False,False,True,False,True,False,0.3814432989690721,,,,,,,,2019-12-09,True,False,False,False,False,False,True,False,False,False,False
Singapore,2019,51,1.0,56.0,105.0,,,False,False,True,False,True,False,0.5333333333333333,,,,,,,,2019-12-16,True,False,False,False,False,False,True,False,False,False,False
Singapore,2019,52,1.0,43.0,74.0,,,False,False,True,False,True,False,0.581081081081081,,,,,,,,2019-12-23,True,False,False,False,False,False,True,False,False,False,False
Singapore,2020,1,1.0,26.0,41.0,,,False,False,True,False,True,False,0.6341463414634146,,1.0,0.0,False,0.0,True,True,2019-12-30,True,False,True,False,True,False,True,False,True,False,False
Singapore,2020,2,1.0,92.0,159.0,,,False,False,True,False,True,False,0.5786163522012578,,1.0,0.0,False,0.0,True,True,2020-01-06,True,False,True,False,True,False,True,False,True,False,False
Singapore,2020,3,1.0,99.0,180.0,,,False,False,True,False,True,False,0.55,,1.0,0.0,False,0.0,True,True,2020-01-13,True,False,True,False,True,False,True,False,True,False,False
Singapore,2020,4,1.0,70.0,169.0,,,False,False,True,False,True,False,0.4142011834319526,,1.0,4.0,False,4.0,True,False,2020-01-20,True,False,True,False,True,False,True,False,True,False,False
Singapore,2020,5,1.0,34.0,144.0,,,False,False,True,False,True,False,0.2361111111111111,,1.0,14.0,False,14.0,True,False,2020-01-27,True,False,True,False,True,False,True,False,True,False,False
Singapore,2020,6,1.0,27.0,147.0,,,False,False,True,False,True,False,0.1836734693877551,,1.0,22.0,False,22.0,True,False,2020-02-03,True,False,True,False,True,False,True,False,True,False,False
Singapore,2020,7,1.0,4.0,104.0,,,False,False,True,False,True,False,0.0384615384615384,,1.0,32.0,False,32.0,True,False,2020-02-10,True,False,True,False,True,False,True,False,True,False,False
Singapore,2020,8,1.0,1.0,82.0,,,False,False,True,False,True,False,0.0121951219512195,,1.0,17.0,False,17.0,True,False,2020-02-17,True,False,True,False,True,False,True,False,True,False,False
Singapore,2020,9,1.0,2.0,58.0,,,False,False,True,False,True,False,0.0344827586206896,,1.0,13.0,False,13.0,True,False,2020-02-24,True,False,True,False,True,False,True,False,True,False,False
Singapore,2020,10,1.0,4.0,61.0,,,False,False,True,False,True,False,0.0655737704918032,,1.0,36.0,False,36.0,True,False,2020-03-02,True,False,True,False,True,False,True,False,True,False,False
Singapore,2020,11,1.0,4.0,105.0,,,False,False,True,False,True,False,0.0380952380952381,,1.0,74.0,False,74.0,True,False,2020-03-09,True,False,True,False,True,False,True,False,True,False,False
Singapore,2020,12,1.0,6.0,157.0,,,False,False,True,False,True,False,0.0382165605095541,,1.0,220.0,False,220.0,True,False,2020-03-16,True,False,True,False,True,False,True,False,True,False,False
Singapore,2020,13,1.0,4.0,90.0,,,False,False,True,False,True,False,0.0444444444444444,,1.0,370.0,False,370.0,True,False,2020-03-23,True,False,True,False,True,False,True,False,True,False,False
Singapore,2020,14,1.0,2.0,104.0,,,False,False,True,False,True,False,0.0192307692307692,,1.0,387.0,False,387.0,True,False,2020-03-30,True,False,True,False,True,False,True,False,True,False,False
Singapore,2020,15,1.0,0.0,55.0,,,False,False,True,False,True,False,0.0,,1.0,1110.0,False,1110.0,True,False,2020-04-06,True,False,True,False,True,False,True,False,True,False,False
Singapore,2020,16,1.0,0.0,42.0,,,False,False,True,False,True,False,0.0,,1.0,3693.0,False,3693.0,True,False,2020-04-13,True,False,True,False,True,False,True,False,True,False,False
Singapore,2020,17,1.0,1.0,38.0,,,False,False,True,False,True,False,0.0263157894736842,,1.0,6701.0,False,6701.0,True,False,2020-04-20,True,False,True,False,True,False,True,False,True,False,False
Singapore,2020,18,1.0,0.0,31.0,,,False,False,True,False,True,False,0.0,,1.0,4855.0,False,4855.0,True,False,2020-04-27,True,False,True,False,True,False,True,False,True,False,False
Singapore,2020,19,1.0,0.0,30.0,,,False,False,True,False,True,False,0.0,,1.0,4912.0,False,4912.0,True,False,2020-05-04,True,False,True,False,True,False,True,False,True,False,False
Singapore,2020,20,1.0,0.0,21.0,,,False,False,True,False,True,False,0.0,,1.0,4896.0,False,4896.0,True,False,2020-05-11,True,False,True,False,True,False,True,False,True,False,False
Singapore,2020,21,1.0,0.0,13.0,,,False,False,True,False,True,False,0.0,,1.0,3712.0,False,3712.0,True,False,2020-05-18,True,False,True,False,True,False,True,False,True,False,False
Singapore,2020,22,1.0,0.0,12.0,,,False,False,True,False,True,False,0.0,,1.0,3298.0,False,3298.0,True,False,2020-05-25,True,False,True,False,True,False,True,False,True,False,False
Singapore,2020,23,1.0,0.0,13.0,,,False,False,True,False,True,False,0.0,,1.0,3161.0,False,3161.0,True,False,2020-06-01,True,False,True,False,True,False,True,False,True,False,False
Singapore,2020,24,1.0,0.0,44.0,,,False,False,True,False,True,False,0.0,,1.0,2670.0,False,2670.0,True,False,2020-06-08,True,False,True,False,True,False,True,False,True,False,False
Singapore,2020,25,1.0,0.0,42.0,,,False,False,True,False,True,False,0.0,,1.0,1636.0,False,1636.0,True,False,2020-06-15,True,False,True,False,True,False,True,False,True,False,False
Singapore,2020,26,1.0,0.0,28.0,,,False,False,True,False,True,False,0.0,,1.0,1413.0,False,1413.0,True,False,2020-06-22,True,False,True,False,True,False,True,False,True,False,False
Singapore,2020,27,1.0,0.0,53.0,,,False,False,True,False,True,False,0.0,,1.0,1418.0,False,1418.0,True,False,2020-06-29,True,False,True,False,True,False,True,False,True,False,False
Singapore,2020,28,1.0,0.0,33.0,,,False,False,True,False,True,False,0.0,,1.0,1118.0,False,1118.0,True,False,2020-07-06,True,False,True,False,True,False,True,False,True,False,False
Singapore,2020,29,1.0,0.0,38.0,,,False,False,True,False,True,False,0.0,,1.0,1873.0,False,1873.0,True,False,2020-07-13,True,False,True,False,True,False,True,False,True,False,False
Singapore,2020,30,1.0,0.0,40.0,,,False,False,True,False,True,False,0.0,,1.0,2233.0,False,2233.0,True,False,2020-07-20,True,False,True,False,True,False,True,False,True,False,False
Singapore,2020,31,1.0,0.0,31.0,,,False,False,True,False,True,False,0.0,,1.0,2624.0,False,2624.0,True,False,2020-07-27,True,False,True,False,True,False,True,False,True,False,False
Singapore,2020,32,1.0,0.0,37.0,,,False,False,True,False,True,False,0.0,,1.0,2417.0,False,2417.0,True,False,2020-08-03,True,False,True,False,True,False,True,False,True,False,False
Singapore,2020,33,1.0,0.0,29.0,,,False,False,True,False,True,False,0.0,,1.0,732.0,False,732.0,True,False,2020-08-10,True,False,True,False,True,False,True,False,True,False,False
Singapore,2020,34,1.0,0.0,48.0,,,False,False,True,False,True,False,0.0,,1.0,605.0,False,605.0,True,False,2020-08-17,True,False,True,False,True,False,True,False,True,False,False
Singapore,2020,35,1.0,0.0,34.0,,,False,False,True,False,True,False,0.0,,1.0,451.0,False,451.0,True,False,2020-08-24,True,False,True,False,True,False,True,False,True,False,False
Singapore,2020,36,1.0,0.0,55.0,,,False,False,True,False,True,False,0.0,,1.0,265.0,False,265.0,True,False,2020-08-31,True,False,True,False,True,False,True,False,True,False,False
Singapore,2020,37,1.0,0.0,65.0,,,False,False,True,False,True,False,0.0,,1.0,375.0,False,375.0,True,False,2020-09-07,True,False,True,False,True,False,True,False,True,False,False
Singapore,2020,38,1.0,0.0,66.0,,,False,False,True,False,True,False,0.0,,1.0,201.0,False,201.0,True,False,2020-09-14,True,False,True,False,True,False,True,False,True,False,False
Singapore,2020,39,1.0,0.0,101.0,,,False,False,True,False,True,False,0.0,,1.0,127.0,False,127.0,True,False,2020-09-21,True,False,True,False,True,False,True,False,True,False,False
Singapore,2020,40,1.0,0.0,60.0,,,False,False,True,False,True,False,0.0,,1.0,115.0,False,115.0,True,False,2020-09-28,True,False,True,False,True,False,True,False,True,False,False
Singapore,2020,41,1.0,0.0,50.0,,,False,False,True,False,True,False,0.0,,1.0,66.0,False,66.0,True,False,2020-10-05,True,False,True,False,True,False,True,False,True,False,False
Singapore,2020,42,1.0,0.0,57.0,,,False,False,True,False,True,False,0.0,,1.0,38.0,False,38.0,True,False,2020-10-12,True,False,True,False,True,False,True,False,True,False,False
Singapore,2020,43,1.0,0.0,55.0,,,False,False,True,False,True,False,0.0,,1.0,61.0,False,61.0,True,False,2020-10-19,True,False,True,False,True,False,True,False,True,False,False
Singapore,2020,44,1.0,0.0,58.0,,,False,False,True,False,True,False,0.0,,1.0,50.0,False,50.0,True,False,2020-10-26,True,False,True,False,True,False,True,False,True,False,False
Singapore,2020,45,1.0,0.0,53.0,,,False,False,True,False,True,False,0.0,,1.0,39.0,False,39.0,True,False,2020-11-02,True,False,True,False,True,False,True,False,True,False,False
Singapore,2020,46,1.0,0.0,42.0,,,False,False,True,False,True,False,0.0,,1.0,62.0,False,62.0,True,False,2020-11-09,True,False,True,False,True,False,True,False,True,False,False
Singapore,2020,47,1.0,0.0,39.0,,,False,False,True,False,True,False,0.0,,1.0,32.0,False,32.0,True,False,2020-11-16,True,False,True,False,True,False,True,False,True,False,False
Singapore,2020,48,1.0,0.0,35.0,,,False,False,True,False,True,False,0.0,,1.0,57.0,False,57.0,True,False,2020-11-23,True,False,True,False,True,False,True,False,True,False,False
Singapore,2020,49,1.0,0.0,47.0,,,False,False,True,False,True,False,0.0,,1.0,50.0,False,50.0,True,False,2020-11-30,True,False,True,False,True,False,True,False,True,False,False
Singapore,2020,50,1.0,0.0,44.0,,,False,False,True,False,True,False,0.0,,1.0,58.0,False,58.0,True,False,2020-12-07,True,False,True,False,True,False,True,False,True,False,False
Singapore,2020,51,1.0,0.0,41.0,,,False,False,True,False,True,False,0.0,,1.0,90.0,False,90.0,True,False,2020-12-14,True,False,True,False,True,False,True,False,True,False,False
Singapore,2020,52,1.0,0.0,31.0,,,False,False,True,False,True,False,0.0,,1.0,116.0,False,116.0,True,False,2020-12-21,True,False,True,False,True,False,True,False,True,False,False
Singapore,2020,53,1.0,0.0,22.0,,,False,False,True,False,True,False,0.0,,1.0,178.0,False,178.0,True,False,2020-12-28,True,False,True,False,True,False,True,False,True,False,False
Singapore,2021,1,1.0,0.0,39.0,,,False,False,True,False,True,False,0.0,,1.0,210.0,False,210.0,True,False,2021-01-04,True,False,True,False,True,False,True,False,True,False,False
Singapore,2021,2,1.0,0.0,46.0,,,False,False,True,False,True,False,0.0,,1.0,206.0,False,206.0,True,False,2021-01-11,True,False,True,False,True,False,True,False,True,False,False
Singapore,2021,3,1.0,0.0,83.0,,,False,False,True,False,True,False,0.0,,1.0,195.0,False,195.0,True,False,2021-01-18,True,False,True,False,True,False,True,False,True,False,False
Singapore,2021,4,1.0,0.0,66.0,,,False,False,True,False,True,False,0.0,,1.0,228.0,False,228.0,True,False,2021-01-25,True,False,True,False,True,False,True,False,True,False,False
Singapore,2021,5,1.0,0.0,53.0,,,False,False,True,False,True,False,0.0,,1.0,163.0,False,163.0,True,False,2021-02-01,True,False,True,False,True,False,True,False,True,False,False
Singapore,2021,6,1.0,0.0,32.0,,,False,False,True,False,True,False,0.0,,1.0,101.0,False,101.0,True,False,2021-02-08,True,False,True,False,True,False,True,False,True,False,False
Singapore,2021,7,1.0,0.0,65.0,,,False,False,True,False,True,False,0.0,,1.0,69.0,False,69.0,True,False,2021-02-15,True,False,True,False,True,False,True,False,True,False,False
Singapore,2021,8,1.0,0.0,66.0,,,False,False,True,False,True,False,0.0,,1.0,67.0,False,67.0,True,False,2021-02-22,True,False,True,False,True,False,True,False,True,False,False
Singapore,2021,9,1.0,0.0,84.0,,,False,False,True,False,True,False,0.0,,1.0,97.0,False,97.0,True,False,2021-03-01,True,False,True,False,True,False,True,False,True,False,False
Singapore,2021,10,1.0,0.0,84.0,,,False,False,True,False,True,False,0.0,,1.0,72.0,False,72.0,True,False,2021-03-08,True,False,True,False,True,False,True,False,True,False,False
Singapore,2021,11,1.0,0.0,77.0,,,False,False,True,False,True,False,0.0,,1.0,91.0,False,91.0,True,False,2021-03-15,True,False,True,False,True,False,True,False,True,False,False
Singapore,2021,12,1.0,0.0,56.0,,,False,False,True,False,True,False,0.0,,1.0,104.0,False,104.0,True,False,2021-03-22,True,False,True,False,True,False,True,False,True,False,False
Singapore,2021,13,1.0,0.0,59.0,,,False,False,True,False,True,False,0.0,,1.0,178.0,False,178.0,True,False,2021-03-29,True,False,True,False,True,False,True,False,True,False,False
Singapore,2021,14,1.0,0.0,72.0,,,False,False,True,False,True,False,0.0,,1.0,175.0,False,175.0,True,False,2021-04-05,True,False,True,False,True,False,True,False,True,False,False
Singapore,2021,15,1.0,0.0,80.0,,,False,False,True,False,True,False,0.0,,1.0,178.0,False,178.0,True,False,2021-04-12,True,False,True,False,True,False,True,False,True,False,False
Singapore,2021,16,1.0,0.0,72.0,,,False,False,True,False,True,False,0.0,,1.0,175.0,False,175.0,True,False,2021-04-19,True,False,True,False,True,False,True,False,True,False,False
Singapore,2021,17,1.0,0.0,72.0,,,False,False,True,False,True,False,0.0,,1.0,212.0,False,212.0,True,False,2021-04-26,True,False,True,False,True,False,True,False,True,False,False
Singapore,2021,18,1.0,0.0,101.0,,,False,False,True,False,True,False,0.0,,1.0,141.0,False,141.0,True,False,2021-05-03,True,False,True,False,True,False,True,False,True,False,False
Singapore,2021,19,1.0,0.0,80.0,,,False,False,True,False,True,False,0.0,,1.0,226.0,False,226.0,True,False,2021-05-10,True,False,True,False,True,False,True,False,True,False,False
Singapore,2021,20,1.0,0.0,93.0,,,False,False,True,False,True,False,0.0,,1.0,239.0,False,239.0,True,False,2021-05-17,True,False,True,False,True,False,True,False,True,False,False
Singapore,2021,21,1.0,0.0,44.0,,,False,False,True,False,True,False,0.0,,1.0,204.0,False,204.0,True,False,2021-05-24,True,False,True,False,True,False,True,False,True,False,False
Singapore,2021,22,1.0,0.0,31.0,,,False,False,True,False,True,False,0.0,,1.0,168.0,False,168.0,True,False,2021-05-31,True,False,True,False,True,False,True,False,True,False,False
Singapore,2021,23,1.0,0.0,28.0,,,False,False,True,False,True,False,0.0,,1.0,80.0,False,80.0,True,False,2021-06-07,True,False,True,False,True,False,True,False,True,False,False
Singapore,2021,24,1.0,0.0,30.0,,,False,False,True,False,True,False,0.0,,1.0,138.0,False,138.0,True,False,2021-06-14,True,False,True,False,True,False,True,False,True,False,False
Singapore,2021,25,1.0,0.0,26.0,,,False,False,True,False,True,False,0.0,,1.0,130.0,False,130.0,True,False,2021-06-21,True,False,True,False,True,False,True,False,True,False,False
Singapore,2021,26,1.0,0.0,35.0,,,False,False,True,False,True,False,0.0,,1.0,73.0,False,73.0,True,False,2021-06-28,True,False,True,False,True,False,True,False,True,False,False
Singapore,2021,27,1.0,1.0,30.0,,,False,False,True,False,True,False,0.0333333333333333,,1.0,75.0,False,75.0,True,False,2021-07-05,True,False,True,False,True,False,True,False,True,False,False
Singapore,2021,28,1.0,0.0,60.0,,,False,False,True,False,True,False,0.0,,1.0,381.0,False,381.0,True,False,2021-07-12,True,False,True,False,True,False,True,False,True,False,False
Singapore,2021,29,1.0,0.0,46.0,,,False,False,True,False,True,False,0.0,,1.0,1106.0,False,1106.0,True,False,2021-07-19,True,False,True,False,True,False,True,False,True,False,False
Singapore,2021,30,1.0,0.0,51.0,,,False,False,True,False,True,False,0.0,,1.0,923.0,False,923.0,True,False,2021-07-26,True,False,True,False,True,False,True,False,True,False,False
Singapore,2021,31,1.0,0.0,33.0,,,False,False,True,False,True,False,0.0,,1.0,662.0,False,662.0,True,False,2021-08-02,True,False,True,False,True,False,True,False,True,False,False
Singapore,2021,32,1.0,0.0,21.0,,,False,False,True,False,True,False,0.0,,1.0,408.0,False,408.0,True,False,2021-08-09,True,False,True,False,True,False,True,False,True,False,False
Singapore,2021,33,1.0,0.0,33.0,,,False,False,True,False,True,False,0.0,,1.0,306.0,False,306.0,True,False,2021-08-16,True,False,True,False,True,False,True,False,True,False,False
Singapore,2021,34,1.0,0.0,49.0,,,False,False,True,False,True,False,0.0,,1.0,826.0,False,826.0,True,False,2021-08-23,True,False,True,False,True,False,True,False,True,False,False
Singapore,2021,35,1.0,0.0,46.0,,,False,False,True,False,True,False,0.0,,1.0,1356.0,False,1356.0,True,False,2021-08-30,True,False,True,False,True,False,True,False,True,False,False
Singapore,2021,36,1.0,0.0,37.0,,,False,False,True,False,True,False,0.0,,1.0,3027.0,False,3027.0,True,False,2021-09-06,True,False,True,False,True,False,True,False,True,False,False
Singapore,2021,37,1.0,0.0,46.0,,,False,False,True,False,True,False,0.0,,1.0,6117.0,False,6117.0,True,False,2021-09-13,True,False,True,False,True,False,True,False,True,False,False
Singapore,2021,38,1.0,0.0,40.0,,,False,False,True,False,True,False,0.0,,1.0,10088.0,False,10088.0,True,False,2021-09-20,True,False,True,False,True,False,True,False,True,False,False
Singapore,2021,39,1.0,0.0,33.0,,,False,False,True,False,True,False,0.0,,1.0,15951.0,False,15951.0,True,False,2021-09-27,True,False,True,False,True,False,True,False,True,False,False
Singapore,2021,40,1.0,0.0,20.0,,,False,False,True,False,True,False,0.0,,1.0,23123.0,False,23123.0,True,False,2021-10-04,True,False,True,False,True,False,True,False,True,False,False
Singapore,2021,41,1.0,0.0,27.0,,,False,False,True,False,True,False,0.0,,1.0,21212.0,False,21212.0,True,False,2021-10-11,True,False,True,False,True,False,True,False,True,False,False
Singapore,2021,42,1.0,0.0,26.0,,,False,False,True,False,True,False,0.0,,1.0,24466.0,False,24466.0,True,False,2021-10-18,True,False,True,False,True,False,True,False,True,False,False
Singapore,2021,43,1.0,0.0,25.0,,,False,False,True,False,True,False,0.0,,1.0,25730.0,False,25730.0,True,False,2021-10-25,True,False,True,False,True,False,True,False,True,False,False
Singapore,2021,44,1.0,0.0,24.0,,,False,False,True,False,True,False,0.0,,1.0,19959.0,False,19959.0,True,False,2021-11-01,True,False,True,False,True,False,True,False,True,False,False
Singapore,2021,45,1.0,0.0,26.0,,,False,False,True,False,True,False,0.0,,1.0,18870.0,False,18870.0,True,False,2021-11-08,True,False,True,False,True,False,True,False,True,False,False
Singapore,2021,46,1.0,0.0,44.0,,,False,False,True,False,True,False,0.0,,1.0,14985.0,False,14985.0,True,False,2021-11-15,True,False,True,False,True,False,True,False,True,False,False
Singapore,2021,47,1.0,0.0,50.0,,,False,False,True,False,True,False,0.0,,1.0,10195.0,False,10195.0,True,False,2021-11-22,True,False,True,False,True,False,True,False,True,False,False
Singapore,2021,48,1.0,0.0,44.0,,,False,False,True,False,True,False,0.0,,1.0,6828.0,False,6828.0,True,False,2021-11-29,True,False,True,False,True,False,True,False,True,False,False
Singapore,2021,49,1.0,0.0,45.0,,,False,False,True,False,True,False,0.0,,1.0,4151.0,False,4151.0,True,False,2021-12-06,True,False,True,False,True,False,True,False,True,False,False
Singapore,2021,50,1.0,0.0,40.0,,,False,False,True,False,True,False,0.0,,1.0,2548.0,False,2548.0,True,False,2021-12-13,True,False,True,False,True,False,True,False,True,False,False
Singapore,2021,51,1.0,0.0,25.0,,,False,False,True,False,True,False,0.0,,1.0,1854.0,False,1854.0,True,False,2021-12-20,True,False,True,False,True,False,True,False,True,False,False
Singapore,2021,52,1.0,0.0,5.0,,,False,False,True,False,True,False,0.0,,1.0,2526.0,False,2526.0,True,False,2021-12-27,True,False,True,False,True,False,True,False,True,False,False
Singapore,2022,1,1.0,0.0,30.0,,,False,False,True,False,True,False,0.0,,1.0,5357.0,False,5357.0,True,False,2022-01-03,True,False,True,False,True,False,True,False,True,False,False
Singapore,2022,2,1.0,0.0,44.0,,,False,False,True,False,True,False,0.0,,1.0,6202.0,False,6202.0,True,False,2022-01-10,True,False,True,False,True,False,True,False,True,False,False
Singapore,2022,3,1.0,0.0,68.0,,,False,False,True,False,True,False,0.0,,1.0,21923.0,False,21923.0,True,False,2022-01-17,True,False,True,False,True,False,True,False,True,False,False
Singapore,2022,4,1.0,0.0,71.0,,,False,False,True,False,True,False,0.0,,1.0,34558.0,False,34558.0,True,False,2022-01-24,True,False,True,False,True,False,True,False,True,False,False
Singapore,2022,5,1.0,0.0,21.0,,,False,False,True,False,True,False,0.0,,1.0,49493.0,False,49493.0,True,False,2022-01-31,True,False,True,False,True,False,True,False,True,False,False
Singapore,2022,6,1.0,0.0,54.0,,,False,False,True,False,True,False,0.0,,1.0,71672.0,False,71672.0,True,False,2022-02-07,True,False,True,False,True,False,True,False,True,False,False
Singapore,2022,7,1.0,0.0,57.0,,,False,False,True,False,True,False,0.0,,1.0,113143.0,False,113143.0,True,False,2022-02-14,True,False,True,False,True,False,True,False,True,False,False
Singapore,2022,8,1.0,3.0,70.0,,,False,False,True,False,True,False,0.0428571428571428,,1.0,128242.0,False,128242.0,True,False,2022-02-21,True,False,True,False,True,False,True,False,True,False,False
Singapore,2022,9,1.0,7.0,60.0,,,False,False,True,False,True,False,0.1166666666666666,,1.0,121941.0,False,121941.0,True,False,2022-02-28,True,False,True,False,True,False,True,False,True,False,False
Singapore,2022,10,1.0,1.0,51.0,,,False,False,True,False,True,False,0.0196078431372549,,1.0,106615.0,False,106615.0,True,False,2022-03-07,True,False,True,False,True,False,True,False,True,False,False
Singapore,2022,11,1.0,1.0,49.0,,,False,False,True,False,True,False,0.0204081632653061,,1.0,75581.0,False,75581.0,True,False,2022-03-14,True,False,True,False,True,False,True,False,True,False,False
Singapore,2022,12,1.0,0.0,38.0,,,False,False,True,False,True,False,0.0,,1.0,56988.0,False,56988.0,True,False,2022-03-21,True,False,True,False,True,False,True,False,True,False,False
Singapore,2022,13,1.0,1.0,51.0,,,False,False,True,False,True,False,0.0196078431372549,,1.0,37739.0,False,37739.0,True,False,2022-03-28,True,False,True,False,True,False,True,False,True,False,False
Singapore,2022,14,1.0,0.0,54.0,,,False,False,True,False,True,False,0.0,,1.0,28257.0,False,28257.0,True,False,2022-04-04,True,False,True,False,True,False,True,False,True,False,False
Singapore,2022,15,1.0,0.0,49.0,,,False,False,True,False,True,False,0.0,,1.0,22299.0,False,22299.0,True,False,2022-04-11,True,False,True,False,True,False,True,False,True,False,False
Singapore,2022,16,1.0,1.0,60.0,,,False,False,True,False,True,False,0.0166666666666666,,1.0,21868.0,False,21868.0,True,False,2022-04-18,True,False,True,False,True,False,True,False,True,False,False
Singapore,2022,17,1.0,0.0,97.0,,,False,False,True,False,True,False,0.0,,1.0,17472.0,False,17472.0,True,False,2022-04-25,True,False,True,False,True,False,True,False,True,False,False
Singapore,2022,18,1.0,0.0,15.0,,,False,False,True,False,True,False,0.0,,1.0,18282.0,False,18282.0,True,False,2022-05-02,True,False,True,False,True,False,True,False,True,False,False
Singapore,2022,19,1.0,1.0,159.0,,,False,False,True,False,True,False,0.0062893081761006,,1.0,24962.0,False,24962.0,True,False,2022-05-09,True,False,True,False,True,False,True,False,True,False,False
Singapore,2022,20,1.0,0.0,139.0,,,False,False,True,False,True,False,0.0,,1.0,26751.0,False,26751.0,True,False,2022-05-16,True,False,True,False,True,False,True,False,True,False,False
Singapore,2022,21,1.0,2.0,190.0,,,False,False,True,False,True,False,0.0105263157894736,,1.0,26285.0,False,26285.0,True,False,2022-05-23,True,False,True,False,True,False,True,False,True,False,False
Singapore,2022,22,1.0,2.0,160.0,,,False,False,True,False,True,False,0.0125,,1.0,23064.0,False,23064.0,True,False,2022-05-30,True,False,True,False,True,False,True,False,True,False,False
Singapore,2022,23,1.0,2.0,191.0,,,False,False,True,False,True,False,0.0104712041884816,,1.0,22272.0,False,22272.0,True,False,2022-06-06,True,False,True,False,True,False,True,False,True,False,False
Singapore,2022,24,1.0,4.0,169.0,,,False,False,True,False,True,False,0.0236686390532544,,1.0,26505.0,False,26505.0,True,False,2022-06-13,True,False,True,False,True,False,True,False,True,False,False
Singapore,2022,25,1.0,6.0,215.0,,,False,False,True,False,True,False,0.027906976744186,,1.0,40597.0,False,40597.0,True,False,2022-06-20,True,False,True,False,True,False,True,False,True,False,False
Singapore,2022,26,1.0,21.0,284.0,,,False,False,True,False,True,False,0.0739436619718309,,1.0,52749.0,False,52749.0,True,False,2022-06-27,True,False,True,False,True,False,True,False,True,False,False
Singapore,2022,27,1.0,9.0,156.0,,,False,False,True,False,True,False,0.0576923076923076,,1.0,62774.0,False,62774.0,True,False,2022-07-04,True,False,True,False,True,False,True,False,True,False,False
Singapore,2022,28,1.0,15.0,196.0,,,False,False,True,False,True,False,0.0765306122448979,,1.0,65218.0,False,65218.0,True,False,2022-07-11,True,False,True,False,True,False,True,False,True,False,False
Singapore,2022,29,1.0,22.0,249.0,,,False,False,True,False,True,False,0.0883534136546184,,1.0,63882.0,False,63882.0,True,False,2022-07-18,True,False,True,False,True,False,True,False,True,False,False
Singapore,2022,30,1.0,26.0,201.0,,,False,False,True,False,True,False,0.1293532338308457,,1.0,55969.0,False,55969.0,True,False,2022-07-25,True,False,True,False,True,False,True,False,True,False,False
Singapore,2022,31,1.0,40.0,235.0,,,False,False,True,False,True,False,0.1702127659574468,,1.0,45827.0,False,45827.0,True,False,2022-08-01,True,False,True,False,True,False,True,False,True,False,False
Singapore,2022,32,1.0,37.0,180.0,,,False,False,True,False,True,False,0.2055555555555555,,1.0,36269.0,False,36269.0,True,False,2022-08-08,True,False,True,False,True,False,True,False,True,False,False
Singapore,2022,33,1.0,33.0,183.0,,,False,False,True,False,True,False,0.180327868852459,,1.0,23871.0,False,23871.0,True,False,2022-08-15,True,False,True,False,True,False,True,False,True,False,False
Singapore,2022,34,1.0,29.0,155.0,,,False,False,True,False,True,False,0.1870967741935484,,1.0,16415.0,False,16415.0,True,False,2022-08-22,True,False,True,False,True,False,True,False,True,False,False
Singapore,2022,35,1.0,38.0,187.0,,,False,False,True,False,True,False,0.2032085561497326,,1.0,13453.0,False,13453.0,True,False,2022-08-29,True,False,True,False,True,False,True,False,True,False,False
Singapore,2022,36,1.0,33.0,180.0,,,False,False,True,False,True,False,0.1833333333333333,,1.0,13712.0,False,13712.0,True,False,2022-09-05,True,False,True,False,True,False,True,False,True,False,False
Singapore,2022,37,1.0,54.0,243.0,,,False,False,True,False,True,False,0.2222222222222222,,1.0,14793.0,False,14793.0,True,False,2022-09-12,True,False,True,False,True,False,True,False,True,False,False
Singapore,2022,38,1.0,69.0,266.0,,,False,False,True,False,True,False,0.2593984962406015,,1.0,16254.0,False,16254.0,True,False,2022-09-19,True,False,True,False,True,False,True,False,True,False,False
Singapore,2022,39,1.0,84.0,298.0,,,False,False,True,False,True,False,0.2818791946308724,,1.0,21873.0,False,21873.0,True,False,2022-09-26,True,False,True,False,True,False,True,False,True,False,False
Singapore,2022,40,1.0,45.0,295.0,,,False,False,True,False,True,False,0.1525423728813559,,1.0,36985.0,False,36985.0,True,False,2022-10-03,True,False,True,False,True,False,True,False,True,False,False
Singapore,2022,41,1.0,66.0,342.0,,,False,False,True,False,True,False,0.1929824561403508,,1.0,57482.0,False,57482.0,True,False,2022-10-10,True,False,True,False,True,False,True,False,True,False,False
Singapore,2022,42,1.0,56.0,252.0,,,False,False,True,False,True,False,0.2222222222222222,,1.0,53825.0,False,53825.0,True,False,2022-10-17,True,False,True,False,True,False,True,False,True,False,False
Singapore,2022,43,1.0,33.0,176.0,,,False,False,True,False,True,False,0.1875,,1.0,36811.0,False,36811.0,True,False,2022-10-24,True,False,True,False,True,False,True,False,True,False,False
Singapore,2022,44,1.0,26.0,178.0,,,False,False,True,False,True,False,0.146067415730337,,1.0,24915.0,False,24915.0,True,False,2022-10-31,True,False,True,False,True,False,True,False,True,False,False
Singapore,2022,45,1.0,13.0,174.0,,,False,False,True,False,True,False,0.0747126436781609,,1.0,16441.0,False,16441.0,True,False,2022-11-07,True,False,True,False,True,False,True,False,True,False,False
Singapore,2022,46,1.0,14.0,152.0,,,False,False,True,False,True,False,0.0921052631578947,,1.0,10918.0,False,10918.0,True,False,2022-11-14,True,False,True,False,True,False,True,False,True,False,False
Singapore,2022,47,1.0,15.0,222.0,,,False,False,True,False,True,False,0.0675675675675675,,1.0,13800.0,False,13800.0,True,False,2022-11-21,True,False,True,False,True,False,True,False,True,False,False
Singapore,2022,48,1.0,19.0,204.0,,,False,False,True,False,True,False,0.0931372549019607,,1.0,8795.0,False,8795.0,True,False,2022-11-28,True,False,True,False,True,False,True,False,True,False,False
Singapore,2022,49,1.0,16.0,183.0,,,False,False,True,False,True,False,0.087431693989071,,1.0,8366.0,False,8366.0,True,False,2022-12-05,True,False,True,False,True,False,True,False,True,False,False
Singapore,2022,50,1.0,24.0,176.0,,,False,False,True,False,True,False,0.1363636363636363,,1.0,8654.0,False,8654.0,True,False,2022-12-12,True,False,True,False,True,False,True,False,True,False,False
Singapore,2022,51,1.0,22.0,130.0,,,False,False,True,False,True,False,0.1692307692307692,,1.0,5481.0,False,5481.0,True,False,2022-12-19,True,False,True,False,True,False,True,False,True,False,False
Singapore,2022,52,1.0,19.0,89.0,,,False,False,True,False,True,False,0.2134831460674157,,1.0,8324.0,False,8324.0,True,False,2022-12-26,True,False,True,False,True,False,True,False,True,False,False
Singapore,2023,1,1.0,21.0,125.0,,,False,False,True,False,True,False,0.168,,1.0,5456.0,False,5456.0,True,False,2023-01-02,True,False,True,False,True,False,True,False,True,False,False
Singapore,2023,2,1.0,26.0,154.0,,,False,False,True,False,True,False,0.1688311688311688,,1.0,3876.0,False,3876.0,True,False,2023-01-09,True,False,True,False,True,False,True,False,True,False,False
Singapore,2023,3,1.0,13.0,142.0,,,False,False,True,False,True,False,0.0915492957746478,,1.0,2518.0,False,2518.0,True,False,2023-01-16,True,False,True,False,True,False,True,False,True,False,False
Singapore,2023,4,1.0,15.0,99.0,,,False,False,True,False,True,False,0.1515151515151515,,1.0,1825.0,False,1825.0,True,False,2023-01-23,True,False,True,False,True,False,True,False,True,False,False
Singapore,2023,5,1.0,34.0,228.0,,,False,False,True,False,True,False,0.1491228070175438,,1.0,2992.0,False,2992.0,True,False,2023-01-30,True,False,True,False,True,False,True,False,True,False,False
Singapore,2023,6,1.0,52.0,217.0,,,False,False,True,False,True,False,0.2396313364055299,,1.0,2881.0,False,2881.0,True,False,2023-02-06,True,False,True,False,True,False,True,False,True,False,False
Singapore,2023,7,1.0,39.0,214.0,,,False,False,True,False,True,False,0.1822429906542056,,1.0,244.0,False,244.0,True,False,2023-02-13,True,False,True,False,True,False,True,False,True,False,False
Singapore,2023,8,1.0,57.0,263.0,,,False,False,True,False,True,False,0.2167300380228136,,1.0,3849.0,False,3849.0,True,False,2023-02-20,True,False,True,False,True,False,True,False,True,False,False
Singapore,2023,9,1.0,76.0,265.0,,,False,False,True,False,True,False,0.2867924528301886,,1.0,4471.0,False,4471.0,True,False,2023-02-27,True,False,True,False,True,False,True,False,True,False,False
Singapore,2023,10,1.0,105.0,315.0,,,False,False,True,False,True,False,0.3333333333333333,,1.0,4426.0,False,4426.0,True,False,2023-03-06,True,False,True,False,True,False,True,False,True,False,False
Singapore,2023,11,1.0,97.0,376.0,,,False,False,True,False,True,False,0.2579787234042553,,1.0,10352.0,False,10352.0,True,False,2023-03-13,True,False,True,False,True,False,True,False,True,False,False
Singapore,2023,12,1.0,91.0,362.0,,,False,False,True,False,True,False,0.2513812154696133,,1.0,10464.0,False,10464.0,True,False,2023-03-20,True,False,True,False,True,False,True,False,True,False,False
Singapore,2023,13,1.0,89.0,366.0,,,False,False,True,False,True,False,0.2431693989071038,,1.0,14467.0,False,14467.0,True,False,2023-03-27,True,False,True,False,True,False,True,False,True,False,False
Singapore,2023,14,1.0,71.0,282.0,,,False,False,True,False,True,False,0.25177304964539,,1.0,28410.0,False,28410.0,True,False,2023-04-03,True,False,True,False,True,False,True,False,True,False,False
Singapore,2023,15,1.0,87.0,389.0,,,False,False,True,False,True,False,0.2236503856041131,,1.0,16018.0,False,16018.0,True,False,2023-04-10,True,False,True,False,True,False,True,False,True,False,False
Singapore,2023,16,1.0,84.0,397.0,,,False,False,True,False,True,False,0.2115869017632241,,1.0,26072.0,False,26072.0,True,False,2023-04-17,True,False,True,False,True,False,True,False,True,False,False
Singapore,2023,17,1.0,46.0,335.0,,,False,False,True,False,True,False,0.1373134328358209,,1.0,27818.0,False,27818.0,True,False,2023-04-24,True,False,True,False,True,False,True,False,True,False,False
Singapore,2023,18,1.0,49.0,279.0,,,False,False,True,False,True,False,0.1756272401433691,,1.0,23417.0,False,23417.0,True,False,2023-05-01,True,False,True,False,True,False,True,False,True,False,False
Singapore,2023,19,1.0,59.0,354.0,,,False,False,True,False,True,False,0.1666666666666666,,1.0,22624.0,False,22624.0,True,False,2023-05-08,True,False,True,False,True,False,True,False,True,False,False
Singapore,2023,20,1.0,52.0,329.0,,,False,False,True,False,True,False,0.1580547112462006,,1.0,24296.0,False,24296.0,True,False,2023-05-15,True,False,True,False,True,False,True,False,True,False,False
Singapore,2023,21,1.0,54.0,347.0,,,False,False,True,False,True,False,0.1556195965417867,,1.0,20767.0,False,20767.0,True,False,2023-05-22,True,False,True,False,True,False,True,False,True,False,False
Singapore,2023,22,1.0,33.0,211.0,,,False,False,True,False,True,False,0.1563981042654028,,1.0,14851.0,False,14851.0,True,False,2023-05-29,True,False,True,False,True,False,True,False,True,False,False
Singapore,2023,23,1.0,40.0,251.0,,,False,False,True,False,True,False,0.1593625498007968,,1.0,8531.0,False,8531.0,True,False,2023-06-05,True,False,True,False,True,False,True,False,True,False,False
Singapore,2023,24,1.0,34.0,197.0,,,False,False,True,False,True,False,0.1725888324873096,,1.0,10432.0,False,10432.0,True,False,2023-06-12,True,False,True,False,True,False,True,False,True,False,False
Singapore,2023,25,1.0,57.0,246.0,,,False,False,True,False,True,False,0.2317073170731707,,1.0,6717.0,False,6717.0,True,False,2023-06-19,True,False,True,False,True,False,True,False,True,False,False
Singapore,2023,26,1.0,37.0,170.0,,,False,False,True,False,True,False,0.2176470588235294,,1.0,11736.0,False,11736.0,True,False,2023-06-26,True,False,True,False,True,False,True,False,True,False,False
Singapore,2023,27,1.0,54.0,233.0,,,False,False,True,False,True,False,0.2317596566523605,,1.0,4302.0,False,4302.0,True,False,2023-07-03,True,False,True,False,True,False,True,False,True,False,False
Singapore,2023,28,1.0,63.0,255.0,,,False,False,True,False,True,False,0.2470588235294117,,1.0,8544.0,False,8544.0,True,False,2023-07-10,True,False,True,False,True,False,True,False,True,False,False
Singapore,2023,29,1.0,73.0,261.0,,,False,False,True,False,True,False,0.2796934865900383,,1.0,5632.0,False,5632.0,True,False,2023-07-17,True,False,True,False,True,False,True,False,True,False,False
Singapore,2023,30,1.0,84.0,281.0,,,False,False,True,False,True,False,0.298932384341637,,1.0,4738.0,False,4738.0,True,False,2023-07-24,True,False,True,False,True,False,True,False,True,False,False
Singapore,2023,31,1.0,84.0,302.0,,,False,False,True,False,True,False,0.2781456953642384,,1.0,4951.0,False,4951.0,True,False,2023-07-31,True,False,True,False,True,False,True,False,True,False,False
Singapore,2023,32,1.0,82.0,259.0,,,False,False,True,False,True,False,0.3166023166023166,,1.0,3485.0,False,3485.0,True,False,2023-08-07,True,False,True,False,True,False,True,False,True,False,False
Singapore,2023,33,1.0,65.0,282.0,,,False,False,True,False,True,False,0.2304964539007092,,1.0,4951.0,False,4951.0,True,False,2023-08-14,True,False,True,False,True,False,True,False,True,False,False
Singapore,2023,34,1.0,88.0,324.0,,,False,False,True,False,True,False,0.2716049382716049,,1.0,7045.0,False,7045.0,True,False,2023-08-21,True,False,True,False,True,False,True,False,True,False,False
Singapore,2023,35,1.0,52.0,241.0,,,False,False,True,False,True,False,0.2157676348547718,,1.0,6650.0,False,6650.0,True,False,2023-08-28,True,False,True,False,True,False,True,False,True,False,False
Singapore,2023,36,1.0,69.0,299.0,,,False,False,True,False,True,False,0.2307692307692307,,1.0,4295.0,False,4295.0,True,False,2023-09-04,True,False,True,False,True,False,True,False,True,False,False
Singapore,2023,37,1.0,77.0,284.0,,,False,False,True,False,True,False,0.2711267605633803,,1.0,7248.0,False,7248.0,True,False,2023-09-11,True,False,True,False,True,False,True,False,True,False,False
Singapore,2023,38,1.0,74.0,346.0,,,False,False,True,False,True,False,0.2138728323699422,,1.0,6401.0,False,6401.0,True,False,2023-09-18,True,False,True,False,True,False,True,False,True,False,False
Singapore,2023,39,1.0,73.0,344.0,,,False,False,True,False,True,False,0.2122093023255813,,1.0,14843.0,False,14843.0,True,False,2023-09-25,True,False,True,False,True,False,True,False,True,False,False
Singapore,2023,40,1.0,48.0,329.0,,,False,False,True,False,True,False,0.1458966565349544,,1.0,15336.0,False,15336.0,True,False,2023-10-02,True,False,True,False,True,False,True,False,True,False,False
Singapore,2023,41,1.0,50.0,305.0,,,False,False,True,False,True,False,0.1639344262295081,,1.0,16250.0,False,16250.0,True,False,2023-10-09,True,False,True,False,True,False,True,False,True,False,False
Singapore,2023,42,1.0,38.0,286.0,,,False,False,True,False,True,False,0.1328671328671328,,1.0,14801.0,False,14801.0,True,False,2023-10-16,True,False,True,False,True,False,True,False,True,False,False
Singapore,2023,43,1.0,27.0,318.0,,,False,False,True,False,True,False,0.0849056603773584,,1.0,17123.0,False,17123.0,True,False,2023-10-23,True,False,True,False,True,False,True,False,True,False,False
Singapore,2023,44,1.0,32.0,285.0,,,False,False,True,False,True,False,0.1122807017543859,,1.0,16062.0,False,16062.0,True,False,2023-10-30,True,False,True,False,True,False,True,False,True,False,False
Singapore,2023,45,1.0,42.0,318.0,,,False,False,True,False,True,False,0.1320754716981132,,1.0,16395.0,False,16395.0,True,False,2023-11-06,True,False,True,False,True,False,True,False,True,False,False
Singapore,2023,46,1.0,23.0,228.0,,,False,False,True,False,True,False,0.1008771929824561,,1.0,15441.0,False,15441.0,True,False,2023-11-13,True,False,True,False,True,False,True,False,True,False,False
Singapore,2023,47,1.0,21.0,261.0,,,False,False,True,False,True,False,0.0804597701149425,,1.0,10726.0,False,10726.0,True,False,2023-11-20,True,False,True,False,True,False,True,False,True,False,False
Singapore,2023,48,1.0,49.0,368.0,,,False,False,True,False,True,False,0.1331521739130435,,1.0,22094.0,False,22094.0,True,False,2023-11-27,True,False,True,False,True,False,True,False,True,False,False
Singapore,2023,49,1.0,54.0,476.0,,,False,False,True,False,True,False,0.1134453781512605,,1.0,32035.0,False,32035.0,True,False,2023-12-04,True,False,True,False,True,False,True,False,True,False,False
Singapore,2023,50,1.0,39.0,420.0,,,False,False,True,False,True,False,0.0928571428571428,,1.0,56043.0,False,56043.0,True,False,2023-12-11,True,False,True,False,True,False,True,False,True,False,False
Singapore,2023,51,1.0,43.0,326.0,,,False,False,True,False,True,False,0.1319018404907975,,1.0,58300.0,False,58300.0,True,False,2023-12-18,True,False,True,False,True,False,True,False,True,False,False
Singapore,2023,52,1.0,45.0,229.0,,,False,False,True,False,True,False,0.1965065502183406,,1.0,39100.0,False,39100.0,True,False,2023-12-25,True,False,True,False,True,False,True,False,True,False,False
Singapore,2024,1,1.0,72.0,252.0,,,False,False,True,False,True,False,0.2857142857142857,,,,,,,,2024-01-01,True,False,False,False,False,False,True,False,False,False,False
Singapore,2024,2,1.0,110.0,356.0,,,False,False,True,False,True,False,0.3089887640449438,,,,,,,,2024-01-08,True,False,False,False,False,False,True,False,False,False,False
Singapore,2024,3,1.0,123.0,365.0,,,False,False,True,False,True,False,0.336986301369863,,,,,,,,2024-01-15,True,False,False,False,False,False,True,False,False,False,False
Singapore,2024,4,1.0,129.0,360.0,,,False,False,True,False,True,False,0.3583333333333333,,,,,,,,2024-01-22,True,False,False,False,False,False,True,False,False,False,False
Singapore,2024,5,1.0,119.0,323.0,,,False,False,True,False,True,False,0.3684210526315789,,,,,,,,2024-01-29,True,False,False,False,False,False,True,False,False,False,False
Singapore,2024,6,1.0,107.0,308.0,,,False,False,True,False,True,False,0.3474025974025974,,,,,,,,2024-02-05,True,False,False,False,False,False,True,False,False,False,False
Singapore,2024,7,1.0,79.0,235.0,,,False,False,True,False,True,False,0.3361702127659574,,,,,,,,2024-02-12,True,False,False,False,False,False,True,False,False,False,False
Singapore,2024,8,1.0,89.0,304.0,,,False,False,True,False,True,False,0.2927631578947368,,,,,,,,2024-02-19,True,False,False,False,False,False,True,False,False,False,False
Singapore,2024,9,1.0,103.0,370.0,,,False,False,True,False,True,False,0.2783783783783783,,,,,,,,2024-02-26,True,False,False,False,False,False,True,False,False,False,False
Singapore,2024,10,1.0,79.0,326.0,,,False,False,True,False,True,False,0.2423312883435582,,,,,,,,2024-03-04,True,False,False,False,False,False,True,False,False,False,False
Singapore,2024,11,1.0,72.0,318.0,,,False,False,True,False,True,False,0.2264150943396226,,,,,,,,2024-03-11,True,False,False,False,False,False,True,False,False,False,False
Singapore,2024,12,1.0,68.0,299.0,,,False,False,True,False,True,False,0.2274247491638795,,,,,,,,2024-03-18,True,False,False,False,False,False,True,False,False,False,False
Singapore,2024,13,1.0,34.0,216.0,,,False,False,True,False,True,False,0.1574074074074074,,,,,,,,2024-03-25,True,False,False,False,False,False,True,False,False,False,False
Singapore,2024,14,1.0,37.0,259.0,,,False,False,True,False,True,False,0.1428571428571428,,,,,,,,2024-04-01,True,False,False,False,False,False,True,False,False,False,False
Singapore,2024,15,1.0,35.0,225.0,,,False,False,True,False,True,False,0.1555555555555555,,,,,,,,2024-04-08,True,False,False,False,False,False,True,False,False,False,False
Singapore,2024,16,1.0,34.0,199.0,,,False,False,True,False,True,False,0.1708542713567839,,,,,,,,2024-04-15,True,False,False,False,False,False,True,False,False,False,False
Singapore,2024,17,1.0,36.0,268.0,,,False,False,True,False,True,False,0.1343283582089552,,,,,,,,2024-04-22,True,False,False,False,False,False,True,False,False,False,False
Singapore,2024,18,1.0,24.0,230.0,,,False,False,True,False,True,False,0.1043478260869565,,,,,,,,2024-04-29,True,False,False,False,False,False,True,False,False,False,False
Singapore,2024,19,1.0,41.0,325.0,,,False,False,True,False,True,False,0.1261538461538461,,,,,,,,2024-05-06,True,False,False,False,False,False,True,False,False,False,False
Singapore,2024,20,1.0,30.0,283.0,,,False,False,True,False,True,False,0.1060070671378091,,,,,,,,2024-05-13,True,False,False,False,False,False,True,False,False,False,False
Singapore,2024,21,1.0,30.0,261.0,,,False,False,True,False,True,False,0.1149425287356321,,,,,,,,2024-05-20,True,False,False,False,False,False,True,False,False,False,False
Singapore,2024,22,1.0,53.0,266.0,,,False,False,True,False,True,False,0.1992481203007518,,,,,,,,2024-05-27,True,False,False,False,False,False,True,False,False,False,False
Singapore,2024,23,1.0,34.0,229.0,,,False,False,True,False,True,False,0.148471615720524,,,,,,,,2024-06-03,True,False,False,False,False,False,True,False,False,False,False
Singapore,2024,24,1.0,56.0,249.0,,,False,False,True,False,True,False,0.2248995983935743,,,,,,,,2024-06-10,True,False,False,False,False,False,True,False,False,False,False
Singapore,2024,25,1.0,47.0,197.0,,,False,False,True,False,True,False,0.2385786802030456,,,,,,,,2024-06-17,True,False,False,False,False,False,True,False,False,False,False
Singapore,2024,26,1.0,70.0,225.0,,,False,False,True,False,True,False,0.3111111111111111,,,,,,,,2024-06-24,True,False,False,False,False,False,True,False,False,False,False
Singapore,2024,27,1.0,69.0,248.0,,,False,False,True,False,True,False,0.2782258064516129,,,,,,,,2024-07-01,True,False,False,False,False,False,True,False,False,False,False
Singapore,2024,28,1.0,82.0,255.0,,,False,False,True,False,True,False,0.3215686274509804,,,,,,,,2024-07-08,True,False,False,False,False,False,True,False,False,False,False
Singapore,2024,29,1.0,80.0,251.0,,,False,False,True,False,True,False,0.3187250996015936,,,,,,,,2024-07-15,True,False,False,False,False,False,True,False,False,False,False
Singapore,2024,30,1.0,43.0,182.0,,,False,False,True,False,True,False,0.2362637362637362,,,,,,,,2024-07-22,True,False,False,False,False,False,True,False,False,False,False
Singapore,2024,31,1.0,34.0,180.0,,,False,False,True,False,True,False,0.1888888888888888,,,,,,,,2024-07-29,True,False,False,False,False,False,True,False,False,False,False
Singapore,2024,32,1.0,22.0,149.0,,,False,False,True,False,True,False,0.1476510067114094,,,,,,,,2024-08-05,True,False,False,False,False,False,True,False,False,False,False
Singapore,2024,33,1.0,26.0,191.0,,,False,False,True,False,True,False,0.1361256544502617,,,,,,,,2024-08-12,True,False,False,False,False,False,True,False,False,False,False
Singapore,2024,34,1.0,31.0,162.0,,,False,False,True,False,True,False,0.191358024691358,,,,,,,,2024-08-19,True,False,False,False,False,False,True,False,False,False,False
Singapore,2024,35,1.0,29.0,177.0,,,False,False,True,False,True,False,0.1638418079096045,,,,,,,,2024-08-26,True,False,False,False,False,False,True,False,False,False,False
Singapore,2024,36,1.0,33.0,160.0,,,False,False,True,False,True,False,0.20625,,,,,,,,2024-09-02,True,False,False,False,False,False,True,False,False,False,False
Singapore,2024,37,1.0,18.0,147.0,,,False,False,True,False,True,False,0.1224489795918367,,,,,,,,2024-09-09,True,False,False,False,False,False,True,False,False,False,False
Singapore,2024,38,1.0,23.0,156.0,,,False,False,True,False,True,False,0.1474358974358974,,,,,,,,2024-09-16,True,False,False,False,False,False,True,False,False,False,False
Singapore,2024,39,1.0,14.0,153.0,,,False,False,True,False,True,False,0.0915032679738562,,,,,,,,2024-09-23,True,False,False,False,False,False,True,False,False,False,False
Singapore,2024,40,1.0,21.0,141.0,,,False,False,True,False,True,False,0.1489361702127659,,,,,,,,2024-09-30,True,False,False,False,False,False,True,False,False,False,False
Singapore,2024,41,1.0,31.0,152.0,,,False,False,True,False,True,False,0.2039473684210526,,,,,,,,2024-10-07,True,False,False,False,False,False,True,False,False,False,False
Singapore,2024,42,1.0,21.0,122.0,,,False,False,True,False,True,False,0.1721311475409836,,,,,,,,2024-10-14,True,False,False,False,False,False,True,False,False,False,False
Singapore,2024,43,1.0,22.0,143.0,,,False,False,True,False,True,False,0.1538461538461538,,,,,,,,2024-10-21,True,False,False,False,False,False,True,False,False,False,False
Singapore,2024,44,1.0,22.0,120.0,,,False,False,True,False,True,False,0.1833333333333333,,,,,,,,2024-10-28,True,False,False,False,False,False,True,False,False,False,False
Singapore,2024,45,1.0,24.0,140.0,,,False,False,True,False,True,False,0.1714285714285714,,,,,,,,2024-11-04,True,False,False,False,False,False,True,False,False,False,False
Singapore,2024,46,1.0,22.0,130.0,,,False,False,True,False,True,False,0.1692307692307692,,,,,,,,2024-11-11,True,False,False,False,False,False,True,False,False,False,False
Singapore,2024,47,1.0,20.0,134.0,,,False,False,True,False,True,False,0.1492537313432835,,,,,,,,2024-11-18,True,False,False,False,False,False,True,False,False,False,False
Singapore,2024,48,1.0,24.0,145.0,,,False,False,True,False,True,False,0.1655172413793103,,,,,,,,2024-11-25,True,False,False,False,False,False,True,False,False,False,False
Singapore,2024,49,1.0,65.0,185.0,,,False,False,True,False,True,False,0.3513513513513513,,,,,,,,2024-12-02,True,False,False,False,False,False,True,False,False,False,False
Singapore,2024,50,1.0,41.0,135.0,,,False,False,True,False,True,False,0.3037037037037037,,,,,,,,2024-12-09,True,False,False,False,False,False,True,False,False,False,False
Singapore,2024,51,1.0,46.0,165.0,,,False,False,True,False,True,False,0.2787878787878788,,,,,,,,2024-12-16,True,False,False,False,False,False,True,False,False,False,False
Singapore,2024,52,1.0,49.0,121.0,,,False,False,True,False,True,False,0.4049586776859504,,,,,,,,2024-12-23,True,False,False,False,False,False,True,False,False,False,False
Singapore,2025,1,1.0,58.0,132.0,,,False,False,True,False,True,False,0.4393939393939394,,,,,,,,2024-12-30,True,False,False,False,False,False,True,False,False,False,False
Singapore,2025,2,1.0,86.0,229.0,,,False,False,True,False,True,False,0.3755458515283842,,,,,,,,2025-01-06,True,False,False,False,False,False,True,False,False,False,False
Singapore,2025,3,1.0,65.0,179.0,,,False,False,True,False,True,False,0.3631284916201117,,,,,,,,2025-01-13,True,False,False,False,False,False,True,False,False,False,False
Singapore,2025,4,1.0,78.0,212.0,,,False,False,True,False,True,False,0.3679245283018867,,,,,,,,2025-01-20,True,False,False,False,False,False,True,False,False,False,False
Singapore,2025,5,1.0,44.0,131.0,,,False,False,True,False,True,False,0.3358778625954198,,,,,,,,2025-01-27,True,False,False,False,False,False,True,False,False,False,False
Singapore,2025,6,1.0,73.0,246.0,,,False,False,True,False,True,False,0.2967479674796748,,,,,,,,2025-02-03,True,False,False,False,False,False,True,False,False,False,False
Singapore,2025,7,1.0,45.0,256.0,,,False,False,True,False,True,False,0.17578125,,,,,,,,2025-02-10,True,False,False,False,False,False,True,False,False,False,False
Singapore,2025,8,1.0,34.0,206.0,,,False,False,True,False,True,False,0.1650485436893204,,,,,,,,2025-02-17,True,False,False,False,False,False,True,False,False,False,False
Singapore,2025,9,1.0,32.0,164.0,,,False,False,True,False,True,False,0.1951219512195122,,,,,,,,2025-02-24,True,False,False,False,False,False,True,False,False,False,False
Singapore,2025,10,1.0,25.0,167.0,,,False,False,True,False,True,False,0.1497005988023952,,,,,,,,2025-03-03,True,False,False,False,False,False,True,False,False,False,False
Singapore,2025,11,1.0,18.0,168.0,,,False,False,True,False,True,False,0.1071428571428571,,,,,,,,2025-03-10,True,False,False,False,False,False,True,False,False,False,False
Singapore,2025,12,1.0,19.0,124.0,,,False,False,True,False,True,False,0.1532258064516129,,,,,,,,2025-03-17,True,False,False,False,False,False,True,False,False,False,False
Singapore,2025,13,1.0,14.0,158.0,,,False,False,True,False,True,False,0.0886075949367088,,,,,,,,2025-03-24,True,False,False,False,False,False,True,False,False,False,False
Singapore,2025,14,1.0,11.0,111.0,,,False,False,True,False,True,False,0.0990990990990991,,,,,,,,2025-03-31,True,False,False,False,False,False,True,False,False,False,False
Singapore,2025,15,1.0,12.0,120.0,,,False,False,True,False,True,False,0.1,,,,,,,,2025-04-07,True,False,False,False,False,False,True,False,False,False,False
Singapore,2025,16,1.0,12.0,110.0,,,False,False,True,False,True,False,0.109090909090909,,,,,,,,2025-04-14,True,False,False,False,False,False,True,False,False,False,False
Singapore,2025,17,1.0,18.0,171.0,,,False,False,True,False,True,False,0.1052631578947368,,,,,,,,2025-04-21,True,False,False,False,False,False,True,False,False,False,False
Singapore,2025,18,1.0,11.0,123.0,,,False,False,True,False,True,False,0.089430894308943,,,,,,,,2025-04-28,True,False,False,False,False,False,True,False,False,False,False
Singapore,2025,19,1.0,18.0,160.0,,,False,False,True,False,True,False,0.1125,,,,,,,,2025-05-05,True,False,False,False,False,False,True,False,False,False,False
Singapore,2025,20,1.0,24.0,148.0,,,False,False,True,False,True,False,0.1621621621621621,,,,,,,,2025-05-12,True,False,False,False,False,False,True,False,False,False,False
Singapore,2025,21,1.0,25.0,184.0,,,False,False,True,False,True,False,0.1358695652173913,,,,,,,,2025-05-19,True,False,False,False,False,False,True,False,False,False,False
Singapore,2025,22,1.0,32.0,184.0,,,False,False,True,False,True,False,0.1739130434782608,,,,,,,,2025-05-26,True,False,False,False,False,False,True,False,False,False,False
Singapore,2025,23,1.0,19.0,151.0,,,False,False,True,False,True,False,0.1258278145695364,,,,,,,,2025-06-02,True,False,False,False,False,False,True,False,False,False,False
Singapore,2025,24,1.0,15.0,138.0,,,False,False,True,False,True,False,0.108695652173913,,,,,,,,2025-06-09,True,False,False,False,False,False,True,False,False,False,False
Singapore,2025,25,1.0,19.0,137.0,,,False,False,True,False,True,False,0.1386861313868613,,,,,,,,2025-06-16,True,False,False,False,False,False,True,False,False,False,False
Singapore,2025,26,1.0,25.0,128.0,,,False,False,True,False,True,False,0.1953125,,,,,,,,2025-06-23,True,False,False,False,False,False,True,False,False,False,False
Singapore,2025,27,1.0,21.0,135.0,,,False,False,True,False,True,False,0.1555555555555555,,,,,,,,2025-06-30,True,False,False,False,False,False,True,False,False,False,False
Singapore,2025,28,1.0,9.0,105.0,,,False,False,True,False,True,False,0.0857142857142857,,,,,,,,2025-07-07,True,False,False,False,False,False,True,False,False,False,False
Singapore,2025,29,1.0,13.0,114.0,,,False,False,True,False,True,False,0.1140350877192982,,,,,,,,2025-07-14,True,False,False,False,False,False,True,False,False,False,False
Singapore,2025,30,1.0,14.0,110.0,,,False,False,True,False,True,False,0.1272727272727272,,,,,,,,2025-07-21,True,False,False,False,False,False,True,False,False,False,False
Singapore,2025,31,1.0,24.0,127.0,,,False,False,True,False,True,False,0.1889763779527559,,,,,,,,2025-07-28,True,False,False,False,False,False,True,False,False,False,False
Singapore,2025,32,1.0,13.0,105.0,,,False,False,True,False,True,False,0.1238095238095238,,,,,,,,2025-08-04,True,False,False,False,False,False,True,False,False,False,False
Singapore,2025,33,1.0,25.0,127.0,,,False,False,True,False,True,False,0.1968503937007874,,,,,,,,2025-08-11,True,False,False,False,False,False,True,False,False,False,False
Singapore,2025,34,1.0,36.0,157.0,,,False,False,True,False,True,False,0.2292993630573248,,,,,,,,2025-08-18,True,False,False,False,False,False,True,False,False,False,False
Singapore,2025,35,1.0,42.0,138.0,,,False,False,True,False,True,False,0.3043478260869565,,,,,,,,2025-08-25,True,False,False,False,False,False,True,False,False,False,False
Singapore,2025,36,1.0,45.0,146.0,,,False,False,True,False,True,False,0.3082191780821918,,,,,,,,2025-09-01,True,False,False,False,False,False,True,False,False,False,False
Singapore,2025,37,1.0,65.0,172.0,,,False,False,True,False,True,False,0.377906976744186,,,,,,,,2025-09-08,True,False,False,False,False,False,True,False,False,False,False
Singapore,2025,38,1.0,59.0,171.0,,,False,False,True,False,True,False,0.3450292397660818,,,,,,,,2025-09-15,True,False,False,False,False,False,True,False,False,False,False
Singapore,2025,39,1.0,90.0,228.0,,,False,False,True,False,True,False,0.3947368421052631,,,,,,,,2025-09-22,True,False,False,False,False,False,True,False,False,False,False
Singapore,2025,40,1.0,66.0,185.0,,,False,False,True,False,True,False,0.3567567567567568,,,,,,,,2025-09-29,True,False,False,False,False,False,True,False,False,False,False
Singapore,2025,41,1.0,79.0,214.0,,,False,False,True,False,True,False,0.3691588785046729,,,,,,,,2025-10-06,True,False,False,False,False,False,True,False,False,False,False
Singapore,2025,42,1.0,59.0,214.0,,,False,False,True,False,True,False,0.2757009345794392,,,,,,,,2025-10-13,True,False,False,False,False,False,True,False,False,False,False
Singapore,2025,43,1.0,58.0,168.0,,,False,False,True,False,True,False,0.3452380952380952,,,,,,,,2025-10-20,True,False,False,False,False,False,True,False,False,False,False
Singapore,2025,44,1.0,54.0,185.0,,,False,False,True,False,True,False,0.2918918918918919,,,,,,,,2025-10-27,True,False,False,False,False,False,True,False,False,False,False
Singapore,2025,45,1.0,54.0,176.0,,,False,False,True,False,True,False,0.3068181818181818,,,,,,,,2025-11-03,True,False,False,False,False,False,True,False,False,False,False
Singapore,2025,46,1.0,39.0,160.0,,,False,False,True,False,True,False,0.24375,,,,,,,,2025-11-10,True,False,False,False,False,False,True,False,False,False,False
Singapore,2025,47,1.0,39.0,192.0,,,False,False,True,False,True,False,0.203125,,,,,,,,2025-11-17,True,False,False,False,False,False,True,False,False,False,False
Singapore,2025,48,1.0,39.0,176.0,,,False,False,True,False,True,False,0.2215909090909091,,,,,,,,2025-11-24,True,False,False,False,False,False,True,False,False,False,False
Singapore,2025,49,1.0,29.0,146.0,,,False,False,True,False,True,False,0.1986301369863013,,,,,,,,2025-12-01,True,False,False,False,False,False,True,False,False,False,False
Singapore,2025,50,1.0,28.0,133.0,,,False,False,True,False,True,False,0.2105263157894736,,,,,,,,2025-12-08,True,False,False,False,False,False,True,False,False,False,False
Singapore,2025,51,1.0,29.0,122.0,,,False,False,True,False,True,False,0.2377049180327868,,,,,,,,2025-12-15,True,False,False,False,False,False,True,False,False,False,False
Singapore,2025,52,1.0,13.0,72.0,,,False,False,True,False,True,False,0.1805555555555555,,,,,,,,2025-12-22,True,False,False,False,False,False,True,False,False,False,False
