country,ISO_YEAR,ISO_WEEK,flunet_source_rows,influenza_positive,influenza_tested,rsv_positive,rsv_tested,influenza_source_qc_problem,rsv_source_qc_problem,influenza_eligible,rsv_eligible,influenza_denominator_valid,rsv_denominator_valid,influenza_positivity,rsv_positivity,covid_raw_rows,sarscov2_cases,negative_revision,sarscov2_cases_original,case_value_present,zero_case_week,week_start,influenza_eligible_study,rsv_eligible_study,covid_eligible,influenza_rsv_eligible,influenza_covid_eligible,three_pathogen_eligible,influenza_observed,rsv_observed,sarscov2_observed,influenza_rsv_observed,three_pathogen_observed
Brunei Darussalam,2021,1,2.0,0.0,23.0,6.0,,False,False,True,True,True,False,0.0,,1.0,1.0,False,1.0,True,False,2021-01-04,True,True,True,True,True,True,True,True,True,True,True
Brunei Darussalam,2021,2,2.0,0.0,4.0,2.0,,False,False,True,True,True,False,0.0,,1.0,1.0,False,1.0,True,False,2021-01-11,True,True,True,True,True,True,True,True,True,True,True
Brunei Darussalam,2021,3,2.0,0.0,8.0,5.0,,False,False,True,True,True,False,0.0,,1.0,1.0,False,1.0,True,False,2021-01-18,True,True,True,True,True,True,True,True,True,True,True
Brunei Darussalam,2021,4,2.0,0.0,10.0,8.0,,False,False,True,True,True,False,0.0,,1.0,5.0,False,5.0,True,False,2021-01-25,True,True,True,True,True,True,True,True,True,True,True
Brunei Darussalam,2021,5,2.0,0.0,6.0,4.0,,False,False,True,True,True,False,0.0,,1.0,1.0,False,1.0,True,False,2021-02-01,True,True,True,True,True,True,True,True,True,True,True
Brunei Darussalam,2021,6,2.0,0.0,0.0,0.0,,False,False,True,True,False,False,,,1.0,3.0,False,3.0,True,False,2021-02-08,True,True,True,True,True,True,True,True,True,True,True
Brunei Darussalam,2021,7,2.0,0.0,4.0,2.0,,False,False,True,True,True,False,0.0,,1.0,1.0,False,1.0,True,False,2021-02-15,True,True,True,True,True,True,True,True,True,True,True
Brunei Darussalam,2021,8,2.0,0.0,2.0,0.0,,False,False,True,True,True,False,0.0,,1.0,1.0,False,1.0,True,False,2021-02-22,True,True,True,True,True,True,True,True,True,True,True
Brunei Darussalam,2021,9,2.0,0.0,1.0,0.0,,False,False,True,True,True,False,0.0,,1.0,4.0,False,4.0,True,False,2021-03-01,True,True,True,True,True,True,True,True,True,True,True
Brunei Darussalam,2021,10,2.0,0.0,3.0,0.0,,False,False,True,True,True,False,0.0,,1.0,9.0,False,9.0,True,False,2021-03-08,True,True,True,True,True,True,True,True,True,True,True
Brunei Darussalam,2021,11,2.0,0.0,2.0,0.0,,False,False,True,True,True,False,0.0,,1.0,7.0,False,7.0,True,False,2021-03-15,True,True,True,True,True,True,True,True,True,True,True
Brunei Darussalam,2021,12,2.0,0.0,2.0,1.0,,False,False,True,True,True,False,0.0,,1.0,1.0,False,1.0,True,False,2021-03-22,True,True,True,True,True,True,True,True,True,True,True
Brunei Darussalam,2021,13,2.0,0.0,0.0,0.0,,False,False,True,True,False,False,,,1.0,7.0,False,7.0,True,False,2021-03-29,True,True,True,True,True,True,True,True,True,True,True
Brunei Darussalam,2021,14,2.0,0.0,1.0,0.0,,False,False,True,True,True,False,0.0,,1.0,5.0,False,5.0,True,False,2021-04-05,True,True,True,True,True,True,True,True,True,True,True
Brunei Darussalam,2021,15,2.0,0.0,0.0,0.0,,False,False,True,True,False,False,,,1.0,2.0,False,2.0,True,False,2021-04-12,True,True,True,True,True,True,True,True,True,True,True
Brunei Darussalam,2021,16,2.0,0.0,2.0,0.0,,False,False,True,True,True,False,0.0,,1.0,2.0,False,2.0,True,False,2021-04-19,True,True,True,True,True,True,True,True,True,True,True
Brunei Darussalam,2021,17,2.0,0.0,2.0,0.0,,False,False,True,True,True,False,0.0,,1.0,4.0,False,4.0,True,False,2021-04-26,True,True,True,True,True,True,True,True,True,True,True
Brunei Darussalam,2021,18,2.0,0.0,5.0,0.0,,False,False,True,True,True,False,0.0,,1.0,3.0,False,3.0,True,False,2021-05-03,True,True,True,True,True,True,True,True,True,True,True
Brunei Darussalam,2021,19,2.0,0.0,2.0,0.0,,False,False,True,True,True,False,0.0,,1.0,2.0,False,2.0,True,False,2021-05-10,True,True,True,True,True,True,True,True,True,True,True
Brunei Darussalam,2021,20,2.0,0.0,1.0,0.0,,False,False,True,True,True,False,0.0,,1.0,4.0,False,4.0,True,False,2021-05-17,True,True,True,True,True,True,True,True,True,True,True
Brunei Darussalam,2021,21,2.0,0.0,4.0,1.0,,False,False,True,True,True,False,0.0,,1.0,6.0,False,6.0,True,False,2021-05-24,True,True,True,True,True,True,True,True,True,True,True
Brunei Darussalam,2021,22,2.0,0.0,6.0,0.0,,False,False,True,True,True,False,0.0,,1.0,2.0,False,2.0,True,False,2021-05-31,True,True,True,True,True,True,True,True,True,True,True
Brunei Darussalam,2021,23,2.0,0.0,0.0,0.0,,False,False,True,True,False,False,,,1.0,6.0,False,6.0,True,False,2021-06-07,True,True,True,True,True,True,True,True,True,True,True
Brunei Darussalam,2021,24,2.0,0.0,2.0,0.0,,False,False,True,True,True,False,0.0,,1.0,5.0,False,5.0,True,False,2021-06-14,True,True,True,True,True,True,True,True,True,True,True
Brunei Darussalam,2021,25,2.0,0.0,4.0,1.0,,False,False,True,True,True,False,0.0,,1.0,4.0,False,4.0,True,False,2021-06-21,True,True,True,True,True,True,True,True,True,True,True
Brunei Darussalam,2021,26,2.0,0.0,1.0,0.0,,False,False,True,True,True,False,0.0,,1.0,3.0,False,3.0,True,False,2021-06-28,True,True,True,True,True,True,True,True,True,True,True
Brunei Darussalam,2021,27,2.0,0.0,2.0,0.0,,False,False,True,True,True,False,0.0,,1.0,13.0,False,13.0,True,False,2021-07-05,True,True,True,True,True,True,True,True,True,True,True
Brunei Darussalam,2021,28,2.0,0.0,2.0,0.0,,False,False,True,True,True,False,0.0,,1.0,16.0,False,16.0,True,False,2021-07-12,True,True,True,True,True,True,True,True,True,True,True
Brunei Darussalam,2021,29,2.0,0.0,0.0,0.0,,False,False,True,True,False,False,,,1.0,30.0,False,30.0,True,False,2021-07-19,True,True,True,True,True,True,True,True,True,True,True
Brunei Darussalam,2021,30,2.0,0.0,1.0,0.0,,False,False,True,True,True,False,0.0,,1.0,17.0,False,17.0,True,False,2021-07-26,True,True,True,True,True,True,True,True,True,True,True
Brunei Darussalam,2021,31,2.0,0.0,3.0,0.0,,False,False,True,True,True,False,0.0,,1.0,26.0,False,26.0,True,False,2021-08-02,True,True,True,True,True,True,True,True,True,True,True
Brunei Darussalam,2021,32,2.0,0.0,1.0,0.0,,False,False,True,True,True,False,0.0,,1.0,359.0,False,359.0,True,False,2021-08-09,True,True,True,True,True,True,True,True,True,True,True
Brunei Darussalam,2021,33,2.0,0.0,2.0,0.0,,False,False,True,True,True,False,0.0,,1.0,1046.0,False,1046.0,True,False,2021-08-16,True,True,True,True,True,True,True,True,True,True,True
Brunei Darussalam,2021,34,2.0,0.0,0.0,0.0,,False,False,True,True,False,False,,,1.0,796.0,False,796.0,True,False,2021-08-23,True,True,True,True,True,True,True,True,True,True,True
Brunei Darussalam,2021,35,2.0,0.0,2.0,0.0,,False,False,True,True,True,False,0.0,,1.0,764.0,False,764.0,True,False,2021-08-30,True,True,True,True,True,True,True,True,True,True,True
Brunei Darussalam,2021,36,2.0,0.0,1.0,0.0,,False,False,True,True,True,False,0.0,,1.0,834.0,False,834.0,True,False,2021-09-06,True,True,True,True,True,True,True,True,True,True,True
Brunei Darussalam,2021,37,2.0,0.0,2.0,0.0,,False,False,True,True,True,False,0.0,,1.0,884.0,False,884.0,True,False,2021-09-13,True,True,True,True,True,True,True,True,True,True,True
Brunei Darussalam,2021,38,2.0,0.0,20.0,0.0,,False,False,True,True,True,False,0.0,,1.0,1493.0,False,1493.0,True,False,2021-09-20,True,True,True,True,True,True,True,True,True,True,True
Brunei Darussalam,2021,39,2.0,0.0,4.0,0.0,,False,False,True,True,True,False,0.0,,1.0,1176.0,False,1176.0,True,False,2021-09-27,True,True,True,True,True,True,True,True,True,True,True
Brunei Darussalam,2021,40,2.0,0.0,0.0,0.0,,False,False,True,True,False,False,,,1.0,1264.0,False,1264.0,True,False,2021-10-04,True,True,True,True,True,True,True,True,True,True,True
Brunei Darussalam,2021,41,2.0,0.0,0.0,0.0,,False,False,True,True,False,False,,,1.0,1880.0,False,1880.0,True,False,2021-10-11,True,True,True,True,True,True,True,True,True,True,True
Brunei Darussalam,2021,42,2.0,0.0,0.0,0.0,,False,False,True,True,False,False,,,1.0,1253.0,False,1253.0,True,False,2021-10-18,True,True,True,True,True,True,True,True,True,True,True
Brunei Darussalam,2021,43,2.0,0.0,1.0,0.0,,False,False,True,True,True,False,0.0,,1.0,1017.0,False,1017.0,True,False,2021-10-25,True,True,True,True,True,True,True,True,True,True,True
Brunei Darussalam,2021,44,2.0,0.0,1.0,0.0,,False,False,True,True,True,False,0.0,,1.0,652.0,False,652.0,True,False,2021-11-01,True,True,True,True,True,True,True,True,True,True,True
Brunei Darussalam,2021,45,2.0,0.0,0.0,0.0,,False,False,True,True,False,False,,,1.0,433.0,False,433.0,True,False,2021-11-08,True,True,True,True,True,True,True,True,True,True,True
Brunei Darussalam,2021,46,2.0,0.0,0.0,0.0,,False,False,True,True,False,False,,,1.0,376.0,False,376.0,True,False,2021-11-15,True,True,True,True,True,True,True,True,True,True,True
Brunei Darussalam,2021,47,2.0,0.0,4.0,0.0,,False,False,True,True,True,False,0.0,,1.0,445.0,False,445.0,True,False,2021-11-22,True,True,True,True,True,True,True,True,True,True,True
Brunei Darussalam,2021,48,2.0,0.0,0.0,0.0,,False,False,True,True,False,False,,,1.0,150.0,False,150.0,True,False,2021-11-29,True,True,True,True,True,True,True,True,True,True,True
Brunei Darussalam,2021,49,2.0,0.0,2.0,0.0,,False,False,True,True,True,False,0.0,,1.0,162.0,False,162.0,True,False,2021-12-06,True,True,True,True,True,True,True,True,True,True,True
Brunei Darussalam,2021,50,2.0,0.0,1.0,0.0,,False,False,True,True,True,False,0.0,,1.0,54.0,False,54.0,True,False,2021-12-13,True,True,True,True,True,True,True,True,True,True,True
Brunei Darussalam,2021,51,2.0,0.0,2.0,0.0,,False,False,True,True,True,False,0.0,,1.0,45.0,False,45.0,True,False,2021-12-20,True,True,True,True,True,True,True,True,True,True,True
Brunei Darussalam,2021,52,2.0,0.0,1.0,0.0,,False,False,True,True,True,False,0.0,,1.0,52.0,False,52.0,True,False,2021-12-27,True,True,True,True,True,True,True,True,True,True,True
Brunei Darussalam,2022,1,1.0,0.0,1.0,0.0,,False,False,True,True,True,False,0.0,,1.0,135.0,False,135.0,True,False,2022-01-03,True,True,True,True,True,True,True,True,True,True,True
Brunei Darussalam,2022,2,1.0,0.0,1.0,0.0,,False,False,True,True,True,False,0.0,,1.0,247.0,False,247.0,True,False,2022-01-10,True,True,True,True,True,True,True,True,True,True,True
Brunei Darussalam,2022,3,1.0,0.0,0.0,0.0,,False,False,True,True,False,False,,,1.0,251.0,False,251.0,True,False,2022-01-17,True,True,True,True,True,True,True,True,True,True,True
Brunei Darussalam,2022,4,1.0,0.0,1.0,0.0,,False,False,True,True,True,False,0.0,,1.0,281.0,False,281.0,True,False,2022-01-24,True,True,True,True,True,True,True,True,True,True,True
Brunei Darussalam,2022,5,1.0,0.0,0.0,0.0,,False,False,True,True,False,False,,,1.0,1371.0,False,1371.0,True,False,2022-01-31,True,True,True,True,True,True,True,True,True,True,True
Brunei Darussalam,2022,6,1.0,0.0,2.0,0.0,,False,False,True,True,True,False,0.0,,1.0,4731.0,False,4731.0,True,False,2022-02-07,True,True,True,True,True,True,True,True,True,True,True
Brunei Darussalam,2022,7,1.0,0.0,1.0,0.0,,False,False,True,True,True,False,0.0,,1.0,12464.0,False,12464.0,True,False,2022-02-14,True,True,True,True,True,True,True,True,True,True,True
Brunei Darussalam,2022,8,1.0,0.0,0.0,0.0,,False,False,True,True,False,False,,,1.0,24468.0,False,24468.0,True,False,2022-02-21,True,True,True,True,True,True,True,True,True,True,True
Brunei Darussalam,2022,9,1.0,0.0,0.0,0.0,,False,False,True,True,False,False,,,1.0,29402.0,False,29402.0,True,False,2022-02-28,True,True,True,True,True,True,True,True,True,True,True
Brunei Darussalam,2022,10,1.0,0.0,1.0,0.0,,False,False,True,True,True,False,0.0,,1.0,23244.0,False,23244.0,True,False,2022-03-07,True,True,True,True,True,True,True,True,True,True,True
Brunei Darussalam,2022,11,1.0,0.0,0.0,0.0,,False,False,True,True,False,False,,,1.0,12623.0,False,12623.0,True,False,2022-03-14,True,True,True,True,True,True,True,True,True,True,True
Brunei Darussalam,2022,12,1.0,0.0,0.0,0.0,,False,False,True,True,False,False,,,1.0,6687.0,False,6687.0,True,False,2022-03-21,True,True,True,True,True,True,True,True,True,True,True
Brunei Darussalam,2022,13,1.0,0.0,0.0,0.0,,False,False,True,True,False,False,,,1.0,4571.0,False,4571.0,True,False,2022-03-28,True,True,True,True,True,True,True,True,True,True,True
Brunei Darussalam,2022,14,1.0,0.0,0.0,0.0,,False,False,True,True,False,False,,,1.0,2556.0,False,2556.0,True,False,2022-04-04,True,True,True,True,True,True,True,True,True,True,True
Brunei Darussalam,2022,15,1.0,0.0,1.0,0.0,,False,False,True,True,True,False,0.0,,1.0,1493.0,False,1493.0,True,False,2022-04-11,True,True,True,True,True,True,True,True,True,True,True
Brunei Darussalam,2022,16,1.0,0.0,2.0,0.0,,False,False,True,True,True,False,0.0,,1.0,1096.0,False,1096.0,True,False,2022-04-18,True,True,True,True,True,True,True,True,True,True,True
Brunei Darussalam,2022,17,1.0,0.0,2.0,0.0,,False,False,True,True,True,False,0.0,,1.0,792.0,False,792.0,True,False,2022-04-25,True,True,True,True,True,True,True,True,True,True,True
Brunei Darussalam,2022,18,1.0,0.0,2.0,0.0,,False,False,True,True,True,False,0.0,,1.0,947.0,False,947.0,True,False,2022-05-02,True,True,True,True,True,True,True,True,True,True,True
Brunei Darussalam,2022,19,1.0,0.0,1.0,0.0,,False,False,True,True,True,False,0.0,,1.0,1801.0,False,1801.0,True,False,2022-05-09,True,True,True,True,True,True,True,True,True,True,True
Brunei Darussalam,2022,20,1.0,0.0,2.0,0.0,,False,False,True,True,True,False,0.0,,1.0,1827.0,False,1827.0,True,False,2022-05-16,True,True,True,True,True,True,True,True,True,True,True
Brunei Darussalam,2022,21,1.0,0.0,3.0,0.0,,False,False,True,True,True,False,0.0,,1.0,1603.0,False,1603.0,True,False,2022-05-23,True,True,True,True,True,True,True,True,True,True,True
Brunei Darussalam,2022,22,1.0,0.0,1.0,0.0,,False,False,True,True,True,False,0.0,,1.0,2313.0,False,2313.0,True,False,2022-05-30,True,True,True,True,True,True,True,True,True,True,True
Brunei Darussalam,2022,23,1.0,0.0,4.0,0.0,,False,False,True,True,True,False,0.0,,1.0,2691.0,False,2691.0,True,False,2022-06-06,True,True,True,True,True,True,True,True,True,True,True
Brunei Darussalam,2022,24,1.0,0.0,6.0,0.0,,False,False,True,True,True,False,0.0,,1.0,3930.0,False,3930.0,True,False,2022-06-13,True,True,True,True,True,True,True,True,True,True,True
Brunei Darussalam,2022,25,1.0,0.0,12.0,0.0,,False,False,True,True,True,False,0.0,,1.0,0.0,False,0.0,True,True,2022-06-20,True,True,True,True,True,True,True,True,True,True,True
Brunei Darussalam,2022,26,1.0,0.0,11.0,0.0,,False,False,True,True,True,False,0.0,,1.0,6504.0,False,6504.0,True,False,2022-06-27,True,True,True,True,True,True,True,True,True,True,True
Brunei Darussalam,2022,27,1.0,0.0,23.0,0.0,,False,False,True,True,True,False,0.0,,1.0,9610.0,False,9610.0,True,False,2022-07-04,True,True,True,True,True,True,True,True,True,True,True
Brunei Darussalam,2022,28,1.0,0.0,25.0,0.0,,False,False,True,True,True,False,0.0,,1.0,11858.0,False,11858.0,True,False,2022-07-11,True,True,True,True,True,True,True,True,True,True,True
Brunei Darussalam,2022,29,1.0,0.0,1.0,0.0,,False,False,True,True,True,False,0.0,,1.0,12420.0,False,12420.0,True,False,2022-07-18,True,True,True,True,True,True,True,True,True,True,True
Brunei Darussalam,2022,30,1.0,0.0,0.0,0.0,,False,False,True,True,False,False,,,1.0,8745.0,False,8745.0,True,False,2022-07-25,True,True,True,True,True,True,True,True,True,True,True
Brunei Darussalam,2022,31,1.0,0.0,26.0,0.0,,False,False,True,True,True,False,0.0,,1.0,9123.0,False,9123.0,True,False,2022-08-01,True,True,True,True,True,True,True,True,True,True,True
Brunei Darussalam,2022,32,1.0,0.0,25.0,0.0,,False,False,True,True,True,False,0.0,,1.0,2976.0,False,2976.0,True,False,2022-08-08,True,True,True,True,True,True,True,True,True,True,True
Brunei Darussalam,2022,33,1.0,1.0,19.0,0.0,,False,False,True,True,True,False,0.0526315789473684,,1.0,1986.0,False,1986.0,True,False,2022-08-15,True,True,True,True,True,True,True,True,True,True,True
Brunei Darussalam,2022,34,1.0,0.0,1.0,0.0,,False,False,True,True,True,False,0.0,,1.0,1454.0,False,1454.0,True,False,2022-08-22,True,True,True,True,True,True,True,True,True,True,True
Brunei Darussalam,2022,35,1.0,0.0,3.0,0.0,,False,False,True,True,True,False,0.0,,1.0,1360.0,False,1360.0,True,False,2022-08-29,True,True,True,True,True,True,True,True,True,True,True
Brunei Darussalam,2022,36,1.0,4.0,16.0,0.0,,False,False,True,True,True,False,0.25,,1.0,1551.0,False,1551.0,True,False,2022-09-05,True,True,True,True,True,True,True,True,True,True,True
Brunei Darussalam,2022,37,1.0,5.0,15.0,1.0,,False,False,True,True,True,False,0.3333333333333333,,1.0,1627.0,False,1627.0,True,False,2022-09-12,True,True,True,True,True,True,True,True,True,True,True
Brunei Darussalam,2022,38,1.0,10.0,21.0,1.0,,False,False,True,True,True,False,0.4761904761904761,,1.0,1519.0,False,1519.0,True,False,2022-09-19,True,True,True,True,True,True,True,True,True,True,True
Brunei Darussalam,2022,39,1.0,14.0,28.0,1.0,,False,False,True,True,True,False,0.5,,1.0,1909.0,False,1909.0,True,False,2022-09-26,True,True,True,True,True,True,True,True,True,True,True
Brunei Darussalam,2022,40,1.0,18.0,44.0,0.0,,False,False,True,True,True,False,0.4090909090909091,,1.0,2168.0,False,2168.0,True,False,2022-10-03,True,True,True,True,True,True,True,True,True,True,True
Brunei Darussalam,2022,41,1.0,19.0,65.0,1.0,,False,False,True,True,True,False,0.2923076923076923,,1.0,2749.0,False,2749.0,True,False,2022-10-10,True,True,True,True,True,True,True,True,True,True,True
Brunei Darussalam,2022,42,1.0,12.0,50.0,1.0,,False,False,True,True,True,False,0.24,,1.0,3074.0,False,3074.0,True,False,2022-10-17,True,True,True,True,True,True,True,True,True,True,True
Brunei Darussalam,2022,43,1.0,10.0,64.0,1.0,,False,False,True,True,True,False,0.15625,,1.0,3388.0,False,3388.0,True,False,2022-10-24,True,True,True,True,True,True,True,True,True,True,True
Brunei Darussalam,2022,44,1.0,9.0,61.0,0.0,,False,False,True,True,True,False,0.1475409836065573,,1.0,3555.0,False,3555.0,True,False,2022-10-31,True,True,True,True,True,True,True,True,True,True,True
Brunei Darussalam,2022,45,1.0,5.0,53.0,1.0,,False,False,True,True,True,False,0.0943396226415094,,1.0,4262.0,False,4262.0,True,False,2022-11-07,True,True,True,True,True,True,True,True,True,True,True
Brunei Darussalam,2022,46,1.0,5.0,54.0,1.0,,False,False,True,True,True,False,0.0925925925925925,,1.0,4545.0,False,4545.0,True,False,2022-11-14,True,True,True,True,True,True,True,True,True,True,True
Brunei Darussalam,2022,47,1.0,2.0,44.0,3.0,,False,False,True,True,True,False,0.0454545454545454,,1.0,4515.0,False,4515.0,True,False,2022-11-21,True,True,True,True,True,True,True,True,True,True,True
Brunei Darussalam,2022,48,1.0,4.0,51.0,2.0,,False,False,True,True,True,False,0.0784313725490196,,1.0,3519.0,False,3519.0,True,False,2022-11-28,True,True,True,True,True,True,True,True,True,True,True
Brunei Darussalam,2022,49,1.0,2.0,51.0,3.0,,False,False,True,True,True,False,0.0392156862745098,,1.0,3050.0,False,3050.0,True,False,2022-12-05,True,True,True,True,True,True,True,True,True,True,True
Brunei Darussalam,2022,50,1.0,0.0,34.0,2.0,,False,False,True,True,True,False,0.0,,1.0,2329.0,False,2329.0,True,False,2022-12-12,True,True,True,True,True,True,True,True,True,True,True
Brunei Darussalam,2022,51,1.0,1.0,34.0,1.0,,False,False,True,True,True,False,0.0294117647058823,,1.0,1796.0,False,1796.0,True,False,2022-12-19,True,True,True,True,True,True,True,True,True,True,True
Brunei Darussalam,2022,52,1.0,1.0,51.0,5.0,,False,False,True,True,True,False,0.0196078431372549,,1.0,1584.0,False,1584.0,True,False,2022-12-26,True,True,True,True,True,True,True,True,True,True,True
Brunei Darussalam,2023,1,2.0,4.0,53.0,8.0,,False,False,True,True,True,False,0.0754716981132075,,1.0,2447.0,False,2447.0,True,False,2023-01-02,True,True,True,True,True,True,True,True,True,True,True
Brunei Darussalam,2023,2,2.0,1.0,48.0,12.0,,False,False,True,True,True,False,0.0208333333333333,,1.0,0.0,False,0.0,True,True,2023-01-09,True,True,True,True,True,True,True,True,True,True,True
Brunei Darussalam,2023,3,2.0,4.0,57.0,2.0,,False,False,True,True,True,False,0.0701754385964912,,1.0,1571.0,False,1571.0,True,False,2023-01-16,True,True,True,True,True,True,True,True,True,True,True
Brunei Darussalam,2023,4,2.0,0.0,54.0,4.0,,False,False,True,True,True,False,0.0,,1.0,1003.0,False,1003.0,True,False,2023-01-23,True,True,True,True,True,True,True,True,True,True,True
Brunei Darussalam,2023,5,2.0,7.0,59.0,7.0,,False,False,True,True,True,False,0.1186440677966101,,1.0,847.0,False,847.0,True,False,2023-01-30,True,True,True,True,True,True,True,True,True,True,True
Brunei Darussalam,2023,6,2.0,7.0,52.0,15.0,,False,False,True,True,True,False,0.1346153846153846,,1.0,758.0,False,758.0,True,False,2023-02-06,True,True,True,True,True,True,True,True,True,True,True
Brunei Darussalam,2023,7,2.0,2.0,48.0,6.0,,False,False,True,True,True,False,0.0416666666666666,,1.0,616.0,False,616.0,True,False,2023-02-13,True,True,True,True,True,True,True,True,True,True,True
Brunei Darussalam,2023,8,2.0,4.0,73.0,17.0,,False,False,True,True,True,False,0.0547945205479452,,1.0,551.0,False,551.0,True,False,2023-02-20,True,True,True,True,True,True,True,True,True,True,True
Brunei Darussalam,2023,9,2.0,1.0,24.0,5.0,,False,False,True,True,True,False,0.0416666666666666,,1.0,706.0,False,706.0,True,False,2023-02-27,True,True,True,True,True,True,True,True,True,True,True
Brunei Darussalam,2023,10,2.0,7.0,62.0,10.0,,False,False,True,True,True,False,0.1129032258064516,,1.0,963.0,False,963.0,True,False,2023-03-06,True,True,True,True,True,True,True,True,True,True,True
Brunei Darussalam,2023,11,2.0,9.0,61.0,11.0,,False,False,True,True,True,False,0.1475409836065573,,1.0,1129.0,False,1129.0,True,False,2023-03-13,True,True,True,True,True,True,True,True,True,True,True
Brunei Darussalam,2023,12,2.0,5.0,79.0,5.0,,False,False,True,True,True,False,0.0632911392405063,,1.0,1166.0,False,1166.0,True,False,2023-03-20,True,True,True,True,True,True,True,True,True,True,True
Brunei Darussalam,2023,13,2.0,11.0,44.0,7.0,,False,False,True,True,True,False,0.25,,1.0,1389.0,False,1389.0,True,False,2023-03-27,True,True,True,True,True,True,True,True,True,True,True
Brunei Darussalam,2023,14,2.0,4.0,32.0,6.0,,False,False,True,True,True,False,0.125,,1.0,1287.0,False,1287.0,True,False,2023-04-03,True,True,True,True,True,True,True,True,True,True,True
Brunei Darussalam,2023,15,2.0,4.0,40.0,9.0,,False,False,True,True,True,False,0.1,,1.0,1108.0,False,1108.0,True,False,2023-04-10,True,True,True,True,True,True,True,True,True,True,True
Brunei Darussalam,2023,16,2.0,2.0,23.0,4.0,,False,False,True,True,True,False,0.0869565217391304,,1.0,1070.0,False,1070.0,True,False,2023-04-17,True,True,True,True,True,True,True,True,True,True,True
Brunei Darussalam,2023,17,2.0,3.0,37.0,2.0,,False,False,True,True,True,False,0.081081081081081,,1.0,1241.0,False,1241.0,True,False,2023-04-24,True,True,True,True,True,True,True,True,True,True,True
Brunei Darussalam,2023,18,2.0,2.0,36.0,3.0,,False,False,True,True,True,False,0.0555555555555555,,1.0,4593.0,False,4593.0,True,False,2023-05-01,True,True,True,True,True,True,True,True,True,True,True
Brunei Darussalam,2023,19,2.0,3.0,40.0,3.0,,False,False,True,True,True,False,0.075,,1.0,6861.0,False,6861.0,True,False,2023-05-08,True,True,True,True,True,True,True,True,True,True,True
Brunei Darussalam,2023,20,2.0,6.0,41.0,3.0,,False,False,True,True,True,False,0.1463414634146341,,1.0,4214.0,False,4214.0,True,False,2023-05-15,True,True,True,True,True,True,True,True,True,True,True
Brunei Darussalam,2023,21,2.0,3.0,39.0,3.0,,False,False,True,True,True,False,0.0769230769230769,,1.0,2614.0,False,2614.0,True,False,2023-05-22,True,True,True,True,True,True,True,True,True,True,True
Brunei Darussalam,2023,22,2.0,2.0,37.0,4.0,,False,False,True,True,True,False,0.054054054054054,,1.0,1353.0,False,1353.0,True,False,2023-05-29,True,True,True,True,True,True,True,True,True,True,True
Brunei Darussalam,2023,23,2.0,3.0,30.0,4.0,,False,False,True,True,True,False,0.1,,1.0,1091.0,False,1091.0,True,False,2023-06-05,True,True,True,True,True,True,True,True,True,True,True
Brunei Darussalam,2023,24,2.0,4.0,33.0,0.0,,False,False,True,True,True,False,0.1212121212121212,,1.0,338.0,False,338.0,True,False,2023-06-12,True,True,True,True,True,True,True,True,True,True,True
Brunei Darussalam,2023,25,2.0,2.0,25.0,2.0,,False,False,True,True,True,False,0.08,,1.0,275.0,False,275.0,True,False,2023-06-19,True,True,True,True,True,True,True,True,True,True,True
Brunei Darussalam,2023,26,2.0,7.0,33.0,1.0,,False,False,True,True,True,False,0.2121212121212121,,1.0,171.0,False,171.0,True,False,2023-06-26,True,True,True,True,True,True,True,True,True,True,True
Brunei Darussalam,2023,27,2.0,5.0,46.0,3.0,,False,False,True,True,True,False,0.108695652173913,,1.0,252.0,False,252.0,True,False,2023-07-03,True,True,True,True,True,True,True,True,True,True,True
Brunei Darussalam,2023,28,2.0,5.0,51.0,1.0,,False,False,True,True,True,False,0.0980392156862745,,1.0,117.0,False,117.0,True,False,2023-07-10,True,True,True,True,True,True,True,True,True,True,True
Brunei Darussalam,2023,29,2.0,6.0,33.0,0.0,,False,False,True,True,True,False,0.1818181818181818,,1.0,89.0,False,89.0,True,False,2023-07-17,True,True,True,True,True,True,True,True,True,True,True
Brunei Darussalam,2023,30,2.0,7.0,49.0,1.0,,False,False,True,True,True,False,0.1428571428571428,,1.0,87.0,False,87.0,True,False,2023-07-24,True,True,True,True,True,True,True,True,True,True,True
Brunei Darussalam,2023,31,2.0,2.0,41.0,1.0,,False,False,True,True,True,False,0.048780487804878,,1.0,119.0,False,119.0,True,False,2023-07-31,True,True,True,True,True,True,True,True,True,True,True
Brunei Darussalam,2023,32,2.0,2.0,43.0,3.0,,False,False,True,True,True,False,0.0465116279069767,,1.0,154.0,False,154.0,True,False,2023-08-07,True,True,True,True,True,True,True,True,True,True,True
Brunei Darussalam,2023,33,2.0,5.0,32.0,2.0,,False,False,True,True,True,False,0.15625,,1.0,0.0,False,0.0,True,True,2023-08-14,True,True,True,True,True,True,True,True,True,True,True
Brunei Darussalam,2023,34,2.0,5.0,54.0,1.0,,False,False,True,True,True,False,0.0925925925925925,,1.0,173.0,False,173.0,True,False,2023-08-21,True,True,True,True,True,True,True,True,True,True,True
Brunei Darussalam,2023,35,2.0,3.0,46.0,2.0,,False,False,True,True,True,False,0.0652173913043478,,1.0,78.0,False,78.0,True,False,2023-08-28,True,True,True,True,True,True,True,True,True,True,True
Brunei Darussalam,2023,36,2.0,5.0,54.0,1.0,,False,False,True,True,True,False,0.0925925925925925,,1.0,146.0,False,146.0,True,False,2023-09-04,True,True,True,True,True,True,True,True,True,True,True
Brunei Darussalam,2023,37,2.0,5.0,36.0,1.0,,False,False,True,True,True,False,0.1388888888888889,,1.0,244.0,False,244.0,True,False,2023-09-11,True,True,True,True,True,True,True,True,True,True,True
Brunei Darussalam,2023,38,2.0,5.0,51.0,1.0,,False,False,True,True,True,False,0.0980392156862745,,1.0,216.0,False,216.0,True,False,2023-09-18,True,True,True,True,True,True,True,True,True,True,True
Brunei Darussalam,2023,39,2.0,4.0,42.0,0.0,,False,False,True,True,True,False,0.0952380952380952,,1.0,213.0,False,213.0,True,False,2023-09-25,True,True,True,True,True,True,True,True,True,True,True
Brunei Darussalam,2023,40,2.0,5.0,43.0,2.0,,False,False,True,True,True,False,0.1162790697674418,,1.0,165.0,False,165.0,True,False,2023-10-02,True,True,True,True,True,True,True,True,True,True,True
Brunei Darussalam,2023,41,2.0,9.0,45.0,1.0,,False,False,True,True,True,False,0.2,,1.0,291.0,False,291.0,True,False,2023-10-09,True,True,True,True,True,True,True,True,True,True,True
Brunei Darussalam,2023,42,2.0,8.0,46.0,2.0,,False,False,True,True,True,False,0.1739130434782608,,1.0,289.0,False,289.0,True,False,2023-10-16,True,True,True,True,True,True,True,True,True,True,True
Brunei Darussalam,2023,43,2.0,13.0,53.0,1.0,,False,False,True,True,True,False,0.2452830188679245,,1.0,330.0,False,330.0,True,False,2023-10-23,True,True,True,True,True,True,True,True,True,True,True
Brunei Darussalam,2023,44,2.0,13.0,59.0,2.0,,False,False,True,True,True,False,0.2203389830508474,,1.0,368.0,False,368.0,True,False,2023-10-30,True,True,True,True,True,True,True,True,True,True,True
Brunei Darussalam,2023,45,2.0,16.0,52.0,1.0,,False,False,True,True,True,False,0.3076923076923077,,1.0,488.0,False,488.0,True,False,2023-11-06,True,True,True,True,True,True,True,True,True,True,True
Brunei Darussalam,2023,46,2.0,12.0,43.0,1.0,,False,False,True,True,True,False,0.2790697674418604,,1.0,539.0,False,539.0,True,False,2023-11-13,True,True,True,True,True,True,True,True,True,True,True
Brunei Darussalam,2023,47,2.0,15.0,43.0,4.0,,False,False,True,True,True,False,0.3488372093023256,,1.0,691.0,False,691.0,True,False,2023-11-20,True,True,True,True,True,True,True,True,True,True,True
Brunei Darussalam,2023,48,2.0,10.0,62.0,0.0,,False,False,True,True,True,False,0.1612903225806451,,1.0,1123.0,False,1123.0,True,False,2023-11-27,True,True,True,True,True,True,True,True,True,True,True
Brunei Darussalam,2023,49,2.0,7.0,56.0,2.0,,False,False,True,True,True,False,0.125,,1.0,1854.0,False,1854.0,True,False,2023-12-04,True,True,True,True,True,True,True,True,True,True,True
Brunei Darussalam,2023,50,2.0,7.0,50.0,2.0,,False,False,True,True,True,False,0.14,,1.0,3648.0,False,3648.0,True,False,2023-12-11,True,True,True,True,True,True,True,True,True,True,True
Brunei Darussalam,2023,51,2.0,5.0,46.0,1.0,,False,False,True,True,True,False,0.108695652173913,,1.0,5040.0,False,5040.0,True,False,2023-12-18,True,True,True,True,True,True,True,True,True,True,True
Brunei Darussalam,2023,52,2.0,0.0,33.0,1.0,,False,False,True,True,True,False,0.0,,1.0,4501.0,False,4501.0,True,False,2023-12-25,True,True,True,True,True,True,True,True,True,True,True
Brunei Darussalam,2024,1,2.0,4.0,27.0,3.0,,False,False,True,True,True,False,0.1481481481481481,,1.0,3459.0,False,3459.0,True,False,2024-01-01,True,True,True,True,True,True,True,True,True,True,True
Brunei Darussalam,2024,2,2.0,2.0,21.0,2.0,,False,False,True,True,True,False,0.0952380952380952,,1.0,4334.0,False,4334.0,True,False,2024-01-08,True,True,True,True,True,True,True,True,True,True,True
Brunei Darussalam,2024,3,2.0,4.0,48.0,5.0,,False,False,True,True,True,False,0.0833333333333333,,1.0,2373.0,False,2373.0,True,False,2024-01-15,True,True,True,True,True,True,True,True,True,True,True
Brunei Darussalam,2024,4,2.0,0.0,35.0,1.0,,False,False,True,True,True,False,0.0,,1.0,1318.0,False,1318.0,True,False,2024-01-22,True,True,True,True,True,True,True,True,True,True,True
Brunei Darussalam,2024,5,2.0,3.0,24.0,0.0,,False,False,True,True,True,False,0.125,,1.0,542.0,False,542.0,True,False,2024-01-29,True,True,True,True,True,True,True,True,True,True,True
Brunei Darussalam,2024,6,2.0,3.0,23.0,1.0,,False,False,True,True,True,False,0.1304347826086956,,1.0,273.0,False,273.0,True,False,2024-02-05,True,True,True,True,True,True,True,True,True,True,True
Brunei Darussalam,2024,7,2.0,6.0,45.0,3.0,,False,False,True,True,True,False,0.1333333333333333,,1.0,124.0,False,124.0,True,False,2024-02-12,True,True,True,True,True,True,True,True,True,True,True
Brunei Darussalam,2024,8,2.0,2.0,29.0,1.0,,False,False,True,True,True,False,0.0689655172413793,,1.0,168.0,False,168.0,True,False,2024-02-19,True,True,True,True,True,True,True,True,True,True,True
Brunei Darussalam,2024,9,2.0,5.0,37.0,0.0,,False,False,True,True,True,False,0.1351351351351351,,1.0,102.0,False,102.0,True,False,2024-02-26,True,True,True,True,True,True,True,True,True,True,True
Brunei Darussalam,2024,10,2.0,2.0,41.0,4.0,,False,False,True,True,True,False,0.048780487804878,,1.0,108.0,False,108.0,True,False,2024-03-04,True,True,True,True,True,True,True,True,True,True,True
Brunei Darussalam,2024,11,2.0,5.0,25.0,4.0,,False,False,True,True,True,False,0.2,,1.0,76.0,False,76.0,True,False,2024-03-11,True,True,True,True,True,True,True,True,True,True,True
Brunei Darussalam,2024,12,2.0,2.0,32.0,7.0,,False,False,True,True,True,False,0.0625,,1.0,66.0,False,66.0,True,False,2024-03-18,True,True,True,True,True,True,True,True,True,True,True
Brunei Darussalam,2024,13,2.0,2.0,30.0,4.0,,False,False,True,True,True,False,0.0666666666666666,,1.0,51.0,False,51.0,True,False,2024-03-25,True,True,True,True,True,True,True,True,True,True,True
Brunei Darussalam,2024,14,2.0,3.0,32.0,6.0,,False,False,True,True,True,False,0.09375,,1.0,20.0,False,20.0,True,False,2024-04-01,True,True,True,True,True,True,True,True,True,True,True
Brunei Darussalam,2024,15,2.0,4.0,26.0,0.0,,False,False,True,True,True,False,0.1538461538461538,,1.0,36.0,False,36.0,True,False,2024-04-08,True,True,True,True,True,True,True,True,True,True,True
Brunei Darussalam,2024,16,2.0,9.0,29.0,0.0,,False,False,True,True,True,False,0.3103448275862069,,1.0,25.0,False,25.0,True,False,2024-04-15,True,True,True,True,True,True,True,True,True,True,True
Brunei Darussalam,2024,17,2.0,4.0,30.0,3.0,,False,False,True,True,True,False,0.1333333333333333,,1.0,85.0,False,85.0,True,False,2024-04-22,True,True,True,True,True,True,True,True,True,True,True
Brunei Darussalam,2024,18,2.0,7.0,42.0,2.0,,False,False,True,True,True,False,0.1666666666666666,,1.0,84.0,False,84.0,True,False,2024-04-29,True,True,True,True,True,True,True,True,True,True,True
Brunei Darussalam,2024,19,,,,,,,,False,False,,,,,1.0,125.0,False,125.0,True,False,2024-05-06,True,True,True,True,True,True,False,False,True,False,False
Brunei Darussalam,2024,20,2.0,5.0,39.0,2.0,,False,False,True,True,True,False,0.1282051282051282,,1.0,175.0,False,175.0,True,False,2024-05-13,True,True,True,True,True,True,True,True,True,True,True
Brunei Darussalam,2024,21,2.0,8.0,43.0,7.0,,False,False,True,True,True,False,0.1860465116279069,,1.0,166.0,False,166.0,True,False,2024-05-20,True,True,True,True,True,True,True,True,True,True,True
Brunei Darussalam,2024,22,2.0,8.0,45.0,2.0,,False,False,True,True,True,False,0.1777777777777777,,1.0,157.0,False,157.0,True,False,2024-05-27,True,True,True,True,True,True,True,True,True,True,True
Brunei Darussalam,2024,23,2.0,6.0,45.0,2.0,,False,False,True,True,True,False,0.1333333333333333,,1.0,154.0,False,154.0,True,False,2024-06-03,True,True,True,True,True,True,True,True,True,True,True
Brunei Darussalam,2024,24,2.0,20.0,67.0,8.0,,False,False,True,True,True,False,0.2985074626865671,,1.0,299.0,False,299.0,True,False,2024-06-10,True,True,True,True,True,True,True,True,True,True,True
Brunei Darussalam,2024,25,2.0,10.0,43.0,1.0,,False,False,True,True,True,False,0.2325581395348837,,1.0,308.0,False,308.0,True,False,2024-06-17,True,True,True,True,True,True,True,True,True,True,True
Brunei Darussalam,2024,26,2.0,7.0,49.0,5.0,,False,False,True,True,True,False,0.1428571428571428,,1.0,419.0,False,419.0,True,False,2024-06-24,True,True,True,True,True,True,True,True,True,True,True
Brunei Darussalam,2024,27,2.0,13.0,62.0,2.0,,False,False,True,True,True,False,0.2096774193548387,,1.0,423.0,False,423.0,True,False,2024-07-01,True,True,True,True,True,True,True,True,True,True,True
Brunei Darussalam,2024,28,2.0,12.0,65.0,3.0,,False,False,True,True,True,False,0.1846153846153846,,1.0,424.0,False,424.0,True,False,2024-07-08,True,True,True,True,True,True,True,True,True,True,True
Brunei Darussalam,2024,29,2.0,16.0,69.0,4.0,,False,False,True,True,True,False,0.2318840579710145,,1.0,399.0,False,399.0,True,False,2024-07-15,True,True,True,True,True,True,True,True,True,True,True
Brunei Darussalam,2024,30,,,,,,,,False,False,,,,,1.0,366.0,False,366.0,True,False,2024-07-22,True,True,True,True,True,True,False,False,True,False,False
Brunei Darussalam,2024,31,2.0,11.0,50.0,3.0,,False,False,True,True,True,False,0.22,,1.0,288.0,False,288.0,True,False,2024-07-29,True,True,True,True,True,True,True,True,True,True,True
Brunei Darussalam,2024,32,2.0,8.0,52.0,3.0,,False,False,True,True,True,False,0.1538461538461538,,1.0,235.0,False,235.0,True,False,2024-08-05,True,True,True,True,True,True,True,True,True,True,True
Brunei Darussalam,2024,33,2.0,1.0,29.0,1.0,,False,False,True,True,True,False,0.0344827586206896,,1.0,156.0,False,156.0,True,False,2024-08-12,True,True,True,True,True,True,True,True,True,True,True
Brunei Darussalam,2024,34,2.0,4.0,28.0,1.0,,False,False,True,True,True,False,0.1428571428571428,,1.0,99.0,False,99.0,True,False,2024-08-19,True,True,True,True,True,True,True,True,True,True,True
Brunei Darussalam,2024,35,2.0,6.0,28.0,5.0,,False,False,True,True,True,False,0.2142857142857142,,1.0,132.0,False,132.0,True,False,2024-08-26,True,True,True,True,True,True,True,True,True,True,True
Brunei Darussalam,2024,36,2.0,8.0,24.0,1.0,,False,False,True,True,True,False,0.3333333333333333,,1.0,142.0,False,142.0,True,False,2024-09-02,True,True,True,True,True,True,True,True,True,True,True
Brunei Darussalam,2024,37,2.0,2.0,24.0,1.0,,False,False,True,True,True,False,0.0833333333333333,,1.0,120.0,False,120.0,True,False,2024-09-09,True,True,True,True,True,True,True,True,True,True,True
Brunei Darussalam,2024,38,2.0,2.0,18.0,0.0,,False,False,True,True,True,False,0.1111111111111111,,1.0,130.0,False,130.0,True,False,2024-09-16,True,True,True,True,True,True,True,True,True,True,True
Brunei Darussalam,2024,39,2.0,1.0,19.0,4.0,,False,False,True,True,True,False,0.0526315789473684,,1.0,109.0,False,109.0,True,False,2024-09-23,True,True,True,True,True,True,True,True,True,True,True
Brunei Darussalam,2024,40,,,,,,,,False,False,,,,,1.0,111.0,False,111.0,True,False,2024-09-30,True,True,True,True,True,True,False,False,True,False,False
Brunei Darussalam,2024,41,2.0,11.0,55.0,3.0,,False,False,True,True,True,False,0.2,,1.0,117.0,False,117.0,True,False,2024-10-07,True,True,True,True,True,True,True,True,True,True,True
Brunei Darussalam,2024,42,2.0,1.0,21.0,1.0,,False,False,True,True,True,False,0.0476190476190476,,1.0,96.0,False,96.0,True,False,2024-10-14,True,True,True,True,True,True,True,True,True,True,True
Brunei Darussalam,2024,43,2.0,2.0,27.0,1.0,,False,False,True,True,True,False,0.074074074074074,,1.0,109.0,False,109.0,True,False,2024-10-21,True,True,True,True,True,True,True,True,True,True,True
Brunei Darussalam,2024,44,2.0,1.0,22.0,0.0,,False,False,True,True,True,False,0.0454545454545454,,1.0,69.0,False,69.0,True,False,2024-10-28,True,True,True,True,True,True,True,True,True,True,True
Brunei Darussalam,2024,45,,,,,,,,False,False,,,,,1.0,95.0,False,95.0,True,False,2024-11-04,True,True,True,True,True,True,False,False,True,False,False
Brunei Darussalam,2024,46,1.0,1.0,13.0,1.0,,False,False,True,True,True,False,0.0769230769230769,,1.0,74.0,False,74.0,True,False,2024-11-11,True,True,True,True,True,True,True,True,True,True,True
Brunei Darussalam,2024,47,2.0,1.0,20.0,2.0,,False,False,True,True,True,False,0.05,,1.0,93.0,False,93.0,True,False,2024-11-18,True,True,True,True,True,True,True,True,True,True,True
Brunei Darussalam,2024,48,2.0,2.0,27.0,1.0,,False,False,True,True,True,False,0.074074074074074,,1.0,96.0,False,96.0,True,False,2024-11-25,True,True,True,True,True,True,True,True,True,True,True
Brunei Darussalam,2024,49,2.0,4.0,29.0,1.0,,False,False,True,True,True,False,0.1379310344827586,,1.0,124.0,False,124.0,True,False,2024-12-02,True,True,True,True,True,True,True,True,True,True,True
Brunei Darussalam,2024,50,2.0,8.0,32.0,1.0,,False,False,True,True,True,False,0.25,,1.0,142.0,False,142.0,True,False,2024-12-09,True,True,True,True,True,True,True,True,True,True,True
Brunei Darussalam,2024,51,2.0,7.0,27.0,1.0,,False,False,True,True,True,False,0.2592592592592592,,1.0,153.0,False,153.0,True,False,2024-12-16,True,True,True,True,True,True,True,True,True,True,True
Brunei Darussalam,2024,52,2.0,9.0,38.0,2.0,,False,False,True,True,True,False,0.2368421052631578,,1.0,167.0,False,167.0,True,False,2024-12-23,True,True,True,True,True,True,True,True,True,True,True
Indonesia,2020,1,1.0,26.0,61.0,0.0,,False,False,True,True,True,False,0.4262295081967213,,1.0,0.0,False,0.0,True,True,2019-12-30,True,True,True,True,True,True,True,True,True,True,True
Indonesia,2020,2,1.0,64.0,124.0,0.0,,False,False,True,True,True,False,0.5161290322580645,,1.0,0.0,False,0.0,True,True,2020-01-06,True,True,True,True,True,True,True,True,True,True,True
Indonesia,2020,3,1.0,118.0,188.0,0.0,,False,False,True,True,True,False,0.6276595744680851,,1.0,0.0,False,0.0,True,True,2020-01-13,True,True,True,True,True,True,True,True,True,True,True
Indonesia,2020,4,1.0,71.0,118.0,0.0,,False,False,True,True,True,False,0.6016949152542372,,1.0,0.0,False,0.0,True,True,2020-01-20,True,True,True,True,True,True,True,True,True,True,True
Indonesia,2020,5,1.0,116.0,201.0,0.0,,False,False,True,True,True,False,0.5771144278606966,,1.0,0.0,False,0.0,True,True,2020-01-27,True,True,True,True,True,True,True,True,True,True,True
Indonesia,2020,6,1.0,87.0,157.0,0.0,,False,False,True,True,True,False,0.554140127388535,,1.0,0.0,False,0.0,True,True,2020-02-03,True,True,True,True,True,True,True,True,True,True,True
Indonesia,2020,7,1.0,45.0,131.0,0.0,,False,False,True,True,True,False,0.3435114503816794,,1.0,0.0,False,0.0,True,True,2020-02-10,True,True,True,True,True,True,True,True,True,True,True
Indonesia,2020,8,1.0,56.0,114.0,0.0,,False,False,True,True,True,False,0.4912280701754385,,1.0,0.0,False,0.0,True,True,2020-02-17,True,True,True,True,True,True,True,True,True,True,True
Indonesia,2020,9,1.0,74.0,149.0,0.0,,False,False,True,True,True,False,0.4966442953020134,,1.0,0.0,False,0.0,True,True,2020-02-24,True,True,True,True,True,True,True,True,True,True,True
Indonesia,2020,10,1.0,76.0,155.0,0.0,,False,False,True,True,True,False,0.4903225806451612,,1.0,2.0,False,2.0,True,False,2020-03-02,True,True,True,True,True,True,True,True,True,True,True
Indonesia,2020,11,1.0,35.0,119.0,0.0,,False,False,True,True,True,False,0.2941176470588235,,1.0,115.0,False,115.0,True,False,2020-03-09,True,True,True,True,True,True,True,True,True,True,True
Indonesia,2020,12,1.0,27.0,121.0,0.0,,False,False,True,True,True,False,0.2231404958677686,,1.0,397.0,False,397.0,True,False,2020-03-16,True,True,True,True,True,True,True,True,True,True,True
Indonesia,2020,13,1.0,10.0,46.0,0.0,,False,False,True,True,True,False,0.217391304347826,,1.0,771.0,False,771.0,True,False,2020-03-23,True,True,True,True,True,True,True,True,True,True,True
Indonesia,2020,14,1.0,11.0,62.0,0.0,,False,False,True,True,True,False,0.1774193548387097,,1.0,988.0,False,988.0,True,False,2020-03-30,True,True,True,True,True,True,True,True,True,True,True
Indonesia,2020,15,1.0,1.0,14.0,0.0,,False,False,True,True,True,False,0.0714285714285714,,1.0,1968.0,False,1968.0,True,False,2020-04-06,True,True,True,True,True,True,True,True,True,True,True
Indonesia,2020,16,1.0,2.0,17.0,0.0,,False,False,True,True,True,False,0.1176470588235294,,1.0,2334.0,False,2334.0,True,False,2020-04-13,True,True,True,True,True,True,True,True,True,True,True
Indonesia,2020,17,1.0,1.0,10.0,0.0,,False,False,True,True,True,False,0.1,,1.0,2307.0,False,2307.0,True,False,2020-04-20,True,True,True,True,True,True,True,True,True,True,True
Indonesia,2020,18,1.0,0.0,7.0,0.0,,False,False,True,True,True,False,0.0,,1.0,2310.0,False,2310.0,True,False,2020-04-27,True,True,True,True,True,True,True,True,True,True,True
Indonesia,2020,19,1.0,0.0,8.0,0.0,,False,False,True,True,True,False,0.0,,1.0,2840.0,False,2840.0,True,False,2020-05-04,True,True,True,True,True,True,True,True,True,True,True
Indonesia,2020,20,1.0,1.0,4.0,0.0,,False,False,True,True,True,False,0.25,,1.0,3482.0,False,3482.0,True,False,2020-05-11,True,True,True,True,True,True,True,True,True,True,True
Indonesia,2020,21,1.0,0.0,12.0,0.0,,False,False,True,True,True,False,0.0,,1.0,4757.0,False,4757.0,True,False,2020-05-18,True,True,True,True,True,True,True,True,True,True,True
Indonesia,2020,22,1.0,0.0,4.0,0.0,,False,False,True,True,True,False,0.0,,1.0,4202.0,False,4202.0,True,False,2020-05-25,True,True,True,True,True,True,True,True,True,True,True
Indonesia,2020,23,1.0,0.0,2.0,0.0,,False,False,True,True,True,False,0.0,,1.0,4713.0,False,4713.0,True,False,2020-06-01,True,True,True,True,True,True,True,True,True,True,True
Indonesia,2020,24,1.0,0.0,3.0,0.0,,False,False,True,True,True,False,0.0,,1.0,7091.0,False,7091.0,True,False,2020-06-08,True,True,True,True,True,True,True,True,True,True,True
Indonesia,2020,25,1.0,0.0,8.0,0.0,,False,False,True,True,True,False,0.0,,1.0,7614.0,False,7614.0,True,False,2020-06-15,True,True,True,True,True,True,True,True,True,True,True
Indonesia,2020,26,1.0,0.0,7.0,0.0,,False,False,True,True,True,False,0.0,,1.0,8119.0,False,8119.0,True,False,2020-06-22,True,True,True,True,True,True,True,True,True,True,True
Indonesia,2020,27,1.0,0.0,18.0,0.0,,False,False,True,True,True,False,0.0,,1.0,9739.0,False,9739.0,True,False,2020-06-29,True,True,True,True,True,True,True,True,True,True,True
Indonesia,2020,28,1.0,0.0,12.0,0.0,,False,False,True,True,True,False,0.0,,1.0,11950.0,False,11950.0,True,False,2020-07-06,True,True,True,True,True,True,True,True,True,True,True
Indonesia,2020,29,1.0,0.0,8.0,0.0,,False,False,True,True,True,False,0.0,,1.0,10822.0,False,10822.0,True,False,2020-07-13,True,True,True,True,True,True,True,True,True,True,True
Indonesia,2020,30,1.0,0.0,8.0,0.0,,False,False,True,True,True,False,0.0,,1.0,12257.0,False,12257.0,True,False,2020-07-20,True,True,True,True,True,True,True,True,True,True,True
Indonesia,2020,31,1.0,0.0,12.0,0.0,,False,False,True,True,True,False,0.0,,1.0,12677.0,False,12677.0,True,False,2020-07-27,True,True,True,True,True,True,True,True,True,True,True
Indonesia,2020,32,1.0,0.0,6.0,0.0,,False,False,True,True,True,False,0.0,,1.0,13941.0,False,13941.0,True,False,2020-08-03,True,True,True,True,True,True,True,True,True,True,True
Indonesia,2020,33,1.0,0.0,18.0,0.0,,False,False,True,True,True,False,0.0,,1.0,14153.0,False,14153.0,True,False,2020-08-10,True,True,True,True,True,True,True,True,True,True,True
Indonesia,2020,34,1.0,2.0,10.0,0.0,,False,False,True,True,True,False,0.2,,1.0,13986.0,False,13986.0,True,False,2020-08-17,True,True,True,True,True,True,True,True,True,True,True
Indonesia,2020,35,1.0,0.0,3.0,0.0,,False,False,True,True,True,False,0.0,,1.0,18518.0,False,18518.0,True,False,2020-08-24,True,True,True,True,True,True,True,True,True,True,True
Indonesia,2020,36,1.0,2.0,17.0,0.0,,False,False,True,True,True,False,0.1176470588235294,,1.0,22056.0,False,22056.0,True,False,2020-08-31,True,True,True,True,True,True,True,True,True,True,True
Indonesia,2020,37,1.0,1.0,11.0,0.0,,False,False,True,True,True,False,0.0909090909090909,,1.0,24273.0,False,24273.0,True,False,2020-09-07,True,True,True,True,True,True,True,True,True,True,True
Indonesia,2020,38,1.0,0.0,12.0,0.0,,False,False,True,True,True,False,0.0,,1.0,26294.0,False,26294.0,True,False,2020-09-14,True,True,True,True,True,True,True,True,True,True,True
Indonesia,2020,39,1.0,0.0,4.0,0.0,,False,False,True,True,True,False,0.0,,1.0,30537.0,False,30537.0,True,False,2020-09-21,True,True,True,True,True,True,True,True,True,True,True
Indonesia,2020,40,1.0,0.0,7.0,0.0,,False,False,True,True,True,False,0.0,,1.0,28285.0,False,28285.0,True,False,2020-09-28,True,True,True,True,True,True,True,True,True,True,True
Indonesia,2020,41,1.0,0.0,5.0,0.0,,False,False,True,True,True,False,0.0,,1.0,29951.0,False,29951.0,True,False,2020-10-05,True,True,True,True,True,True,True,True,True,True,True
Indonesia,2020,42,1.0,0.0,11.0,0.0,,False,False,True,True,True,False,0.0,,1.0,28418.0,False,28418.0,True,False,2020-10-12,True,True,True,True,True,True,True,True,True,True,True
Indonesia,2020,43,1.0,0.0,3.0,0.0,,False,False,True,True,True,False,0.0,,1.0,27845.0,False,27845.0,True,False,2020-10-19,True,True,True,True,True,True,True,True,True,True,True
Indonesia,2020,44,1.0,0.0,1.0,0.0,,False,False,True,True,True,False,0.0,,1.0,23072.0,False,23072.0,True,False,2020-10-26,True,True,True,True,True,True,True,True,True,True,True
Indonesia,2020,45,1.0,0.0,12.0,0.0,,False,False,True,True,True,False,0.0,,1.0,24932.0,False,24932.0,True,False,2020-11-02,True,True,True,True,True,True,True,True,True,True,True
Indonesia,2020,46,1.0,0.0,8.0,0.0,,False,False,True,True,True,False,0.0,,1.0,29397.0,False,29397.0,True,False,2020-11-09,True,True,True,True,True,True,True,True,True,True,True
Indonesia,2020,47,1.0,0.0,17.0,0.0,,False,False,True,True,True,False,0.0,,1.0,30555.0,False,30555.0,True,False,2020-11-16,True,True,True,True,True,True,True,True,True,True,True
Indonesia,2020,48,1.0,0.0,8.0,0.0,,False,False,True,True,True,False,0.0,,1.0,36598.0,False,36598.0,True,False,2020-11-23,True,True,True,True,True,True,True,True,True,True,True
Indonesia,2020,49,1.0,0.0,10.0,0.0,,False,False,True,True,True,False,0.0,,1.0,41530.0,False,41530.0,True,False,2020-11-30,True,True,True,True,True,True,True,True,True,True,True
Indonesia,2020,50,1.0,0.0,15.0,0.0,,False,False,True,True,True,False,0.0,,1.0,42024.0,False,42024.0,True,False,2020-12-07,True,True,True,True,True,True,True,True,True,True,True
Indonesia,2020,51,1.0,0.0,19.0,0.0,,False,False,True,True,True,False,0.0,,1.0,47110.0,False,47110.0,True,False,2020-12-14,True,True,True,True,True,True,True,True,True,True,True
Indonesia,2020,52,1.0,0.0,21.0,0.0,,False,False,True,True,True,False,0.0,,1.0,48435.0,False,48435.0,True,False,2020-12-21,True,True,True,True,True,True,True,True,True,True,True
Indonesia,2020,53,1.0,0.0,6.0,0.0,,False,False,True,True,True,False,0.0,,1.0,51985.0,False,51985.0,True,False,2020-12-28,True,True,True,True,True,True,True,True,True,True,True
Indonesia,2021,1,1.0,1.0,24.0,0.0,,False,False,True,True,True,False,0.0416666666666666,,1.0,62676.0,False,62676.0,True,False,2021-01-04,True,True,True,True,True,True,True,True,True,True,True
Indonesia,2021,2,1.0,0.0,3.0,0.0,,False,False,True,True,True,False,0.0,,1.0,79903.0,False,79903.0,True,False,2021-01-11,True,True,True,True,True,True,True,True,True,True,True
Indonesia,2021,3,1.0,0.0,12.0,0.0,,False,False,True,True,True,False,0.0,,1.0,81333.0,False,81333.0,True,False,2021-01-18,True,True,True,True,True,True,True,True,True,True,True
Indonesia,2021,4,1.0,0.0,16.0,0.0,,False,False,True,True,True,False,0.0,,1.0,89052.0,False,89052.0,True,False,2021-01-25,True,True,True,True,True,True,True,True,True,True,True
Indonesia,2021,5,1.0,0.0,51.0,0.0,,False,False,True,True,True,False,0.0,,1.0,79523.0,False,79523.0,True,False,2021-02-01,True,True,True,True,True,True,True,True,True,True,True
Indonesia,2021,6,1.0,1.0,17.0,0.0,,False,False,True,True,True,False,0.0588235294117647,,1.0,59631.0,False,59631.0,True,False,2021-02-08,True,True,True,True,True,True,True,True,True,True,True
Indonesia,2021,7,1.0,2.0,30.0,0.0,,False,False,True,True,True,False,0.0666666666666666,,1.0,61185.0,False,61185.0,True,False,2021-02-15,True,True,True,True,True,True,True,True,True,True,True
Indonesia,2021,8,1.0,1.0,19.0,0.0,,False,False,True,True,True,False,0.0526315789473684,,1.0,55981.0,False,55981.0,True,False,2021-02-22,True,True,True,True,True,True,True,True,True,True,True
Indonesia,2021,9,1.0,0.0,14.0,0.0,,False,False,True,True,True,False,0.0,,1.0,45028.0,False,45028.0,True,False,2021-03-01,True,True,True,True,True,True,True,True,True,True,True
Indonesia,2021,10,1.0,2.0,22.0,0.0,,False,False,True,True,True,False,0.0909090909090909,,1.0,39793.0,False,39793.0,True,False,2021-03-08,True,True,True,True,True,True,True,True,True,True,True
Indonesia,2021,11,1.0,0.0,9.0,0.0,,False,False,True,True,True,False,0.0,,1.0,40729.0,False,40729.0,True,False,2021-03-15,True,True,True,True,True,True,True,True,True,True,True
Indonesia,2021,12,1.0,1.0,29.0,0.0,,False,False,True,True,True,False,0.0344827586206896,,1.0,35901.0,False,35901.0,True,False,2021-03-22,True,True,True,True,True,True,True,True,True,True,True
Indonesia,2021,13,1.0,0.0,22.0,0.0,,False,False,True,True,True,False,0.0,,1.0,38170.0,False,38170.0,True,False,2021-03-29,True,True,True,True,True,True,True,True,True,True,True
Indonesia,2021,14,1.0,3.0,30.0,0.0,,False,False,True,True,True,False,0.1,,1.0,32740.0,False,32740.0,True,False,2021-04-05,True,True,True,True,True,True,True,True,True,True,True
Indonesia,2021,15,1.0,2.0,23.0,0.0,,False,False,True,True,True,False,0.0869565217391304,,1.0,37353.0,False,37353.0,True,False,2021-04-12,True,True,True,True,True,True,True,True,True,True,True
Indonesia,2021,16,1.0,1.0,16.0,0.0,,False,False,True,True,True,False,0.0625,,1.0,36846.0,False,36846.0,True,False,2021-04-19,True,True,True,True,True,True,True,True,True,True,True
Indonesia,2021,17,1.0,0.0,9.0,0.0,,False,False,True,True,True,False,0.0,,1.0,36080.0,False,36080.0,True,False,2021-04-26,True,True,True,True,True,True,True,True,True,True,True
Indonesia,2021,18,1.0,1.0,24.0,0.0,,False,False,True,True,True,False,0.0416666666666666,,1.0,36410.0,False,36410.0,True,False,2021-05-03,True,True,True,True,True,True,True,True,True,True,True
Indonesia,2021,19,1.0,1.0,6.0,0.0,,False,False,True,True,True,False,0.1666666666666666,,1.0,26066.0,False,26066.0,True,False,2021-05-10,True,True,True,True,True,True,True,True,True,True,True
Indonesia,2021,20,1.0,1.0,6.0,0.0,,False,False,True,True,True,False,0.1666666666666666,,1.0,35470.0,False,35470.0,True,False,2021-05-17,True,True,True,True,True,True,True,True,True,True,True
Indonesia,2021,21,1.0,1.0,12.0,0.0,,False,False,True,True,True,False,0.0833333333333333,,1.0,40821.0,False,40821.0,True,False,2021-05-24,True,True,True,True,True,True,True,True,True,True,True
Indonesia,2021,22,1.0,0.0,10.0,0.0,,False,False,True,True,True,False,0.0,,1.0,39997.0,False,39997.0,True,False,2021-05-31,True,True,True,True,True,True,True,True,True,True,True
Indonesia,2021,23,1.0,0.0,10.0,0.0,,False,False,True,True,True,False,0.0,,1.0,55320.0,False,55320.0,True,False,2021-06-07,True,True,True,True,True,True,True,True,True,True,True
Indonesia,2021,24,1.0,1.0,9.0,0.0,,False,False,True,True,True,False,0.1111111111111111,,1.0,78551.0,False,78551.0,True,False,2021-06-14,True,True,True,True,True,True,True,True,True,True,True
Indonesia,2021,25,1.0,1.0,23.0,0.0,,False,False,True,True,True,False,0.0434782608695652,,1.0,125395.0,False,125395.0,True,False,2021-06-21,True,True,True,True,True,True,True,True,True,True,True
Indonesia,2021,26,1.0,0.0,9.0,0.0,,False,False,True,True,True,False,0.0,,1.0,168780.0,False,168780.0,True,False,2021-06-28,True,True,True,True,True,True,True,True,True,True,True
Indonesia,2021,27,1.0,0.0,7.0,0.0,,False,False,True,True,True,False,0.0,,1.0,243119.0,False,243119.0,True,False,2021-07-05,True,True,True,True,True,True,True,True,True,True,True
Indonesia,2021,28,1.0,0.0,22.0,0.0,,False,False,True,True,True,False,0.0,,1.0,350273.0,False,350273.0,True,False,2021-07-12,True,True,True,True,True,True,True,True,True,True,True
Indonesia,2021,29,1.0,0.0,10.0,0.0,,False,False,True,True,True,False,0.0,,1.0,289029.0,False,289029.0,True,False,2021-07-19,True,True,True,True,True,True,True,True,True,True,True
Indonesia,2021,30,1.0,0.0,5.0,0.0,,False,False,True,True,True,False,0.0,,1.0,273891.0,False,273891.0,True,False,2021-07-26,True,True,True,True,True,True,True,True,True,True,True
Indonesia,2021,31,1.0,0.0,6.0,0.0,,False,False,True,True,True,False,0.0,,1.0,225635.0,False,225635.0,True,False,2021-08-02,True,True,True,True,True,True,True,True,True,True,True
Indonesia,2021,32,1.0,0.0,2.0,0.0,,False,False,True,True,True,False,0.0,,1.0,188323.0,False,188323.0,True,False,2021-08-09,True,True,True,True,True,True,True,True,True,True,True
Indonesia,2021,33,1.0,0.0,8.0,0.0,,False,False,True,True,True,False,0.0,,1.0,125102.0,False,125102.0,True,False,2021-08-16,True,True,True,True,True,True,True,True,True,True,True
Indonesia,2021,34,1.0,0.0,7.0,0.0,,False,False,True,True,True,False,0.0,,1.0,94375.0,False,94375.0,True,False,2021-08-23,True,True,True,True,True,True,True,True,True,True,True
Indonesia,2021,35,1.0,0.0,5.0,0.0,,False,False,True,True,True,False,0.0,,1.0,55189.0,False,55189.0,True,False,2021-08-30,True,True,True,True,True,True,True,True,True,True,True
Indonesia,2021,36,1.0,0.0,9.0,0.0,,False,False,True,True,True,False,0.0,,1.0,38491.0,False,38491.0,True,False,2021-09-06,True,True,True,True,True,True,True,True,True,True,True
Indonesia,2021,37,1.0,0.0,12.0,0.0,,False,False,True,True,True,False,0.0,,1.0,23252.0,False,23252.0,True,False,2021-09-13,True,True,True,True,True,True,True,True,True,True,True
Indonesia,2021,38,1.0,1.0,31.0,0.0,,False,False,True,True,True,False,0.032258064516129,,1.0,17250.0,False,17250.0,True,False,2021-09-20,True,True,True,True,True,True,True,True,True,True,True
Indonesia,2021,39,1.0,0.0,25.0,0.0,,False,False,True,True,True,False,0.0,,1.0,11271.0,False,11271.0,True,False,2021-09-27,True,True,True,True,True,True,True,True,True,True,True
Indonesia,2021,40,1.0,0.0,8.0,0.0,,False,False,True,True,True,False,0.0,,1.0,8648.0,False,8648.0,True,False,2021-10-04,True,True,True,True,True,True,True,True,True,True,True
Indonesia,2021,41,1.0,0.0,8.0,0.0,,False,False,True,True,True,False,0.0,,1.0,6826.0,False,6826.0,True,False,2021-10-11,True,True,True,True,True,True,True,True,True,True,True
Indonesia,2021,42,1.0,1.0,8.0,0.0,,False,False,True,True,True,False,0.125,,1.0,5261.0,False,5261.0,True,False,2021-10-18,True,True,True,True,True,True,True,True,True,True,True
Indonesia,2021,43,1.0,0.0,11.0,0.0,,False,False,True,True,True,False,0.0,,1.0,4339.0,False,4339.0,True,False,2021-10-25,True,True,True,True,True,True,True,True,True,True,True
Indonesia,2021,44,1.0,2.0,4.0,0.0,,False,False,True,True,True,False,0.5,,1.0,3807.0,False,3807.0,True,False,2021-11-01,True,True,True,True,True,True,True,True,True,True,True
Indonesia,2021,45,1.0,1.0,4.0,0.0,,False,False,True,True,True,False,0.25,,1.0,2690.0,False,2690.0,True,False,2021-11-08,True,True,True,True,True,True,True,True,True,True,True
Indonesia,2021,46,1.0,2.0,5.0,0.0,,False,False,True,True,True,False,0.4,,1.0,2557.0,False,2557.0,True,False,2021-11-15,True,True,True,True,True,True,True,True,True,True,True
Indonesia,2021,47,1.0,4.0,6.0,0.0,,False,False,True,True,True,False,0.6666666666666666,,1.0,2524.0,False,2524.0,True,False,2021-11-22,True,True,True,True,True,True,True,True,True,True,True
Indonesia,2021,48,1.0,5.0,9.0,0.0,,False,False,True,True,True,False,0.5555555555555556,,1.0,1749.0,False,1749.0,True,False,2021-11-29,True,True,True,True,True,True,True,True,True,True,True
Indonesia,2021,49,1.0,4.0,7.0,0.0,,False,False,True,True,True,False,0.5714285714285714,,1.0,1458.0,False,1458.0,True,False,2021-12-06,True,True,True,True,True,True,True,True,True,True,True
Indonesia,2021,50,1.0,1.0,9.0,0.0,,False,False,True,True,True,False,0.1111111111111111,,1.0,1401.0,False,1401.0,True,False,2021-12-13,True,True,True,True,True,True,True,True,True,True,True
Indonesia,2021,51,1.0,3.0,4.0,0.0,,False,False,True,True,True,False,0.75,,1.0,1215.0,False,1215.0,True,False,2021-12-20,True,True,True,True,True,True,True,True,True,True,True
Indonesia,2021,52,1.0,3.0,6.0,0.0,,False,False,True,True,True,False,0.5,,1.0,1409.0,False,1409.0,True,False,2021-12-27,True,True,True,True,True,True,True,True,True,True,True
Indonesia,2022,1,1.0,9.0,28.0,0.0,,False,False,True,True,True,False,0.3214285714285714,,1.0,3027.0,False,3027.0,True,False,2022-01-03,True,True,True,True,True,True,True,True,True,True,True
Indonesia,2022,2,1.0,13.0,25.0,0.0,,False,False,True,True,True,False,0.52,,1.0,5454.0,False,5454.0,True,False,2022-01-10,True,True,True,True,True,True,True,True,True,True,True
Indonesia,2022,3,1.0,11.0,36.0,0.0,,False,False,True,True,True,False,0.3055555555555556,,1.0,14729.0,False,14729.0,True,False,2022-01-17,True,True,True,True,True,True,True,True,True,True,True
Indonesia,2022,4,1.0,6.0,33.0,0.0,,False,False,True,True,True,False,0.1818181818181818,,1.0,56807.0,False,56807.0,True,False,2022-01-24,True,True,True,True,True,True,True,True,True,True,True
Indonesia,2022,5,1.0,5.0,42.0,0.0,,False,False,True,True,True,False,0.119047619047619,,1.0,173295.0,False,173295.0,True,False,2022-01-31,True,True,True,True,True,True,True,True,True,True,True
Indonesia,2022,6,1.0,2.0,32.0,0.0,,False,False,True,True,True,False,0.0625,,1.0,291298.0,False,291298.0,True,False,2022-02-07,True,True,True,True,True,True,True,True,True,True,True
Indonesia,2022,7,1.0,1.0,21.0,0.0,,False,False,True,True,True,False,0.0476190476190476,,1.0,389727.0,False,389727.0,True,False,2022-02-14,True,True,True,True,True,True,True,True,True,True,True
Indonesia,2022,8,1.0,0.0,19.0,0.0,,False,False,True,True,True,False,0.0,,1.0,341889.0,False,341889.0,True,False,2022-02-21,True,True,True,True,True,True,True,True,True,True,True
Indonesia,2022,9,1.0,0.0,20.0,0.0,,False,False,True,True,True,False,0.0,,1.0,209331.0,False,209331.0,True,False,2022-02-28,True,True,True,True,True,True,True,True,True,True,True
Indonesia,2022,10,1.0,0.0,14.0,0.0,,False,False,True,True,True,False,0.0,,1.0,141770.0,False,141770.0,True,False,2022-03-07,True,True,True,True,True,True,True,True,True,True,True
Indonesia,2022,11,1.0,0.0,19.0,0.0,,False,False,True,True,True,False,0.0,,1.0,71988.0,False,71988.0,True,False,2022-03-14,True,True,True,True,True,True,True,True,True,True,True
Indonesia,2022,12,1.0,0.0,19.0,0.0,,False,False,True,True,True,False,0.0,,1.0,36470.0,False,36470.0,True,False,2022-03-21,True,True,True,True,True,True,True,True,True,True,True
Indonesia,2022,13,1.0,0.0,14.0,0.0,,False,False,True,True,True,False,0.0,,1.0,21028.0,False,21028.0,True,False,2022-03-28,True,True,True,True,True,True,True,True,True,True,True
Indonesia,2022,14,1.0,1.0,16.0,0.0,,False,False,True,True,True,False,0.0625,,1.0,12726.0,False,12726.0,True,False,2022-04-04,True,True,True,True,True,True,True,True,True,True,True
Indonesia,2022,15,1.0,0.0,18.0,0.0,,False,False,True,True,True,False,0.0,,1.0,7166.0,False,7166.0,True,False,2022-04-11,True,True,True,True,True,True,True,True,True,True,True
Indonesia,2022,16,1.0,0.0,11.0,0.0,,False,False,True,True,True,False,0.0,,1.0,4277.0,False,4277.0,True,False,2022-04-18,True,True,True,True,True,True,True,True,True,True,True
Indonesia,2022,17,1.0,0.0,9.0,0.0,,False,False,True,True,True,False,0.0,,1.0,2890.0,False,2890.0,True,False,2022-04-25,True,True,True,True,True,True,True,True,True,True,True
Indonesia,2022,18,1.0,0.0,7.0,0.0,,False,False,True,True,True,False,0.0,,1.0,1391.0,False,1391.0,True,False,2022-05-02,True,True,True,True,True,True,True,True,True,True,True
Indonesia,2022,19,1.0,0.0,30.0,0.0,,False,False,True,True,True,False,0.0,,1.0,2345.0,False,2345.0,True,False,2022-05-09,True,True,True,True,True,True,True,True,True,True,True
Indonesia,2022,20,1.0,0.0,11.0,0.0,,False,False,True,True,True,False,0.0,,1.0,1814.0,False,1814.0,True,False,2022-05-16,True,True,True,True,True,True,True,True,True,True,True
Indonesia,2022,21,1.0,1.0,11.0,0.0,,False,False,True,True,True,False,0.0909090909090909,,1.0,1825.0,False,1825.0,True,False,2022-05-23,True,True,True,True,True,True,True,True,True,True,True
Indonesia,2022,22,1.0,0.0,6.0,0.0,,False,False,True,True,True,False,0.0,,1.0,2385.0,False,2385.0,True,False,2022-05-30,True,True,True,True,True,True,True,True,True,True,True
Indonesia,2022,23,1.0,1.0,20.0,0.0,,False,False,True,True,True,False,0.05,,1.0,3688.0,False,3688.0,True,False,2022-06-06,True,True,True,True,True,True,True,True,True,True,True
Indonesia,2022,24,1.0,4.0,11.0,0.0,,False,False,True,True,True,False,0.3636363636363636,,1.0,7587.0,False,7587.0,True,False,2022-06-13,True,True,True,True,True,True,True,True,True,True,True
Indonesia,2022,25,1.0,2.0,20.0,0.0,,False,False,True,True,True,False,0.1,,1.0,12376.0,False,12376.0,True,False,2022-06-20,True,True,True,True,True,True,True,True,True,True,True
Indonesia,2022,26,1.0,1.0,21.0,0.0,,False,False,True,True,True,False,0.0476190476190476,,1.0,13466.0,False,13466.0,True,False,2022-06-27,True,True,True,True,True,True,True,True,True,True,True
Indonesia,2022,27,1.0,4.0,22.0,0.0,,False,False,True,True,True,False,0.1818181818181818,,1.0,17388.0,False,17388.0,True,False,2022-07-04,True,True,True,True,True,True,True,True,True,True,True
Indonesia,2022,28,1.0,0.0,11.0,0.0,,False,False,True,True,True,False,0.0,,1.0,23648.0,False,23648.0,True,False,2022-07-11,True,True,True,True,True,True,True,True,True,True,True
Indonesia,2022,29,1.0,1.0,29.0,0.0,,False,False,True,True,True,False,0.0344827586206896,,1.0,33389.0,False,33389.0,True,False,2022-07-18,True,True,True,True,True,True,True,True,True,True,True
Indonesia,2022,30,1.0,8.0,30.0,0.0,,False,False,True,True,True,False,0.2666666666666666,,1.0,38756.0,False,38756.0,True,False,2022-07-25,True,True,True,True,True,True,True,True,True,True,True
Indonesia,2022,31,1.0,5.0,23.0,0.0,,False,False,True,True,True,False,0.217391304347826,,1.0,37880.0,False,37880.0,True,False,2022-08-01,True,True,True,True,True,True,True,True,True,True,True
Indonesia,2022,32,1.0,11.0,36.0,0.0,,False,False,True,True,True,False,0.3055555555555556,,1.0,37796.0,False,37796.0,True,False,2022-08-08,True,True,True,True,True,True,True,True,True,True,True
Indonesia,2022,33,1.0,3.0,33.0,0.0,,False,False,True,True,True,False,0.0909090909090909,,1.0,32783.0,False,32783.0,True,False,2022-08-15,True,True,True,True,True,True,True,True,True,True,True
Indonesia,2022,34,1.0,9.0,25.0,0.0,,False,False,True,True,True,False,0.36,,1.0,30747.0,False,30747.0,True,False,2022-08-22,True,True,True,True,True,True,True,True,True,True,True
Indonesia,2022,35,1.0,5.0,21.0,0.0,,False,False,True,True,True,False,0.238095238095238,,1.0,26238.0,False,26238.0,True,False,2022-08-29,True,True,True,True,True,True,True,True,True,True,True
Indonesia,2022,36,1.0,13.0,37.0,0.0,,False,False,True,True,True,False,0.3513513513513513,,1.0,19950.0,False,19950.0,True,False,2022-09-05,True,True,True,True,True,True,True,True,True,True,True
Indonesia,2022,37,1.0,14.0,34.0,0.0,,False,False,True,True,True,False,0.4117647058823529,,1.0,16314.0,False,16314.0,True,False,2022-09-12,True,True,True,True,True,True,True,True,True,True,True
Indonesia,2022,38,1.0,12.0,33.0,0.0,,False,False,True,True,True,False,0.3636363636363636,,1.0,13723.0,False,13723.0,True,False,2022-09-19,True,True,True,True,True,True,True,True,True,True,True
Indonesia,2022,39,1.0,12.0,26.0,0.0,,False,False,True,True,True,False,0.4615384615384615,,1.0,12056.0,False,12056.0,True,False,2022-09-26,True,True,True,True,True,True,True,True,True,True,True
Indonesia,2022,40,1.0,22.0,48.0,0.0,,False,False,True,True,True,False,0.4583333333333333,,1.0,10363.0,False,10363.0,True,False,2022-10-03,True,True,True,True,True,True,True,True,True,True,True
Indonesia,2022,41,1.0,7.0,36.0,0.0,,False,False,True,True,True,False,0.1944444444444444,,1.0,11920.0,False,11920.0,True,False,2022-10-10,True,True,True,True,True,True,True,True,True,True,True
Indonesia,2022,42,1.0,24.0,62.0,0.0,,False,False,True,True,True,False,0.3870967741935484,,1.0,14093.0,False,14093.0,True,False,2022-10-17,True,True,True,True,True,True,True,True,True,True,True
Indonesia,2022,43,1.0,12.0,40.0,0.0,,False,False,True,True,True,False,0.3,,1.0,19661.0,False,19661.0,True,False,2022-10-24,True,True,True,True,True,True,True,True,True,True,True
Indonesia,2022,44,1.0,8.0,32.0,0.0,,False,False,True,True,True,False,0.25,,1.0,30670.0,False,30670.0,True,False,2022-10-31,True,True,True,True,True,True,True,True,True,True,True
Indonesia,2022,45,1.0,4.0,31.0,0.0,,False,False,True,True,True,False,0.1290322580645161,,1.0,40212.0,False,40212.0,True,False,2022-11-07,True,True,True,True,True,True,True,True,True,True,True
Indonesia,2022,46,1.0,1.0,15.0,0.0,,False,False,True,True,True,False,0.0666666666666666,,1.0,46863.0,False,46863.0,True,False,2022-11-14,True,True,True,True,True,True,True,True,True,True,True
Indonesia,2022,47,1.0,4.0,19.0,0.0,,False,False,True,True,True,False,0.2105263157894736,,1.0,41877.0,False,41877.0,True,False,2022-11-21,True,True,True,True,True,True,True,True,True,True,True
Indonesia,2022,48,1.0,3.0,16.0,0.0,,False,False,True,True,True,False,0.1875,,1.0,29959.0,False,29959.0,True,False,2022-11-28,True,True,True,True,True,True,True,True,True,True,True
Indonesia,2022,49,1.0,4.0,21.0,0.0,,False,False,True,True,True,False,0.1904761904761904,,1.0,18587.0,False,18587.0,True,False,2022-12-05,True,True,True,True,True,True,True,True,True,True,True
Indonesia,2022,50,1.0,2.0,25.0,0.0,,False,False,True,True,True,False,0.08,,1.0,10807.0,False,10807.0,True,False,2022-12-12,True,True,True,True,True,True,True,True,True,True,True
Indonesia,2022,51,1.0,3.0,19.0,0.0,,False,False,True,True,True,False,0.1578947368421052,,1.0,6527.0,False,6527.0,True,False,2022-12-19,True,True,True,True,True,True,True,True,True,True,True
Indonesia,2022,52,1.0,1.0,8.0,0.0,,False,False,True,True,True,False,0.125,,1.0,4057.0,False,4057.0,True,False,2022-12-26,True,True,True,True,True,True,True,True,True,True,True
Indonesia,2023,1,1.0,3.0,10.0,0.0,,False,False,True,True,True,False,0.3,,1.0,3365.0,False,3365.0,True,False,2023-01-02,True,True,True,True,True,True,True,True,True,True,True
Indonesia,2023,2,1.0,0.0,9.0,0.0,,False,False,True,True,True,False,0.0,,1.0,2540.0,False,2540.0,True,False,2023-01-09,True,True,True,True,True,True,True,True,True,True,True
Indonesia,2023,3,1.0,1.0,10.0,0.0,,False,False,True,True,True,False,0.1,,1.0,1979.0,False,1979.0,True,False,2023-01-16,True,True,True,True,True,True,True,True,True,True,True
Indonesia,2023,4,1.0,1.0,9.0,0.0,,False,False,True,True,True,False,0.1111111111111111,,1.0,1508.0,False,1508.0,True,False,2023-01-23,True,True,True,True,True,True,True,True,True,True,True
Indonesia,2023,5,1.0,1.0,11.0,0.0,,False,False,True,True,True,False,0.0909090909090909,,1.0,1562.0,False,1562.0,True,False,2023-01-30,True,True,True,True,True,True,True,True,True,True,True
Indonesia,2023,6,1.0,0.0,9.0,0.0,,False,False,True,True,True,False,0.0,,1.0,1664.0,False,1664.0,True,False,2023-02-06,True,True,True,True,True,True,True,True,True,True,True
Indonesia,2023,7,1.0,2.0,12.0,0.0,,False,False,True,True,True,False,0.1666666666666666,,1.0,1416.0,False,1416.0,True,False,2023-02-13,True,True,True,True,True,True,True,True,True,True,True
Indonesia,2023,8,1.0,2.0,10.0,0.0,,False,False,True,True,True,False,0.2,,1.0,1413.0,False,1413.0,True,False,2023-02-20,True,True,True,True,True,True,True,True,True,True,True
Indonesia,2023,9,1.0,3.0,15.0,0.0,,False,False,True,True,True,False,0.2,,1.0,1531.0,False,1531.0,True,False,2023-02-27,True,True,True,True,True,True,True,True,True,True,True
Indonesia,2023,10,1.0,10.0,33.0,0.0,,False,False,True,True,True,False,0.303030303030303,,1.0,1908.0,False,1908.0,True,False,2023-03-06,True,True,True,True,True,True,True,True,True,True,True
Indonesia,2023,11,1.0,6.0,18.0,0.0,,False,False,True,True,True,False,0.3333333333333333,,1.0,2287.0,False,2287.0,True,False,2023-03-13,True,True,True,True,True,True,True,True,True,True,True
Indonesia,2023,12,1.0,15.0,40.0,0.0,,False,False,True,True,True,False,0.375,,1.0,2679.0,False,2679.0,True,False,2023-03-20,True,True,True,True,True,True,True,True,True,True,True
Indonesia,2023,13,1.0,10.0,38.0,0.0,,False,False,True,True,True,False,0.2631578947368421,,1.0,3330.0,False,3330.0,True,False,2023-03-27,True,True,True,True,True,True,True,True,True,True,True
Indonesia,2023,14,1.0,19.0,43.0,0.0,,False,False,True,True,True,False,0.4418604651162791,,1.0,3805.0,False,3805.0,True,False,2023-04-03,True,True,True,True,True,True,True,True,True,True,True
Indonesia,2023,15,1.0,11.0,32.0,0.0,,False,False,True,True,True,False,0.34375,,1.0,6277.0,False,6277.0,True,False,2023-04-10,True,True,True,True,True,True,True,True,True,True,True
Indonesia,2023,16,1.0,3.0,15.0,0.0,,False,False,True,True,True,False,0.2,,1.0,6495.0,False,6495.0,True,False,2023-04-17,True,True,True,True,True,True,True,True,True,True,True
Indonesia,2023,17,1.0,5.0,20.0,0.0,,False,False,True,True,True,False,0.25,,1.0,10781.0,False,10781.0,True,False,2023-04-24,True,True,True,True,True,True,True,True,True,True,True
Indonesia,2023,18,1.0,10.0,33.0,0.0,,False,False,True,True,True,False,0.303030303030303,,1.0,12633.0,False,12633.0,True,False,2023-05-01,True,True,True,True,True,True,True,True,True,True,True
Indonesia,2023,19,1.0,6.0,16.0,0.0,,False,False,True,True,True,False,0.375,,1.0,9982.0,False,9982.0,True,False,2023-05-08,True,True,True,True,True,True,True,True,True,True,True
Indonesia,2023,20,1.0,8.0,28.0,0.0,,False,False,True,True,True,False,0.2857142857142857,,1.0,4754.0,False,4754.0,True,False,2023-05-15,True,True,True,True,True,True,True,True,True,True,True
Indonesia,2023,21,1.0,7.0,63.0,0.0,,False,False,True,True,True,False,0.1111111111111111,,1.0,4198.0,False,4198.0,True,False,2023-05-22,True,True,True,True,True,True,True,True,True,True,True
Indonesia,2023,22,1.0,5.0,31.0,0.0,,False,False,True,True,True,False,0.1612903225806451,,1.0,2249.0,False,2249.0,True,False,2023-05-29,True,True,True,True,True,True,True,True,True,True,True
Indonesia,2023,23,1.0,9.0,42.0,0.0,,False,False,True,True,True,False,0.2142857142857142,,1.0,1582.0,False,1582.0,True,False,2023-06-05,True,True,True,True,True,True,True,True,True,True,True
Indonesia,2023,24,1.0,5.0,34.0,0.0,,False,False,True,True,True,False,0.1470588235294117,,1.0,1009.0,False,1009.0,True,False,2023-06-12,True,True,True,True,True,True,True,True,True,True,True
Indonesia,2023,25,1.0,4.0,59.0,0.0,,False,False,True,True,True,False,0.0677966101694915,,1.0,652.0,False,652.0,True,False,2023-06-19,True,True,True,True,True,True,True,True,True,True,True
Indonesia,2023,26,1.0,2.0,12.0,0.0,,False,False,True,True,True,False,0.1666666666666666,,1.0,307.0,False,307.0,True,False,2023-06-26,True,True,True,True,True,True,True,True,True,True,True
Indonesia,2023,27,1.0,3.0,17.0,0.0,,False,False,True,True,True,False,0.1764705882352941,,1.0,302.0,False,302.0,True,False,2023-07-03,True,True,True,True,True,True,True,True,True,True,True
Indonesia,2023,28,1.0,2.0,10.0,0.0,,False,False,True,True,True,False,0.2,,1.0,281.0,False,281.0,True,False,2023-07-10,True,True,True,True,True,True,True,True,True,True,True
Indonesia,2023,29,1.0,2.0,10.0,0.0,,False,False,True,True,True,False,0.2,,1.0,148.0,False,148.0,True,False,2023-07-17,True,True,True,True,True,True,True,True,True,True,True
Indonesia,2023,30,1.0,8.0,19.0,0.0,,False,False,True,True,True,False,0.4210526315789473,,1.0,148.0,False,148.0,True,False,2023-07-24,True,True,True,True,True,True,True,True,True,True,True
Indonesia,2023,31,1.0,6.0,21.0,0.0,,False,False,True,True,True,False,0.2857142857142857,,1.0,129.0,False,129.0,True,False,2023-07-31,True,True,True,True,True,True,True,True,True,True,True
Indonesia,2023,32,1.0,6.0,33.0,0.0,,False,False,True,True,True,False,0.1818181818181818,,1.0,72.0,False,72.0,True,False,2023-08-07,True,True,True,True,True,True,True,True,True,True,True
Indonesia,2023,33,1.0,7.0,32.0,0.0,,False,False,True,True,True,False,0.21875,,1.0,66.0,False,66.0,True,False,2023-08-14,True,True,True,True,True,True,True,True,True,True,True
Indonesia,2023,34,1.0,4.0,24.0,0.0,,False,False,True,True,True,False,0.1666666666666666,,1.0,68.0,False,68.0,True,False,2023-08-21,True,True,True,True,True,True,True,True,True,True,True
Indonesia,2023,35,1.0,10.0,23.0,0.0,,False,False,True,True,True,False,0.4347826086956521,,1.0,66.0,False,66.0,True,False,2023-08-28,True,True,True,True,True,True,True,True,True,True,True
Indonesia,2023,36,1.0,19.0,46.0,0.0,,False,False,True,True,True,False,0.4130434782608695,,1.0,11.0,False,11.0,True,False,2023-09-04,True,True,True,True,True,True,True,True,True,True,True
Indonesia,2023,37,1.0,19.0,28.0,0.0,,False,False,True,True,True,False,0.6785714285714286,,1.0,51.0,False,51.0,True,False,2023-09-11,True,True,True,True,True,True,True,True,True,True,True
Indonesia,2023,38,1.0,15.0,41.0,0.0,,False,False,True,True,True,False,0.3658536585365853,,1.0,0.0,False,0.0,True,True,2023-09-18,True,True,True,True,True,True,True,True,True,True,True
Indonesia,2023,39,1.0,21.0,37.0,0.0,,False,False,True,True,True,False,0.5675675675675675,,1.0,0.0,False,0.0,True,True,2023-09-25,True,True,True,True,True,True,True,True,True,True,True
Indonesia,2023,40,1.0,17.0,48.0,0.0,,False,False,True,True,True,False,0.3541666666666667,,1.0,0.0,False,0.0,True,True,2023-10-02,True,True,True,True,True,True,True,True,True,True,True
Indonesia,2023,41,1.0,10.0,37.0,0.0,,False,False,True,True,True,False,0.2702702702702703,,1.0,0.0,False,0.0,True,True,2023-10-09,True,True,True,True,True,True,True,True,True,True,True
Indonesia,2023,42,1.0,14.0,63.0,0.0,,False,False,True,True,True,False,0.2222222222222222,,1.0,0.0,False,0.0,True,True,2023-10-16,True,True,True,True,True,True,True,True,True,True,True
Indonesia,2023,43,1.0,9.0,31.0,0.0,,False,False,True,True,True,False,0.2903225806451613,,1.0,0.0,False,0.0,True,True,2023-10-23,True,True,True,True,True,True,True,True,True,True,True
Indonesia,2023,44,1.0,7.0,36.0,0.0,,False,False,True,True,True,False,0.1944444444444444,,1.0,0.0,False,0.0,True,True,2023-10-30,True,True,True,True,True,True,True,True,True,True,True
Indonesia,2023,45,1.0,12.0,30.0,0.0,,False,False,True,True,True,False,0.4,,1.0,0.0,False,0.0,True,True,2023-11-06,True,True,True,True,True,True,True,True,True,True,True
Indonesia,2023,46,1.0,3.0,27.0,0.0,,False,False,True,True,True,False,0.1111111111111111,,1.0,0.0,False,0.0,True,True,2023-11-13,True,True,True,True,True,True,True,True,True,True,True
Indonesia,2023,47,1.0,5.0,31.0,0.0,,False,False,True,True,True,False,0.1612903225806451,,1.0,0.0,False,0.0,True,True,2023-11-20,True,True,True,True,True,True,True,True,True,True,True
Indonesia,2023,48,1.0,5.0,23.0,0.0,,False,False,True,True,True,False,0.217391304347826,,1.0,0.0,False,0.0,True,True,2023-11-27,True,True,True,True,True,True,True,True,True,True,True
Indonesia,2023,49,1.0,0.0,26.0,0.0,,False,False,True,True,True,False,0.0,,1.0,1727.0,False,1727.0,True,False,2023-12-04,True,True,True,True,True,True,True,True,True,True,True
Indonesia,2023,50,1.0,3.0,35.0,0.0,,False,False,True,True,True,False,0.0857142857142857,,1.0,1998.0,False,1998.0,True,False,2023-12-11,True,True,True,True,True,True,True,True,True,True,True
Indonesia,2023,51,1.0,6.0,29.0,0.0,,False,False,True,True,True,False,0.2068965517241379,,1.0,2676.0,False,2676.0,True,False,2023-12-18,True,True,True,True,True,True,True,True,True,True,True
Indonesia,2023,52,1.0,8.0,42.0,0.0,,False,False,True,True,True,False,0.1904761904761904,,1.0,1940.0,False,1940.0,True,False,2023-12-25,True,True,True,True,True,True,True,True,True,True,True
Indonesia,2024,1,1.0,3.0,38.0,0.0,,False,False,True,True,True,False,0.0789473684210526,,1.0,1996.0,False,1996.0,True,False,2024-01-01,True,True,True,True,True,True,True,True,True,True,True
Indonesia,2024,2,1.0,6.0,61.0,0.0,,False,False,True,True,True,False,0.0983606557377049,,1.0,1772.0,False,1772.0,True,False,2024-01-08,True,True,True,True,True,True,True,True,True,True,True
Indonesia,2024,3,1.0,8.0,61.0,0.0,,False,False,True,True,True,False,0.1311475409836065,,1.0,1212.0,False,1212.0,True,False,2024-01-15,True,True,True,True,True,True,True,True,True,True,True
Indonesia,2024,4,1.0,15.0,60.0,0.0,,False,False,True,True,True,False,0.25,,1.0,919.0,False,919.0,True,False,2024-01-22,True,True,True,True,True,True,True,True,True,True,True
Indonesia,2024,5,1.0,8.0,61.0,0.0,,False,False,True,True,True,False,0.1311475409836065,,1.0,599.0,False,599.0,True,False,2024-01-29,True,True,True,True,True,True,True,True,True,True,True
Indonesia,2024,6,1.0,1.0,30.0,0.0,,False,False,True,True,True,False,0.0333333333333333,,1.0,58.0,False,58.0,True,False,2024-02-05,True,True,True,True,True,True,True,True,True,True,True
Indonesia,2024,7,1.0,11.0,52.0,0.0,,False,False,True,True,True,False,0.2115384615384615,,1.0,,False,,False,False,2024-02-12,True,True,True,True,True,True,True,True,False,True,False
Indonesia,2024,8,1.0,13.0,46.0,0.0,,False,False,True,True,True,False,0.2826086956521739,,1.0,41.0,False,41.0,True,False,2024-02-19,True,True,True,True,True,True,True,True,True,True,True
Indonesia,2024,9,1.0,9.0,38.0,0.0,,False,False,True,True,True,False,0.2368421052631578,,1.0,441.0,False,441.0,True,False,2024-02-26,True,True,True,True,True,True,True,True,True,True,True
Indonesia,2024,10,1.0,18.0,50.0,0.0,,False,False,True,True,True,False,0.36,,1.0,48.0,False,48.0,True,False,2024-03-04,True,True,True,True,True,True,True,True,True,True,True
Indonesia,2024,11,1.0,20.0,40.0,0.0,,False,False,True,True,True,False,0.5,,1.0,28.0,False,28.0,True,False,2024-03-11,True,True,True,True,True,True,True,True,True,True,True
Indonesia,2024,12,1.0,14.0,43.0,0.0,,False,False,True,True,True,False,0.3255813953488372,,1.0,35.0,False,35.0,True,False,2024-03-18,True,True,True,True,True,True,True,True,True,True,True
Indonesia,2024,13,1.0,15.0,36.0,0.0,,False,False,True,True,True,False,0.4166666666666667,,1.0,23.0,False,23.0,True,False,2024-03-25,True,True,True,True,True,True,True,True,True,True,True
Indonesia,2024,14,1.0,14.0,45.0,0.0,,False,False,True,True,True,False,0.3111111111111111,,1.0,15.0,False,15.0,True,False,2024-04-01,True,True,True,True,True,True,True,True,True,True,True
Indonesia,2024,15,1.0,4.0,16.0,0.0,,False,False,True,True,True,False,0.25,,1.0,6.0,False,6.0,True,False,2024-04-08,True,True,True,True,True,True,True,True,True,True,True
Indonesia,2024,16,1.0,19.0,47.0,0.0,,False,False,True,True,True,False,0.4042553191489361,,1.0,6.0,False,6.0,True,False,2024-04-15,True,True,True,True,True,True,True,True,True,True,True
Indonesia,2024,17,1.0,10.0,42.0,0.0,,False,False,True,True,True,False,0.238095238095238,,1.0,,False,,False,False,2024-04-22,True,True,True,True,True,True,True,True,False,True,False
Indonesia,2024,18,1.0,13.0,52.0,0.0,,False,False,True,True,True,False,0.25,,1.0,24.0,False,24.0,True,False,2024-04-29,True,True,True,True,True,True,True,True,True,True,True
Indonesia,2024,19,1.0,11.0,52.0,0.0,,False,False,True,True,True,False,0.2115384615384615,,1.0,17.0,False,17.0,True,False,2024-05-06,True,True,True,True,True,True,True,True,True,True,True
Indonesia,2024,20,1.0,18.0,66.0,0.0,,False,False,True,True,True,False,0.2727272727272727,,1.0,19.0,False,19.0,True,False,2024-05-13,True,True,True,True,True,True,True,True,True,True,True
Indonesia,2024,21,1.0,10.0,52.0,0.0,,False,False,True,True,True,False,0.1923076923076923,,1.0,,False,,False,False,2024-05-20,True,True,True,True,True,True,True,True,False,True,False
Indonesia,2024,22,1.0,8.0,65.0,0.0,,False,False,True,True,True,False,0.123076923076923,,1.0,28.0,False,28.0,True,False,2024-05-27,True,True,True,True,True,True,True,True,True,True,True
Indonesia,2024,23,1.0,6.0,60.0,0.0,,False,False,True,True,True,False,0.1,,1.0,63.0,False,63.0,True,False,2024-06-03,True,True,True,True,True,True,True,True,True,True,True
Indonesia,2024,24,1.0,11.0,62.0,0.0,,False,False,True,True,True,False,0.1774193548387097,,1.0,,False,,False,False,2024-06-10,True,True,True,True,True,True,True,True,False,True,False
Indonesia,2024,25,1.0,5.0,47.0,0.0,,False,False,True,True,True,False,0.1063829787234042,,1.0,,False,,False,False,2024-06-17,True,True,True,True,True,True,True,True,False,True,False
Indonesia,2024,26,1.0,15.0,64.0,0.0,,False,False,True,True,True,False,0.234375,,1.0,99.0,False,99.0,True,False,2024-06-24,True,True,True,True,True,True,True,True,True,True,True
Indonesia,2024,27,1.0,15.0,69.0,0.0,,False,False,True,True,True,False,0.217391304347826,,1.0,41.0,False,41.0,True,False,2024-07-01,True,True,True,True,True,True,True,True,True,True,True
Indonesia,2024,28,1.0,6.0,55.0,0.0,,False,False,True,True,True,False,0.109090909090909,,1.0,45.0,False,45.0,True,False,2024-07-08,True,True,True,True,True,True,True,True,True,True,True
Indonesia,2024,29,1.0,10.0,62.0,0.0,,False,False,True,True,True,False,0.1612903225806451,,1.0,48.0,False,48.0,True,False,2024-07-15,True,True,True,True,True,True,True,True,True,True,True
Indonesia,2024,30,1.0,10.0,57.0,0.0,,False,False,True,True,True,False,0.175438596491228,,1.0,,False,,False,False,2024-07-22,True,True,True,True,True,True,True,True,False,True,False
Indonesia,2024,31,1.0,7.0,53.0,0.0,,False,False,True,True,True,False,0.1320754716981132,,1.0,46.0,False,46.0,True,False,2024-07-29,True,True,True,True,True,True,True,True,True,True,True
Indonesia,2024,32,1.0,3.0,41.0,0.0,,False,False,True,True,True,False,0.073170731707317,,1.0,92.0,False,92.0,True,False,2024-08-05,True,True,True,True,True,True,True,True,True,True,True
Indonesia,2024,33,1.0,5.0,47.0,0.0,,False,False,True,True,True,False,0.1063829787234042,,1.0,24.0,False,24.0,True,False,2024-08-12,True,True,True,True,True,True,True,True,True,True,True
Indonesia,2024,34,1.0,9.0,79.0,0.0,,False,False,True,True,True,False,0.1139240506329113,,1.0,13.0,False,13.0,True,False,2024-08-19,True,True,True,True,True,True,True,True,True,True,True
Indonesia,2024,35,1.0,8.0,66.0,0.0,,False,False,True,True,True,False,0.1212121212121212,,1.0,21.0,False,21.0,True,False,2024-08-26,True,True,True,True,True,True,True,True,True,True,True
Indonesia,2024,36,1.0,12.0,81.0,0.0,,False,False,True,True,True,False,0.1481481481481481,,1.0,,False,,False,False,2024-09-02,True,True,True,True,True,True,True,True,False,True,False
Indonesia,2024,37,1.0,8.0,70.0,0.0,,False,False,True,True,True,False,0.1142857142857142,,1.0,27.0,False,27.0,True,False,2024-09-09,True,True,True,True,True,True,True,True,True,True,True
Indonesia,2024,38,1.0,15.0,73.0,0.0,,False,False,True,True,True,False,0.2054794520547945,,1.0,,False,,False,False,2024-09-16,True,True,True,True,True,True,True,True,False,True,False
Indonesia,2024,39,1.0,11.0,76.0,0.0,,False,False,True,True,True,False,0.1447368421052631,,1.0,34.0,False,34.0,True,False,2024-09-23,True,True,True,True,True,True,True,True,True,True,True
Indonesia,2024,40,1.0,22.0,110.0,0.0,,False,False,True,True,True,False,0.2,,1.0,14.0,False,14.0,True,False,2024-09-30,True,True,True,True,True,True,True,True,True,True,True
Indonesia,2024,41,1.0,22.0,111.0,0.0,,False,False,True,True,True,False,0.1981981981981982,,1.0,,False,,False,False,2024-10-07,True,True,True,True,True,True,True,True,False,True,False
Indonesia,2024,42,1.0,31.0,119.0,0.0,,False,False,True,True,True,False,0.2605042016806723,,1.0,44.0,False,44.0,True,False,2024-10-14,True,True,True,True,True,True,True,True,True,True,True
Indonesia,2024,43,1.0,26.0,88.0,0.0,,False,False,True,True,True,False,0.2954545454545454,,1.0,36.0,False,36.0,True,False,2024-10-21,True,True,True,True,True,True,True,True,True,True,True
Indonesia,2024,44,1.0,26.0,102.0,0.0,,False,False,True,True,True,False,0.2549019607843137,,1.0,55.0,False,55.0,True,False,2024-10-28,True,True,True,True,True,True,True,True,True,True,True
Indonesia,2024,45,1.0,24.0,97.0,0.0,,False,False,True,True,True,False,0.2474226804123711,,1.0,30.0,False,30.0,True,False,2024-11-04,True,True,True,True,True,True,True,True,True,True,True
Indonesia,2024,46,1.0,33.0,117.0,0.0,,False,False,True,True,True,False,0.282051282051282,,1.0,47.0,False,47.0,True,False,2024-11-11,True,True,True,True,True,True,True,True,True,True,True
Indonesia,2024,47,1.0,29.0,103.0,0.0,,False,False,True,True,True,False,0.2815533980582524,,1.0,49.0,False,49.0,True,False,2024-11-18,True,True,True,True,True,True,True,True,True,True,True
Indonesia,2024,48,1.0,20.0,90.0,0.0,,False,False,True,True,True,False,0.2222222222222222,,1.0,35.0,False,35.0,True,False,2024-11-25,True,True,True,True,True,True,True,True,True,True,True
Indonesia,2024,49,1.0,25.0,84.0,0.0,,False,False,True,True,True,False,0.2976190476190476,,1.0,52.0,False,52.0,True,False,2024-12-02,True,True,True,True,True,True,True,True,True,True,True
Indonesia,2024,50,1.0,39.0,96.0,0.0,,False,False,True,True,True,False,0.40625,,1.0,68.0,False,68.0,True,False,2024-12-09,True,True,True,True,True,True,True,True,True,True,True
Indonesia,2024,51,1.0,56.0,134.0,0.0,,False,False,True,True,True,False,0.417910447761194,,1.0,44.0,False,44.0,True,False,2024-12-16,True,True,True,True,True,True,True,True,True,True,True
Indonesia,2024,52,1.0,41.0,78.0,0.0,,False,False,True,True,True,False,0.5256410256410257,,1.0,25.0,False,25.0,True,False,2024-12-23,True,True,True,True,True,True,True,True,True,True,True
Malaysia,2020,1,2.0,34.0,116.0,6.0,,False,False,True,True,True,False,0.293103448275862,,1.0,0.0,False,0.0,True,True,2019-12-30,True,True,True,True,True,True,True,True,True,True,True
Malaysia,2020,2,2.0,54.0,169.0,6.0,,False,False,True,True,True,False,0.3195266272189349,,1.0,0.0,False,0.0,True,True,2020-01-06,True,True,True,True,True,True,True,True,True,True,True
Malaysia,2020,3,2.0,57.0,166.0,7.0,,False,False,True,True,True,False,0.3433734939759036,,1.0,0.0,False,0.0,True,True,2020-01-13,True,True,True,True,True,True,True,True,True,True,True
Malaysia,2020,4,2.0,42.0,164.0,7.0,,False,False,True,True,True,False,0.2560975609756097,,1.0,4.0,False,4.0,True,False,2020-01-20,True,True,True,True,True,True,True,True,True,True,True
Malaysia,2020,5,2.0,37.0,147.0,13.0,,False,False,True,True,True,False,0.2517006802721088,,1.0,4.0,False,4.0,True,False,2020-01-27,True,True,True,True,True,True,True,True,True,True,True
Malaysia,2020,6,2.0,27.0,139.0,7.0,,False,False,True,True,True,False,0.1942446043165467,,1.0,8.0,False,8.0,True,False,2020-02-03,True,True,True,True,True,True,True,True,True,True,True
Malaysia,2020,7,2.0,16.0,126.0,7.0,,False,False,True,True,True,False,0.1269841269841269,,1.0,6.0,False,6.0,True,False,2020-02-10,True,True,True,True,True,True,True,True,True,True,True
Malaysia,2020,8,2.0,12.0,137.0,9.0,,False,False,True,True,True,False,0.0875912408759124,,1.0,0.0,False,0.0,True,True,2020-02-17,True,True,True,True,True,True,True,True,True,True,True
Malaysia,2020,9,2.0,17.0,145.0,10.0,,False,False,True,True,True,False,0.1172413793103448,,1.0,3.0,False,3.0,True,False,2020-02-24,True,True,True,True,True,True,True,True,True,True,True
Malaysia,2020,10,2.0,17.0,133.0,8.0,,False,False,True,True,True,False,0.1278195488721804,,1.0,68.0,False,68.0,True,False,2020-03-02,True,True,True,True,True,True,True,True,True,True,True
Malaysia,2020,11,2.0,18.0,138.0,10.0,,False,False,True,True,True,False,0.1304347826086956,,1.0,145.0,False,145.0,True,False,2020-03-09,True,True,True,True,True,True,True,True,True,True,True
Malaysia,2020,12,2.0,9.0,122.0,8.0,,False,False,True,True,True,False,0.0737704918032786,,1.0,945.0,False,945.0,True,False,2020-03-16,True,True,True,True,True,True,True,True,True,True,True
Malaysia,2020,13,2.0,3.0,64.0,5.0,,False,False,True,True,True,False,0.046875,,1.0,1137.0,False,1137.0,True,False,2020-03-23,True,True,True,True,True,True,True,True,True,True,True
Malaysia,2020,14,2.0,1.0,52.0,0.0,,False,False,True,True,True,False,0.0192307692307692,,1.0,1163.0,False,1163.0,True,False,2020-03-30,True,True,True,True,True,True,True,True,True,True,True
Malaysia,2020,15,2.0,0.0,37.0,1.0,,False,False,True,True,True,False,0.0,,1.0,1047.0,False,1047.0,True,False,2020-04-06,True,True,True,True,True,True,True,True,True,True,True
Malaysia,2020,16,2.0,0.0,47.0,0.0,,False,False,True,True,True,False,0.0,,1.0,775.0,False,775.0,True,False,2020-04-13,True,True,True,True,True,True,True,True,True,True,True
Malaysia,2020,17,2.0,0.0,51.0,0.0,,False,False,True,True,True,False,0.0,,1.0,437.0,False,437.0,True,False,2020-04-20,True,True,True,True,True,True,True,True,True,True,True
Malaysia,2020,18,2.0,0.0,40.0,0.0,,False,False,True,True,True,False,0.0,,1.0,434.0,False,434.0,True,False,2020-04-27,True,True,True,True,True,True,True,True,True,True,True
Malaysia,2020,19,2.0,0.0,43.0,0.0,,False,False,True,True,True,False,0.0,,1.0,413.0,False,413.0,True,False,2020-05-04,True,True,True,True,True,True,True,True,True,True,True
Malaysia,2020,20,2.0,0.0,52.0,0.0,,False,False,True,True,True,False,0.0,,1.0,283.0,False,283.0,True,False,2020-05-11,True,True,True,True,True,True,True,True,True,True,True
Malaysia,2020,21,2.0,0.0,41.0,0.0,,False,False,True,True,True,False,0.0,,1.0,313.0,False,313.0,True,False,2020-05-18,True,True,True,True,True,True,True,True,True,True,True
Malaysia,2020,22,2.0,0.0,27.0,0.0,,False,False,True,True,True,False,0.0,,1.0,577.0,False,577.0,True,False,2020-05-25,True,True,True,True,True,True,True,True,True,True,True
Malaysia,2020,23,2.0,0.0,46.0,0.0,,False,False,True,True,True,False,0.0,,1.0,541.0,False,541.0,True,False,2020-06-01,True,True,True,True,True,True,True,True,True,True,True
Malaysia,2020,24,2.0,0.0,40.0,0.0,,False,False,True,True,True,False,0.0,,1.0,142.0,False,142.0,True,False,2020-06-08,True,True,True,True,True,True,True,True,True,True,True
Malaysia,2020,25,2.0,0.0,66.0,0.0,,False,False,True,True,True,False,0.0,,1.0,111.0,False,111.0,True,False,2020-06-15,True,True,True,True,True,True,True,True,True,True,True
Malaysia,2020,26,2.0,0.0,54.0,0.0,,False,False,True,True,True,False,0.0,,1.0,60.0,False,60.0,True,False,2020-06-22,True,True,True,True,True,True,True,True,True,True,True
Malaysia,2020,27,2.0,0.0,49.0,0.0,,False,False,True,True,True,False,0.0,,1.0,42.0,False,42.0,True,False,2020-06-29,True,True,True,True,True,True,True,True,True,True,True
Malaysia,2020,28,2.0,0.0,60.0,0.0,,False,False,True,True,True,False,0.0,,1.0,46.0,False,46.0,True,False,2020-07-06,True,True,True,True,True,True,True,True,True,True,True
Malaysia,2020,29,2.0,0.0,73.0,0.0,,False,False,True,True,True,False,0.0,,1.0,60.0,False,60.0,True,False,2020-07-13,True,True,True,True,True,True,True,True,True,True,True
Malaysia,2020,30,2.0,0.0,76.0,0.0,,False,False,True,True,True,False,0.0,,1.0,120.0,False,120.0,True,False,2020-07-20,True,True,True,True,True,True,True,True,True,True,True
Malaysia,2020,31,2.0,0.0,74.0,0.0,,False,False,True,True,True,False,0.0,,1.0,101.0,False,101.0,True,False,2020-07-27,True,True,True,True,True,True,True,True,True,True,True
Malaysia,2020,32,2.0,0.0,82.0,0.0,,False,False,True,True,True,False,0.0,,1.0,85.0,False,85.0,True,False,2020-08-03,True,True,True,True,True,True,True,True,True,True,True
Malaysia,2020,33,2.0,0.0,82.0,0.0,,False,False,True,True,True,False,0.0,,1.0,105.0,False,105.0,True,False,2020-08-10,True,True,True,True,True,True,True,True,True,True,True
Malaysia,2020,34,2.0,1.0,77.0,0.0,,False,False,True,True,True,False,0.0129870129870129,,1.0,82.0,False,82.0,True,False,2020-08-17,True,True,True,True,True,True,True,True,True,True,True
Malaysia,2020,35,2.0,0.0,72.0,0.0,,False,False,True,True,True,False,0.0,,1.0,60.0,False,60.0,True,False,2020-08-24,True,True,True,True,True,True,True,True,True,True,True
Malaysia,2020,36,2.0,0.0,84.0,0.0,,False,False,True,True,True,False,0.0,,1.0,74.0,False,74.0,True,False,2020-08-31,True,True,True,True,True,True,True,True,True,True,True
Malaysia,2020,37,2.0,0.0,74.0,0.0,,False,False,True,True,True,False,0.0,,1.0,477.0,False,477.0,True,False,2020-09-07,True,True,True,True,True,True,True,True,True,True,True
Malaysia,2020,38,2.0,0.0,44.0,0.0,,False,False,True,True,True,False,0.0,,1.0,299.0,False,299.0,True,False,2020-09-14,True,True,True,True,True,True,True,True,True,True,True
Malaysia,2020,39,2.0,0.0,90.0,2.0,,False,False,True,True,True,False,0.0,,1.0,602.0,False,602.0,True,False,2020-09-21,True,True,True,True,True,True,True,True,True,True,True
Malaysia,2020,40,2.0,0.0,85.0,1.0,,False,False,True,True,True,False,0.0,,1.0,1319.0,False,1319.0,True,False,2020-09-28,True,True,True,True,True,True,True,True,True,True,True
Malaysia,2020,41,2.0,0.0,68.0,0.0,,False,False,True,True,True,False,0.0,,1.0,3008.0,False,3008.0,True,False,2020-10-05,True,True,True,True,True,True,True,True,True,True,True
Malaysia,2020,42,2.0,0.0,62.0,0.0,,False,False,True,True,True,False,0.0,,1.0,4531.0,False,4531.0,True,False,2020-10-12,True,True,True,True,True,True,True,True,True,True,True
Malaysia,2020,43,2.0,0.0,68.0,1.0,,False,False,True,True,True,False,0.0,,1.0,6115.0,False,6115.0,True,False,2020-10-19,True,True,True,True,True,True,True,True,True,True,True
Malaysia,2020,44,2.0,0.0,58.0,0.0,,False,False,True,True,True,False,0.0,,1.0,5806.0,False,5806.0,True,False,2020-10-26,True,True,True,True,True,True,True,True,True,True,True
Malaysia,2020,45,2.0,0.0,69.0,0.0,,False,False,True,True,True,False,0.0,,1.0,7809.0,False,7809.0,True,False,2020-11-02,True,True,True,True,True,True,True,True,True,True,True
Malaysia,2020,46,2.0,0.0,85.0,0.0,,False,False,True,True,True,False,0.0,,1.0,6852.0,False,6852.0,True,False,2020-11-09,True,True,True,True,True,True,True,True,True,True,True
Malaysia,2020,47,2.0,0.0,76.0,1.0,,False,False,True,True,True,False,0.0,,1.0,7470.0,False,7470.0,True,False,2020-11-16,True,True,True,True,True,True,True,True,True,True,True
Malaysia,2020,48,2.0,0.0,71.0,1.0,,False,False,True,True,True,False,0.0,,1.0,9497.0,False,9497.0,True,False,2020-11-23,True,True,True,True,True,True,True,True,True,True,True
Malaysia,2020,49,2.0,0.0,80.0,1.0,,False,False,True,True,True,False,0.0,,1.0,8183.0,False,8183.0,True,False,2020-11-30,True,True,True,True,True,True,True,True,True,True,True
Malaysia,2020,50,2.0,0.0,57.0,0.0,,False,False,True,True,True,False,0.0,,1.0,10887.0,False,10887.0,True,False,2020-12-07,True,True,True,True,True,True,True,True,True,True,True
Malaysia,2020,51,2.0,1.0,75.0,0.0,,False,False,True,True,True,False,0.0133333333333333,,1.0,9723.0,False,9723.0,True,False,2020-12-14,True,True,True,True,True,True,True,True,True,True,True
Malaysia,2020,52,2.0,0.0,58.0,3.0,,False,False,True,True,True,False,0.0,,1.0,11931.0,False,11931.0,True,False,2020-12-21,True,True,True,True,True,True,True,True,True,True,True
Malaysia,2020,53,2.0,0.0,17.0,0.0,,False,False,True,True,True,False,0.0,,1.0,15177.0,False,15177.0,True,False,2020-12-28,True,True,True,True,True,True,True,True,True,True,True
Malaysia,2021,1,2.0,0.0,50.0,1.0,,False,False,True,True,True,False,0.0,,1.0,16915.0,False,16915.0,True,False,2021-01-04,True,True,True,True,True,True,True,True,True,True,True
Malaysia,2021,2,2.0,0.0,71.0,2.0,,False,False,True,True,True,False,0.0,,1.0,22442.0,False,22442.0,True,False,2021-01-11,True,True,True,True,True,True,True,True,True,True,True
Malaysia,2021,3,2.0,0.0,61.0,1.0,,False,False,True,True,True,False,0.0,,1.0,25367.0,False,25367.0,True,False,2021-01-18,True,True,True,True,True,True,True,True,True,True,True
Malaysia,2021,4,2.0,0.0,59.0,2.0,,False,False,True,True,True,False,0.0,,1.0,31158.0,False,31158.0,True,False,2021-01-25,True,True,True,True,True,True,True,True,True,True,True
Malaysia,2021,5,2.0,0.0,57.0,0.0,,False,False,True,True,True,False,0.0,,1.0,27493.0,False,27493.0,True,False,2021-02-01,True,True,True,True,True,True,True,True,True,True,True
Malaysia,2021,6,2.0,0.0,46.0,1.0,,False,False,True,True,True,False,0.0,,1.0,21817.0,False,21817.0,True,False,2021-02-08,True,True,True,True,True,True,True,True,True,True,True
Malaysia,2021,7,2.0,0.0,49.0,1.0,,False,False,True,True,True,False,0.0,,1.0,19300.0,False,19300.0,True,False,2021-02-15,True,True,True,True,True,True,True,True,True,True,True
Malaysia,2021,8,2.0,0.0,52.0,1.0,,False,False,True,True,True,False,0.0,,1.0,17183.0,False,17183.0,True,False,2021-02-22,True,True,True,True,True,True,True,True,True,True,True
Malaysia,2021,9,2.0,0.0,63.0,0.0,,False,False,True,True,True,False,0.0,,1.0,12708.0,False,12708.0,True,False,2021-03-01,True,True,True,True,True,True,True,True,True,True,True
Malaysia,2021,10,2.0,0.0,60.0,0.0,,False,False,True,True,True,False,0.0,,1.0,10303.0,False,10303.0,True,False,2021-03-08,True,True,True,True,True,True,True,True,True,True,True
Malaysia,2021,11,2.0,0.0,76.0,1.0,,False,False,True,True,True,False,0.0,,1.0,9277.0,False,9277.0,True,False,2021-03-15,True,True,True,True,True,True,True,True,True,True,True
Malaysia,2021,12,2.0,0.0,84.0,0.0,,False,False,True,True,True,False,0.0,,1.0,8904.0,False,8904.0,True,False,2021-03-22,True,True,True,True,True,True,True,True,True,True,True
Malaysia,2021,13,2.0,0.0,97.0,1.0,,False,False,True,True,True,False,0.0,,1.0,9015.0,False,9015.0,True,False,2021-03-29,True,True,True,True,True,True,True,True,True,True,True
Malaysia,2021,14,2.0,0.0,91.0,7.0,,False,False,True,True,True,False,0.0,,1.0,9897.0,False,9897.0,True,False,2021-04-05,True,True,True,True,True,True,True,True,True,True,True
Malaysia,2021,15,2.0,0.0,96.0,2.0,,False,False,True,True,True,False,0.0,,1.0,14198.0,False,14198.0,True,False,2021-04-12,True,True,True,True,True,True,True,True,True,True,True
Malaysia,2021,16,2.0,0.0,97.0,4.0,,False,False,True,True,True,False,0.0,,1.0,17888.0,False,17888.0,True,False,2021-04-19,True,True,True,True,True,True,True,True,True,True,True
Malaysia,2021,17,2.0,0.0,112.0,5.0,,False,False,True,True,True,False,0.0,,1.0,22070.0,False,22070.0,True,False,2021-04-26,True,True,True,True,True,True,True,True,True,True,True
Malaysia,2021,18,2.0,0.0,90.0,6.0,,False,False,True,True,True,False,0.0,,1.0,25665.0,False,25665.0,True,False,2021-05-03,True,True,True,True,True,True,True,True,True,True,True
Malaysia,2021,19,2.0,0.0,54.0,4.0,,False,False,True,True,True,False,0.0,,1.0,29433.0,False,29433.0,True,False,2021-05-10,True,True,True,True,True,True,True,True,True,True,True
Malaysia,2021,20,2.0,0.0,76.0,6.0,,False,False,True,True,True,False,0.0,,1.0,41981.0,False,41981.0,True,False,2021-05-17,True,True,True,True,True,True,True,True,True,True,True
Malaysia,2021,21,2.0,0.0,90.0,9.0,,False,False,True,True,True,False,0.0,,1.0,53442.0,False,53442.0,True,False,2021-05-24,True,True,True,True,True,True,True,True,True,True,True
Malaysia,2021,22,2.0,1.0,60.0,4.0,,False,False,True,True,True,False,0.0166666666666666,,1.0,51282.0,False,51282.0,True,False,2021-05-31,True,True,True,True,True,True,True,True,True,True,True
Malaysia,2021,23,1.0,0.0,59.0,0.0,,False,False,True,True,True,False,0.0,,1.0,40693.0,False,40693.0,True,False,2021-06-07,True,True,True,True,True,True,True,True,True,True,True
Malaysia,2021,24,1.0,0.0,67.0,0.0,,False,False,True,True,True,False,0.0,,1.0,38900.0,False,38900.0,True,False,2021-06-14,True,True,True,True,True,True,True,True,True,True,True
Malaysia,2021,25,1.0,0.0,49.0,0.0,,False,False,True,True,True,False,0.0,,1.0,37640.0,False,37640.0,True,False,2021-06-21,True,True,True,True,True,True,True,True,True,True,True
Malaysia,2021,26,1.0,0.0,56.0,0.0,,False,False,True,True,True,False,0.0,,1.0,44604.0,False,44604.0,True,False,2021-06-28,True,True,True,True,True,True,True,True,True,True,True
Malaysia,2021,27,1.0,1.0,52.0,0.0,,False,False,True,True,True,False,0.0192307692307692,,1.0,57644.0,False,57644.0,True,False,2021-07-05,True,True,True,True,True,True,True,True,True,True,True
Malaysia,2021,28,1.0,0.0,46.0,0.0,,False,False,True,True,True,False,0.0,,1.0,80265.0,False,80265.0,True,False,2021-07-12,True,True,True,True,True,True,True,True,True,True,True
Malaysia,2021,29,1.0,0.0,54.0,0.0,,False,False,True,True,True,False,0.0,,1.0,96877.0,False,96877.0,True,False,2021-07-19,True,True,True,True,True,True,True,True,True,True,True
Malaysia,2021,30,1.0,0.0,57.0,0.0,,False,False,True,True,True,False,0.0,,1.0,116984.0,False,116984.0,True,False,2021-07-26,True,True,True,True,True,True,True,True,True,True,True
Malaysia,2021,31,1.0,0.0,44.0,0.0,,False,False,True,True,True,False,0.0,,1.0,132118.0,False,132118.0,True,False,2021-08-02,True,True,True,True,True,True,True,True,True,True,True
Malaysia,2021,32,1.0,0.0,53.0,0.0,,False,False,True,True,True,False,0.0,,1.0,142359.0,False,142359.0,True,False,2021-08-09,True,True,True,True,True,True,True,True,True,True,True
Malaysia,2021,33,1.0,0.0,42.0,0.0,,False,False,True,True,True,False,0.0,,1.0,150194.0,False,150194.0,True,False,2021-08-16,True,True,True,True,True,True,True,True,True,True,True
Malaysia,2021,34,1.0,0.0,44.0,0.0,,False,False,True,True,True,False,0.0,,1.0,150996.0,False,150996.0,True,False,2021-08-23,True,True,True,True,True,True,True,True,True,True,True
Malaysia,2021,35,1.0,0.0,48.0,0.0,,False,False,True,True,True,False,0.0,,1.0,138746.0,False,138746.0,True,False,2021-08-30,True,True,True,True,True,True,True,True,True,True,True
Malaysia,2021,36,1.0,0.0,49.0,0.0,,False,False,True,True,True,False,0.0,,1.0,134863.0,False,134863.0,True,False,2021-09-06,True,True,True,True,True,True,True,True,True,True,True
Malaysia,2021,37,1.0,0.0,45.0,0.0,,False,False,True,True,True,False,0.0,,1.0,118132.0,False,118132.0,True,False,2021-09-13,True,True,True,True,True,True,True,True,True,True,True
Malaysia,2021,38,1.0,0.0,55.0,0.0,,False,False,True,True,True,False,0.0,,1.0,100405.0,False,100405.0,True,False,2021-09-20,True,True,True,True,True,True,True,True,True,True,True
Malaysia,2021,39,1.0,0.0,47.0,0.0,,False,False,True,True,True,False,0.0,,1.0,79330.0,False,79330.0,True,False,2021-09-27,True,True,True,True,True,True,True,True,True,True,True
Malaysia,2021,40,1.0,1.0,58.0,0.0,,False,False,True,True,True,False,0.0172413793103448,,1.0,62029.0,False,62029.0,True,False,2021-10-04,True,True,True,True,True,True,True,True,True,True,True
Malaysia,2021,41,1.0,1.0,60.0,0.0,,False,False,True,True,True,False,0.0166666666666666,,1.0,51093.0,False,51093.0,True,False,2021-10-11,True,True,True,True,True,True,True,True,True,True,True
Malaysia,2021,42,1.0,0.0,46.0,0.0,,False,False,True,True,True,False,0.0,,1.0,41029.0,False,41029.0,True,False,2021-10-18,True,True,True,True,True,True,True,True,True,True,True
Malaysia,2021,43,1.0,2.0,55.0,0.0,,False,False,True,True,True,False,0.0363636363636363,,1.0,39926.0,False,39926.0,True,False,2021-10-25,True,True,True,True,True,True,True,True,True,True,True
Malaysia,2021,44,1.0,0.0,111.0,0.0,,False,False,True,True,True,False,0.0,,1.0,34667.0,False,34667.0,True,False,2021-11-01,True,True,True,True,True,True,True,True,True,True,True
Malaysia,2021,45,1.0,4.0,207.0,0.0,,False,False,True,True,True,False,0.0193236714975845,,1.0,40000.0,False,40000.0,True,False,2021-11-08,True,True,True,True,True,True,True,True,True,True,True
Malaysia,2021,46,1.0,14.0,256.0,0.0,,False,False,True,True,True,False,0.0546875,,1.0,40292.0,False,40292.0,True,False,2021-11-15,True,True,True,True,True,True,True,True,True,True,True
Malaysia,2021,47,1.0,39.0,363.0,0.0,,False,False,True,True,True,False,0.1074380165289256,,1.0,37215.0,False,37215.0,True,False,2021-11-22,True,True,True,True,True,True,True,True,True,True,True
Malaysia,2021,48,1.0,37.0,437.0,2.0,,False,False,True,True,True,False,0.0846681922196796,,1.0,34956.0,False,34956.0,True,False,2021-11-29,True,True,True,True,True,True,True,True,True,True,True
Malaysia,2021,49,1.0,64.0,500.0,2.0,,False,False,True,True,True,False,0.128,,1.0,32867.0,False,32867.0,True,False,2021-12-06,True,True,True,True,True,True,True,True,True,True,True
Malaysia,2021,50,1.0,31.0,479.0,5.0,,False,False,True,True,True,False,0.0647181628392484,,1.0,27316.0,False,27316.0,True,False,2021-12-13,True,True,True,True,True,True,True,True,True,True,True
Malaysia,2021,51,1.0,46.0,598.0,4.0,,False,False,True,True,True,False,0.0769230769230769,,1.0,22224.0,False,22224.0,True,False,2021-12-20,True,True,True,True,True,True,True,True,True,True,True
Malaysia,2021,52,1.0,46.0,549.0,1.0,,False,False,True,True,True,False,0.0837887067395264,,1.0,23175.0,False,23175.0,True,False,2021-12-27,True,True,True,True,True,True,True,True,True,True,True
Malaysia,2022,1,2.0,80.0,643.0,4.0,,False,False,True,True,True,False,0.1244167962674961,,1.0,21865.0,False,21865.0,True,False,2022-01-03,True,True,True,True,True,True,True,True,True,True,True
Malaysia,2022,2,2.0,60.0,682.0,10.0,,False,False,True,True,True,False,0.0879765395894428,,1.0,22128.0,False,22128.0,True,False,2022-01-10,True,True,True,True,True,True,True,True,True,True,True
Malaysia,2022,3,2.0,76.0,641.0,13.0,,False,False,True,True,True,False,0.1185647425897035,,1.0,24598.0,False,24598.0,True,False,2022-01-17,True,True,True,True,True,True,True,True,True,True,True
Malaysia,2022,4,2.0,43.0,659.0,13.0,,False,False,True,True,True,False,0.0652503793626707,,1.0,33039.0,False,33039.0,True,False,2022-01-24,True,True,True,True,True,True,True,True,True,True,True
Malaysia,2022,5,2.0,15.0,525.0,9.0,,False,False,True,True,True,False,0.0285714285714285,,1.0,48236.0,False,48236.0,True,False,2022-01-31,True,True,True,True,True,True,True,True,True,True,True
Malaysia,2022,6,2.0,13.0,657.0,8.0,,False,False,True,True,True,False,0.0197869101978691,,1.0,126015.0,False,126015.0,True,False,2022-02-07,True,True,True,True,True,True,True,True,True,True,True
Malaysia,2022,7,2.0,39.0,696.0,10.0,,False,False,True,True,True,False,0.0560344827586206,,1.0,181445.0,False,181445.0,True,False,2022-02-14,True,True,True,True,True,True,True,True,True,True,True
Malaysia,2022,8,2.0,11.0,664.0,8.0,,False,False,True,True,True,False,0.0165662650602409,,1.0,197956.0,False,197956.0,True,False,2022-02-21,True,True,True,True,True,True,True,True,True,True,True
Malaysia,2022,9,2.0,8.0,620.0,9.0,,False,False,True,True,True,False,0.0129032258064516,,1.0,202971.0,False,202971.0,True,False,2022-02-28,True,True,True,True,True,True,True,True,True,True,True
Malaysia,2022,10,2.0,11.0,624.0,7.0,,False,False,True,True,True,False,0.0176282051282051,,1.0,200964.0,False,200964.0,True,False,2022-03-07,True,True,True,True,True,True,True,True,True,True,True
Malaysia,2022,11,2.0,9.0,653.0,8.0,,False,False,True,True,True,False,0.0137825421133231,,1.0,169553.0,False,169553.0,True,False,2022-03-14,True,True,True,True,True,True,True,True,True,True,True
Malaysia,2022,12,2.0,13.0,653.0,11.0,,False,False,True,True,True,False,0.0199081163859111,,1.0,145743.0,False,145743.0,True,False,2022-03-21,True,True,True,True,True,True,True,True,True,True,True
Malaysia,2022,13,2.0,7.0,584.0,11.0,,False,False,True,True,True,False,0.011986301369863,,1.0,107600.0,False,107600.0,True,False,2022-03-28,True,True,True,True,True,True,True,True,True,True,True
Malaysia,2022,14,2.0,12.0,674.0,6.0,,False,False,True,True,True,False,0.0178041543026706,,1.0,79351.0,False,79351.0,True,False,2022-04-04,True,True,True,True,True,True,True,True,True,True,True
Malaysia,2022,15,2.0,13.0,699.0,9.0,,False,False,True,True,True,False,0.0185979971387696,,1.0,63207.0,False,63207.0,True,False,2022-04-11,True,True,True,True,True,True,True,True,True,True,True
Malaysia,2022,16,2.0,18.0,646.0,13.0,,False,False,True,True,True,False,0.0278637770897832,,1.0,42048.0,False,42048.0,True,False,2022-04-18,True,True,True,True,True,True,True,True,True,True,True
Malaysia,2022,17,2.0,15.0,654.0,11.0,,False,False,True,True,True,False,0.0229357798165137,,1.0,18434.0,False,18434.0,True,False,2022-04-25,True,True,True,True,True,True,True,True,True,True,True
Malaysia,2022,18,2.0,5.0,241.0,14.0,,False,False,True,True,True,False,0.0207468879668049,,1.0,9382.0,False,9382.0,True,False,2022-05-02,True,True,True,True,True,True,True,True,True,True,True
Malaysia,2022,19,2.0,24.0,653.0,14.0,,False,False,True,True,True,False,0.0367534456355283,,1.0,19223.0,False,19223.0,True,False,2022-05-09,True,True,True,True,True,True,True,True,True,True,True
Malaysia,2022,20,2.0,35.0,677.0,18.0,,False,False,True,True,True,False,0.051698670605613,,1.0,13208.0,False,13208.0,True,False,2022-05-16,True,True,True,True,True,True,True,True,True,True,True
Malaysia,2022,21,2.0,40.0,699.0,24.0,,False,False,True,True,True,False,0.0572246065808297,,1.0,12414.0,False,12414.0,True,False,2022-05-23,True,True,True,True,True,True,True,True,True,True,True
Malaysia,2022,22,2.0,67.0,594.0,21.0,,False,False,True,True,True,False,0.1127946127946128,,1.0,11255.0,False,11255.0,True,False,2022-05-30,True,True,True,True,True,True,True,True,True,True,True
Malaysia,2022,23,2.0,62.0,638.0,26.0,,False,False,True,True,True,False,0.0971786833855799,,1.0,11309.0,False,11309.0,True,False,2022-06-06,True,True,True,True,True,True,True,True,True,True,True
Malaysia,2022,24,2.0,120.0,748.0,20.0,,False,False,True,True,True,False,0.160427807486631,,1.0,14314.0,False,14314.0,True,False,2022-06-13,True,True,True,True,True,True,True,True,True,True,True
Malaysia,2022,25,2.0,211.0,704.0,21.0,,False,False,True,True,True,False,0.2997159090909091,,1.0,16052.0,False,16052.0,True,False,2022-06-20,True,True,True,True,True,True,True,True,True,True,True
Malaysia,2022,26,2.0,209.0,710.0,17.0,,False,False,True,True,True,False,0.2943661971830986,,1.0,14691.0,False,14691.0,True,False,2022-06-27,True,True,True,True,True,True,True,True,True,True,True
Malaysia,2022,27,2.0,248.0,785.0,22.0,,False,False,True,True,True,False,0.3159235668789809,,1.0,21355.0,False,21355.0,True,False,2022-07-04,True,True,True,True,True,True,True,True,True,True,True
Malaysia,2022,28,2.0,231.0,749.0,11.0,,False,False,True,True,True,False,0.308411214953271,,1.0,26315.0,False,26315.0,True,False,2022-07-11,True,True,True,True,True,True,True,True,True,True,True
Malaysia,2022,29,2.0,310.0,898.0,13.0,,False,False,True,True,True,False,0.3452115812917594,,1.0,29906.0,False,29906.0,True,False,2022-07-18,True,True,True,True,True,True,True,True,True,True,True
Malaysia,2022,30,2.0,281.0,875.0,13.0,,False,False,True,True,True,False,0.3211428571428571,,1.0,28339.0,False,28339.0,True,False,2022-07-25,True,True,True,True,True,True,True,True,True,True,True
Malaysia,2022,31,2.0,231.0,907.0,10.0,,False,False,True,True,True,False,0.2546857772877618,,1.0,28554.0,False,28554.0,True,False,2022-08-01,True,True,True,True,True,True,True,True,True,True,True
Malaysia,2022,32,2.0,220.0,914.0,5.0,,False,False,True,True,True,False,0.2407002188183807,,1.0,26678.0,False,26678.0,True,False,2022-08-08,True,True,True,True,True,True,True,True,True,True,True
Malaysia,2022,33,2.0,207.0,894.0,14.0,,False,False,True,True,True,False,0.2315436241610738,,1.0,22786.0,False,22786.0,True,False,2022-08-15,True,True,True,True,True,True,True,True,True,True,True
Malaysia,2022,34,2.0,149.0,900.0,9.0,,False,False,True,True,True,False,0.1655555555555555,,1.0,18715.0,False,18715.0,True,False,2022-08-22,True,True,True,True,True,True,True,True,True,True,True
Malaysia,2022,35,2.0,122.0,809.0,6.0,,False,False,True,True,True,False,0.1508034610630408,,1.0,15549.0,False,15549.0,True,False,2022-08-29,True,True,True,True,True,True,True,True,True,True,True
Malaysia,2022,36,2.0,117.0,894.0,4.0,,False,False,True,True,True,False,0.1308724832214765,,1.0,14072.0,False,14072.0,True,False,2022-09-05,True,True,True,True,True,True,True,True,True,True,True
Malaysia,2022,37,2.0,83.0,874.0,5.0,,False,False,True,True,True,False,0.0949656750572082,,1.0,13627.0,False,13627.0,True,False,2022-09-12,True,True,True,True,True,True,True,True,True,True,True
Malaysia,2022,38,2.0,84.0,865.0,4.0,,False,False,True,True,True,False,0.0971098265895953,,1.0,12963.0,False,12963.0,True,False,2022-09-19,True,True,True,True,True,True,True,True,True,True,True
Malaysia,2022,39,2.0,71.0,894.0,3.0,,False,False,True,True,True,False,0.0794183445190156,,1.0,12291.0,False,12291.0,True,False,2022-09-26,True,True,True,True,True,True,True,True,True,True,True
Malaysia,2022,40,2.0,58.0,860.0,2.0,,False,False,True,True,True,False,0.0674418604651162,,1.0,11018.0,False,11018.0,True,False,2022-10-03,True,True,True,True,True,True,True,True,True,True,True
Malaysia,2022,41,2.0,44.0,835.0,15.0,,False,False,True,True,True,False,0.0526946107784431,,1.0,11957.0,False,11957.0,True,False,2022-10-10,True,True,True,True,True,True,True,True,True,True,True
Malaysia,2022,42,2.0,51.0,871.0,7.0,,False,False,True,True,True,False,0.0585533869115958,,1.0,14525.0,False,14525.0,True,False,2022-10-17,True,True,True,True,True,True,True,True,True,True,True
Malaysia,2022,43,2.0,60.0,844.0,5.0,,False,False,True,True,True,False,0.0710900473933649,,1.0,16750.0,False,16750.0,True,False,2022-10-24,True,True,True,True,True,True,True,True,True,True,True
Malaysia,2022,44,2.0,71.0,901.0,9.0,,False,False,True,True,True,False,0.0788013318534961,,1.0,26783.0,False,26783.0,True,False,2022-10-31,True,True,True,True,True,True,True,True,True,True,True
Malaysia,2022,45,2.0,105.0,959.0,9.0,,False,False,True,True,True,False,0.1094890510948905,,1.0,23045.0,False,23045.0,True,False,2022-11-07,True,True,True,True,True,True,True,True,True,True,True
Malaysia,2022,46,2.0,137.0,925.0,13.0,,False,False,True,True,True,False,0.1481081081081081,,1.0,19083.0,False,19083.0,True,False,2022-11-14,True,True,True,True,True,True,True,True,True,True,True
Malaysia,2022,47,2.0,124.0,942.0,12.0,,False,False,True,True,True,False,0.1316348195329087,,1.0,18606.0,False,18606.0,True,False,2022-11-21,True,True,True,True,True,True,True,True,True,True,True
Malaysia,2022,48,2.0,146.0,892.0,8.0,,False,False,True,True,True,False,0.163677130044843,,1.0,14558.0,False,14558.0,True,False,2022-11-28,True,True,True,True,True,True,True,True,True,True,True
Malaysia,2022,49,2.0,187.0,934.0,14.0,,False,False,True,True,True,False,0.2002141327623126,,1.0,10937.0,False,10937.0,True,False,2022-12-05,True,True,True,True,True,True,True,True,True,True,True
Malaysia,2022,50,2.0,189.0,913.0,16.0,,False,False,True,True,True,False,0.2070098576122672,,1.0,7249.0,False,7249.0,True,False,2022-12-12,True,True,True,True,True,True,True,True,True,True,True
Malaysia,2022,51,2.0,194.0,889.0,14.0,,False,False,True,True,True,False,0.21822272215973,,1.0,6290.0,False,6290.0,True,False,2022-12-19,True,True,True,True,True,True,True,True,True,True,True
Malaysia,2022,52,2.0,215.0,850.0,15.0,,False,False,True,True,True,False,0.2529411764705882,,1.0,3371.0,False,3371.0,True,False,2022-12-26,True,True,True,True,True,True,True,True,True,True,True
Malaysia,2023,1,2.0,287.0,964.0,9.0,,False,False,True,True,True,False,0.2977178423236514,,1.0,3231.0,False,3231.0,True,False,2023-01-02,True,True,True,True,True,True,True,True,True,True,True
Malaysia,2023,2,2.0,267.0,958.0,15.0,,False,False,True,True,True,False,0.278705636743215,,1.0,2525.0,False,2525.0,True,False,2023-01-09,True,True,True,True,True,True,True,True,True,True,True
Malaysia,2023,3,2.0,313.0,930.0,18.0,,False,False,True,True,True,False,0.3365591397849462,,1.0,2088.0,False,2088.0,True,False,2023-01-16,True,True,True,True,True,True,True,True,True,True,True
Malaysia,2023,4,2.0,220.0,872.0,23.0,,False,False,True,True,True,False,0.2522935779816513,,1.0,1350.0,False,1350.0,True,False,2023-01-23,True,True,True,True,True,True,True,True,True,True,True
Malaysia,2023,5,2.0,253.0,966.0,26.0,,False,False,True,True,True,False,0.2619047619047619,,1.0,1913.0,False,1913.0,True,False,2023-01-30,True,True,True,True,True,True,True,True,True,True,True
Malaysia,2023,6,2.0,271.0,1023.0,23.0,,False,False,True,True,True,False,0.2649071358748778,,1.0,1542.0,False,1542.0,True,False,2023-02-06,True,True,True,True,True,True,True,True,True,True,True
Malaysia,2023,7,2.0,220.0,975.0,18.0,,False,False,True,True,True,False,0.2256410256410256,,1.0,1495.0,False,1495.0,True,False,2023-02-13,True,True,True,True,True,True,True,True,True,True,True
Malaysia,2023,8,2.0,239.0,1053.0,26.0,,False,False,True,True,True,False,0.2269705603038936,,1.0,1367.0,False,1367.0,True,False,2023-02-20,True,True,True,True,True,True,True,True,True,True,True
Malaysia,2023,9,2.0,151.0,910.0,17.0,,False,False,True,True,True,False,0.1659340659340659,,1.0,1438.0,False,1438.0,True,False,2023-02-27,True,True,True,True,True,True,True,True,True,True,True
Malaysia,2023,10,2.0,141.0,928.0,22.0,,False,False,True,True,True,False,0.1519396551724137,,1.0,1566.0,False,1566.0,True,False,2023-03-06,True,True,True,True,True,True,True,True,True,True,True
Malaysia,2023,11,2.0,154.0,944.0,10.0,,False,False,True,True,True,False,0.163135593220339,,1.0,1848.0,False,1848.0,True,False,2023-03-13,True,True,True,True,True,True,True,True,True,True,True
Malaysia,2023,12,2.0,136.0,918.0,14.0,,False,False,True,True,True,False,0.1481481481481481,,1.0,2228.0,False,2228.0,True,False,2023-03-20,True,True,True,True,True,True,True,True,True,True,True
Malaysia,2023,13,2.0,137.0,968.0,16.0,,False,False,True,True,True,False,0.1415289256198347,,1.0,3069.0,False,3069.0,True,False,2023-03-27,True,True,True,True,True,True,True,True,True,True,True
Malaysia,2023,14,2.0,123.0,956.0,17.0,,False,False,True,True,True,False,0.1286610878661087,,1.0,4574.0,False,4574.0,True,False,2023-04-03,True,True,True,True,True,True,True,True,True,True,True
Malaysia,2023,15,2.0,99.0,940.0,17.0,,False,False,True,True,True,False,0.1053191489361702,,1.0,4268.0,False,4268.0,True,False,2023-04-10,True,True,True,True,True,True,True,True,True,True,True
Malaysia,2023,16,2.0,82.0,914.0,11.0,,False,False,True,True,True,False,0.0897155361050328,,1.0,5698.0,False,5698.0,True,False,2023-04-17,True,True,True,True,True,True,True,True,True,True,True
Malaysia,2023,17,2.0,81.0,760.0,15.0,,False,False,True,True,True,False,0.106578947368421,,1.0,4817.0,False,4817.0,True,False,2023-04-24,True,True,True,True,True,True,True,True,True,True,True
Malaysia,2023,18,2.0,79.0,895.0,14.0,,False,False,True,True,True,False,0.088268156424581,,1.0,146.0,False,146.0,True,False,2023-05-01,True,True,True,True,True,True,True,True,True,True,True
Malaysia,2023,19,2.0,85.0,1015.0,14.0,,False,False,True,True,True,False,0.083743842364532,,1.0,7596.0,False,7596.0,True,False,2023-05-08,True,True,True,True,True,True,True,True,True,True,True
Malaysia,2023,20,2.0,100.0,1055.0,14.0,,False,False,True,True,True,False,0.0947867298578199,,1.0,12209.0,False,12209.0,True,False,2023-05-15,True,True,True,True,True,True,True,True,True,True,True
Malaysia,2023,21,2.0,119.0,1068.0,15.0,,False,False,True,True,True,False,0.1114232209737827,,1.0,6439.0,False,6439.0,True,False,2023-05-22,True,True,True,True,True,True,True,True,True,True,True
Malaysia,2023,22,2.0,124.0,960.0,29.0,,False,False,True,True,True,False,0.1291666666666666,,1.0,5801.0,False,5801.0,True,False,2023-05-29,True,True,True,True,True,True,True,True,True,True,True
Malaysia,2023,23,2.0,131.0,1070.0,19.0,,False,False,True,True,True,False,0.122429906542056,,1.0,4523.0,False,4523.0,True,False,2023-06-05,True,True,True,True,True,True,True,True,True,True,True
Malaysia,2023,24,2.0,119.0,1114.0,14.0,,False,False,True,True,True,False,0.1068222621184919,,1.0,760.0,False,760.0,True,False,2023-06-12,True,True,True,True,True,True,True,True,True,True,True
Malaysia,2023,25,2.0,170.0,1072.0,11.0,,False,False,True,True,True,False,0.1585820895522388,,1.0,3433.0,False,3433.0,True,False,2023-06-19,True,True,True,True,True,True,True,True,True,True,True
Malaysia,2023,26,2.0,153.0,985.0,8.0,,False,False,True,True,True,False,0.1553299492385786,,1.0,0.0,False,0.0,True,True,2023-06-26,True,True,True,True,True,True,True,True,True,True,True
Malaysia,2023,27,2.0,175.0,1069.0,13.0,,False,False,True,True,True,False,0.1637043966323667,,1.0,2698.0,False,2698.0,True,False,2023-07-03,True,True,True,True,True,True,True,True,True,True,True
Malaysia,2023,28,2.0,180.0,1119.0,14.0,,False,False,True,True,True,False,0.1608579088471849,,1.0,1548.0,False,1548.0,True,False,2023-07-10,True,True,True,True,True,True,True,True,True,True,True
Malaysia,2023,29,2.0,212.0,1088.0,6.0,,False,False,True,True,True,False,0.1948529411764706,,1.0,1222.0,False,1222.0,True,False,2023-07-17,True,True,True,True,True,True,True,True,True,True,True
Malaysia,2023,30,2.0,219.0,1197.0,22.0,,False,False,True,True,True,False,0.1829573934837092,,1.0,1202.0,False,1202.0,True,False,2023-07-24,True,True,True,True,True,True,True,True,True,True,True
Malaysia,2023,31,2.0,224.0,1191.0,11.0,,False,False,True,True,True,False,0.1880772460117548,,1.0,958.0,False,958.0,True,False,2023-07-31,True,True,True,True,True,True,True,True,True,True,True
Malaysia,2023,32,2.0,232.0,1100.0,20.0,,False,False,True,True,True,False,0.2109090909090909,,1.0,934.0,False,934.0,True,False,2023-08-07,True,True,True,True,True,True,True,True,True,True,True
Malaysia,2023,33,2.0,239.0,1189.0,10.0,,False,False,True,True,True,False,0.201009251471825,,1.0,695.0,False,695.0,True,False,2023-08-14,True,True,True,True,True,True,True,True,True,True,True
Malaysia,2023,34,2.0,257.0,1165.0,9.0,,False,False,True,True,True,False,0.2206008583690987,,1.0,710.0,False,710.0,True,False,2023-08-21,True,True,True,True,True,True,True,True,True,True,True
Malaysia,2023,35,2.0,191.0,1125.0,14.0,,False,False,True,True,True,False,0.1697777777777777,,1.0,1233.0,False,1233.0,True,False,2023-08-28,True,True,True,True,True,True,True,True,True,True,True
Malaysia,2023,36,2.0,195.0,1190.0,7.0,,False,False,True,True,True,False,0.1638655462184874,,1.0,680.0,False,680.0,True,False,2023-09-04,True,True,True,True,True,True,True,True,True,True,True
Malaysia,2023,37,2.0,176.0,1013.0,10.0,,False,False,True,True,True,False,0.173741362290227,,1.0,728.0,False,728.0,True,False,2023-09-11,True,True,True,True,True,True,True,True,True,True,True
Malaysia,2023,38,2.0,199.0,1058.0,13.0,,False,False,True,True,True,False,0.1880907372400756,,1.0,691.0,False,691.0,True,False,2023-09-18,True,True,True,True,True,True,True,True,True,True,True
Malaysia,2023,39,2.0,156.0,1020.0,11.0,,False,False,True,True,True,False,0.1529411764705882,,1.0,783.0,False,783.0,True,False,2023-09-25,True,True,True,True,True,True,True,True,True,True,True
Malaysia,2023,40,2.0,139.0,1078.0,9.0,,False,False,True,True,True,False,0.1289424860853432,,1.0,933.0,False,933.0,True,False,2023-10-02,True,True,True,True,True,True,True,True,True,True,True
Malaysia,2023,41,2.0,132.0,1071.0,11.0,,False,False,True,True,True,False,0.1232492997198879,,1.0,1052.0,False,1052.0,True,False,2023-10-09,True,True,True,True,True,True,True,True,True,True,True
Malaysia,2023,42,2.0,112.0,1027.0,9.0,,False,False,True,True,True,False,0.1090555014605647,,1.0,1132.0,False,1132.0,True,False,2023-10-16,True,True,True,True,True,True,True,True,True,True,True
Malaysia,2023,43,2.0,109.0,1060.0,7.0,,False,False,True,True,True,False,0.1028301886792452,,1.0,1339.0,False,1339.0,True,False,2023-10-23,True,True,True,True,True,True,True,True,True,True,True
Malaysia,2023,44,2.0,111.0,1060.0,11.0,,False,False,True,True,True,False,0.1047169811320754,,1.0,1692.0,False,1692.0,True,False,2023-10-30,True,True,True,True,True,True,True,True,True,True,True
Malaysia,2023,45,2.0,109.0,1040.0,8.0,,False,False,True,True,True,False,0.1048076923076923,,1.0,1801.0,False,1801.0,True,False,2023-11-06,True,True,True,True,True,True,True,True,True,True,True
Malaysia,2023,46,2.0,104.0,1039.0,10.0,,False,False,True,True,True,False,0.1000962463907603,,1.0,2305.0,False,2305.0,True,False,2023-11-13,True,True,True,True,True,True,True,True,True,True,True
Malaysia,2023,47,2.0,100.0,957.0,5.0,,False,False,True,True,True,False,0.1044932079414838,,1.0,3626.0,False,3626.0,True,False,2023-11-20,True,True,True,True,True,True,True,True,True,True,True
Malaysia,2023,48,2.0,103.0,935.0,2.0,,False,False,True,True,True,False,0.1101604278074866,,1.0,6796.0,False,6796.0,True,False,2023-11-27,True,True,True,True,True,True,True,True,True,True,True
Malaysia,2023,49,2.0,115.0,957.0,3.0,,False,False,True,True,True,False,0.1201671891327063,,1.0,12757.0,False,12757.0,True,False,2023-12-04,True,True,True,True,True,True,True,True,True,True,True
Malaysia,2023,50,2.0,114.0,944.0,4.0,,False,False,True,True,True,False,0.1207627118644067,,1.0,20696.0,False,20696.0,True,False,2023-12-11,True,True,True,True,True,True,True,True,True,True,True
Malaysia,2023,51,2.0,86.0,932.0,3.0,,False,False,True,True,True,False,0.0922746781115879,,1.0,25912.0,False,25912.0,True,False,2023-12-18,True,True,True,True,True,True,True,True,True,True,True
Malaysia,2023,52,2.0,61.0,882.0,2.0,,False,False,True,True,True,False,0.0691609977324263,,1.0,20598.0,False,20598.0,True,False,2023-12-25,True,True,True,True,True,True,True,True,True,True,True
Malaysia,2024,1,2.0,65.0,932.0,6.0,,False,False,True,True,True,False,0.0697424892703862,,1.0,,False,,False,False,2024-01-01,True,True,True,True,True,True,True,True,False,True,False
Malaysia,2024,2,2.0,86.0,959.0,4.0,,False,False,True,True,True,False,0.0896767466110531,,1.0,29687.0,False,29687.0,True,False,2024-01-08,True,True,True,True,True,True,True,True,True,True,True
Malaysia,2024,3,2.0,110.0,951.0,8.0,,False,False,True,True,True,False,0.1156677181913775,,1.0,8358.0,False,8358.0,True,False,2024-01-15,True,True,True,True,True,True,True,True,True,True,True
Malaysia,2024,4,2.0,96.0,948.0,9.0,,False,False,True,True,True,False,0.1012658227848101,,1.0,4600.0,False,4600.0,True,False,2024-01-22,True,True,True,True,True,True,True,True,True,True,True
Malaysia,2024,5,2.0,118.0,967.0,6.0,,False,False,True,True,True,False,0.1220268872802481,,1.0,2550.0,False,2550.0,True,False,2024-01-29,True,True,True,True,True,True,True,True,True,True,True
Malaysia,2024,6,2.0,104.0,932.0,6.0,,False,False,True,True,True,False,0.111587982832618,,1.0,1479.0,False,1479.0,True,False,2024-02-05,True,True,True,True,True,True,True,True,True,True,True
Malaysia,2024,7,2.0,125.0,898.0,2.0,,False,False,True,True,True,False,0.1391982182628062,,1.0,790.0,False,790.0,True,False,2024-02-12,True,True,True,True,True,True,True,True,True,True,True
Malaysia,2024,8,2.0,98.0,964.0,7.0,,False,False,True,True,True,False,0.1016597510373444,,1.0,881.0,False,881.0,True,False,2024-02-19,True,True,True,True,True,True,True,True,True,True,True
Malaysia,2024,9,2.0,104.0,979.0,6.0,,False,False,True,True,True,False,0.1062308478038815,,1.0,645.0,False,645.0,True,False,2024-02-26,True,True,True,True,True,True,True,True,True,True,True
Malaysia,2024,10,2.0,108.0,956.0,6.0,,False,False,True,True,True,False,0.1129707112970711,,1.0,568.0,False,568.0,True,False,2024-03-04,True,True,True,True,True,True,True,True,True,True,True
Malaysia,2024,11,2.0,117.0,948.0,3.0,,False,False,True,True,True,False,0.1234177215189873,,1.0,593.0,False,593.0,True,False,2024-03-11,True,True,True,True,True,True,True,True,True,True,True
Malaysia,2024,12,2.0,130.0,1003.0,4.0,,False,False,True,True,True,False,0.1296111665004985,,1.0,512.0,False,512.0,True,False,2024-03-18,True,True,True,True,True,True,True,True,True,True,True
Malaysia,2024,13,2.0,92.0,952.0,7.0,,False,False,True,True,True,False,0.0966386554621848,,1.0,421.0,False,421.0,True,False,2024-03-25,True,True,True,True,True,True,True,True,True,True,True
Malaysia,2024,14,2.0,70.0,994.0,3.0,,False,False,True,True,True,False,0.0704225352112676,,1.0,493.0,False,493.0,True,False,2024-04-01,True,True,True,True,True,True,True,True,True,True,True
Malaysia,2024,15,2.0,41.0,660.0,5.0,,False,False,True,True,True,False,0.0621212121212121,,1.0,246.0,False,246.0,True,False,2024-04-08,True,True,True,True,True,True,True,True,True,True,True
Malaysia,2024,16,2.0,107.0,993.0,0.0,,False,False,True,True,True,False,0.107754279959718,,1.0,710.0,False,710.0,True,False,2024-04-15,True,True,True,True,True,True,True,True,True,True,True
Malaysia,2024,17,2.0,119.0,966.0,5.0,,False,False,True,True,True,False,0.1231884057971014,,1.0,734.0,False,734.0,True,False,2024-04-22,True,True,True,True,True,True,True,True,True,True,True
Malaysia,2024,18,2.0,113.0,984.0,6.0,,False,False,True,True,True,False,0.1148373983739837,,1.0,734.0,False,734.0,True,False,2024-04-29,True,True,True,True,True,True,True,True,True,True,True
Malaysia,2024,19,2.0,147.0,1013.0,8.0,,False,False,True,True,True,False,0.1451135241855873,,1.0,1071.0,False,1071.0,True,False,2024-05-06,True,True,True,True,True,True,True,True,True,True,True
Malaysia,2024,20,2.0,153.0,1020.0,7.0,,False,False,True,True,True,False,0.15,,1.0,1230.0,False,1230.0,True,False,2024-05-13,True,True,True,True,True,True,True,True,True,True,True
Malaysia,2024,21,2.0,176.0,950.0,5.0,,False,False,True,True,True,False,0.1852631578947368,,1.0,1368.0,False,1368.0,True,False,2024-05-20,True,True,True,True,True,True,True,True,True,True,True
Malaysia,2024,22,2.0,200.0,944.0,7.0,,False,False,True,True,True,False,0.211864406779661,,1.0,1780.0,False,1780.0,True,False,2024-05-27,True,True,True,True,True,True,True,True,True,True,True
Malaysia,2024,23,2.0,182.0,958.0,8.0,,False,False,True,True,True,False,0.1899791231732776,,1.0,2069.0,False,2069.0,True,False,2024-06-03,True,True,True,True,True,True,True,True,True,True,True
Malaysia,2024,24,2.0,186.0,978.0,10.0,,False,False,True,True,True,False,0.1901840490797546,,1.0,2875.0,False,2875.0,True,False,2024-06-10,True,True,True,True,True,True,True,True,True,True,True
Malaysia,2024,25,2.0,171.0,910.0,9.0,,False,False,True,True,True,False,0.1879120879120879,,1.0,2821.0,False,2821.0,True,False,2024-06-17,True,True,True,True,True,True,True,True,True,True,True
Malaysia,2024,26,2.0,182.0,1008.0,10.0,,False,False,True,True,True,False,0.1805555555555555,,1.0,3810.0,False,3810.0,True,False,2024-06-24,True,True,True,True,True,True,True,True,True,True,True
Malaysia,2024,27,2.0,242.0,1038.0,14.0,,False,False,True,True,True,False,0.233140655105973,,1.0,3670.0,False,3670.0,True,False,2024-07-01,True,True,True,True,True,True,True,True,True,True,True
Malaysia,2024,28,2.0,192.0,989.0,9.0,,False,False,True,True,True,False,0.1941354903943377,,1.0,2833.0,False,2833.0,True,False,2024-07-08,True,True,True,True,True,True,True,True,True,True,True
Malaysia,2024,29,2.0,234.0,1042.0,13.0,,False,False,True,True,True,False,0.2245681381957773,,1.0,1984.0,False,1984.0,True,False,2024-07-15,True,True,True,True,True,True,True,True,True,True,True
Malaysia,2024,30,2.0,241.0,971.0,7.0,,False,False,True,True,True,False,0.2481977342945417,,1.0,1491.0,False,1491.0,True,False,2024-07-22,True,True,True,True,True,True,True,True,True,True,True
Malaysia,2024,31,2.0,219.0,924.0,4.0,,False,False,True,True,True,False,0.237012987012987,,1.0,1085.0,False,1085.0,True,False,2024-07-29,True,True,True,True,True,True,True,True,True,True,True
Malaysia,2024,32,2.0,176.0,922.0,1.0,,False,False,True,True,True,False,0.1908893709327548,,1.0,930.0,False,930.0,True,False,2024-08-05,True,True,True,True,True,True,True,True,True,True,True
Malaysia,2024,33,2.0,207.0,978.0,11.0,,False,False,True,True,True,False,0.2116564417177914,,1.0,766.0,False,766.0,True,False,2024-08-12,True,True,True,True,True,True,True,True,True,True,True
Malaysia,2024,34,2.0,201.0,985.0,6.0,,False,False,True,True,True,False,0.2040609137055837,,1.0,814.0,False,814.0,True,False,2024-08-19,True,True,True,True,True,True,True,True,True,True,True
Malaysia,2024,35,2.0,193.0,996.0,13.0,,False,False,True,True,True,False,0.1937751004016064,,1.0,699.0,False,699.0,True,False,2024-08-26,True,True,True,True,True,True,True,True,True,True,True
Malaysia,2024,36,2.0,209.0,996.0,8.0,,False,False,True,True,True,False,0.2098393574297188,,1.0,645.0,False,645.0,True,False,2024-09-02,True,True,True,True,True,True,True,True,True,True,True
Malaysia,2024,37,2.0,199.0,973.0,17.0,,False,False,True,True,True,False,0.2045220966084275,,1.0,598.0,False,598.0,True,False,2024-09-09,True,True,True,True,True,True,True,True,True,True,True
Malaysia,2024,38,2.0,206.0,967.0,18.0,,False,False,True,True,True,False,0.2130299896587383,,1.0,437.0,False,437.0,True,False,2024-09-16,True,True,True,True,True,True,True,True,True,True,True
Malaysia,2024,39,2.0,196.0,1016.0,20.0,,False,False,True,True,True,False,0.1929133858267716,,1.0,669.0,False,669.0,True,False,2024-09-23,True,True,True,True,True,True,True,True,True,True,True
Malaysia,2024,40,2.0,161.0,974.0,12.0,,False,False,True,True,True,False,0.1652977412731006,,1.0,811.0,False,811.0,True,False,2024-09-30,True,True,True,True,True,True,True,True,True,True,True
Malaysia,2024,41,1.0,172.0,930.0,6.0,,False,False,True,True,True,False,0.1849462365591397,,1.0,851.0,False,851.0,True,False,2024-10-07,True,True,True,True,True,True,True,True,True,True,True
Malaysia,2024,42,1.0,171.0,928.0,6.0,,False,False,True,True,True,False,0.1842672413793103,,1.0,897.0,False,897.0,True,False,2024-10-14,True,True,True,True,True,True,True,True,True,True,True
Malaysia,2024,43,1.0,168.0,931.0,7.0,,False,False,True,True,True,False,0.1804511278195488,,1.0,891.0,False,891.0,True,False,2024-10-21,True,True,True,True,True,True,True,True,True,True,True
Malaysia,2024,44,1.0,126.0,889.0,7.0,,False,False,True,True,True,False,0.1417322834645669,,1.0,791.0,False,791.0,True,False,2024-10-28,True,True,True,True,True,True,True,True,True,True,True
Malaysia,2024,45,1.0,157.0,950.0,12.0,,False,False,True,True,True,False,0.1652631578947368,,1.0,1054.0,False,1054.0,True,False,2024-11-04,True,True,True,True,True,True,True,True,True,True,True
Malaysia,2024,46,1.0,124.0,931.0,0.0,,False,False,True,True,True,False,0.1331901181525241,,1.0,1167.0,False,1167.0,True,False,2024-11-11,True,True,True,True,True,True,True,True,True,True,True
Malaysia,2024,47,1.0,134.0,935.0,2.0,,False,False,True,True,True,False,0.1433155080213903,,1.0,1248.0,False,1248.0,True,False,2024-11-18,True,True,True,True,True,True,True,True,True,True,True
Malaysia,2024,48,1.0,161.0,905.0,5.0,,False,False,True,True,True,False,0.1779005524861878,,1.0,1371.0,False,1371.0,True,False,2024-11-25,True,True,True,True,True,True,True,True,True,True,True
Malaysia,2024,49,1.0,158.0,902.0,4.0,,False,False,True,True,True,False,0.1751662971175166,,1.0,1620.0,False,1620.0,True,False,2024-12-02,True,True,True,True,True,True,True,True,True,True,True
Malaysia,2024,50,1.0,165.0,932.0,3.0,,False,False,True,True,True,False,0.177038626609442,,1.0,1722.0,False,1722.0,True,False,2024-12-09,True,True,True,True,True,True,True,True,True,True,True
Malaysia,2024,51,1.0,159.0,922.0,2.0,,False,False,True,True,True,False,0.1724511930585683,,1.0,1477.0,False,1477.0,True,False,2024-12-16,True,True,True,True,True,True,True,True,True,True,True
Malaysia,2024,52,1.0,127.0,848.0,1.0,,False,False,True,True,True,False,0.1497641509433962,,1.0,968.0,False,968.0,True,False,2024-12-23,True,True,True,True,True,True,True,True,True,True,True
Philippines,2020,1,1.0,0.0,19.0,0.0,,False,False,True,True,True,False,0.0,,1.0,0.0,False,0.0,True,True,2019-12-30,True,True,True,True,True,True,True,True,True,True,True
Philippines,2020,2,1.0,1.0,44.0,0.0,,False,False,True,True,True,False,0.0227272727272727,,1.0,0.0,False,0.0,True,True,2020-01-06,True,True,True,True,True,True,True,True,True,True,True
Philippines,2020,3,1.0,5.0,70.0,0.0,,False,False,True,True,True,False,0.0714285714285714,,1.0,0.0,False,0.0,True,True,2020-01-13,True,True,True,True,True,True,True,True,True,True,True
Philippines,2020,4,1.0,21.0,77.0,0.0,,False,False,True,True,True,False,0.2727272727272727,,1.0,0.0,False,0.0,True,True,2020-01-20,True,True,True,True,True,True,True,True,True,True,True
Philippines,2020,5,1.0,9.0,52.0,0.0,,False,False,True,True,True,False,0.173076923076923,,1.0,1.0,False,1.0,True,False,2020-01-27,True,True,True,True,True,True,True,True,True,True,True
Philippines,2020,6,1.0,5.0,82.0,0.0,,False,False,True,True,True,False,0.0609756097560975,,1.0,2.0,False,2.0,True,False,2020-02-03,True,True,True,True,True,True,True,True,True,True,True
Philippines,2020,7,1.0,5.0,75.0,0.0,,False,False,True,True,True,False,0.0666666666666666,,1.0,0.0,False,0.0,True,True,2020-02-10,True,True,True,True,True,True,True,True,True,True,True
Philippines,2020,8,1.0,4.0,61.0,0.0,,False,False,True,True,True,False,0.0655737704918032,,1.0,0.0,False,0.0,True,True,2020-02-17,True,True,True,True,True,True,True,True,True,True,True
Philippines,2020,9,1.0,0.0,74.0,0.0,,False,False,True,True,True,False,0.0,,1.0,0.0,False,0.0,True,True,2020-02-24,True,True,True,True,True,True,True,True,True,True,True
Philippines,2020,10,1.0,1.0,34.0,0.0,,False,False,True,True,True,False,0.0294117647058823,,1.0,3.0,False,3.0,True,False,2020-03-02,True,True,True,True,True,True,True,True,True,True,True
Philippines,2020,11,1.0,1.0,75.0,0.0,,False,False,True,True,True,False,0.0133333333333333,,1.0,105.0,False,105.0,True,False,2020-03-09,True,True,True,True,True,True,True,True,True,True,True
Philippines,2020,12,1.0,0.0,19.0,0.0,,False,False,True,True,True,False,0.0,,1.0,196.0,False,196.0,True,False,2020-03-16,True,True,True,True,True,True,True,True,True,True,True
Philippines,2020,13,1.0,0.0,2.0,0.0,,False,False,True,True,True,False,0.0,,1.0,768.0,False,768.0,True,False,2020-03-23,True,True,True,True,True,True,True,True,True,True,True
Philippines,2020,14,1.0,0.0,0.0,0.0,,False,False,True,True,False,False,,,1.0,2019.0,False,2019.0,True,False,2020-03-30,True,True,True,True,True,True,True,True,True,True,True
Philippines,2020,15,1.0,0.0,0.0,0.0,,False,False,True,True,False,False,,,1.0,1334.0,False,1334.0,True,False,2020-04-06,True,True,True,True,True,True,True,True,True,True,True
Philippines,2020,16,1.0,0.0,0.0,0.0,,False,False,True,True,False,False,,,1.0,1659.0,False,1659.0,True,False,2020-04-13,True,True,True,True,True,True,True,True,True,True,True
Philippines,2020,17,1.0,0.0,0.0,0.0,,False,False,True,True,False,False,,,1.0,1207.0,False,1207.0,True,False,2020-04-20,True,True,True,True,True,True,True,True,True,True,True
Philippines,2020,18,1.0,0.0,0.0,0.0,,False,False,True,True,False,False,,,1.0,1634.0,False,1634.0,True,False,2020-04-27,True,True,True,True,True,True,True,True,True,True,True
Philippines,2020,19,1.0,0.0,0.0,0.0,,False,False,True,True,False,False,,,1.0,1682.0,False,1682.0,True,False,2020-05-04,True,True,True,True,True,True,True,True,True,True,True
Philippines,2020,20,1.0,0.0,0.0,0.0,,False,False,True,True,False,False,,,1.0,1695.0,False,1695.0,True,False,2020-05-11,True,True,True,True,True,True,True,True,True,True,True
Philippines,2020,21,1.0,0.0,0.0,0.0,,False,False,True,True,False,False,,,1.0,1472.0,False,1472.0,True,False,2020-05-18,True,True,True,True,True,True,True,True,True,True,True
Philippines,2020,22,1.0,0.0,0.0,0.0,,False,False,True,True,False,False,,,1.0,3447.0,False,3447.0,True,False,2020-05-25,True,True,True,True,True,True,True,True,True,True,True
Philippines,2020,23,1.0,0.0,0.0,0.0,,False,False,True,True,False,False,,,1.0,4116.0,False,4116.0,True,False,2020-06-01,True,True,True,True,True,True,True,True,True,True,True
Philippines,2020,24,1.0,0.0,0.0,0.0,,False,False,True,True,False,False,,,1.0,4051.0,False,4051.0,True,False,2020-06-08,True,True,True,True,True,True,True,True,True,True,True
Philippines,2020,25,1.0,0.0,1.0,0.0,,False,False,True,True,True,False,0.0,,1.0,4008.0,False,4008.0,True,False,2020-06-15,True,True,True,True,True,True,True,True,True,True,True
Philippines,2020,26,1.0,0.0,0.0,0.0,,False,False,True,True,False,False,,,1.0,5403.0,False,5403.0,True,False,2020-06-22,True,True,True,True,True,True,True,True,True,True,True
Philippines,2020,27,1.0,0.0,0.0,0.0,,False,False,True,True,False,False,,,1.0,7028.0,False,7028.0,True,False,2020-06-29,True,True,True,True,True,True,True,True,True,True,True
Philippines,2020,28,1.0,0.0,1.0,0.0,,False,False,True,True,True,False,0.0,,1.0,12305.0,False,12305.0,True,False,2020-07-06,True,True,True,True,True,True,True,True,True,True,True
Philippines,2020,29,1.0,0.0,0.0,0.0,,False,False,True,True,False,False,,,1.0,11080.0,False,11080.0,True,False,2020-07-13,True,True,True,True,True,True,True,True,True,True,True
Philippines,2020,30,1.0,0.0,0.0,0.0,,False,False,True,True,False,False,,,1.0,13123.0,False,13123.0,True,False,2020-07-20,True,True,True,True,True,True,True,True,True,True,True
Philippines,2020,31,1.0,0.0,0.0,0.0,,False,False,True,True,False,False,,,1.0,19815.0,False,19815.0,True,False,2020-07-27,True,True,True,True,True,True,True,True,True,True,True
Philippines,2020,32,1.0,0.0,0.0,0.0,,False,False,True,True,False,False,,,1.0,28651.0,False,28651.0,True,False,2020-08-03,True,True,True,True,True,True,True,True,True,True,True
Philippines,2020,33,1.0,0.0,0.0,0.0,,False,False,True,True,False,False,,,1.0,31114.0,False,31114.0,True,False,2020-08-10,True,True,True,True,True,True,True,True,True,True,True
Philippines,2020,34,1.0,0.0,0.0,0.0,,False,False,True,True,False,False,,,1.0,29305.0,False,29305.0,True,False,2020-08-17,True,True,True,True,True,True,True,True,True,True,True
Philippines,2020,35,1.0,0.0,0.0,0.0,,False,False,True,True,False,False,,,1.0,25889.0,False,25889.0,True,False,2020-08-24,True,True,True,True,True,True,True,True,True,True,True
Philippines,2020,36,1.0,0.0,0.0,0.0,,False,False,True,True,False,False,,,1.0,21414.0,False,21414.0,True,False,2020-08-31,True,True,True,True,True,True,True,True,True,True,True
Philippines,2020,37,1.0,0.0,0.0,0.0,,False,False,True,True,False,False,,,1.0,23337.0,False,23337.0,True,False,2020-09-07,True,True,True,True,True,True,True,True,True,True,True
Philippines,2020,38,1.0,0.0,0.0,0.0,,False,False,True,True,False,False,,,1.0,25568.0,False,25568.0,True,False,2020-09-14,True,True,True,True,True,True,True,True,True,True,True
Philippines,2020,39,1.0,0.0,0.0,0.0,,False,False,True,True,False,False,,,1.0,17800.0,False,17800.0,True,False,2020-09-21,True,True,True,True,True,True,True,True,True,True,True
Philippines,2020,40,1.0,0.0,0.0,0.0,,False,False,True,True,False,False,,,1.0,18076.0,False,18076.0,True,False,2020-09-28,True,True,True,True,True,True,True,True,True,True,True
Philippines,2020,41,1.0,0.0,0.0,0.0,,False,False,True,True,False,False,,,1.0,17532.0,False,17532.0,True,False,2020-10-05,True,True,True,True,True,True,True,True,True,True,True
Philippines,2020,42,1.0,0.0,1.0,0.0,,False,False,True,True,True,False,0.0,,1.0,17414.0,False,17414.0,True,False,2020-10-12,True,True,True,True,True,True,True,True,True,True,True
Philippines,2020,43,1.0,0.0,0.0,0.0,,False,False,True,True,False,False,,,1.0,13552.0,False,13552.0,True,False,2020-10-19,True,True,True,True,True,True,True,True,True,True,True
Philippines,2020,44,1.0,0.0,0.0,0.0,,False,False,True,True,False,False,,,1.0,12912.0,False,12912.0,True,False,2020-10-26,True,True,True,True,True,True,True,True,True,True,True
Philippines,2020,45,1.0,0.0,0.0,0.0,,False,False,True,True,False,False,,,1.0,13236.0,False,13236.0,True,False,2020-11-02,True,True,True,True,True,True,True,True,True,True,True
Philippines,2020,46,1.0,0.0,0.0,0.0,,False,False,True,True,False,False,,,1.0,12355.0,False,12355.0,True,False,2020-11-09,True,True,True,True,True,True,True,True,True,True,True
Philippines,2020,47,1.0,0.0,0.0,0.0,,False,False,True,True,False,False,,,1.0,10542.0,False,10542.0,True,False,2020-11-16,True,True,True,True,True,True,True,True,True,True,True
Philippines,2020,48,1.0,0.0,6.0,0.0,,False,False,True,True,True,False,0.0,,1.0,10940.0,False,10940.0,True,False,2020-11-23,True,True,True,True,True,True,True,True,True,True,True
Philippines,2020,49,1.0,0.0,8.0,0.0,,False,False,True,True,True,False,0.0,,1.0,10276.0,False,10276.0,True,False,2020-11-30,True,True,True,True,True,True,True,True,True,True,True
Philippines,2020,50,1.0,0.0,10.0,0.0,,False,False,True,True,True,False,0.0,,1.0,10265.0,False,10265.0,True,False,2020-12-07,True,True,True,True,True,True,True,True,True,True,True
Philippines,2020,51,1.0,0.0,1.0,0.0,,False,False,True,True,True,False,0.0,,1.0,9704.0,False,9704.0,True,False,2020-12-14,True,True,True,True,True,True,True,True,True,True,True
Philippines,2020,52,,,,,,,,False,False,,,,,1.0,10968.0,False,10968.0,True,False,2020-12-21,True,True,True,True,True,True,False,False,True,False,False
Philippines,2020,53,,,,,,,,False,False,,,,,1.0,8799.0,False,8799.0,True,False,2020-12-28,True,True,True,True,True,True,False,False,True,False,False
Philippines,2021,1,1.0,0.0,2.0,0.0,,False,False,True,True,True,False,0.0,,1.0,9882.0,False,9882.0,True,False,2021-01-04,True,True,True,True,True,True,True,True,True,True,True
Philippines,2021,2,1.0,0.0,0.0,0.0,,False,False,True,True,False,False,,,1.0,12889.0,False,12889.0,True,False,2021-01-11,True,True,True,True,True,True,True,True,True,True,True
Philippines,2021,3,1.0,0.0,0.0,0.0,,False,False,True,True,False,False,,,1.0,13046.0,False,13046.0,True,False,2021-01-18,True,True,True,True,True,True,True,True,True,True,True
Philippines,2021,4,1.0,0.0,0.0,0.0,,False,False,True,True,False,False,,,1.0,11995.0,False,11995.0,True,False,2021-01-25,True,True,True,True,True,True,True,True,True,True,True
Philippines,2021,5,1.0,0.0,0.0,0.0,,False,False,True,True,False,False,,,1.0,11691.0,False,11691.0,True,False,2021-02-01,True,True,True,True,True,True,True,True,True,True,True
Philippines,2021,6,1.0,0.0,1.0,0.0,,False,False,True,True,True,False,0.0,,1.0,11870.0,False,11870.0,True,False,2021-02-08,True,True,True,True,True,True,True,True,True,True,True
Philippines,2021,7,1.0,0.0,0.0,0.0,,False,False,True,True,False,False,,,1.0,11993.0,False,11993.0,True,False,2021-02-15,True,True,True,True,True,True,True,True,True,True,True
Philippines,2021,8,1.0,0.0,1.0,0.0,,False,False,True,True,True,False,0.0,,1.0,15176.0,False,15176.0,True,False,2021-02-22,True,True,True,True,True,True,True,True,True,True,True
Philippines,2021,9,1.0,0.0,0.0,0.0,,False,False,True,True,False,False,,,1.0,18063.0,False,18063.0,True,False,2021-03-01,True,True,True,True,True,True,True,True,True,True,True
Philippines,2021,10,1.0,0.0,0.0,0.0,,False,False,True,True,False,False,,,1.0,27082.0,False,27082.0,True,False,2021-03-08,True,True,True,True,True,True,True,True,True,True,True
Philippines,2021,11,1.0,0.0,0.0,0.0,,False,False,True,True,False,False,,,1.0,42284.0,False,42284.0,True,False,2021-03-15,True,True,True,True,True,True,True,True,True,True,True
Philippines,2021,12,1.0,0.0,0.0,0.0,,False,False,True,True,False,False,,,1.0,58105.0,False,58105.0,True,False,2021-03-22,True,True,True,True,True,True,True,True,True,True,True
Philippines,2021,13,1.0,0.0,0.0,0.0,,False,False,True,True,False,False,,,1.0,73165.0,False,73165.0,True,False,2021-03-29,True,True,True,True,True,True,True,True,True,True,True
Philippines,2021,14,1.0,0.0,2.0,0.0,,False,False,True,True,True,False,0.0,,1.0,69804.0,False,69804.0,True,False,2021-04-05,True,True,True,True,True,True,True,True,True,True,True
Philippines,2021,15,1.0,0.0,1.0,0.0,,False,False,True,True,True,False,0.0,,1.0,71270.0,False,71270.0,True,False,2021-04-12,True,True,True,True,True,True,True,True,True,True,True
Philippines,2021,16,1.0,0.0,2.0,0.0,,False,False,True,True,True,False,0.0,,1.0,61382.0,False,61382.0,True,False,2021-04-19,True,True,True,True,True,True,True,True,True,True,True
Philippines,2021,17,1.0,0.0,5.0,0.0,,False,False,True,True,True,False,0.0,,1.0,57471.0,False,57471.0,True,False,2021-04-26,True,True,True,True,True,True,True,True,True,True,True
Philippines,2021,18,1.0,0.0,5.0,0.0,,False,False,True,True,True,False,0.0,,1.0,47010.0,False,47010.0,True,False,2021-05-03,True,True,True,True,True,True,True,True,True,True,True
Philippines,2021,19,1.0,1.0,5.0,0.0,,False,False,True,True,True,False,0.2,,1.0,41966.0,False,41966.0,True,False,2021-05-10,True,True,True,True,True,True,True,True,True,True,True
Philippines,2021,20,1.0,2.0,6.0,0.0,,False,False,True,True,True,False,0.3333333333333333,,1.0,35845.0,False,35845.0,True,False,2021-05-17,True,True,True,True,True,True,True,True,True,True,True
Philippines,2021,21,1.0,2.0,15.0,0.0,,False,False,True,True,True,False,0.1333333333333333,,1.0,43826.0,False,43826.0,True,False,2021-05-24,True,True,True,True,True,True,True,True,True,True,True
Philippines,2021,22,1.0,1.0,51.0,0.0,,False,False,True,True,True,False,0.0196078431372549,,1.0,45848.0,False,45848.0,True,False,2021-05-31,True,True,True,True,True,True,True,True,True,True,True
Philippines,2021,23,1.0,4.0,56.0,0.0,,False,False,True,True,True,False,0.0714285714285714,,1.0,46162.0,False,46162.0,True,False,2021-06-07,True,True,True,True,True,True,True,True,True,True,True
Philippines,2021,24,1.0,4.0,20.0,0.0,,False,False,True,True,True,False,0.2,,1.0,43363.0,False,43363.0,True,False,2021-06-14,True,True,True,True,True,True,True,True,True,True,True
Philippines,2021,25,1.0,7.0,44.0,0.0,,False,False,True,True,True,False,0.1590909090909091,,1.0,38994.0,False,38994.0,True,False,2021-06-21,True,True,True,True,True,True,True,True,True,True,True
Philippines,2021,26,1.0,4.0,44.0,0.0,,False,False,True,True,True,False,0.0909090909090909,,1.0,38370.0,False,38370.0,True,False,2021-06-28,True,True,True,True,True,True,True,True,True,True,True
Philippines,2021,27,1.0,9.0,42.0,0.0,,False,False,True,True,True,False,0.2142857142857142,,1.0,36509.0,False,36509.0,True,False,2021-07-05,True,True,True,True,True,True,True,True,True,True,True
Philippines,2021,28,1.0,7.0,26.0,0.0,,False,False,True,True,True,False,0.2692307692307692,,1.0,34882.0,False,34882.0,True,False,2021-07-12,True,True,True,True,True,True,True,True,True,True,True
Philippines,2021,29,1.0,4.0,39.0,0.0,,False,False,True,True,True,False,0.1025641025641025,,1.0,40987.0,False,40987.0,True,False,2021-07-19,True,True,True,True,True,True,True,True,True,True,True
Philippines,2021,30,1.0,1.0,28.0,0.0,,False,False,True,True,True,False,0.0357142857142857,,1.0,48863.0,False,48863.0,True,False,2021-07-26,True,True,True,True,True,True,True,True,True,True,True
Philippines,2021,31,1.0,4.0,32.0,0.0,,False,False,True,True,True,False,0.125,,1.0,61219.0,False,61219.0,True,False,2021-08-02,True,True,True,True,True,True,True,True,True,True,True
Philippines,2021,32,1.0,7.0,30.0,0.0,,False,False,True,True,True,False,0.2333333333333333,,1.0,82422.0,False,82422.0,True,False,2021-08-09,True,True,True,True,True,True,True,True,True,True,True
Philippines,2021,33,1.0,5.0,22.0,0.0,,False,False,True,True,True,False,0.2272727272727272,,1.0,98078.0,False,98078.0,True,False,2021-08-16,True,True,True,True,True,True,True,True,True,True,True
Philippines,2021,34,1.0,5.0,31.0,0.0,,False,False,True,True,True,False,0.1612903225806451,,1.0,114522.0,False,114522.0,True,False,2021-08-23,True,True,True,True,True,True,True,True,True,True,True
Philippines,2021,35,1.0,5.0,22.0,0.0,,False,False,True,True,True,False,0.2272727272727272,,1.0,127080.0,False,127080.0,True,False,2021-08-30,True,True,True,True,True,True,True,True,True,True,True
Philippines,2021,36,1.0,1.0,25.0,0.0,,False,False,True,True,True,False,0.04,,1.0,146410.0,False,146410.0,True,False,2021-09-06,True,True,True,True,True,True,True,True,True,True,True
Philippines,2021,37,1.0,3.0,28.0,0.0,,False,False,True,True,True,False,0.1071428571428571,,1.0,139353.0,False,139353.0,True,False,2021-09-13,True,True,True,True,True,True,True,True,True,True,True
Philippines,2021,38,1.0,1.0,18.0,0.0,,False,False,True,True,True,False,0.0555555555555555,,1.0,124120.0,False,124120.0,True,False,2021-09-20,True,True,True,True,True,True,True,True,True,True,True
Philippines,2021,39,1.0,0.0,21.0,0.0,,False,False,True,True,True,False,0.0,,1.0,102493.0,False,102493.0,True,False,2021-09-27,True,True,True,True,True,True,True,True,True,True,True
Philippines,2021,40,1.0,0.0,7.0,0.0,,False,False,True,True,True,False,0.0,,1.0,73230.0,False,73230.0,True,False,2021-10-04,True,True,True,True,True,True,True,True,True,True,True
Philippines,2021,41,1.0,0.0,7.0,0.0,,False,False,True,True,True,False,0.0,,1.0,53821.0,False,53821.0,True,False,2021-10-11,True,True,True,True,True,True,True,True,True,True,True
Philippines,2021,42,1.0,0.0,6.0,0.0,,False,False,True,True,True,False,0.0,,1.0,36559.0,False,36559.0,True,False,2021-10-18,True,True,True,True,True,True,True,True,True,True,True
Philippines,2021,43,1.0,0.0,14.0,0.0,,False,False,True,True,True,False,0.0,,1.0,30356.0,False,30356.0,True,False,2021-10-25,True,True,True,True,True,True,True,True,True,True,True
Philippines,2021,44,1.0,5.0,14.0,0.0,,False,False,True,True,True,False,0.3571428571428571,,1.0,15949.0,False,15949.0,True,False,2021-11-01,True,True,True,True,True,True,True,True,True,True,True
Philippines,2021,45,1.0,1.0,10.0,0.0,,False,False,True,True,True,False,0.1,,1.0,13757.0,False,13757.0,True,False,2021-11-08,True,True,True,True,True,True,True,True,True,True,True
Philippines,2021,46,1.0,2.0,15.0,0.0,,False,False,True,True,True,False,0.1333333333333333,,1.0,8905.0,False,8905.0,True,False,2021-11-15,True,True,True,True,True,True,True,True,True,True,True
Philippines,2021,47,1.0,2.0,13.0,0.0,,False,False,True,True,True,False,0.1538461538461538,,1.0,5841.0,False,5841.0,True,False,2021-11-22,True,True,True,True,True,True,True,True,True,True,True
Philippines,2021,48,1.0,2.0,18.0,0.0,,False,False,True,True,True,False,0.1111111111111111,,1.0,2901.0,False,2901.0,True,False,2021-11-29,True,True,True,True,True,True,True,True,True,True,True
Philippines,2021,49,1.0,1.0,19.0,1.0,,False,False,True,True,True,False,0.0526315789473684,,1.0,1832.0,False,1832.0,True,False,2021-12-06,True,True,True,True,True,True,True,True,True,True,True
Philippines,2021,50,1.0,7.0,23.0,0.0,,False,False,True,True,True,False,0.3043478260869565,,1.0,1019.0,False,1019.0,True,False,2021-12-13,True,True,True,True,True,True,True,True,True,True,True
Philippines,2021,51,1.0,2.0,20.0,0.0,,False,False,True,True,True,False,0.1,,1.0,1012.0,False,1012.0,True,False,2021-12-20,True,True,True,True,True,True,True,True,True,True,True
Philippines,2021,52,1.0,6.0,34.0,0.0,,False,False,True,True,True,False,0.1764705882352941,,1.0,13261.0,False,13261.0,True,False,2021-12-27,True,True,True,True,True,True,True,True,True,True,True
Philippines,2022,1,1.0,2.0,37.0,0.0,,False,False,True,True,True,False,0.054054054054054,,1.0,113626.0,False,113626.0,True,False,2022-01-03,True,True,True,True,True,True,True,True,True,True,True
Philippines,2022,2,1.0,1.0,47.0,0.0,,False,False,True,True,True,False,0.0212765957446808,,1.0,239943.0,False,239943.0,True,False,2022-01-10,True,True,True,True,True,True,True,True,True,True,True
Philippines,2022,3,1.0,5.0,28.0,0.0,,False,False,True,True,True,False,0.1785714285714285,,1.0,211814.0,False,211814.0,True,False,2022-01-17,True,True,True,True,True,True,True,True,True,True,True
Philippines,2022,4,1.0,4.0,31.0,0.0,,False,False,True,True,True,False,0.1290322580645161,,1.0,128538.0,False,128538.0,True,False,2022-01-24,True,True,True,True,True,True,True,True,True,True,True
Philippines,2022,5,1.0,3.0,23.0,0.0,,False,False,True,True,True,False,0.1304347826086956,,1.0,63896.0,False,63896.0,True,False,2022-01-31,True,True,True,True,True,True,True,True,True,True,True
Philippines,2022,6,1.0,1.0,29.0,0.0,,False,False,True,True,True,False,0.0344827586206896,,1.0,27660.0,False,27660.0,True,False,2022-02-07,True,True,True,True,True,True,True,True,True,True,True
Philippines,2022,7,1.0,0.0,32.0,0.0,,False,False,True,True,True,False,0.0,,1.0,14887.0,False,14887.0,True,False,2022-02-14,True,True,True,True,True,True,True,True,True,True,True
Philippines,2022,8,1.0,0.0,23.0,0.0,,False,False,True,True,True,False,0.0,,1.0,8947.0,False,8947.0,True,False,2022-02-21,True,True,True,True,True,True,True,True,True,True,True
Philippines,2022,9,1.0,0.0,17.0,0.0,,False,False,True,True,True,False,0.0,,1.0,6489.0,False,6489.0,True,False,2022-02-28,True,True,True,True,True,True,True,True,True,True,True
Philippines,2022,10,1.0,0.0,21.0,0.0,,False,False,True,True,True,False,0.0,,1.0,3204.0,False,3204.0,True,False,2022-03-07,True,True,True,True,True,True,True,True,True,True,True
Philippines,2022,11,1.0,0.0,35.0,0.0,,False,False,True,True,True,False,0.0,,1.0,3540.0,False,3540.0,True,False,2022-03-14,True,True,True,True,True,True,True,True,True,True,True
Philippines,2022,12,1.0,0.0,24.0,0.0,,False,False,True,True,True,False,0.0,,1.0,2710.0,False,2710.0,True,False,2022-03-21,True,True,True,True,True,True,True,True,True,True,True
Philippines,2022,13,1.0,0.0,30.0,0.0,,False,False,True,True,True,False,0.0,,1.0,2186.0,False,2186.0,True,False,2022-03-28,True,True,True,True,True,True,True,True,True,True,True
Philippines,2022,14,1.0,0.0,34.0,0.0,,False,False,True,True,True,False,0.0,,1.0,1871.0,False,1871.0,True,False,2022-04-04,True,True,True,True,True,True,True,True,True,True,True
Philippines,2022,15,1.0,0.0,47.0,0.0,,False,False,True,True,True,False,0.0,,1.0,1647.0,False,1647.0,True,False,2022-04-11,True,True,True,True,True,True,True,True,True,True,True
Philippines,2022,16,1.0,0.0,41.0,0.0,,False,False,True,True,True,False,0.0,,1.0,1437.0,False,1437.0,True,False,2022-04-18,True,True,True,True,True,True,True,True,True,True,True
Philippines,2022,17,1.0,0.0,44.0,0.0,,False,False,True,True,True,False,0.0,,1.0,1377.0,False,1377.0,True,False,2022-04-25,True,True,True,True,True,True,True,True,True,True,True
Philippines,2022,18,1.0,0.0,38.0,0.0,,False,False,True,True,True,False,0.0,,1.0,1117.0,False,1117.0,True,False,2022-05-02,True,True,True,True,True,True,True,True,True,True,True
Philippines,2022,19,1.0,0.0,54.0,0.0,,False,False,True,True,True,False,0.0,,1.0,1105.0,False,1105.0,True,False,2022-05-09,True,True,True,True,True,True,True,True,True,True,True
Philippines,2022,20,1.0,0.0,45.0,0.0,,False,False,True,True,True,False,0.0,,1.0,1212.0,False,1212.0,True,False,2022-05-16,True,True,True,True,True,True,True,True,True,True,True
Philippines,2022,21,1.0,1.0,41.0,0.0,,False,False,True,True,True,False,0.024390243902439,,1.0,1313.0,False,1313.0,True,False,2022-05-23,True,True,True,True,True,True,True,True,True,True,True
Philippines,2022,22,1.0,0.0,44.0,0.0,,False,False,True,True,True,False,0.0,,1.0,1291.0,False,1291.0,True,False,2022-05-30,True,True,True,True,True,True,True,True,True,True,True
Philippines,2022,23,1.0,0.0,43.0,0.0,,False,False,True,True,True,False,0.0,,1.0,1677.0,False,1677.0,True,False,2022-06-06,True,True,True,True,True,True,True,True,True,True,True
Philippines,2022,24,1.0,0.0,53.0,0.0,,False,False,True,True,True,False,0.0,,1.0,3042.0,False,3042.0,True,False,2022-06-13,True,True,True,True,True,True,True,True,True,True,True
Philippines,2022,25,1.0,4.0,105.0,3.0,,False,False,True,True,True,False,0.0380952380952381,,1.0,4612.0,False,4612.0,True,False,2022-06-20,True,True,True,True,True,True,True,True,True,True,True
Philippines,2022,26,1.0,2.0,93.0,6.0,,False,False,True,True,True,False,0.021505376344086,,1.0,6072.0,False,6072.0,True,False,2022-06-27,True,True,True,True,True,True,True,True,True,True,True
Philippines,2022,27,1.0,1.0,88.0,6.0,,False,False,True,True,True,False,0.0113636363636363,,1.0,9501.0,False,9501.0,True,False,2022-07-04,True,True,True,True,True,True,True,True,True,True,True
Philippines,2022,28,1.0,0.0,73.0,3.0,,False,False,True,True,True,False,0.0,,1.0,14092.0,False,14092.0,True,False,2022-07-11,True,True,True,True,True,True,True,True,True,True,True
Philippines,2022,29,1.0,4.0,96.0,4.0,,False,False,True,True,True,False,0.0416666666666666,,1.0,18336.0,False,18336.0,True,False,2022-07-18,True,True,True,True,True,True,True,True,True,True,True
Philippines,2022,30,1.0,3.0,106.0,5.0,,False,False,True,True,True,False,0.0283018867924528,,1.0,23591.0,False,23591.0,True,False,2022-07-25,True,True,True,True,True,True,True,True,True,True,True
Philippines,2022,31,1.0,10.0,128.0,7.0,,False,False,True,True,True,False,0.078125,,1.0,26866.0,False,26866.0,True,False,2022-08-01,True,True,True,True,True,True,True,True,True,True,True
Philippines,2022,32,1.0,15.0,141.0,10.0,,False,False,True,True,True,False,0.1063829787234042,,1.0,28425.0,False,28425.0,True,False,2022-08-08,True,True,True,True,True,True,True,True,True,True,True
Philippines,2022,33,1.0,12.0,121.0,10.0,,False,False,True,True,True,False,0.0991735537190082,,1.0,24402.0,False,24402.0,True,False,2022-08-15,True,True,True,True,True,True,True,True,True,True,True
Philippines,2022,34,1.0,11.0,149.0,9.0,,False,False,True,True,True,False,0.0738255033557047,,1.0,20162.0,False,20162.0,True,False,2022-08-22,True,True,True,True,True,True,True,True,True,True,True
Philippines,2022,35,1.0,22.0,141.0,5.0,,False,False,True,True,True,False,0.1560283687943262,,1.0,16774.0,False,16774.0,True,False,2022-08-29,True,True,True,True,True,True,True,True,True,True,True
Philippines,2022,36,1.0,17.0,140.0,17.0,,False,False,True,True,True,False,0.1214285714285714,,1.0,17160.0,False,17160.0,True,False,2022-09-05,True,True,True,True,True,True,True,True,True,True,True
Philippines,2022,37,1.0,20.0,131.0,11.0,,False,False,True,True,True,False,0.1526717557251908,,1.0,12069.0,False,12069.0,True,False,2022-09-12,True,True,True,True,True,True,True,True,True,True,True
Philippines,2022,38,1.0,21.0,116.0,13.0,,False,False,True,True,True,False,0.1810344827586207,,1.0,16357.0,False,16357.0,True,False,2022-09-19,True,True,True,True,True,True,True,True,True,True,True
Philippines,2022,39,1.0,11.0,110.0,8.0,,False,False,True,True,True,False,0.1,,1.0,17086.0,False,17086.0,True,False,2022-09-26,True,True,True,True,True,True,True,True,True,True,True
Philippines,2022,40,1.0,10.0,114.0,9.0,,False,False,True,True,True,False,0.087719298245614,,1.0,13995.0,False,13995.0,True,False,2022-10-03,True,True,True,True,True,True,True,True,True,True,True
Philippines,2022,41,1.0,10.0,93.0,6.0,,False,False,True,True,True,False,0.1075268817204301,,1.0,14880.0,False,14880.0,True,False,2022-10-10,True,True,True,True,True,True,True,True,True,True,True
Philippines,2022,42,1.0,2.0,122.0,28.0,,False,False,True,True,True,False,0.0163934426229508,,1.0,12405.0,False,12405.0,True,False,2022-10-17,True,True,True,True,True,True,True,True,True,True,True
Philippines,2022,43,1.0,6.0,118.0,18.0,,False,False,True,True,True,False,0.0508474576271186,,1.0,9040.0,False,9040.0,True,False,2022-10-24,True,True,True,True,True,True,True,True,True,True,True
Philippines,2022,44,1.0,9.0,93.0,17.0,,False,False,True,True,True,False,0.0967741935483871,,1.0,6367.0,False,6367.0,True,False,2022-10-31,True,True,True,True,True,True,True,True,True,True,True
Philippines,2022,45,1.0,5.0,52.0,1.0,,False,False,True,True,True,False,0.0961538461538461,,1.0,7939.0,False,7939.0,True,False,2022-11-07,True,True,True,True,True,True,True,True,True,True,True
Philippines,2022,46,1.0,11.0,87.0,6.0,,False,False,True,True,True,False,0.1264367816091954,,1.0,8459.0,False,8459.0,True,False,2022-11-14,True,True,True,True,True,True,True,True,True,True,True
Philippines,2022,47,1.0,3.0,50.0,2.0,,False,False,True,True,True,False,0.06,,1.0,7502.0,False,7502.0,True,False,2022-11-21,True,True,True,True,True,True,True,True,True,True,True
Philippines,2022,48,1.0,8.0,81.0,6.0,,False,False,True,True,True,False,0.0987654320987654,,1.0,7494.0,False,7494.0,True,False,2022-11-28,True,True,True,True,True,True,True,True,True,True,True
Philippines,2022,49,1.0,7.0,107.0,7.0,,False,False,True,True,True,False,0.0654205607476635,,1.0,8058.0,False,8058.0,True,False,2022-12-05,True,True,True,True,True,True,True,True,True,True,True
Philippines,2022,50,1.0,12.0,114.0,8.0,,False,False,True,True,True,False,0.1052631578947368,,1.0,7358.0,False,7358.0,True,False,2022-12-12,True,True,True,True,True,True,True,True,True,True,True
Philippines,2022,51,1.0,5.0,59.0,2.0,,False,False,True,True,True,False,0.0847457627118644,,1.0,4103.0,False,4103.0,True,False,2022-12-19,True,True,True,True,True,True,True,True,True,True,True
Philippines,2022,52,1.0,2.0,33.0,0.0,,False,False,True,True,True,False,0.0606060606060606,,1.0,3290.0,False,3290.0,True,False,2022-12-26,True,True,True,True,True,True,True,True,True,True,True
Philippines,2023,1,1.0,5.0,74.0,2.0,,False,False,True,True,True,False,0.0675675675675675,,1.0,4552.0,False,4552.0,True,False,2023-01-02,True,True,True,True,True,True,True,True,True,True,True
Philippines,2023,2,1.0,7.0,106.0,3.0,,False,False,True,True,True,False,0.0660377358490566,,1.0,2797.0,False,2797.0,True,False,2023-01-09,True,True,True,True,True,True,True,True,True,True,True
Philippines,2023,3,1.0,6.0,65.0,1.0,,False,False,True,True,True,False,0.0923076923076923,,1.0,1556.0,False,1556.0,True,False,2023-01-16,True,True,True,True,True,True,True,True,True,True,True
Philippines,2023,4,1.0,4.0,97.0,1.0,,False,False,True,True,True,False,0.0412371134020618,,1.0,1181.0,False,1181.0,True,False,2023-01-23,True,True,True,True,True,True,True,True,True,True,True
Philippines,2023,5,1.0,0.0,61.0,1.0,,False,False,True,True,True,False,0.0,,1.0,1045.0,False,1045.0,True,False,2023-01-30,True,True,True,True,True,True,True,True,True,True,True
Philippines,2023,6,1.0,0.0,81.0,1.0,,False,False,True,True,True,False,0.0,,1.0,678.0,False,678.0,True,False,2023-02-06,True,True,True,True,True,True,True,True,True,True,True
Philippines,2023,7,1.0,4.0,80.0,0.0,,False,False,True,True,True,False,0.05,,1.0,914.0,False,914.0,True,False,2023-02-13,True,True,True,True,True,True,True,True,True,True,True
Philippines,2023,8,1.0,6.0,52.0,1.0,,False,False,True,True,True,False,0.1153846153846153,,1.0,738.0,False,738.0,True,False,2023-02-20,True,True,True,True,True,True,True,True,True,True,True
Philippines,2023,9,1.0,6.0,61.0,1.0,,False,False,True,True,True,False,0.0983606557377049,,1.0,738.0,False,738.0,True,False,2023-02-27,True,True,True,True,True,True,True,True,True,True,True
Philippines,2023,10,1.0,11.0,126.0,6.0,,False,False,True,True,True,False,0.0873015873015873,,1.0,890.0,False,890.0,True,False,2023-03-06,True,True,True,True,True,True,True,True,True,True,True
Philippines,2023,11,1.0,9.0,155.0,2.0,,False,False,True,True,True,False,0.0580645161290322,,1.0,1061.0,False,1061.0,True,False,2023-03-13,True,True,True,True,True,True,True,True,True,True,True
Philippines,2023,12,1.0,5.0,117.0,2.0,,False,False,True,True,True,False,0.0427350427350427,,1.0,1163.0,False,1163.0,True,False,2023-03-20,True,True,True,True,True,True,True,True,True,True,True
Philippines,2023,13,1.0,9.0,119.0,2.0,,False,False,True,True,True,False,0.0756302521008403,,1.0,1541.0,False,1541.0,True,False,2023-03-27,True,True,True,True,True,True,True,True,True,True,True
Philippines,2023,14,1.0,2.0,60.0,0.0,,False,False,True,True,True,False,0.0333333333333333,,1.0,1988.0,False,1988.0,True,False,2023-04-03,True,True,True,True,True,True,True,True,True,True,True
Philippines,2023,15,1.0,6.0,94.0,0.0,,False,False,True,True,True,False,0.0638297872340425,,1.0,2025.0,False,2025.0,True,False,2023-04-10,True,True,True,True,True,True,True,True,True,True,True
Philippines,2023,16,1.0,2.0,94.0,1.0,,False,False,True,True,True,False,0.0212765957446808,,1.0,2438.0,False,2438.0,True,False,2023-04-17,True,True,True,True,True,True,True,True,True,True,True
Philippines,2023,17,1.0,2.0,114.0,1.0,,False,False,True,True,True,False,0.0175438596491228,,1.0,3890.0,False,3890.0,True,False,2023-04-24,True,True,True,True,True,True,True,True,True,True,True
Philippines,2023,18,1.0,6.0,100.0,0.0,,False,False,True,True,True,False,0.06,,1.0,9014.0,False,9014.0,True,False,2023-05-01,True,True,True,True,True,True,True,True,True,True,True
Philippines,2023,19,1.0,13.0,131.0,0.0,,False,False,True,True,True,False,0.099236641221374,,1.0,12225.0,False,12225.0,True,False,2023-05-08,True,True,True,True,True,True,True,True,True,True,True
Philippines,2023,20,1.0,8.0,92.0,0.0,,False,False,True,True,True,False,0.0869565217391304,,1.0,12623.0,False,12623.0,True,False,2023-05-15,True,True,True,True,True,True,True,True,True,True,True
Philippines,2023,21,1.0,16.0,137.0,1.0,,False,False,True,True,True,False,0.1167883211678832,,1.0,11724.0,False,11724.0,True,False,2023-05-22,True,True,True,True,True,True,True,True,True,True,True
Philippines,2023,22,1.0,21.0,147.0,4.0,,False,False,True,True,True,False,0.1428571428571428,,1.0,9689.0,False,9689.0,True,False,2023-05-29,True,True,True,True,True,True,True,True,True,True,True
Philippines,2023,23,1.0,30.0,112.0,4.0,,False,False,True,True,True,False,0.2678571428571428,,1.0,7061.0,False,7061.0,True,False,2023-06-05,True,True,True,True,True,True,True,True,True,True,True
Philippines,2023,24,1.0,15.0,115.0,0.0,,False,False,True,True,True,False,0.1304347826086956,,1.0,4394.0,False,4394.0,True,False,2023-06-12,True,True,True,True,True,True,True,True,True,True,True
Philippines,2023,25,1.0,25.0,146.0,4.0,,False,False,True,True,True,False,0.1712328767123287,,1.0,3647.0,False,3647.0,True,False,2023-06-19,True,True,True,True,True,True,True,True,True,True,True
Philippines,2023,26,1.0,24.0,117.0,2.0,,False,False,True,True,True,False,0.2051282051282051,,1.0,2845.0,False,2845.0,True,False,2023-06-26,True,True,True,True,True,True,True,True,True,True,True
Philippines,2023,27,1.0,16.0,109.0,5.0,,False,False,True,True,True,False,0.146788990825688,,1.0,423.0,False,423.0,True,False,2023-07-03,True,True,True,True,True,True,True,True,True,True,True
Philippines,2023,28,1.0,18.0,119.0,4.0,,False,False,True,True,True,False,0.1512605042016806,,1.0,2510.0,False,2510.0,True,False,2023-07-10,True,True,True,True,True,True,True,True,True,True,True
Philippines,2023,29,1.0,5.0,129.0,3.0,,False,False,True,True,True,False,0.0387596899224806,,1.0,1938.0,False,1938.0,True,False,2023-07-17,True,True,True,True,True,True,True,True,True,True,True
Philippines,2023,30,1.0,12.0,117.0,3.0,,False,False,True,True,True,False,0.1025641025641025,,1.0,1671.0,False,1671.0,True,False,2023-07-24,True,True,True,True,True,True,True,True,True,True,True
Philippines,2023,31,1.0,2.0,105.0,10.0,,False,False,True,True,True,False,0.019047619047619,,1.0,1859.0,False,1859.0,True,False,2023-07-31,True,True,True,True,True,True,True,True,True,True,True
Philippines,2023,32,1.0,8.0,106.0,12.0,,False,False,True,True,True,False,0.0754716981132075,,1.0,154.0,False,154.0,True,False,2023-08-07,True,True,True,True,True,True,True,True,True,True,True
Philippines,2023,33,1.0,7.0,124.0,20.0,,False,False,True,True,True,False,0.0564516129032258,,1.0,,True,-65079.0,False,False,2023-08-14,True,True,True,True,True,True,True,True,False,True,False
Philippines,2023,34,1.0,8.0,130.0,13.0,,False,False,True,True,True,False,0.0615384615384615,,1.0,342.0,False,342.0,True,False,2023-08-21,True,True,True,True,True,True,True,True,True,True,True
Philippines,2023,35,1.0,13.0,116.0,24.0,,False,False,True,True,True,False,0.1120689655172413,,1.0,1311.0,False,1311.0,True,False,2023-08-28,True,True,True,True,True,True,True,True,True,True,True
Philippines,2023,36,1.0,20.0,161.0,34.0,,False,False,True,True,True,False,0.124223602484472,,1.0,138.0,False,138.0,True,False,2023-09-04,True,True,True,True,True,True,True,True,True,True,True
Philippines,2023,37,1.0,23.0,201.0,46.0,,False,False,True,True,True,False,0.1144278606965174,,1.0,988.0,False,988.0,True,False,2023-09-11,True,True,True,True,True,True,True,True,True,True,True
Philippines,2023,38,1.0,22.0,221.0,43.0,,False,False,True,True,True,False,0.0995475113122171,,1.0,962.0,False,962.0,True,False,2023-09-18,True,True,True,True,True,True,True,True,True,True,True
Philippines,2023,39,1.0,29.0,217.0,58.0,,False,False,True,True,True,False,0.1336405529953917,,1.0,1141.0,False,1141.0,True,False,2023-09-25,True,True,True,True,True,True,True,True,True,True,True
Philippines,2023,40,1.0,20.0,237.0,48.0,,False,False,True,True,True,False,0.0843881856540084,,1.0,1246.0,False,1246.0,True,False,2023-10-02,True,True,True,True,True,True,True,True,True,True,True
Philippines,2023,41,1.0,19.0,230.0,56.0,,False,False,True,True,True,False,0.0826086956521739,,1.0,1034.0,False,1034.0,True,False,2023-10-09,True,True,True,True,True,True,True,True,True,True,True
Philippines,2023,42,1.0,29.0,242.0,54.0,,False,False,True,True,True,False,0.1198347107438016,,1.0,1469.0,False,1469.0,True,False,2023-10-16,True,True,True,True,True,True,True,True,True,True,True
Philippines,2023,43,1.0,38.0,277.0,64.0,,False,False,True,True,True,False,0.1371841155234657,,1.0,1198.0,False,1198.0,True,False,2023-10-23,True,True,True,True,True,True,True,True,True,True,True
Philippines,2023,44,1.0,25.0,202.0,42.0,,False,False,True,True,True,False,0.1237623762376237,,1.0,1097.0,False,1097.0,True,False,2023-10-30,True,True,True,True,True,True,True,True,True,True,True
Philippines,2023,45,1.0,21.0,195.0,36.0,,False,False,True,True,True,False,0.1076923076923077,,1.0,933.0,False,933.0,True,False,2023-11-06,True,True,True,True,True,True,True,True,True,True,True
Philippines,2023,46,1.0,27.0,194.0,22.0,,False,False,True,True,True,False,0.1391752577319587,,1.0,914.0,False,914.0,True,False,2023-11-13,True,True,True,True,True,True,True,True,True,True,True
Philippines,2023,47,1.0,17.0,188.0,18.0,,False,False,True,True,True,False,0.0904255319148936,,1.0,1333.0,False,1333.0,True,False,2023-11-20,True,True,True,True,True,True,True,True,True,True,True
Philippines,2023,48,1.0,15.0,177.0,27.0,,False,False,True,True,True,False,0.0847457627118644,,1.0,1262.0,False,1262.0,True,False,2023-11-27,True,True,True,True,True,True,True,True,True,True,True
Philippines,2023,49,1.0,17.0,197.0,7.0,,False,False,True,True,True,False,0.0862944162436548,,1.0,1163.0,False,1163.0,True,False,2023-12-04,True,True,True,True,True,True,True,True,True,True,True
Philippines,2023,50,1.0,10.0,147.0,5.0,,False,False,True,True,True,False,0.0680272108843537,,1.0,1377.0,False,1377.0,True,False,2023-12-11,True,True,True,True,True,True,True,True,True,True,True
Philippines,2023,51,1.0,10.0,148.0,3.0,,False,False,True,True,True,False,0.0675675675675675,,1.0,2501.0,False,2501.0,True,False,2023-12-18,True,True,True,True,True,True,True,True,True,True,True
Philippines,2023,52,1.0,15.0,175.0,4.0,,False,False,True,True,True,False,0.0857142857142857,,1.0,3239.0,False,3239.0,True,False,2023-12-25,True,True,True,True,True,True,True,True,True,True,True
Thailand,2023,1,1.0,5.0,118.0,2.0,,False,False,True,True,True,False,0.0423728813559322,,1.0,997.0,False,997.0,True,False,2023-01-02,True,True,True,True,True,True,True,True,True,True,True
Thailand,2023,2,1.0,10.0,137.0,2.0,,False,False,True,True,True,False,0.072992700729927,,1.0,969.0,False,969.0,True,False,2023-01-09,True,True,True,True,True,True,True,True,True,True,True
Thailand,2023,3,1.0,18.0,153.0,2.0,,False,False,True,True,True,False,0.1176470588235294,,1.0,627.0,False,627.0,True,False,2023-01-16,True,True,True,True,True,True,True,True,True,True,True
Thailand,2023,4,1.0,17.0,140.0,4.0,,False,False,True,True,True,False,0.1214285714285714,,1.0,472.0,False,472.0,True,False,2023-01-23,True,True,True,True,True,True,True,True,True,True,True
Thailand,2023,5,1.0,17.0,148.0,2.0,,False,False,True,True,True,False,0.1148648648648648,,1.0,252.0,False,252.0,True,False,2023-01-30,True,True,True,True,True,True,True,True,True,True,True
Thailand,2023,6,1.0,27.0,189.0,1.0,,False,False,True,True,True,False,0.1428571428571428,,1.0,392.0,False,392.0,True,False,2023-02-06,True,True,True,True,True,True,True,True,True,True,True
Thailand,2023,7,1.0,33.0,175.0,0.0,,False,False,True,True,True,False,0.1885714285714285,,1.0,203.0,False,203.0,True,False,2023-02-13,True,True,True,True,True,True,True,True,True,True,True
Thailand,2023,8,1.0,24.0,149.0,3.0,,False,False,True,True,True,False,0.1610738255033557,,1.0,204.0,False,204.0,True,False,2023-02-20,True,True,True,True,True,True,True,True,True,True,True
Thailand,2023,9,1.0,31.0,188.0,1.0,,False,False,True,True,True,False,0.1648936170212765,,1.0,147.0,False,147.0,True,False,2023-02-27,True,True,True,True,True,True,True,True,True,True,True
Thailand,2023,10,1.0,11.0,135.0,4.0,,False,False,True,True,True,False,0.0814814814814814,,1.0,122.0,False,122.0,True,False,2023-03-06,True,True,True,True,True,True,True,True,True,True,True
Thailand,2023,11,1.0,27.0,183.0,0.0,,False,False,True,True,True,False,0.1475409836065573,,1.0,178.0,False,178.0,True,False,2023-03-13,True,True,True,True,True,True,True,True,True,True,True
Thailand,2023,12,1.0,32.0,198.0,0.0,,False,False,True,True,True,False,0.1616161616161616,,1.0,150.0,False,150.0,True,False,2023-03-20,True,True,True,True,True,True,True,True,True,True,True
Thailand,2023,13,1.0,14.0,171.0,1.0,,False,False,True,True,True,False,0.0818713450292397,,1.0,167.0,False,167.0,True,False,2023-03-27,True,True,True,True,True,True,True,True,True,True,True
Thailand,2023,14,1.0,16.0,115.0,0.0,,False,False,True,True,True,False,0.1391304347826087,,1.0,168.0,False,168.0,True,False,2023-04-03,True,True,True,True,True,True,True,True,True,True,True
Thailand,2023,15,1.0,12.0,86.0,1.0,,False,False,True,True,True,False,0.1395348837209302,,1.0,435.0,False,435.0,True,False,2023-04-10,True,True,True,True,True,True,True,True,True,True,True
Thailand,2023,16,1.0,13.0,141.0,0.0,,False,False,True,True,True,False,0.0921985815602836,,1.0,1088.0,False,1088.0,True,False,2023-04-17,True,True,True,True,True,True,True,True,True,True,True
Thailand,2023,17,1.0,13.0,163.0,2.0,,False,False,True,True,True,False,0.0797546012269938,,1.0,1811.0,False,1811.0,True,False,2023-04-24,True,True,True,True,True,True,True,True,True,True,True
Thailand,2023,18,1.0,13.0,98.0,0.0,,False,False,True,True,True,False,0.1326530612244898,,1.0,1699.0,False,1699.0,True,False,2023-05-01,True,True,True,True,True,True,True,True,True,True,True
Thailand,2023,19,1.0,13.0,173.0,1.0,,False,False,True,True,True,False,0.0751445086705202,,1.0,2356.0,False,2356.0,True,False,2023-05-08,True,True,True,True,True,True,True,True,True,True,True
Thailand,2023,20,1.0,7.0,123.0,2.0,,False,False,True,True,True,False,0.056910569105691,,1.0,2632.0,False,2632.0,True,False,2023-05-15,True,True,True,True,True,True,True,True,True,True,True
Thailand,2023,21,1.0,8.0,147.0,2.0,,False,False,True,True,True,False,0.0544217687074829,,1.0,2970.0,False,2970.0,True,False,2023-05-22,True,True,True,True,True,True,True,True,True,True,True
Thailand,2023,22,1.0,3.0,42.0,0.0,,False,False,True,True,True,False,0.0714285714285714,,1.0,3085.0,False,3085.0,True,False,2023-05-29,True,True,True,True,True,True,True,True,True,True,True
Thailand,2023,23,1.0,16.0,241.0,5.0,,False,False,True,True,True,False,0.0663900414937759,,1.0,2709.0,False,2709.0,True,False,2023-06-05,True,True,True,True,True,True,True,True,True,True,True
Thailand,2023,24,1.0,5.0,204.0,14.0,,False,False,True,True,True,False,0.0245098039215686,,1.0,2158.0,False,2158.0,True,False,2023-06-12,True,True,True,True,True,True,True,True,True,True,True
Thailand,2023,25,1.0,12.0,161.0,9.0,,False,False,True,True,True,False,0.0745341614906832,,1.0,1653.0,False,1653.0,True,False,2023-06-19,True,True,True,True,True,True,True,True,True,True,True
Thailand,2023,26,1.0,13.0,205.0,20.0,,False,False,True,True,True,False,0.0634146341463414,,1.0,859.0,False,859.0,True,False,2023-06-26,True,True,True,True,True,True,True,True,True,True,True
Thailand,2023,27,1.0,18.0,172.0,18.0,,False,False,True,True,True,False,0.1046511627906976,,1.0,1193.0,False,1193.0,True,False,2023-07-03,True,True,True,True,True,True,True,True,True,True,True
Thailand,2023,28,1.0,25.0,187.0,24.0,,False,False,True,True,True,False,0.1336898395721925,,1.0,613.0,False,613.0,True,False,2023-07-10,True,True,True,True,True,True,True,True,True,True,True
Thailand,2023,29,1.0,26.0,182.0,33.0,,False,False,True,True,True,False,0.1428571428571428,,1.0,556.0,False,556.0,True,False,2023-07-17,True,True,True,True,True,True,True,True,True,True,True
Thailand,2023,30,1.0,26.0,135.0,28.0,,False,False,True,True,True,False,0.1925925925925926,,1.0,391.0,False,391.0,True,False,2023-07-24,True,True,True,True,True,True,True,True,True,True,True
Thailand,2023,31,1.0,13.0,104.0,27.0,,False,False,True,True,True,False,0.125,,1.0,268.0,False,268.0,True,False,2023-07-31,True,True,True,True,True,True,True,True,True,True,True
Thailand,2023,32,1.0,41.0,201.0,38.0,,False,False,True,True,True,False,0.2039800995024875,,1.0,318.0,False,318.0,True,False,2023-08-07,True,True,True,True,True,True,True,True,True,True,True
Thailand,2023,33,1.0,51.0,174.0,40.0,,False,False,True,True,True,False,0.293103448275862,,1.0,389.0,False,389.0,True,False,2023-08-14,True,True,True,True,True,True,True,True,True,True,True
Thailand,2023,34,1.0,42.0,196.0,47.0,,False,False,True,True,True,False,0.2142857142857142,,1.0,256.0,False,256.0,True,False,2023-08-21,True,True,True,True,True,True,True,True,True,True,True
Thailand,2023,35,1.0,63.0,194.0,42.0,,False,False,True,True,True,False,0.3247422680412371,,1.0,187.0,False,187.0,True,False,2023-08-28,True,True,True,True,True,True,True,True,True,True,True
Thailand,2023,36,1.0,56.0,230.0,74.0,,False,False,True,True,True,False,0.2434782608695652,,1.0,244.0,False,244.0,True,False,2023-09-04,True,True,True,True,True,True,True,True,True,True,True
Thailand,2023,37,1.0,53.0,194.0,58.0,,False,False,True,True,True,False,0.2731958762886597,,1.0,212.0,False,212.0,True,False,2023-09-11,True,True,True,True,True,True,True,True,True,True,True
Thailand,2023,38,1.0,79.0,229.0,61.0,,False,False,True,True,True,False,0.3449781659388646,,1.0,234.0,False,234.0,True,False,2023-09-18,True,True,True,True,True,True,True,True,True,True,True
Thailand,2023,39,1.0,79.0,208.0,55.0,,False,False,True,True,True,False,0.3798076923076923,,1.0,190.0,False,190.0,True,False,2023-09-25,True,True,True,True,True,True,True,True,True,True,True
Thailand,2023,40,1.0,71.0,214.0,46.0,,False,False,True,True,True,False,0.3317757009345794,,1.0,131.0,False,131.0,True,False,2023-10-02,True,True,True,True,True,True,True,True,True,True,True
Thailand,2023,41,1.0,61.0,170.0,35.0,,False,False,True,True,True,False,0.3588235294117647,,1.0,124.0,False,124.0,True,False,2023-10-09,True,True,True,True,True,True,True,True,True,True,True
Thailand,2023,42,1.0,94.0,264.0,46.0,,False,False,True,True,True,False,0.3560606060606061,,1.0,191.0,False,191.0,True,False,2023-10-16,True,True,True,True,True,True,True,True,True,True,True
Thailand,2023,43,1.0,41.0,175.0,24.0,,False,False,True,True,True,False,0.2342857142857143,,1.0,206.0,False,206.0,True,False,2023-10-23,True,True,True,True,True,True,True,True,True,True,True
Thailand,2023,44,1.0,38.0,154.0,26.0,,False,False,True,True,True,False,0.2467532467532467,,1.0,304.0,False,304.0,True,False,2023-10-30,True,True,True,True,True,True,True,True,True,True,True
Thailand,2023,45,1.0,60.0,199.0,22.0,,False,False,True,True,True,False,0.3015075376884422,,1.0,287.0,False,287.0,True,False,2023-11-06,True,True,True,True,True,True,True,True,True,True,True
Thailand,2023,46,1.0,61.0,222.0,21.0,,False,False,True,True,True,False,0.2747747747747748,,1.0,390.0,False,390.0,True,False,2023-11-13,True,True,True,True,True,True,True,True,True,True,True
Thailand,2023,47,1.0,69.0,201.0,15.0,,False,False,True,True,True,False,0.3432835820895522,,1.0,480.0,False,480.0,True,False,2023-11-20,True,True,True,True,True,True,True,True,True,True,True
Thailand,2023,48,1.0,60.0,193.0,11.0,,False,False,True,True,True,False,0.310880829015544,,1.0,536.0,False,536.0,True,False,2023-11-27,True,True,True,True,True,True,True,True,True,True,True
Thailand,2023,49,1.0,35.0,148.0,11.0,,False,False,True,True,True,False,0.2364864864864864,,1.0,590.0,False,590.0,True,False,2023-12-04,True,True,True,True,True,True,True,True,True,True,True
Thailand,2023,50,1.0,59.0,167.0,3.0,,False,False,True,True,True,False,0.3532934131736527,,1.0,514.0,False,514.0,True,False,2023-12-11,True,True,True,True,True,True,True,True,True,True,True
Thailand,2023,51,1.0,36.0,176.0,6.0,,False,False,True,True,True,False,0.2045454545454545,,1.0,555.0,False,555.0,True,False,2023-12-18,True,True,True,True,True,True,True,True,True,True,True
Thailand,2023,52,1.0,50.0,148.0,9.0,,False,False,True,True,True,False,0.3378378378378378,,1.0,594.0,False,594.0,True,False,2023-12-25,True,True,True,True,True,True,True,True,True,True,True
Thailand,2024,1,1.0,35.0,144.0,5.0,,False,False,True,True,True,False,0.2430555555555555,,1.0,664.0,False,664.0,True,False,2024-01-01,True,True,True,True,True,True,True,True,True,True,True
Thailand,2024,2,1.0,52.0,233.0,3.0,,False,False,True,True,True,False,0.223175965665236,,1.0,625.0,False,625.0,True,False,2024-01-08,True,True,True,True,True,True,True,True,True,True,True
Thailand,2024,3,1.0,37.0,206.0,4.0,,False,False,True,True,True,False,0.1796116504854369,,1.0,718.0,False,718.0,True,False,2024-01-15,True,True,True,True,True,True,True,True,True,True,True
Thailand,2024,4,1.0,55.0,233.0,2.0,,False,False,True,True,True,False,0.2360515021459227,,1.0,621.0,False,621.0,True,False,2024-01-22,True,True,True,True,True,True,True,True,True,True,True
Thailand,2024,5,1.0,42.0,225.0,2.0,,False,False,True,True,True,False,0.1866666666666666,,1.0,715.0,False,715.0,True,False,2024-01-29,True,True,True,True,True,True,True,True,True,True,True
Thailand,2024,6,1.0,27.0,212.0,1.0,,False,False,True,True,True,False,0.1273584905660377,,1.0,537.0,False,537.0,True,False,2024-02-05,True,True,True,True,True,True,True,True,True,True,True
Thailand,2024,7,1.0,42.0,282.0,1.0,,False,False,True,True,True,False,0.1489361702127659,,1.0,496.0,False,496.0,True,False,2024-02-12,True,True,True,True,True,True,True,True,True,True,True
Thailand,2024,8,1.0,54.0,243.0,1.0,,False,False,True,True,True,False,0.2222222222222222,,1.0,487.0,False,487.0,True,False,2024-02-19,True,True,True,True,True,True,True,True,True,True,True
Thailand,2024,9,1.0,32.0,196.0,1.0,,False,False,True,True,True,False,0.1632653061224489,,1.0,462.0,False,462.0,True,False,2024-02-26,True,True,True,True,True,True,True,True,True,True,True
Thailand,2024,10,1.0,35.0,251.0,5.0,,False,False,True,True,True,False,0.1394422310756972,,1.0,446.0,False,446.0,True,False,2024-03-04,True,True,True,True,True,True,True,True,True,True,True
Thailand,2024,11,1.0,34.0,211.0,1.0,,False,False,True,True,True,False,0.1611374407582938,,1.0,501.0,False,501.0,True,False,2024-03-11,True,True,True,True,True,True,True,True,True,True,True
Thailand,2024,12,1.0,22.0,221.0,4.0,,False,False,True,True,True,False,0.0995475113122171,,1.0,630.0,False,630.0,True,False,2024-03-18,True,True,True,True,True,True,True,True,True,True,True
Thailand,2024,13,1.0,42.0,230.0,1.0,,False,False,True,True,True,False,0.1826086956521739,,1.0,728.0,False,728.0,True,False,2024-03-25,True,True,True,True,True,True,True,True,True,True,True
Thailand,2024,14,1.0,30.0,223.0,3.0,,False,False,True,True,True,False,0.1345291479820627,,1.0,774.0,False,774.0,True,False,2024-04-01,True,True,True,True,True,True,True,True,True,True,True
Thailand,2024,15,1.0,26.0,123.0,4.0,,False,False,True,True,True,False,0.2113821138211382,,1.0,849.0,False,849.0,True,False,2024-04-08,True,True,True,True,True,True,True,True,True,True,True
Thailand,2024,16,1.0,16.0,155.0,6.0,,False,False,True,True,True,False,0.1032258064516129,,1.0,1004.0,False,1004.0,True,False,2024-04-15,True,True,True,True,True,True,True,True,True,True,True
Thailand,2024,17,1.0,41.0,243.0,2.0,,False,False,True,True,True,False,0.1687242798353909,,1.0,1672.0,False,1672.0,True,False,2024-04-22,True,True,True,True,True,True,True,True,True,True,True
Thailand,2024,18,1.0,22.0,102.0,3.0,,False,False,True,True,True,False,0.2156862745098039,,1.0,1792.0,False,1792.0,True,False,2024-04-29,True,True,True,True,True,True,True,True,True,True,True
Thailand,2024,19,1.0,17.0,196.0,1.0,,False,False,True,True,True,False,0.086734693877551,,1.0,1880.0,False,1880.0,True,False,2024-05-06,True,True,True,True,True,True,True,True,True,True,True
Thailand,2024,20,1.0,14.0,192.0,1.0,,False,False,True,True,True,False,0.0729166666666666,,1.0,1882.0,False,1882.0,True,False,2024-05-13,True,True,True,True,True,True,True,True,True,True,True
Thailand,2024,21,1.0,11.0,150.0,0.0,,False,False,True,True,True,False,0.0733333333333333,,1.0,1801.0,False,1801.0,True,False,2024-05-20,True,True,True,True,True,True,True,True,True,True,True
Thailand,2024,22,1.0,25.0,190.0,1.0,,False,False,True,True,True,False,0.131578947368421,,1.0,1863.0,False,1863.0,True,False,2024-05-27,True,True,True,True,True,True,True,True,True,True,True
Thailand,2024,23,1.0,17.0,173.0,1.0,,False,False,True,True,True,False,0.0982658959537572,,1.0,2762.0,False,2762.0,True,False,2024-06-03,True,True,True,True,True,True,True,True,True,True,True
Thailand,2024,24,1.0,23.0,171.0,4.0,,False,False,True,True,True,False,0.1345029239766081,,1.0,2881.0,False,2881.0,True,False,2024-06-10,True,True,True,True,True,True,True,True,True,True,True
Thailand,2024,25,1.0,36.0,188.0,3.0,,False,False,True,True,True,False,0.1914893617021276,,1.0,1823.0,False,1823.0,True,False,2024-06-17,True,True,True,True,True,True,True,True,True,True,True
Thailand,2024,26,1.0,41.0,218.0,5.0,,False,False,True,True,True,False,0.1880733944954128,,1.0,3256.0,False,3256.0,True,False,2024-06-24,True,True,True,True,True,True,True,True,True,True,True
Thailand,2024,27,1.0,49.0,201.0,6.0,,False,False,True,True,True,False,0.2437810945273631,,1.0,1377.0,False,1377.0,True,False,2024-07-01,True,True,True,True,True,True,True,True,True,True,True
Thailand,2024,28,1.0,50.0,197.0,21.0,,False,False,True,True,True,False,0.2538071065989847,,1.0,1004.0,False,1004.0,True,False,2024-07-08,True,True,True,True,True,True,True,True,True,True,True
Thailand,2024,29,1.0,63.0,276.0,15.0,,False,False,True,True,True,False,0.2282608695652173,,1.0,1067.0,False,1067.0,True,False,2024-07-15,True,True,True,True,True,True,True,True,True,True,True
Thailand,2024,30,1.0,63.0,254.0,8.0,,False,False,True,True,True,False,0.2480314960629921,,1.0,928.0,False,928.0,True,False,2024-07-22,True,True,True,True,True,True,True,True,True,True,True
Thailand,2024,31,1.0,23.0,151.0,2.0,,False,False,True,True,True,False,0.152317880794702,,1.0,560.0,False,560.0,True,False,2024-07-29,True,True,True,True,True,True,True,True,True,True,True
Thailand,2024,32,1.0,66.0,275.0,16.0,,False,False,True,True,True,False,0.24,,1.0,519.0,False,519.0,True,False,2024-08-05,True,True,True,True,True,True,True,True,True,True,True
Thailand,2024,33,1.0,37.0,133.0,7.0,,False,False,True,True,True,False,0.2781954887218045,,1.0,435.0,False,435.0,True,False,2024-08-12,True,True,True,True,True,True,True,True,True,True,True
Thailand,2024,34,1.0,36.0,186.0,10.0,,False,False,True,True,True,False,0.1935483870967742,,1.0,258.0,False,258.0,True,False,2024-08-19,True,True,True,True,True,True,True,True,True,True,True
Thailand,2024,35,1.0,47.0,235.0,10.0,,False,False,True,True,True,False,0.2,,1.0,569.0,False,569.0,True,False,2024-08-26,True,True,True,True,True,True,True,True,True,True,True
Thailand,2024,36,1.0,41.0,222.0,14.0,,False,False,True,True,True,False,0.1846846846846846,,1.0,314.0,False,314.0,True,False,2024-09-02,True,True,True,True,True,True,True,True,True,True,True
Thailand,2024,37,1.0,48.0,213.0,11.0,,False,False,True,True,True,False,0.2253521126760563,,1.0,302.0,False,302.0,True,False,2024-09-09,True,True,True,True,True,True,True,True,True,True,True
Thailand,2024,38,1.0,26.0,197.0,14.0,,False,False,True,True,True,False,0.1319796954314721,,1.0,238.0,False,238.0,True,False,2024-09-16,True,True,True,True,True,True,True,True,True,True,True
Thailand,2024,39,1.0,21.0,179.0,5.0,,False,False,True,True,True,False,0.1173184357541899,,1.0,287.0,False,287.0,True,False,2024-09-23,True,True,True,True,True,True,True,True,True,True,True
Thailand,2024,40,1.0,30.0,157.0,2.0,,False,False,True,True,True,False,0.1910828025477707,,1.0,281.0,False,281.0,True,False,2024-09-30,True,True,True,True,True,True,True,True,True,True,True
Thailand,2024,41,1.0,42.0,246.0,24.0,,False,False,True,True,True,False,0.1707317073170731,,1.0,353.0,False,353.0,True,False,2024-10-07,True,True,True,True,True,True,True,True,True,True,True
Thailand,2024,42,1.0,16.0,128.0,4.0,,False,False,True,True,True,False,0.125,,1.0,399.0,False,399.0,True,False,2024-10-14,True,True,True,True,True,True,True,True,True,True,True
Thailand,2024,43,1.0,8.0,121.0,15.0,,False,False,True,True,True,False,0.0661157024793388,,1.0,497.0,False,497.0,True,False,2024-10-21,True,True,True,True,True,True,True,True,True,True,True
Thailand,2024,44,1.0,20.0,235.0,28.0,,False,False,True,True,True,False,0.0851063829787234,,1.0,549.0,False,549.0,True,False,2024-10-28,True,True,True,True,True,True,True,True,True,True,True
Thailand,2024,45,1.0,15.0,159.0,16.0,,False,False,True,True,True,False,0.0943396226415094,,1.0,569.0,False,569.0,True,False,2024-11-04,True,True,True,True,True,True,True,True,True,True,True
Thailand,2024,46,1.0,20.0,185.0,19.0,,False,False,True,True,True,False,0.1081081081081081,,1.0,504.0,False,504.0,True,False,2024-11-11,True,True,True,True,True,True,True,True,True,True,True
Thailand,2024,47,1.0,14.0,146.0,11.0,,False,False,True,True,True,False,0.0958904109589041,,1.0,510.0,False,510.0,True,False,2024-11-18,True,True,True,True,True,True,True,True,True,True,True
Thailand,2024,48,1.0,13.0,215.0,10.0,,False,False,True,True,True,False,0.0604651162790697,,1.0,516.0,False,516.0,True,False,2024-11-25,True,True,True,True,True,True,True,True,True,True,True
Thailand,2024,49,1.0,6.0,77.0,3.0,,False,False,True,True,True,False,0.0779220779220779,,1.0,577.0,False,577.0,True,False,2024-12-02,True,True,True,True,True,True,True,True,True,True,True
Thailand,2024,50,1.0,10.0,158.0,5.0,,False,False,True,True,True,False,0.0632911392405063,,1.0,730.0,False,730.0,True,False,2024-12-09,True,True,True,True,True,True,True,True,True,True,True
Thailand,2024,51,1.0,19.0,224.0,15.0,,False,False,True,True,True,False,0.0848214285714285,,1.0,867.0,False,867.0,True,False,2024-12-16,True,True,True,True,True,True,True,True,True,True,True
Thailand,2024,52,1.0,14.0,122.0,2.0,,False,False,True,True,True,False,0.1147540983606557,,1.0,,False,,False,False,2024-12-23,True,True,True,True,True,True,True,True,False,True,False
Thailand,2025,1,1.0,7.0,48.0,2.0,,False,False,True,True,True,False,0.1458333333333333,,1.0,1363.0,False,1363.0,True,False,2024-12-30,True,True,True,True,True,True,True,True,True,True,True
Thailand,2025,2,1.0,31.0,293.0,4.0,,False,False,True,True,True,False,0.1058020477815699,,1.0,1907.0,False,1907.0,True,False,2025-01-06,True,True,True,True,True,True,True,True,True,True,True
Thailand,2025,3,1.0,27.0,186.0,1.0,,False,False,True,True,True,False,0.1451612903225806,,1.0,1472.0,False,1472.0,True,False,2025-01-13,True,True,True,True,True,True,True,True,True,True,True
Thailand,2025,4,1.0,45.0,252.0,1.0,,False,False,True,True,True,False,0.1785714285714285,,1.0,1135.0,False,1135.0,True,False,2025-01-20,True,True,True,True,True,True,True,True,True,True,True
Thailand,2025,5,1.0,48.0,240.0,1.0,,False,False,True,True,True,False,0.2,,1.0,851.0,False,851.0,True,False,2025-01-27,True,True,True,True,True,True,True,True,True,True,True
Thailand,2025,6,1.0,28.0,116.0,1.0,,False,False,True,True,True,False,0.2413793103448276,,1.0,760.0,False,760.0,True,False,2025-02-03,True,True,True,True,True,True,True,True,True,True,True
Thailand,2025,7,1.0,35.0,134.0,0.0,,False,False,True,True,True,False,0.2611940298507462,,1.0,584.0,False,584.0,True,False,2025-02-10,True,True,True,True,True,True,True,True,True,True,True
Thailand,2025,8,1.0,45.0,172.0,0.0,,False,False,True,True,True,False,0.2616279069767442,,1.0,628.0,False,628.0,True,False,2025-02-17,True,True,True,True,True,True,True,True,True,True,True
Thailand,2025,9,1.0,41.0,159.0,1.0,,False,False,True,True,True,False,0.2578616352201258,,1.0,604.0,False,604.0,True,False,2025-02-24,True,True,True,True,True,True,True,True,True,True,True
Thailand,2025,10,1.0,52.0,172.0,0.0,,False,False,True,True,True,False,0.3023255813953488,,1.0,631.0,False,631.0,True,False,2025-03-03,True,True,True,True,True,True,True,True,True,True,True
Thailand,2025,11,1.0,42.0,135.0,0.0,,False,False,True,True,True,False,0.3111111111111111,,1.0,680.0,False,680.0,True,False,2025-03-10,True,True,True,True,True,True,True,True,True,True,True
Thailand,2025,12,1.0,32.0,172.0,0.0,,False,False,True,True,True,False,0.1860465116279069,,1.0,902.0,False,902.0,True,False,2025-03-17,True,True,True,True,True,True,True,True,True,True,True
Thailand,2025,13,1.0,37.0,140.0,0.0,,False,False,True,True,True,False,0.2642857142857143,,1.0,942.0,False,942.0,True,False,2025-03-24,True,True,True,True,True,True,True,True,True,True,True
Thailand,2025,14,1.0,19.0,139.0,0.0,,False,False,True,True,True,False,0.1366906474820144,,1.0,1154.0,False,1154.0,True,False,2025-03-31,True,True,True,True,True,True,True,True,True,True,True
Thailand,2025,15,1.0,18.0,138.0,1.0,,False,False,True,True,True,False,0.1304347826086956,,1.0,1447.0,False,1447.0,True,False,2025-04-07,True,True,True,True,True,True,True,True,True,True,True
Thailand,2025,16,1.0,5.0,28.0,0.0,,False,False,True,True,True,False,0.1785714285714285,,1.0,3544.0,False,3544.0,True,False,2025-04-14,True,True,True,True,True,True,True,True,True,True,True
Thailand,2025,17,1.0,29.0,187.0,1.0,,False,False,True,True,True,False,0.1550802139037433,,1.0,9239.0,False,9239.0,True,False,2025-04-21,True,True,True,True,True,True,True,True,True,True,True
Thailand,2025,18,1.0,19.0,140.0,1.0,,False,False,True,True,True,False,0.1357142857142857,,1.0,16178.0,False,16178.0,True,False,2025-04-28,True,True,True,True,True,True,True,True,True,True,True
Thailand,2025,19,1.0,22.0,163.0,0.0,,False,False,True,True,True,False,0.1349693251533742,,1.0,34923.0,False,34923.0,True,False,2025-05-05,True,True,True,True,True,True,True,True,True,True,True
Thailand,2025,20,1.0,9.0,106.0,0.0,,False,False,True,True,True,False,0.0849056603773584,,1.0,61489.0,False,61489.0,True,False,2025-05-12,True,True,True,True,True,True,True,True,True,True,True
Thailand,2025,21,1.0,15.0,167.0,1.0,,False,False,True,True,True,False,0.0898203592814371,,1.0,95693.0,False,95693.0,True,False,2025-05-19,True,True,True,True,True,True,True,True,True,True,True
Thailand,2025,22,1.0,19.0,241.0,5.0,,False,False,True,True,True,False,0.0788381742738589,,1.0,111688.0,False,111688.0,True,False,2025-05-26,True,True,True,True,True,True,True,True,True,True,True
Thailand,2025,23,1.0,7.0,176.0,0.0,,False,False,True,True,True,False,0.0397727272727272,,1.0,86411.0,False,86411.0,True,False,2025-06-02,True,True,True,True,True,True,True,True,True,True,True
Thailand,2025,24,1.0,6.0,172.0,0.0,,False,False,True,True,True,False,0.0348837209302325,,1.0,60072.0,False,60072.0,True,False,2025-06-09,True,True,True,True,True,True,True,True,True,True,True
Thailand,2025,25,1.0,10.0,174.0,6.0,,False,False,True,True,True,False,0.057471264367816,,1.0,38814.0,False,38814.0,True,False,2025-06-16,True,True,True,True,True,True,True,True,True,True,True
Thailand,2025,26,1.0,10.0,198.0,4.0,,False,False,True,True,True,False,0.0505050505050505,,1.0,22763.0,False,22763.0,True,False,2025-06-23,True,True,True,True,True,True,True,True,True,True,True
Thailand,2025,27,1.0,20.0,211.0,6.0,,False,False,True,True,True,False,0.0947867298578199,,1.0,21074.0,False,21074.0,True,False,2025-06-30,True,True,True,True,True,True,True,True,True,True,True
Thailand,2025,28,1.0,20.0,174.0,1.0,,False,False,True,True,True,False,0.1149425287356321,,1.0,9969.0,False,9969.0,True,False,2025-07-07,True,True,True,True,True,True,True,True,True,True,True
Thailand,2025,29,1.0,25.0,153.0,7.0,,False,False,True,True,True,False,0.1633986928104575,,1.0,6433.0,False,6433.0,True,False,2025-07-14,True,True,True,True,True,True,True,True,True,True,True
Thailand,2025,30,1.0,32.0,203.0,4.0,,False,False,True,True,True,False,0.1576354679802955,,1.0,3976.0,False,3976.0,True,False,2025-07-21,True,True,True,True,True,True,True,True,True,True,True
Thailand,2025,31,1.0,18.0,189.0,25.0,,False,False,True,True,True,False,0.0952380952380952,,1.0,2838.0,False,2838.0,True,False,2025-07-28,True,True,True,True,True,True,True,True,True,True,True
Thailand,2025,32,1.0,31.0,199.0,26.0,,False,False,True,True,True,False,0.1557788944723618,,1.0,2156.0,False,2156.0,True,False,2025-08-04,True,True,True,True,True,True,True,True,True,True,True
Thailand,2025,33,1.0,51.0,225.0,42.0,,False,False,True,True,True,False,0.2266666666666666,,1.0,1720.0,False,1720.0,True,False,2025-08-11,True,True,True,True,True,True,True,True,True,True,True
Thailand,2025,34,1.0,32.0,286.0,36.0,,False,False,True,True,True,False,0.1118881118881118,,1.0,1404.0,False,1404.0,True,False,2025-08-18,True,True,True,True,True,True,True,True,True,True,True
Thailand,2025,35,1.0,43.0,212.0,40.0,,False,False,True,True,True,False,0.2028301886792453,,1.0,1208.0,False,1208.0,True,False,2025-08-25,True,True,True,True,True,True,True,True,True,True,True
Thailand,2025,36,1.0,32.0,235.0,49.0,,False,False,True,True,True,False,0.1361702127659574,,1.0,1080.0,False,1080.0,True,False,2025-09-01,True,True,True,True,True,True,True,True,True,True,True
Thailand,2025,37,1.0,34.0,179.0,41.0,,False,False,True,True,True,False,0.1899441340782122,,1.0,910.0,False,910.0,True,False,2025-09-08,True,True,True,True,True,True,True,True,True,True,True
Thailand,2025,38,1.0,76.0,296.0,71.0,,False,False,True,True,True,False,0.2567567567567567,,1.0,804.0,False,804.0,True,False,2025-09-15,True,True,True,True,True,True,True,True,True,True,True
Thailand,2025,39,1.0,70.0,223.0,76.0,,False,False,True,True,True,False,0.3139013452914798,,1.0,820.0,False,820.0,True,False,2025-09-22,True,True,True,True,True,True,True,True,True,True,True
Thailand,2025,40,1.0,83.0,292.0,94.0,,False,False,True,True,True,False,0.2842465753424658,,1.0,696.0,False,696.0,True,False,2025-09-29,True,True,True,True,True,True,True,True,True,True,True
Thailand,2025,41,1.0,110.0,284.0,60.0,,False,False,True,True,True,False,0.3873239436619718,,1.0,685.0,False,685.0,True,False,2025-10-06,True,True,True,True,True,True,True,True,True,True,True
Thailand,2025,42,1.0,71.0,219.0,37.0,,False,False,True,True,True,False,0.3242009132420091,,1.0,638.0,False,638.0,True,False,2025-10-13,True,True,True,True,True,True,True,True,True,True,True
Thailand,2025,43,1.0,57.0,176.0,28.0,,False,False,True,True,True,False,0.3238636363636363,,1.0,512.0,False,512.0,True,False,2025-10-20,True,True,True,True,True,True,True,True,True,True,True
Thailand,2025,44,1.0,64.0,187.0,29.0,,False,False,True,True,True,False,0.3422459893048128,,1.0,477.0,False,477.0,True,False,2025-10-27,True,True,True,True,True,True,True,True,True,True,True
Thailand,2025,45,1.0,65.0,194.0,31.0,,False,False,True,True,True,False,0.3350515463917525,,1.0,671.0,False,671.0,True,False,2025-11-03,True,True,True,True,True,True,True,True,True,True,True
Thailand,2025,46,1.0,85.0,223.0,27.0,,False,False,True,True,True,False,0.3811659192825112,,1.0,448.0,False,448.0,True,False,2025-11-10,True,True,True,True,True,True,True,True,True,True,True
Thailand,2025,47,1.0,130.0,320.0,22.0,,False,False,True,True,True,False,0.40625,,1.0,427.0,False,427.0,True,False,2025-11-17,True,True,True,True,True,True,True,True,True,True,True
Thailand,2025,48,1.0,84.0,251.0,27.0,,False,False,True,True,True,False,0.3346613545816733,,1.0,356.0,False,356.0,True,False,2025-11-24,True,True,True,True,True,True,True,True,True,True,True
Thailand,2025,49,1.0,89.0,310.0,17.0,,False,False,True,True,True,False,0.2870967741935484,,1.0,304.0,False,304.0,True,False,2025-12-01,True,True,True,True,True,True,True,True,True,True,True
Thailand,2025,50,1.0,72.0,246.0,12.0,,False,False,True,True,True,False,0.2926829268292683,,1.0,266.0,False,266.0,True,False,2025-12-08,True,True,True,True,True,True,True,True,True,True,True
Thailand,2025,51,1.0,31.0,162.0,8.0,,False,False,True,True,True,False,0.191358024691358,,1.0,239.0,False,239.0,True,False,2025-12-15,True,True,True,True,True,True,True,True,True,True,True
Thailand,2025,52,1.0,70.0,297.0,8.0,,False,False,True,True,True,False,0.2356902356902357,,1.0,175.0,False,175.0,True,False,2025-12-22,True,True,True,True,True,True,True,True,True,True,True
